Ka_per_h,Time_h,Time_day,D_ug,A1_ug,A2_ug,Eliminated_ug,Concentration_ug_per_L
0.15,0.0,0.0,0.0,0.0,0.0,0.0,0.0
0.15,0.0,0.0,10.0,0.0,0.0,0.0,0.0
0.15,0.0,0.0,10.0,0.0,0.0,0.0,0.0
0.15,1.0,0.04167,8.60707976,1.15630544,0.1861163,0.0504985,0.165186
0.15,2.0,0.08333,7.40818221,1.80020152,0.62018118,0.17143509,0.257172
0.15,3.0,0.125,6.37628152,2.12323861,1.17044627,0.3300336,0.30332
0.15,4.0,0.16667,5.48811636,2.24903661,1.75691492,0.50593211,0.321291
0.15,5.0,0.20833,4.72366553,2.25690671,2.33266796,0.6867598,0.322415
0.15,6.0,0.25,4.0656966,2.19732234,2.8717264,0.86525467,0.313903
0.15,7.0,0.29167,3.49937749,2.10204291,3.36118958,1.03739002,0.300292
0.15,8.0,0.33333,3.01194212,1.99073114,3.79616598,1.20116076,0.28439
0.15,9.0,0.375,2.59240261,1.87527186,4.17652482,1.35580071,0.267896
0.15,10.0,0.41667,2.2313016,1.76258514,4.50483234,1.50128092,0.251798
0.15,11.0,0.45833,1.92049909,1.65645381,4.78505627,1.63799084,0.236636
0.15,12.0,0.5,1.65298888,1.55870644,5.02176655,1.76653813,0.222672
0.15,13.0,0.54167,1.42274072,1.46997952,5.21965474,1.88762502,0.209997
0.15,14.0,0.58333,1.22456428,1.39020521,5.38325658,2.00197393,0.198601
0.15,15.0,0.625,1.05399225,1.31892077,5.51680256,2.11028442,0.188417
0.15,16.0,0.66667,0.90717953,1.25546236,5.6241481,2.21321002,0.179352
0.15,17.0,0.70833,0.78081666,1.19908412,5.70875201,2.31134721,0.171298
0.15,18.0,0.75,0.67205513,1.1490295,5.77368329,2.40523207,0.164147
0.15,19.0,0.79167,0.57844321,1.10457206,5.82164359,2.49534114,0.157796
0.15,20.0,0.83333,0.49787068,1.06503703,5.85499748,2.58209481,0.152148
0.15,21.0,0.875,0.42852127,1.02981111,5.8758057,2.66586192,0.147116
0.15,22.0,0.91667,0.36883167,0.99834505,5.88585847,2.7469648,0.142621
0.15,23.0,0.95833,0.31745636,0.97015201,5.88670727,2.82568436,0.138593
0.15,24.0,1.0,0.27323722,0.94480367,5.87969417,2.90226493,0.134972
0.15,25.0,1.04167,0.23517746,0.92192526,5.86597851,2.97691877,0.131704
0.15,26.0,1.08333,0.20241911,0.90119016,5.84656063,3.04983009,0.128741
0.15,27.0,1.125,0.17422375,0.88231454,5.82230296,3.12115875,0.126045
0.15,28.0,1.16667,0.14995577,0.86505231,5.79394851,3.19104341,0.123579
0.15,29.0,1.20833,0.12906813,0.84919043,5.76213701,3.25960443,0.121313
0.15,30.0,1.25,0.11108997,0.83454474,5.727419,3.32694629,0.119221
0.15,31.0,1.29167,0.09561602,0.82095612,5.6902681,3.39315976,0.117279
0.15,32.0,1.33333,0.08229747,0.80828724,5.65109151,3.45832378,0.11547
0.15,33.0,1.375,0.07083409,0.79641958,5.61023926,3.52250707,0.113774
0.15,34.0,1.41667,0.06096747,0.78525092,5.56801208,3.58576954,0.112179
0.15,35.0,1.45833,0.05247518,0.77469309,5.52466824,3.64816349,0.11067
0.15,36.0,1.5,0.04516581,0.76467006,5.48042945,3.70973469,0.109239
0.15,37.0,1.54167,0.03887457,0.75511627,5.43548595,3.77052321,0.107874
0.15,38.0,1.58333,0.03345965,0.74597519,5.39000087,3.83056429,0.106568
0.15,39.0,1.625,0.02879899,0.73719804,5.34411403,3.88988894,0.105314
0.15,40.0,1.66667,0.02478752,0.72874277,5.29794515,3.94852455,0.104106
0.15,41.0,1.70833,0.02133482,0.72057309,5.2515967,4.00649539,0.102939
0.15,42.0,1.75,0.01836305,0.71265766,5.20515627,4.06382302,0.101808
0.15,43.0,1.79167,0.01580522,0.70496944,5.15869866,4.12052667,0.10071
0.15,44.0,1.83333,0.01360368,0.69748509,5.11228767,4.17662357,0.099641
0.15,45.0,1.875,0.0117088,0.6901844,5.06597762,4.23212918,0.098598
0.15,46.0,1.91667,0.01007785,0.68304994,5.0198147,4.2870575,0.097579
0.15,47.0,1.95833,0.00867409,0.6760666,4.97383811,4.3414212,0.096581
0.15,48.0,2.0,0.00746586,0.66922131,4.92808099,4.39523184,0.095603
0.15,49.0,2.04167,0.00642592,0.66250275,4.88257134,4.44849999,0.094643
0.15,50.0,2.08333,0.00553084,0.65590109,4.83733268,4.50123539,0.0937
0.15,51.0,2.125,0.00476044,0.6494078,4.79238471,4.55344705,0.092773
0.15,52.0,2.16667,0.00409735,0.64301546,4.74774385,4.60514333,0.091859
0.15,53.0,2.20833,0.00352662,0.63671763,4.7034237,4.65633205,0.09096
0.15,54.0,2.25,0.00303539,0.63050867,4.65943542,4.70702052,0.090073
0.15,55.0,2.29167,0.00261259,0.62438367,4.61578807,4.75721567,0.089198
0.15,56.0,2.33333,0.00224867,0.61833832,4.57248897,4.80692403,0.088334
0.15,57.0,2.375,0.00193545,0.61236886,4.52954386,4.85615183,0.087481
0.15,58.0,2.41667,0.00166586,0.60647197,4.48695718,4.90490499,0.086639
0.15,59.0,2.45833,0.00143382,0.60064473,4.44473226,4.9531892,0.085806
0.15,60.0,2.5,0.0012341,0.59488454,4.40287143,5.00100993,0.084984
0.15,61.0,2.54167,0.0010622,0.58918913,4.36137622,5.04837245,0.08417
0.15,62.0,2.58333,0.00091424,0.58355645,4.32024745,5.09528186,0.083365
0.15,63.0,2.625,0.0007869,0.57798467,4.27948532,5.14174311,0.082569
0.15,64.0,2.66667,0.00067729,0.57247218,4.23908954,5.18776099,0.081782
0.15,65.0,2.70833,0.00058295,0.56701749,4.19905936,5.2333402,0.081002
0.15,66.0,2.75,0.00050175,0.56161928,4.15939367,5.2784853,0.080231
0.15,67.0,2.79167,0.00043186,0.55627634,4.12009104,5.32320076,0.079468
0.15,68.0,2.83333,0.0003717,0.55098757,4.08114977,5.36749096,0.078713
0.15,69.0,2.875,0.00031993,0.54575195,4.04256793,5.41136019,0.077965
0.15,70.0,2.91667,0.00027536,0.54056856,4.00434341,5.45481266,0.077224
0.15,71.0,2.95833,0.00023701,0.53543652,3.96647394,5.49785253,0.076491
0.15,72.0,3.0,0.000204,0.53035504,3.92895711,5.54048385,0.075765
0.15,73.0,3.04167,0.00017558,0.52532336,3.8917904,5.58271066,0.075046
0.15,74.0,3.08333,0.00015112,0.52034077,3.8549712,5.6245369,0.074334
0.15,75.0,3.125,0.00013007,0.51540661,3.81849684,5.66596647,0.07363
0.15,76.0,3.16667,0.00011195,0.51052025,3.78236457,5.70700323,0.072931
0.15,77.0,3.20833,9.636e-05,0.50568107,3.7465716,5.74765097,0.07224
0.15,78.0,3.25,8.294e-05,0.50088851,3.7111151,5.78791345,0.071556
0.15,79.0,3.29167,7.139e-05,0.49614201,3.67599224,5.82779436,0.070877
0.15,80.0,3.33333,6.144e-05,0.49144105,3.64120013,5.86729738,0.070206
0.15,81.0,3.375,5.288e-05,0.4867851,3.60673589,5.90642613,0.069541
0.15,82.0,3.41667,4.552e-05,0.48217366,3.57259663,5.94518419,0.068882
0.15,83.0,3.45833,3.918e-05,0.47760627,3.53877946,5.98357509,0.068229
0.15,84.0,3.5,3.372e-05,0.47308244,3.50528149,6.02160235,0.067583
0.15,85.0,3.54167,2.902e-05,0.46860173,3.47209982,6.05926943,0.066943
0.15,86.0,3.58333,2.498e-05,0.46416367,3.43923158,6.09657976,0.066309
0.15,87.0,3.625,2.15e-05,0.45976784,3.40667391,6.13353675,0.065681
0.15,88.0,3.66667,1.851e-05,0.45541381,3.37442395,6.17014373,0.065059
0.15,89.0,3.70833,1.593e-05,0.45110115,3.34247886,6.20640406,0.064443
0.15,90.0,3.75,1.371e-05,0.44682946,3.31083582,6.24232101,0.063833
0.15,91.0,3.79167,1.18e-05,0.44259832,3.27949202,6.27789785,0.063228
0.15,92.0,3.83333,1.016e-05,0.43840734,3.24844468,6.31313781,0.06263
0.15,93.0,3.875,8.74e-06,0.43425613,3.21769104,6.34804409,0.062037
0.15,94.0,3.91667,7.52e-06,0.43014429,3.18722835,6.38261984,0.061449
0.15,95.0,3.95833,6.48e-06,0.42607144,3.15705387,6.41686821,0.060867
0.15,96.0,4.0,5.57e-06,0.4220372,3.12716492,6.4507923,0.060291
0.15,97.0,4.04167,4.8e-06,0.4180412,3.09755881,6.48439519,0.05972
0.15,98.0,4.08333,4.13e-06,0.41408308,3.06823288,6.51767991,0.059155
0.15,99.0,4.125,3.55e-06,0.41016247,3.0391845,6.55064948,0.058595
0.15,100.0,4.16667,3.06e-06,0.406279,3.01041105,6.58330689,0.05804
0.15,101.0,4.20833,2.63e-06,0.40243233,2.98190994,6.6156551,0.05749
0.15,102.0,4.25,2.27e-06,0.3986221,2.9536786,6.64769704,0.056946
0.15,103.0,4.29167,1.95e-06,0.39484796,2.92571449,6.6794356,0.056407
0.15,104.0,4.33333,1.68e-06,0.39110957,2.89801509,6.71087366,0.055873
0.15,105.0,4.375,1.44e-06,0.38740659,2.87057789,6.74201408,0.055344
0.15,106.0,4.41667,1.24e-06,0.38373867,2.84340043,6.77285965,0.05482
0.15,107.0,4.45833,1.07e-06,0.3801055,2.81648024,6.80341319,0.054301
0.15,108.0,4.5,9.2e-07,0.37650673,2.7898149,6.83367745,0.053787
0.15,109.0,4.54167,7.9e-07,0.37294204,2.76340199,6.86365518,0.053277
0.15,110.0,4.58333,6.8e-07,0.36941111,2.73723913,6.89334908,0.052773
0.15,111.0,4.625,5.9e-07,0.36591361,2.71132396,6.92276184,0.052273
0.15,112.0,4.66667,5.1e-07,0.36244923,2.68565413,6.95189614,0.051778
0.15,113.0,4.70833,4.4e-07,0.35901766,2.66022731,6.9807546,0.051288
0.15,114.0,4.75,3.7e-07,0.35561857,2.63504122,7.00933983,0.050803
0.15,115.0,4.79167,3.2e-07,0.35225167,2.61009358,7.03765443,0.050322
0.15,116.0,4.83333,2.8e-07,0.34891665,2.58538212,7.06570095,0.049845
0.15,117.0,4.875,2.4e-07,0.34561321,2.56090462,7.09348193,0.049373
0.15,118.0,4.91667,2.1e-07,0.34234105,2.53665885,7.1209999,0.048906
0.15,119.0,4.95833,1.8e-07,0.33909986,2.51264263,7.14825733,0.048443
0.15,120.0,5.0,1.5e-07,0.33588937,2.48885379,7.17525669,0.047984
0.15,121.0,5.04167,1.3e-07,0.33270927,2.46529016,7.20200044,0.04753
0.15,122.0,5.08333,1.1e-07,0.32955928,2.44194963,7.22849098,0.04708
0.15,123.0,5.125,1e-07,0.32643912,2.41883007,7.25473072,0.046634
0.15,124.0,5.16667,8e-08,0.3233485,2.3959294,7.28072202,0.046193
0.15,125.0,5.20833,7e-08,0.32028713,2.37324554,7.30646726,0.045755
0.15,126.0,5.25,6e-08,0.31725476,2.35077644,7.33196874,0.045322
0.15,127.0,5.29167,5e-08,0.31425109,2.32852007,7.35722878,0.044893
0.15,128.0,5.33333,5e-08,0.31127586,2.30647442,7.38224967,0.044468
0.15,129.0,5.375,4e-08,0.3083288,2.28463749,7.40703367,0.044047
0.15,130.0,5.41667,3e-08,0.30540964,2.2630073,7.43158302,0.04363
0.15,131.0,5.45833,3e-08,0.30251812,2.24158189,7.45589995,0.043217
0.15,132.0,5.5,3e-08,0.29965398,2.22035934,7.47998665,0.042808
0.15,133.0,5.54167,2e-08,0.29681695,2.19933771,7.50384531,0.042402
0.15,134.0,5.58333,2e-08,0.29400679,2.17851511,7.52747808,0.042001
0.15,135.0,5.625,2e-08,0.29122323,2.15788965,7.55088711,0.041603
0.15,136.0,5.66667,1e-08,0.28846602,2.13745946,7.5740745,0.041209
0.15,137.0,5.70833,1e-08,0.28573492,2.1172227,7.59704237,0.040819
0.15,138.0,5.75,1e-08,0.28302967,2.09717754,7.61979278,0.040433
0.15,139.0,5.79167,1e-08,0.28035004,2.07732215,7.6423278,0.04005
0.15,140.0,5.83333,1e-08,0.27769578,2.05765475,7.66464946,0.039671
0.15,141.0,5.875,1e-08,0.27506665,2.03817355,7.68675979,0.039295
0.15,142.0,5.91667,1e-08,0.27246241,2.0188768,7.70866079,0.038923
0.15,143.0,5.95833,0.0,0.26988282,1.99976274,7.73035444,0.038555
0.15,144.0,6.0,0.0,0.26732766,1.98082964,7.75184269,0.03819
0.15,145.0,6.04167,0.0,0.26479669,1.9620758,7.77312751,0.037828
0.15,146.0,6.08333,0.0,0.26228968,1.94349951,7.7942108,0.03747
0.15,147.0,6.125,0.0,0.25980641,1.9250991,7.81509449,0.037115
0.15,148.0,6.16667,0.0,0.25734665,1.9068729,7.83578045,0.036764
0.15,149.0,6.20833,0.0,0.25491017,1.88881925,7.85627057,0.036416
0.15,150.0,6.25,0.0,0.25249677,1.87093653,7.8765667,0.036071
0.15,151.0,6.29167,0.0,0.25010621,1.85322312,7.89667066,0.035729
0.15,152.0,6.33333,0.0,0.24773829,1.83567742,7.91658429,0.035391
0.15,153.0,6.375,0.0,0.24539278,1.81829783,7.93630939,0.035056
0.15,154.0,6.41667,0.0,0.24306949,1.80108278,7.95584773,0.034724
0.15,155.0,6.45833,0.0,0.24076818,1.78403072,7.97520109,0.034395
0.15,156.0,6.5,0.0,0.23848867,1.76714011,7.99437122,0.03407
0.15,157.0,6.54167,0.0,0.23623074,1.75040941,8.01335986,0.033747
0.15,158.0,6.58333,0.0,0.23399418,1.73383711,8.03216871,0.033428
0.15,159.0,6.625,0.0,0.2317788,1.71742171,8.05079949,0.033111
0.15,160.0,6.66667,0.0,0.2295844,1.70116172,8.06925388,0.032798
0.15,161.0,6.70833,0.0,0.22741077,1.68505569,8.08753355,0.032487
0.15,162.0,6.75,0.0,0.22525772,1.66910213,8.10564015,0.03218
0.15,163.0,6.79167,0.0,0.22312505,1.65329962,8.12357532,0.031875
0.15,164.0,6.83333,0.0,0.22101258,1.63764673,8.1413407,0.031573
0.15,165.0,6.875,0.0,0.2189201,1.62214203,8.15893787,0.031274
0.15,166.0,6.91667,0.0,0.21684744,1.60678412,8.17636844,0.030978
0.15,167.0,6.95833,0.0,0.2147944,1.59157162,8.19363398,0.030685
0.15,168.0,7.0,0.0,0.2127608,1.57650314,8.21073606,0.030394
0.15,169.0,7.04167,0.0,0.21074645,1.56157733,8.22767622,0.030107
0.15,170.0,7.08333,0.0,0.20875117,1.54679283,8.244456,0.029822
0.15,171.0,7.125,0.0,0.20677478,1.5321483,8.26107692,0.029539
0.15,172.0,7.16667,0.0,0.20481711,1.51764243,8.27754047,0.02926
0.15,173.0,7.20833,0.0,0.20287796,1.50327389,8.29384815,0.028983
0.15,174.0,7.25,0.0,0.20095718,1.48904139,8.31000143,0.028708
0.15,175.0,7.29167,0.0,0.19905459,1.47494363,8.32600178,0.028436
0.15,176.0,7.33333,0.0,0.19717,1.46097935,8.34185064,0.028167
0.15,177.0,7.375,0.0,0.19530326,1.44714728,8.35754946,0.0279
0.15,178.0,7.41667,0.0,0.1934542,1.43344617,8.37309964,0.027636
0.15,179.0,7.45833,0.0,0.19162264,1.41987477,8.3885026,0.027375
0.15,180.0,7.5,0.0,0.18980842,1.40643186,8.40375972,0.027115
0.15,181.0,7.54167,0.0,0.18801137,1.39311623,8.4188724,0.026859
0.15,182.0,7.58333,0.0,0.18623134,1.37992666,8.433842,0.026604
0.15,183.0,7.625,0.0,0.18446816,1.36686197,8.44866986,0.026353
0.15,184.0,7.66667,0.0,0.18272168,1.35392097,8.46335735,0.026103
0.15,185.0,7.70833,0.0,0.18099173,1.34110249,8.47790577,0.025856
0.15,186.0,7.75,0.0,0.17927816,1.32840538,8.49231646,0.025611
0.15,187.0,7.79167,0.0,0.17758082,1.31582847,8.50659071,0.025369
0.15,188.0,7.83333,0.0,0.17589954,1.30337064,8.52072982,0.025129
0.15,189.0,7.875,0.0,0.17423418,1.29103076,8.53473506,0.024891
0.15,190.0,7.91667,0.0,0.17258459,1.2788077,8.54860771,0.024655
0.15,191.0,7.95833,0.0,0.17095061,1.26670037,8.56234901,0.024422
0.15,192.0,8.0,0.0,0.16933211,1.25470767,8.57596022,0.02419
0.15,193.0,8.04167,0.0,0.16772893,1.24282851,8.58944256,0.023961
0.15,194.0,8.08333,0.0,0.16614093,1.23106182,8.60279725,0.023734
0.15,195.0,8.125,0.0,0.16456796,1.21940653,8.61602551,0.02351
0.15,196.0,8.16667,0.0,0.16300988,1.20786159,8.62912852,0.023287
0.15,197.0,8.20833,0.0,0.16146656,1.19642596,8.64210748,0.023067
0.15,198.0,8.25,0.0,0.15993785,1.18509859,8.65496356,0.022848
0.15,199.0,8.29167,0.0,0.15842361,1.17387847,8.66769793,0.022632
0.15,200.0,8.33333,0.0,0.15692371,1.16276457,8.68031172,0.022418
0.15,201.0,8.375,0.0,0.155438,1.1517559,8.6928061,0.022205
0.15,202.0,8.41667,0.0,0.15396637,1.14085145,8.70518218,0.021995
0.15,203.0,8.45833,0.0,0.15250867,1.13005025,8.71744109,0.021787
0.15,204.0,8.5,0.0,0.15106476,1.1193513,8.72958393,0.021581
0.15,205.0,8.54167,0.0,0.14963453,1.10875365,8.74161181,0.021376
0.15,206.0,8.58333,0.0,0.14821784,1.09825634,8.75352582,0.021174
0.15,207.0,8.625,0.0,0.14681456,1.08785841,8.76532703,0.020974
0.15,208.0,8.66667,0.0,0.14542457,1.07755892,8.7770165,0.020775
0.15,209.0,8.70833,0.0,0.14404774,1.06735695,8.78859531,0.020578
0.15,210.0,8.75,0.0,0.14268394,1.05725157,8.80006449,0.020383
0.15,211.0,8.79167,0.0,0.14133306,1.04724186,8.81142508,0.02019
0.15,212.0,8.83333,0.0,0.13999496,1.03732692,8.82267812,0.019999
0.15,213.0,8.875,0.0,0.13866954,1.02750585,8.83382462,0.01981
0.15,214.0,8.91667,0.0,0.13735666,1.01777776,8.84486558,0.019622
0.15,215.0,8.95833,0.0,0.13605621,1.00814177,8.85580201,0.019437
0.15,216.0,9.0,0.0,0.13476808,0.99859702,8.8666349,0.019253
0.15,217.0,9.04167,0.0,0.13349214,0.98914263,8.87736523,0.01907
0.15,218.0,9.08333,0.0,0.13222828,0.97977776,8.88799397,0.01889
0.15,219.0,9.125,0.0,0.13097638,0.97050154,8.89852207,0.018711
0.15,220.0,9.16667,0.0,0.12973634,0.96131315,8.9089505,0.018534
0.15,221.0,9.20833,0.0,0.12850804,0.95221176,8.9192802,0.018358
0.15,222.0,9.25,0.0,0.12729137,0.94319653,8.9295121,0.018184
0.15,223.0,9.29167,0.0,0.12608622,0.93426665,8.93964713,0.018012
0.15,224.0,9.33333,0.0,0.12489247,0.92542133,8.9496862,0.017842
0.15,225.0,9.375,0.0,0.12371003,0.91665974,8.95963023,0.017673
0.15,226.0,9.41667,0.0,0.12253879,0.90798111,8.9694801,0.017506
0.15,227.0,9.45833,0.0,0.12137863,0.89938464,8.97923673,0.01734
0.15,228.0,9.5,0.0,0.12022946,0.89086956,8.98890098,0.017176
0.15,229.0,9.54167,0.0,0.11909116,0.8824351,8.99847373,0.017013
0.15,230.0,9.58333,0.0,0.11796365,0.8740805,9.00795585,0.016852
0.15,231.0,9.625,0.0,0.11684681,0.86580499,9.0173482,0.016692
0.15,232.0,9.66667,0.0,0.11574054,0.85760784,9.02665162,0.016534
0.15,233.0,9.70833,0.0,0.11464475,0.84948829,9.03586696,0.016378
0.15,234.0,9.75,0.0,0.11355933,0.84144561,9.04499506,0.016223
0.15,235.0,9.79167,0.0,0.11248419,0.83347908,9.05403673,0.016069
0.15,236.0,9.83333,0.0,0.11141922,0.82558798,9.0629928,0.015917
0.15,237.0,9.875,0.0,0.11036434,0.81777158,9.07186408,0.015766
0.15,238.0,9.91667,0.0,0.10931945,0.81002919,9.08065136,0.015617
0.15,239.0,9.95833,0.0,0.10828445,0.8023601,9.08935545,0.015469
0.15,240.0,10.0,0.0,0.10725925,0.79476362,9.09797713,0.015323
0.15,241.0,10.04167,0.0,0.10624375,0.78723906,9.10651719,0.015178
0.15,242.0,10.08333,0.0,0.10523787,0.77978574,9.11497639,0.015034
0.15,243.0,10.125,0.0,0.10424151,0.77240298,9.1233555,0.014892
0.15,244.0,10.16667,0.0,0.10325459,0.76509013,9.13165528,0.014751
0.15,245.0,10.20833,0.0,0.10227701,0.7578465,9.13987649,0.014611
0.15,246.0,10.25,0.0,0.10130868,0.75067146,9.14801985,0.014473
0.15,247.0,10.29167,0.0,0.10034953,0.74356435,9.15608612,0.014336
0.15,248.0,10.33333,0.0,0.09939945,0.73652453,9.16407602,0.0142
0.15,249.0,10.375,0.0,0.09845837,0.72955136,9.17199027,0.014065
0.15,250.0,10.41667,0.0,0.0975262,0.72264421,9.1798296,0.013932
0.15,251.0,10.45833,0.0,0.09660285,0.71580245,9.1875947,0.0138
0.15,252.0,10.5,0.0,0.09568825,0.70902547,9.19528629,0.01367
0.15,253.0,10.54167,0.0,0.0947823,0.70231265,9.20290505,0.01354
0.15,254.0,10.58333,0.0,0.09388493,0.69566338,9.21045168,0.013412
0.15,255.0,10.625,0.0,0.09299606,0.68907707,9.21792687,0.013285
0.15,256.0,10.66667,0.0,0.09211561,0.68255312,9.22533128,0.013159
0.15,257.0,10.70833,0.0,0.09124349,0.67609093,9.23266559,0.013035
0.15,258.0,10.75,0.0,0.09037962,0.66968992,9.23993046,0.012911
0.15,259.0,10.79167,0.0,0.08952394,0.66334952,9.24712654,0.012789
0.15,260.0,10.83333,0.0,0.08867636,0.65706914,9.2542545,0.012668
0.15,261.0,10.875,0.0,0.0878368,0.65084823,9.26131497,0.012548
0.15,262.0,10.91667,0.0,0.08700519,0.64468621,9.2683086,0.012429
0.15,263.0,10.95833,0.0,0.08618145,0.63858253,9.27523601,0.012312
0.15,264.0,11.0,0.0,0.08536551,0.63253665,9.28209784,0.012195
0.15,265.0,11.04167,0.0,0.0845573,0.626548,9.2888947,0.01208
0.15,266.0,11.08333,0.0,0.08375674,0.62061605,9.29562721,0.011965
0.15,267.0,11.125,0.0,0.08296376,0.61474026,9.30229598,0.011852
0.15,268.0,11.16667,0.0,0.08217829,0.6089201,9.30890162,0.01174
0.15,269.0,11.20833,0.0,0.08140025,0.60315504,9.31544471,0.011629
0.15,270.0,11.25,0.0,0.08062958,0.59744457,9.32192585,0.011519
0.15,271.0,11.29167,0.0,0.0798662,0.59178816,9.32834563,0.011409
0.15,272.0,11.33333,0.0,0.07911006,0.58618531,9.33470464,0.011301
0.15,273.0,11.375,0.0,0.07836107,0.5806355,9.34100343,0.011194
0.15,274.0,11.41667,0.0,0.07761917,0.57513823,9.3472426,0.011088
0.15,275.0,11.45833,0.0,0.0768843,0.56969301,9.35342269,0.010983
0.15,276.0,11.5,0.0,0.07615638,0.56429935,9.35954427,0.010879
0.15,277.0,11.54167,0.0,0.07543536,0.55895675,9.36560789,0.010776
0.15,278.0,11.58333,0.0,0.07472116,0.55366473,9.37161411,0.010674
0.15,279.0,11.625,0.0,0.07401373,0.54842281,9.37756346,0.010573
0.15,280.0,11.66667,0.0,0.07331299,0.54323053,9.38345648,0.010473
0.15,281.0,11.70833,0.0,0.07261889,0.5380874,9.38929372,0.010374
0.15,282.0,11.75,0.0,0.07193135,0.53299296,9.39507568,0.010276
0.15,283.0,11.79167,0.0,0.07125033,0.52794676,9.40080291,0.010179
0.15,284.0,11.83333,0.0,0.07057576,0.52294834,9.40647591,0.010082
0.15,285.0,11.875,0.0,0.06990757,0.51799723,9.4120952,0.009987
0.15,286.0,11.91667,0.0,0.06924571,0.51309301,9.41766129,0.009892
0.15,287.0,11.95833,0.0,0.06859011,0.50823521,9.42317468,0.009799
0.15,288.0,12.0,0.0,0.06794072,0.50342341,9.42863587,0.009706
0.15,289.0,12.04167,0.0,0.06729748,0.49865716,9.43404536,0.009614
0.15,290.0,12.08333,0.0,0.06666033,0.49393604,9.43940363,0.009523
0.15,291.0,12.125,0.0,0.06602921,0.48925961,9.44471117,0.009433
0.15,292.0,12.16667,0.0,0.06540407,0.48462746,9.44996846,0.009343
0.15,293.0,12.20833,0.0,0.06478485,0.48003917,9.45517598,0.009255
0.15,294.0,12.25,0.0,0.06417149,0.47549432,9.4603342,0.009167
0.15,295.0,12.29167,0.0,0.06356393,0.47099249,9.46544357,0.009081
0.15,296.0,12.33333,0.0,0.06296213,0.46653329,9.47050458,0.008995
0.15,297.0,12.375,0.0,0.06236602,0.46211631,9.47551767,0.008909
0.15,298.0,12.41667,0.0,0.06177556,0.45774114,9.48048329,0.008825
0.15,299.0,12.45833,0.0,0.06119069,0.4534074,9.48540191,0.008742
0.15,300.0,12.5,0.0,0.06061136,0.44911469,9.49027395,0.008659
0.15,301.0,12.54167,0.0,0.06003751,0.44486262,9.49509987,0.008577
0.15,302.0,12.58333,0.0,0.0594691,0.44065081,9.4998801,0.008496
0.15,303.0,12.625,0.0,0.05890606,0.43647887,9.50461507,0.008415
0.15,304.0,12.66667,0.0,0.05834836,0.43234643,9.50930521,0.008335
0.15,305.0,12.70833,0.0,0.05779594,0.42825312,9.51395095,0.008257
0.15,306.0,12.75,0.0,0.05724874,0.42419856,9.5185527,0.008178
0.15,307.0,12.79167,0.0,0.05670673,0.42018239,9.52311088,0.008101
0.15,308.0,12.83333,0.0,0.05616985,0.41620424,9.52762591,0.008024
0.15,309.0,12.875,0.0,0.05563805,0.41226375,9.5320982,0.007948
0.15,310.0,12.91667,0.0,0.05511129,0.40836058,9.53652814,0.007873
0.15,311.0,12.95833,0.0,0.05458951,0.40449435,9.54091613,0.007799
0.15,312.0,13.0,0.0,0.05407268,0.40066473,9.54526259,0.007725
0.15,313.0,13.04167,0.0,0.05356074,0.39687137,9.54956789,0.007652
0.15,314.0,13.08333,0.0,0.05305364,0.39311392,9.55383244,0.007579
0.15,315.0,13.125,0.0,0.05255135,0.38939205,9.5580566,0.007507
0.15,316.0,13.16667,0.0,0.05205381,0.38570541,9.56224078,0.007436
0.15,317.0,13.20833,0.0,0.05156098,0.38205368,9.56638534,0.007366
0.15,318.0,13.25,0.0,0.05107282,0.37843652,9.57049066,0.007296
0.15,319.0,13.29167,0.0,0.05058928,0.37485361,9.57455711,0.007227
0.15,320.0,13.33333,0.0,0.05011031,0.37130462,9.57858507,0.007159
0.15,321.0,13.375,0.0,0.04963589,0.36778923,9.58257488,0.007091
0.15,322.0,13.41667,0.0,0.04916595,0.36430712,9.58652693,0.007024
0.15,323.0,13.45833,0.0,0.04870046,0.36085798,9.59044155,0.006957
0.15,324.0,13.5,0.0,0.04823938,0.3574415,9.59431912,0.006891
0.15,325.0,13.54167,0.0,0.04778267,0.35405736,9.59815997,0.006826
0.15,326.0,13.58333,0.0,0.04733028,0.35070526,9.60196446,0.006761
0.15,327.0,13.625,0.0,0.04688217,0.3473849,9.60573293,0.006697
0.15,328.0,13.66667,0.0,0.0464383,0.34409597,9.60946572,0.006634
0.15,329.0,13.70833,0.0,0.04599864,0.34083819,9.61316317,0.006571
0.15,330.0,13.75,0.0,0.04556314,0.33761124,9.61682562,0.006509
0.15,331.0,13.79167,0.0,0.04513177,0.33441485,9.62045338,0.006447
0.15,332.0,13.83333,0.0,0.04470447,0.33124872,9.62404681,0.006386
0.15,333.0,13.875,0.0,0.04428123,0.32811257,9.62760621,0.006326
0.15,334.0,13.91667,0.0,0.04386199,0.32500611,9.63113191,0.006266
0.15,335.0,13.95833,0.0,0.04344671,0.32192905,9.63462423,0.006207
0.15,336.0,14.0,0.0,0.04303538,0.31888114,9.63808349,0.006148
0.15,337.0,14.04167,0.0,0.04262793,0.31586207,9.64150999,0.00609
0.15,338.0,14.08333,0.0,0.04222434,0.3128716,9.64490406,0.006032
0.15,339.0,14.125,0.0,0.04182458,0.30990943,9.64826599,0.005975
0.15,340.0,14.16667,0.0,0.0414286,0.30697531,9.65159609,0.005918
0.15,341.0,14.20833,0.0,0.04103636,0.30406897,9.65489467,0.005862
0.15,342.0,14.25,0.0,0.04064784,0.30119014,9.65816201,0.005807
0.15,343.0,14.29167,0.0,0.040263,0.29833858,9.66139842,0.005752
0.15,344.0,14.33333,0.0,0.03988181,0.295514,9.66460419,0.005697
0.15,345.0,14.375,0.0,0.03950422,0.29271617,9.66777961,0.005643
0.15,346.0,14.41667,0.0,0.03913021,0.28994483,9.67092496,0.00559
0.15,347.0,14.45833,0.0,0.03875973,0.28719973,9.67404053,0.005537
0.15,348.0,14.5,0.0,0.03839277,0.28448062,9.67712661,0.005485
0.15,349.0,14.54167,0.0,0.03802928,0.28178725,9.68018347,0.005433
0.15,350.0,14.58333,0.0,0.03766923,0.27911938,9.68321139,0.005381
0.15,351.0,14.625,0.0,0.03731259,0.27647677,9.68621064,0.00533
0.15,352.0,14.66667,0.0,0.03695933,0.27385918,9.68918149,0.00528
0.15,353.0,14.70833,0.0,0.03660941,0.27126637,9.69212422,0.00523
0.15,354.0,14.75,0.0,0.0362628,0.26869811,9.69503909,0.00518
0.15,355.0,14.79167,0.0,0.03591948,0.26615417,9.69792635,0.005131
0.15,356.0,14.83333,0.0,0.03557941,0.26363431,9.70078629,0.005083
0.15,357.0,14.875,0.0,0.03524255,0.2611383,9.70361915,0.005035
0.15,358.0,14.91667,0.0,0.03490889,0.25866593,9.70642518,0.004987
0.15,359.0,14.95833,0.0,0.03457838,0.25621697,9.70920465,0.00494
0.15,360.0,15.0,0.0,0.034251,0.25379119,9.71195781,0.004893
0.15,361.0,15.04167,0.0,0.03392673,0.25138838,9.7146849,0.004847
0.15,362.0,15.08333,0.0,0.03360552,0.24900832,9.71738616,0.004801
0.15,363.0,15.125,0.0,0.03328735,0.24665079,9.72006186,0.004755
0.15,364.0,15.16667,0.0,0.0329722,0.24431558,9.72271222,0.00471
0.15,365.0,15.20833,0.0,0.03266003,0.24200248,9.72533749,0.004666
0.15,366.0,15.25,0.0,0.03235082,0.23971128,9.72793791,0.004622
0.15,367.0,15.29167,0.0,0.03204453,0.23744177,9.7305137,0.004578
0.15,368.0,15.33333,0.0,0.03174114,0.23519375,9.73306511,0.004534
0.15,369.0,15.375,0.0,0.03144063,0.23296701,9.73559236,0.004492
0.15,370.0,15.41667,0.0,0.03114296,0.23076136,9.73809568,0.004449
0.15,371.0,15.45833,0.0,0.03084811,0.22857659,9.74057531,0.004407
0.15,372.0,15.5,0.0,0.03055605,0.2264125,9.74303145,0.004365
0.15,373.0,15.54167,0.0,0.03026675,0.2242689,9.74546435,0.004324
0.15,374.0,15.58333,0.0,0.0299802,0.2221456,9.74787421,0.004283
0.15,375.0,15.625,0.0,0.02969635,0.22004239,9.75026125,0.004242
0.15,376.0,15.66667,0.0,0.0294152,0.21795911,9.7526257,0.004202
0.15,377.0,15.70833,0.0,0.02913671,0.21589554,9.75496775,0.004162
0.15,378.0,15.75,0.0,0.02886085,0.21385151,9.75728764,0.004123
0.15,379.0,15.79167,0.0,0.0285876,0.21182684,9.75958556,0.004084
0.15,380.0,15.83333,0.0,0.02831695,0.20982133,9.76186172,0.004045
0.15,381.0,15.875,0.0,0.02804885,0.20783481,9.76411634,0.004007
0.15,382.0,15.91667,0.0,0.02778329,0.2058671,9.76634961,0.003969
0.15,383.0,15.95833,0.0,0.02752025,0.20391802,9.76856173,0.003931
0.15,384.0,16.0,0.0,0.0272597,0.20198739,9.77075291,0.003894
0.15,385.0,16.04167,0.0,0.02700161,0.20007504,9.77292335,0.003857
0.15,386.0,16.08333,0.0,0.02674597,0.19818079,9.77507324,0.003821
0.15,387.0,16.125,0.0,0.02649275,0.19630448,9.77720277,0.003785
0.15,388.0,16.16667,0.0,0.02624192,0.19444594,9.77931214,0.003749
0.15,389.0,16.20833,0.0,0.02599347,0.19260499,9.78140154,0.003713
0.15,390.0,16.25,0.0,0.02574737,0.19078147,9.78347116,0.003678
0.15,391.0,16.29167,0.0,0.02550361,0.18897521,9.78552118,0.003643
0.15,392.0,16.33333,0.0,0.02526215,0.18718606,9.7875518,0.003609
0.15,393.0,16.375,0.0,0.02502297,0.18541384,9.78956319,0.003575
0.15,394.0,16.41667,0.0,0.02478606,0.1836584,9.79155553,0.003541
0.15,395.0,16.45833,0.0,0.0245514,0.18191958,9.79352902,0.003507
0.15,396.0,16.5,0.0,0.02431895,0.18019723,9.79548382,0.003474
0.15,397.0,16.54167,0.0,0.02408871,0.17849118,9.79742011,0.003441
0.15,398.0,16.58333,0.0,0.02386065,0.17680129,9.79933807,0.003409
0.15,399.0,16.625,0.0,0.02363474,0.17512739,9.80123787,0.003376
0.15,400.0,16.66667,0.0,0.02341097,0.17346934,9.80311968,0.003344
0.15,401.0,16.70833,0.0,0.02318933,0.17182699,9.80498368,0.003313
0.15,402.0,16.75,0.0,0.02296978,0.17020019,9.80683003,0.003281
0.15,403.0,16.79167,0.0,0.02275231,0.16858879,9.8086589,0.00325
0.15,404.0,16.83333,0.0,0.0225369,0.16699265,9.81047046,0.00322
0.15,405.0,16.875,0.0,0.02232352,0.16541162,9.81226486,0.003189
0.15,406.0,16.91667,0.0,0.02211217,0.16384555,9.81404227,0.003159
0.15,407.0,16.95833,0.0,0.02190282,0.16229432,9.81580286,0.003129
0.15,408.0,17.0,0.0,0.02169545,0.16075777,9.81754678,0.003099
0.15,409.0,17.04167,0.0,0.02149005,0.15923577,9.81927419,0.00307
0.15,410.0,17.08333,0.0,0.02128659,0.15772817,9.82098524,0.003041
0.15,411.0,17.125,0.0,0.02108505,0.15623486,9.82268009,0.003012
0.15,412.0,17.16667,0.0,0.02088543,0.15475568,9.8243589,0.002984
0.15,413.0,17.20833,0.0,0.02068769,0.1532905,9.82602181,0.002955
0.15,414.0,17.25,0.0,0.02049183,0.1518392,9.82766898,0.002927
0.15,415.0,17.29167,0.0,0.02029782,0.15040163,9.82930055,0.0029
0.15,416.0,17.33333,0.0,0.02010564,0.14897768,9.83091668,0.002872
0.15,417.0,17.375,0.0,0.01991529,0.14756721,9.8325175,0.002845
0.15,418.0,17.41667,0.0,0.01972674,0.14617009,9.83410317,0.002818
0.15,419.0,17.45833,0.0,0.01953997,0.1447862,9.83567383,0.002791
0.15,420.0,17.5,0.0,0.01935497,0.14341541,9.83722961,0.002765
0.15,421.0,17.54167,0.0,0.01917173,0.1420576,9.83877067,0.002739
0.15,422.0,17.58333,0.0,0.01899022,0.14071265,9.84029714,0.002713
0.15,423.0,17.625,0.0,0.01881042,0.13938043,9.84180915,0.002687
0.15,424.0,17.66667,0.0,0.01863233,0.13806082,9.84330685,0.002662
0.15,425.0,17.70833,0.0,0.01845593,0.1367537,9.84479037,0.002637
0.15,426.0,17.75,0.0,0.01828119,0.13545896,9.84625984,0.002612
0.15,427.0,17.79167,0.0,0.01810811,0.13417648,9.8477154,0.002587
0.15,428.0,17.83333,0.0,0.01793667,0.13290614,9.84915718,0.002562
0.15,429.0,17.875,0.0,0.01776685,0.13164783,9.85058532,0.002538
0.15,430.0,17.91667,0.0,0.01759864,0.13040143,9.85199992,0.002514
0.15,431.0,17.95833,0.0,0.01743202,0.12916684,9.85340114,0.00249
0.15,432.0,18.0,0.0,0.01726698,0.12794393,9.85478909,0.002467
0.15,433.0,18.04167,0.0,0.0171035,0.1267326,9.8561639,0.002443
0.15,434.0,18.08333,0.0,0.01694157,0.12553273,9.85752569,0.00242
0.15,435.0,18.125,0.0,0.01678118,0.12434423,9.85887459,0.002397
0.15,436.0,18.16667,0.0,0.0166223,0.12316698,9.86021072,0.002375
0.15,437.0,18.20833,0.0,0.01646492,0.12200088,9.8615342,0.002352
0.15,438.0,18.25,0.0,0.01630904,0.12084581,9.86284515,0.00233
0.15,439.0,18.29167,0.0,0.01615463,0.11970168,9.86414369,0.002308
0.15,440.0,18.33333,0.0,0.01600168,0.11856839,9.86542993,0.002286
0.15,441.0,18.375,0.0,0.01585019,0.11744582,9.86670399,0.002264
0.15,442.0,18.41667,0.0,0.01570012,0.11633388,9.867966,0.002243
0.15,443.0,18.45833,0.0,0.01555148,0.11523247,9.86921605,0.002222
0.15,444.0,18.5,0.0,0.01540424,0.11414149,9.87045427,0.002201
0.15,445.0,18.54167,0.0,0.0152584,0.11306084,9.87168077,0.00218
0.15,446.0,18.58333,0.0,0.01511394,0.11199041,9.87289565,0.002159
0.15,447.0,18.625,0.0,0.01497084,0.11093012,9.87409903,0.002139
0.15,448.0,18.66667,0.0,0.0148291,0.10987987,9.87529102,0.002118
0.15,449.0,18.70833,0.0,0.01468871,0.10883957,9.87647172,0.002098
0.15,450.0,18.75,0.0,0.01454964,0.10780911,9.87764125,0.002079
0.15,451.0,18.79167,0.0,0.01441189,0.10678841,9.8787997,0.002059
0.15,452.0,18.83333,0.0,0.01427544,0.10577737,9.87994719,0.002039
0.15,453.0,18.875,0.0,0.01414029,0.10477591,9.88108381,0.00202
0.15,454.0,18.91667,0.0,0.01400641,0.10378392,9.88220967,0.002001
0.15,455.0,18.95833,0.0,0.0138738,0.10280133,9.88332487,0.001982
0.15,456.0,19.0,0.0,0.01374245,0.10182804,9.88442951,0.001963
0.15,457.0,19.04167,0.0,0.01361234,0.10086397,9.88552369,0.001945
0.15,458.0,19.08333,0.0,0.01348346,0.09990902,9.88660752,0.001926
0.15,459.0,19.125,0.0,0.01335581,0.09896311,9.88768108,0.001908
0.15,460.0,19.16667,0.0,0.01322936,0.09802616,9.88874448,0.00189
0.15,461.0,19.20833,0.0,0.01310411,0.09709809,9.88979781,0.001872
0.15,462.0,19.25,0.0,0.01298004,0.09617879,9.89084117,0.001854
0.15,463.0,19.29167,0.0,0.01285715,0.0952682,9.89187465,0.001837
0.15,464.0,19.33333,0.0,0.01273542,0.09436624,9.89289834,0.001819
0.15,465.0,19.375,0.0,0.01261485,0.09347281,9.89391234,0.001802
0.15,466.0,19.41667,0.0,0.01249542,0.09258784,9.89491675,0.001785
0.15,467.0,19.45833,0.0,0.01237711,0.09171125,9.89591164,0.001768
0.15,468.0,19.5,0.0,0.01225993,0.09084295,9.89689712,0.001751
0.15,469.0,19.54167,0.0,0.01214386,0.08998288,9.89787326,0.001735
0.15,470.0,19.58333,0.0,0.01202888,0.08913095,9.89884016,0.001718
0.15,471.0,19.625,0.0,0.011915,0.08828709,9.89979791,0.001702
0.15,472.0,19.66667,0.0,0.01180219,0.08745122,9.90074659,0.001686
0.15,473.0,19.70833,0.0,0.01169045,0.08662326,9.90168629,0.00167
0.15,474.0,19.75,0.0,0.01157977,0.08580314,9.90261709,0.001654
0.15,475.0,19.79167,0.0,0.01147014,0.08499078,9.90353908,0.001639
0.15,476.0,19.83333,0.0,0.01136154,0.08418612,9.90445234,0.001623
0.15,477.0,19.875,0.0,0.01125397,0.08338907,9.90535695,0.001608
0.15,478.0,19.91667,0.0,0.01114743,0.08259957,9.906253,0.001592
0.15,479.0,19.95833,0.0,0.01104188,0.08181755,9.90714057,0.001577
0.15,480.0,20.0,0.0,0.01093734,0.08104292,9.90801973,0.001562
0.15,481.0,20.04167,0.0,0.01083379,0.08027564,9.90889057,0.001548
0.15,482.0,20.08333,0.0,0.01073122,0.07951561,9.90975316,0.001533
0.15,483.0,20.125,0.0,0.01062962,0.07876279,9.91060759,0.001519
0.15,484.0,20.16667,0.0,0.01052898,0.07801709,9.91145393,0.001504
0.15,485.0,20.20833,0.0,0.0104293,0.07727845,9.91229225,0.00149
0.15,486.0,20.25,0.0,0.01033056,0.0765468,9.91312264,0.001476
0.15,487.0,20.29167,0.0,0.01023275,0.07582208,9.91394517,0.001462
0.15,488.0,20.33333,0.0,0.01013587,0.07510422,9.91475991,0.001448
0.15,489.0,20.375,0.0,0.01003991,0.07439316,9.91556693,0.001434
0.15,490.0,20.41667,0.0,0.00994485,0.07368883,9.91636632,0.001421
0.15,491.0,20.45833,0.0,0.0098507,0.07299117,9.91715813,0.001407
0.15,492.0,20.5,0.0,0.00975744,0.07230011,9.91794245,0.001394
0.15,493.0,20.54167,0.0,0.00966506,0.0716156,9.91871935,0.001381
0.15,494.0,20.58333,0.0,0.00957355,0.07093756,9.91948889,0.001368
0.15,495.0,20.625,0.0,0.00948291,0.07026595,9.92025114,0.001355
0.15,496.0,20.66667,0.0,0.00939313,0.0696007,9.92100617,0.001342
0.15,497.0,20.70833,0.0,0.0093042,0.06894174,9.92175406,0.001329
0.15,498.0,20.75,0.0,0.00921611,0.06828902,9.92249487,0.001317
0.15,499.0,20.79167,0.0,0.00912886,0.06764248,9.92322866,0.001304
0.15,500.0,20.83333,0.0,0.00904243,0.06700207,9.92395551,0.001292
0.15,501.0,20.875,0.0,0.00895682,0.06636771,9.92467547,0.00128
0.15,502.0,20.91667,0.0,0.00887202,0.06573937,9.92538862,0.001267
0.15,503.0,20.95833,0.0,0.00878802,0.06511697,9.92609502,0.001255
0.15,504.0,21.0,0.0,0.00878802,0.06511697,9.92609502,0.001255
0.15,504.0,21.0,10.0,0.00878802,0.06511697,9.92609502,0.001255
0.15,504.0,21.0,10.0,0.00878802,0.06511697,9.92609502,0.001255
0.15,505.0,21.04167,8.60707976,1.16501026,0.25061676,9.97729322,0.16643
0.15,506.0,21.08333,7.40818221,1.80882392,0.68407098,10.0989229,0.258403
0.15,507.0,21.125,6.37628152,2.13177938,1.23373117,10.25820793,0.30454
0.15,508.0,21.16667,5.48811636,2.25749651,1.81960067,10.43478646,0.3225
0.15,509.0,21.20833,4.72366553,2.26528652,2.39476022,10.61628773,0.323612
0.15,510.0,21.25,4.0656966,2.20562281,2.93323078,10.79544981,0.315089
0.15,511.0,21.29167,3.49937749,2.1102648,3.42211166,10.96824605,0.301466
0.15,512.0,21.33333,3.01194212,1.99887519,3.85651127,11.13267143,0.285554
0.15,513.0,21.375,2.59240261,1.8833388,4.23629879,11.28795981,0.269048
0.15,514.0,21.41667,2.2313016,1.7705757,4.56404039,11.43408231,0.252939
0.15,515.0,21.45833,1.92049909,1.66436872,4.84370375,11.57142845,0.237767
0.15,516.0,21.5,1.65298888,1.56654642,5.07985877,11.70060593,0.223792
0.15,517.0,21.54167,1.42274072,1.47774527,5.27719697,11.82231704,0.211106
0.15,518.0,21.58333,1.22456428,1.39789743,5.44025402,11.93728427,0.1997
0.15,519.0,21.625,1.05399225,1.32654017,5.57326036,12.04620722,0.189506
0.15,520.0,21.66667,0.90717953,1.26300962,5.68007138,12.14973947,0.18043
0.15,521.0,21.70833,0.78081666,1.20655992,5.76414583,12.24847759,0.172366
0.15,522.0,21.75,0.67205513,1.15643453,5.82855266,12.34295768,0.165205
0.15,523.0,21.79167,0.57844321,1.11190698,5.87599347,12.43365634,0.158844
0.15,524.0,21.83333,0.49787068,1.0723025,5.90883279,12.52099402,0.153186
0.15,525.0,21.875,0.42852127,1.0370078,5.92913132,12.60533961,0.148144
0.15,526.0,21.91667,0.36883167,1.0054736,5.93867922,12.6870155,0.143639
0.15,527.0,21.95833,0.31745636,0.97721307,5.93902793,12.76630264,0.139602
0.15,528.0,22.0,0.27323722,0.95179788,5.93151948,12.84344542,0.135971
0.15,529.0,22.04167,0.23517746,0.92885326,5.91731315,12.91865613,0.132693
0.15,530.0,22.08333,0.20241911,0.90805256,5.89740925,12.99211907,0.129722
0.15,531.0,22.125,0.17422375,0.88911197,5.87267017,13.06399411,0.127016
0.15,532.0,22.16667,0.14995577,0.87178538,5.84383885,13.13442,0.124541
0.15,533.0,22.20833,0.12906813,0.85585976,5.81155501,13.20351711,0.122266
0.15,534.0,22.25,0.11108997,0.84115092,5.77636913,13.27138998,0.120164
0.15,535.0,22.29167,0.09561602,0.82749976,5.73875478,13.33812944,0.118214
0.15,536.0,22.33333,0.08229747,0.81476892,5.69911913,13.40381447,0.116396
0.15,537.0,22.375,0.07083409,0.8028399,5.65781217,13.46851384,0.114691
0.15,538.0,22.41667,0.06096747,0.79161045,5.61513459,13.5322875,0.113087
0.15,539.0,22.45833,0.05247518,0.78099241,5.57134461,13.5951878,0.11157
0.15,540.0,22.5,0.04516581,0.77090974,5.5266639,13.65726055,0.11013
0.15,541.0,22.54167,0.03887457,0.76129688,5.48128267,13.71854588,0.108757
0.15,542.0,22.58333,0.03345965,0.75209728,5.43536401,13.77907906,0.107442
0.15,543.0,22.625,0.02879899,0.74326217,5.38904768,13.83889116,0.10618
0.15,544.0,22.66667,0.02478752,0.73474949,5.34245339,13.8980096,0.104964
0.15,545.0,22.70833,0.02133482,0.72652293,5.29568355,13.9564587,0.103789
0.15,546.0,22.75,0.01836305,0.71855117,5.24882572,14.01426006,0.10265
0.15,547.0,22.79167,0.01580522,0.71080716,5.20195466,14.07143296,0.101544
0.15,548.0,22.83333,0.01360368,0.70326754,5.15513413,14.12799466,0.100467
0.15,549.0,22.875,0.0117088,0.6959121,5.10841842,14.18396068,0.099416
0.15,550.0,22.91667,0.01007785,0.68872341,5.06185369,14.23934504,0.098389
0.15,551.0,22.95833,0.00867409,0.68168636,5.01547909,14.29416046,0.097384
0.15,552.0,23.0,0.00746586,0.67478787,4.96932773,14.34841855,0.096398
0.15,553.0,23.04167,0.00642592,0.6680166,4.92342756,14.40212991,0.095431
0.15,554.0,23.08333,0.00553084,0.66136274,4.87780209,14.45530433,0.09448
0.15,555.0,23.125,0.00476044,0.65481774,4.83247097,14.50795085,0.093545
0.15,556.0,23.16667,0.00409735,0.64837418,4.78745059,14.56007788,0.092625
0.15,557.0,23.20833,0.00352662,0.64202561,4.74275451,14.61169325,0.091718
0.15,558.0,23.25,0.00303539,0.6357664,4.69839385,14.66280436,0.090824
0.15,559.0,23.29167,0.00261259,0.62959162,4.65437766,14.71341813,0.089942
0.15,560.0,23.33333,0.00224867,0.62349697,4.61071321,14.76354115,0.089071
0.15,561.0,23.375,0.00193545,0.61747867,4.5674062,14.81317968,0.088211
0.15,562.0,23.41667,0.00166586,0.6115334,4.52446106,14.86233969,0.087362
0.15,563.0,23.45833,0.00143382,0.60565823,4.48188106,14.91102689,0.086523
0.15,564.0,23.5,0.0012341,0.59985058,4.43966852,14.9592468,0.085693
0.15,565.0,23.54167,0.0010622,0.59410815,4.39782493,15.00700473,0.084873
0.15,566.0,23.58333,0.00091424,0.5884289,4.35635107,15.05430579,0.084061
0.15,567.0,23.625,0.0007869,0.58281099,4.31524713,15.10115498,0.083259
0.15,568.0,23.66667,0.00067729,0.57725281,4.27451276,15.14755714,0.082465
0.15,569.0,23.70833,0.00058295,0.57175286,4.23414721,15.19351699,0.081679
0.15,570.0,23.75,0.00050175,0.56630982,4.19414932,15.23903912,0.080901
0.15,571.0,23.79167,0.00043186,0.56092247,4.15451763,15.28412804,0.080132
0.15,572.0,23.83333,0.0003717,0.55558971,4.11525042,15.32878817,0.07937
0.15,573.0,23.875,0.00031993,0.55031052,4.07634573,15.37302382,0.078616
0.15,574.0,23.91667,0.00027536,0.54508396,4.03780142,15.41683926,0.077869
0.15,575.0,23.95833,0.00023701,0.53990918,3.99961518,15.46023864,0.07713
0.15,576.0,24.0,0.000204,0.53478535,3.96178457,15.50322608,0.076398
0.15,577.0,24.04167,0.00017558,0.52971172,3.92430706,15.54580563,0.075673
0.15,578.0,24.08333,0.00015112,0.52468759,3.88718001,15.58798128,0.074955
0.15,579.0,24.125,0.00013007,0.51971228,3.8504007,15.62975695,0.074245
0.15,580.0,24.16667,0.00011195,0.51478515,3.81396637,15.67113653,0.073541
0.15,581.0,24.20833,9.636e-05,0.50990559,3.77787421,15.71212384,0.072844
0.15,582.0,24.25,8.294e-05,0.50507304,3.74212135,15.75272267,0.072153
0.15,583.0,24.29167,7.139e-05,0.50028692,3.70670493,15.79293677,0.07147
0.15,584.0,24.33333,6.144e-05,0.49554671,3.67162204,15.83276981,0.070792
0.15,585.0,24.375,5.288e-05,0.49085189,3.63686978,15.87222545,0.070122
0.15,586.0,24.41667,4.552e-05,0.48620195,3.60244522,15.91130731,0.069457
0.15,587.0,24.45833,3.918e-05,0.48159642,3.56834546,15.95001895,0.068799
0.15,588.0,24.5,3.372e-05,0.47703482,3.53456756,15.9883639,0.068148
0.15,589.0,24.54167,2.902e-05,0.47251668,3.50110862,16.02634568,0.067502
0.15,590.0,24.58333,2.498e-05,0.46804156,3.46796574,16.06396772,0.066863
0.15,591.0,24.625,2.15e-05,0.46360902,3.43513602,16.10123346,0.06623
0.15,592.0,24.66667,1.851e-05,0.45921862,3.40261659,16.13814629,0.065603
0.15,593.0,24.70833,1.593e-05,0.45486994,3.37040458,16.17470955,0.064981
0.15,594.0,24.75,1.371e-05,0.45056256,3.33849715,16.21092658,0.064366
0.15,595.0,24.79167,1.18e-05,0.44629608,3.30689146,16.24680065,0.063757
0.15,596.0,24.83333,1.016e-05,0.44207009,3.27558472,16.28233503,0.063153
0.15,597.0,24.875,8.74e-06,0.4378842,3.24457412,16.31753294,0.062555
0.15,598.0,24.91667,7.52e-06,0.43373801,3.21385691,16.35239756,0.061963
0.15,599.0,24.95833,6.48e-06,0.42963113,3.18343032,16.38693207,0.061376
0.15,600.0,25.0,5.57e-06,0.4255632,3.15329165,16.42113958,0.060795
0.15,601.0,25.04167,4.8e-06,0.42153382,3.12343818,16.45502321,0.060219
0.15,602.0,25.08333,4.13e-06,0.41754263,3.09386723,16.48858601,0.059649
0.15,603.0,25.125,3.55e-06,0.41358926,3.06457615,16.52183103,0.059084
0.15,604.0,25.16667,3.06e-06,0.40967335,3.0355623,16.55476129,0.058525
0.15,605.0,25.20833,2.63e-06,0.40579454,3.00682306,16.58737976,0.057971
0.15,606.0,25.25,2.27e-06,0.40195248,2.97835586,16.6196894,0.057422
0.15,607.0,25.29167,1.95e-06,0.39814681,2.95015811,16.65169313,0.056878
0.15,608.0,25.33333,1.68e-06,0.39437719,2.92222729,16.68339385,0.05634
0.15,609.0,25.375,1.44e-06,0.39064327,2.89456086,16.71479443,0.055806
0.15,610.0,25.41667,1.24e-06,0.38694471,2.86715633,16.74589771,0.055278
0.15,611.0,25.45833,1.07e-06,0.38328118,2.84001123,16.77670652,0.054754
0.15,612.0,25.5,9.2e-07,0.37965235,2.8131231,16.80722363,0.054236
0.15,613.0,25.54167,7.9e-07,0.37605788,2.78648952,16.83745181,0.053723
0.15,614.0,25.58333,6.8e-07,0.37249744,2.76010808,16.8673938,0.053214
0.15,615.0,25.625,5.9e-07,0.36897072,2.73397639,16.8970523,0.05271
0.15,616.0,25.66667,5.1e-07,0.3654774,2.70809209,16.92643,0.052211
0.15,617.0,25.70833,4.4e-07,0.36201716,2.68245284,16.95552956,0.051717
0.15,618.0,25.75,3.7e-07,0.35858967,2.65705633,16.98435362,0.051227
0.15,619.0,25.79167,3.2e-07,0.35519465,2.63190025,17.01290478,0.050742
0.15,620.0,25.83333,2.8e-07,0.35183176,2.60698234,17.04118562,0.050262
0.15,621.0,25.875,2.4e-07,0.34850072,2.58230033,17.06919871,0.049786
0.15,622.0,25.91667,2.1e-07,0.34520122,2.557852,17.09694658,0.049314
0.15,623.0,25.95833,1.8e-07,0.34193296,2.53363513,17.12443174,0.048848
0.15,624.0,26.0,1.5e-07,0.33869564,2.50964753,17.15165668,0.048385
0.15,625.0,26.04167,1.3e-07,0.33548897,2.48588704,17.17862386,0.047927
0.15,626.0,26.08333,1.1e-07,0.33231267,2.4623515,17.20533572,0.047473
0.15,627.0,26.125,1e-07,0.32916643,2.43903878,17.23179469,0.047024
0.15,628.0,26.16667,8e-08,0.32604999,2.41594678,17.25800314,0.046579
0.15,629.0,26.20833,7e-08,0.32296305,2.39307341,17.28396347,0.046138
0.15,630.0,26.25,6e-08,0.31990534,2.37041659,17.30967801,0.045701
0.15,631.0,26.29167,5e-08,0.31687658,2.34797427,17.3351491,0.045268
0.15,632.0,26.33333,5e-08,0.31387649,2.32574443,17.36037903,0.044839
0.15,633.0,26.375,4e-08,0.31090481,2.30372506,17.38537009,0.044415
0.15,634.0,26.41667,3e-08,0.30796126,2.28191415,17.41012455,0.043994
0.15,635.0,26.45833,3e-08,0.30504559,2.26030974,17.43464464,0.043578
0.15,636.0,26.5,3e-08,0.30215751,2.23890988,17.45893258,0.043165
0.15,637.0,26.54167,2e-08,0.29929679,2.21771262,17.48299057,0.042757
0.15,638.0,26.58333,2e-08,0.29646314,2.19671605,17.50682079,0.042352
0.15,639.0,26.625,2e-08,0.29365632,2.17591827,17.53042539,0.041951
0.15,640.0,26.66667,1e-08,0.29087608,2.1553174,17.55380651,0.041554
0.15,641.0,26.70833,1e-08,0.28812216,2.13491156,17.57696626,0.04116
0.15,642.0,26.75,1e-08,0.28539432,2.11469892,17.59990675,0.040771
0.15,643.0,26.79167,1e-08,0.2826923,2.09467765,17.62263004,0.040385
0.15,644.0,26.83333,1e-08,0.28001586,2.07484594,17.6451382,0.040002
0.15,645.0,26.875,1e-08,0.27736476,2.05520198,17.66743326,0.039624
0.15,646.0,26.91667,1e-08,0.27473876,2.035744,17.68951723,0.039248
0.15,647.0,26.95833,0.0,0.27213762,2.01647025,17.71139212,0.038877
0.15,648.0,27.0,0.0,0.26956111,1.99737897,17.73305991,0.038509
0.15,649.0,27.04167,0.0,0.267009,1.97846845,17.75452255,0.038144
0.15,650.0,27.08333,0.0,0.26448105,1.95973696,17.77578199,0.037783
0.15,651.0,27.125,0.0,0.26197703,1.94118282,17.79684015,0.037425
0.15,652.0,27.16667,0.0,0.25949671,1.92280434,17.81769895,0.037071
0.15,653.0,27.20833,0.0,0.25703988,1.90459986,17.83836025,0.03672
0.15,654.0,27.25,0.0,0.25460631,1.88656774,17.85882595,0.036372
0.15,655.0,27.29167,0.0,0.25219579,1.86870633,17.87909788,0.036028
0.15,656.0,27.33333,0.0,0.24980808,1.85101404,17.89917788,0.035687
0.15,657.0,27.375,0.0,0.24744298,1.83348925,17.91906778,0.035349
0.15,658.0,27.41667,0.0,0.24510027,1.81613037,17.93876936,0.035014
0.15,659.0,27.45833,0.0,0.24277974,1.79893585,17.95828441,0.034683
0.15,660.0,27.5,0.0,0.24048118,1.78190412,17.9776147,0.034354
0.15,661.0,27.54167,0.0,0.23820439,1.76503364,17.99676198,0.034029
0.15,662.0,27.58333,0.0,0.23594914,1.74832288,18.01572798,0.033707
0.15,663.0,27.625,0.0,0.23371526,1.73177033,18.03451441,0.033388
0.15,664.0,27.66667,0.0,0.23150252,1.7153745,18.05312298,0.033072
0.15,665.0,27.70833,0.0,0.22931073,1.6991339,18.07155537,0.032759
0.15,666.0,27.75,0.0,0.22713969,1.68304706,18.08981325,0.032449
0.15,667.0,27.79167,0.0,0.2249892,1.66711252,18.10789827,0.032141
0.15,668.0,27.83333,0.0,0.22285908,1.65132885,18.12581207,0.031837
0.15,669.0,27.875,0.0,0.22074912,1.63569461,18.14355626,0.031536
0.15,670.0,27.91667,0.0,0.21865914,1.6202084,18.16113246,0.031237
0.15,671.0,27.95833,0.0,0.21658895,1.6048688,18.17854225,0.030941
0.15,672.0,28.0,0.0,0.21453836,1.58967443,18.19578721,0.030648
0.15,673.0,28.04167,0.0,0.21250718,1.57462391,18.21286891,0.030358
0.15,674.0,28.08333,0.0,0.21049523,1.55971589,18.22978888,0.030071
0.15,675.0,28.125,0.0,0.20850233,1.54494901,18.24654865,0.029786
0.15,676.0,28.16667,0.0,0.2065283,1.53032195,18.26314975,0.029504
0.15,677.0,28.20833,0.0,0.20457296,1.51583336,18.27959368,0.029225
0.15,678.0,28.25,0.0,0.20263613,1.50148195,18.29588192,0.028948
0.15,679.0,28.29167,0.0,0.20071764,1.48726641,18.31201595,0.028674
0.15,680.0,28.33333,0.0,0.19881731,1.47318546,18.32799723,0.028402
0.15,681.0,28.375,0.0,0.19693497,1.45923783,18.3438272,0.028134
0.15,682.0,28.41667,0.0,0.19507046,1.44542225,18.3595073,0.027867
0.15,683.0,28.45833,0.0,0.19322359,1.43173746,18.37503894,0.027603
0.15,684.0,28.5,0.0,0.19139422,1.41818225,18.39042354,0.027342
0.15,685.0,28.54167,0.0,0.18958216,1.40475536,18.40566248,0.027083
0.15,686.0,28.58333,0.0,0.18778726,1.3914556,18.42075714,0.026827
0.15,687.0,28.625,0.0,0.18600935,1.37828176,18.43570889,0.026573
0.15,688.0,28.66667,0.0,0.18424827,1.36523264,18.45051909,0.026321
0.15,689.0,28.70833,0.0,0.18250387,1.35230707,18.46518906,0.026072
0.15,690.0,28.75,0.0,0.18077599,1.33950387,18.47972015,0.025825
0.15,691.0,28.79167,0.0,0.17906446,1.32682189,18.49411366,0.025581
0.15,692.0,28.83333,0.0,0.17736913,1.31425997,18.50837089,0.025338
0.15,693.0,28.875,0.0,0.17568986,1.30181699,18.52249314,0.025099
0.15,694.0,28.91667,0.0,0.17402649,1.28949182,18.53648169,0.024861
0.15,695.0,28.95833,0.0,0.17237886,1.27728333,18.5503378,0.024626
0.15,696.0,29.0,0.0,0.17074684,1.26519044,18.56406273,0.024392
0.15,697.0,29.04167,0.0,0.16913026,1.25321203,18.57765771,0.024161
0.15,698.0,29.08333,0.0,0.16752899,1.24134703,18.59112398,0.023933
0.15,699.0,29.125,0.0,0.16594288,1.22959437,18.60446275,0.023706
0.15,700.0,29.16667,0.0,0.16437179,1.21795297,18.61767524,0.023482
0.15,701.0,29.20833,0.0,0.16281557,1.20642179,18.63076263,0.023259
0.15,702.0,29.25,0.0,0.16127409,1.19499979,18.64372612,0.023039
0.15,703.0,29.29167,0.0,0.1597472,1.18368592,18.65656688,0.022821
0.15,704.0,29.33333,0.0,0.15823476,1.17247918,18.66928606,0.022605
0.15,705.0,29.375,0.0,0.15673665,1.16137853,18.68188482,0.022391
0.15,706.0,29.41667,0.0,0.15525272,1.15038298,18.6943643,0.022179
0.15,707.0,29.45833,0.0,0.15378284,1.13949153,18.70672563,0.021969
0.15,708.0,29.5,0.0,0.15232687,1.1287032,18.71896993,0.021761
0.15,709.0,29.54167,0.0,0.15088469,1.11801701,18.7310983,0.021555
0.15,710.0,29.58333,0.0,0.14945616,1.10743199,18.74311184,0.021351
0.15,711.0,29.625,0.0,0.14804116,1.09694719,18.75501165,0.021149
0.15,712.0,29.66667,0.0,0.14663956,1.08656166,18.76679879,0.020949
0.15,713.0,29.70833,0.0,0.14525122,1.07627445,18.77847433,0.02075
0.15,714.0,29.75,0.0,0.14387603,1.06608464,18.79003933,0.020554
0.15,715.0,29.79167,0.0,0.14251386,1.0559913,18.80149484,0.020359
0.15,716.0,29.83333,0.0,0.14116459,1.04599352,18.81284189,0.020166
0.15,717.0,29.875,0.0,0.13982809,1.0360904,18.82408152,0.019975
0.15,718.0,29.91667,0.0,0.13850424,1.02628104,18.83521472,0.019786
0.15,719.0,29.95833,0.0,0.13719293,1.01656454,18.84624253,0.019599
0.15,720.0,30.0,0.0,0.13589403,1.00694005,18.85716592,0.019413
0.15,721.0,30.04167,0.0,0.13460743,0.99740667,18.8679859,0.01923
0.15,722.0,30.08333,0.0,0.13333301,0.98796355,18.87870344,0.019048
0.15,723.0,30.125,0.0,0.13207066,0.97860984,18.8893195,0.018867
0.15,724.0,30.16667,0.0,0.13082026,0.96934468,18.89983506,0.018689
0.15,725.0,30.20833,0.0,0.12958169,0.96016724,18.91025106,0.018512
0.15,726.0,30.25,0.0,0.12835486,0.9510767,18.92056845,0.018336
0.15,727.0,30.29167,0.0,0.12713964,0.94207222,18.93078815,0.018163
0.15,728.0,30.33333,0.0,0.12593592,0.93315299,18.94091109,0.017991
0.15,729.0,30.375,0.0,0.1247436,0.9243182,18.9509382,0.017821
0.15,730.0,30.41667,0.0,0.12356257,0.91556706,18.96087037,0.017652
0.15,731.0,30.45833,0.0,0.12239272,0.90689877,18.97070851,0.017485
0.15,732.0,30.5,0.0,0.12123394,0.89831255,18.9804535,0.017319
0.15,733.0,30.54167,0.0,0.12008614,0.88980763,18.99010623,0.017155
0.15,734.0,30.58333,0.0,0.11894921,0.88138322,18.99966757,0.016993
0.15,735.0,30.625,0.0,0.11782303,0.87303857,19.00913839,0.016832
0.15,736.0,30.66667,0.0,0.11670752,0.86477293,19.01851954,0.016673
0.15,737.0,30.70833,0.0,0.11560258,0.85658555,19.02781188,0.016515
0.15,738.0,30.75,0.0,0.11450809,0.84847568,19.03701623,0.016358
0.15,739.0,30.79167,0.0,0.11342396,0.84044259,19.04613345,0.016203
0.15,740.0,30.83333,0.0,0.1123501,0.83248556,19.05516434,0.01605
0.15,741.0,30.875,0.0,0.11128641,0.82460386,19.06410974,0.015898
0.15,742.0,30.91667,0.0,0.11023279,0.81679678,19.07297044,0.015748
0.15,743.0,30.95833,0.0,0.10918914,0.80906362,19.08174725,0.015598
0.15,744.0,31.0,0.0,0.10815537,0.80140367,19.09044096,0.015451
0.15,745.0,31.04167,0.0,0.10713139,0.79381624,19.09905237,0.015304
0.15,746.0,31.08333,0.0,0.10611711,0.78630065,19.10758224,0.01516
0.15,747.0,31.125,0.0,0.10511242,0.77885621,19.11603136,0.015016
0.15,748.0,31.16667,0.0,0.10411726,0.77148226,19.12440048,0.014874
0.15,749.0,31.20833,0.0,0.10313151,0.76417812,19.13269037,0.014733
0.15,750.0,31.25,0.0,0.10215509,0.75694313,19.14090177,0.014594
0.15,751.0,31.29167,0.0,0.10118792,0.74977665,19.14903543,0.014455
0.15,752.0,31.33333,0.0,0.10022991,0.74267801,19.15709209,0.014319
0.15,753.0,31.375,0.0,0.09928096,0.73564658,19.16507246,0.014183
0.15,754.0,31.41667,0.0,0.098341,0.72868172,19.17297728,0.014049
0.15,755.0,31.45833,0.0,0.09740994,0.7217828,19.18080726,0.013916
0.15,756.0,31.5,0.0,0.0964877,0.7149492,19.18856311,0.013784
0.15,757.0,31.54167,0.0,0.09557418,0.70818029,19.19624552,0.013653
0.15,758.0,31.58333,0.0,0.09466932,0.70147547,19.20385521,0.013524
0.15,759.0,31.625,0.0,0.09377302,0.69483414,19.21139284,0.013396
0.15,760.0,31.66667,0.0,0.09288521,0.68825567,19.21885912,0.013269
0.15,761.0,31.70833,0.0,0.0920058,0.6817395,19.2262547,0.013144
0.15,762.0,31.75,0.0,0.09113472,0.67528501,19.23358027,0.013019
0.15,763.0,31.79167,0.0,0.09027189,0.66889163,19.24083648,0.012896
0.15,764.0,31.83333,0.0,0.08941722,0.66255879,19.24802399,0.012774
0.15,765.0,31.875,0.0,0.08857065,0.6562859,19.25514345,0.012653
0.15,766.0,31.91667,0.0,0.08773209,0.6500724,19.2621955,0.012533
0.15,767.0,31.95833,0.0,0.08690148,0.64391773,19.26918079,0.012414
0.15,768.0,32.0,0.0,0.08607872,0.63782133,19.27609995,0.012297
0.15,769.0,32.04167,0.0,0.08526376,0.63178265,19.2829536,0.012181
0.15,770.0,32.08333,0.0,0.08445651,0.62580114,19.28974236,0.012065
0.15,771.0,32.125,0.0,0.0836569,0.61987626,19.29646684,0.011951
0.15,772.0,32.16667,0.0,0.08286486,0.61400747,19.30312766,0.011838
0.15,773.0,32.20833,0.0,0.08208033,0.60819425,19.30972542,0.011726
0.15,774.0,32.25,0.0,0.08130322,0.60243607,19.31626071,0.011615
0.15,775.0,32.29167,0.0,0.08053347,0.5967324,19.32273413,0.011505
0.15,776.0,32.33333,0.0,0.079771,0.59108274,19.32914626,0.011396
0.15,777.0,32.375,0.0,0.07901576,0.58548656,19.33549768,0.011288
0.15,778.0,32.41667,0.0,0.07826766,0.57994337,19.34178897,0.011181
0.15,779.0,32.45833,0.0,0.07752665,0.57445265,19.3480207,0.011075
0.15,780.0,32.5,0.0,0.07679265,0.56901392,19.35419342,0.01097
0.15,781.0,32.54167,0.0,0.0760656,0.56362669,19.36030771,0.010867
0.15,782.0,32.58333,0.0,0.07534544,0.55829046,19.3663641,0.010764
0.15,783.0,32.625,0.0,0.07463209,0.55300475,19.37236316,0.010662
0.15,784.0,32.66667,0.0,0.0739255,0.54776908,19.37830542,0.010561
0.15,785.0,32.70833,0.0,0.0732256,0.54258298,19.38419142,0.010461
0.15,786.0,32.75,0.0,0.07253232,0.53744598,19.39002169,0.010362
0.15,787.0,32.79167,0.0,0.07184561,0.53235762,19.39579677,0.010264
0.15,788.0,32.83333,0.0,0.0711654,0.52731744,19.40151716,0.010166
0.15,789.0,32.875,0.0,0.07049163,0.52232497,19.4071834,0.01007
0.15,790.0,32.91667,0.0,0.06982424,0.51737977,19.41279599,0.009975
0.15,791.0,32.95833,0.0,0.06916317,0.51248139,19.41835545,0.00988
0.15,792.0,33.0,0.0,0.06850835,0.50762938,19.42386227,0.009787
0.15,793.0,33.04167,0.0,0.06785974,0.50282331,19.42931695,0.009694
0.15,794.0,33.08333,0.0,0.06721726,0.49806275,19.43471999,0.009602
0.15,795.0,33.125,0.0,0.06658087,0.49334725,19.44007187,0.009512
0.15,796.0,33.16667,0.0,0.06595051,0.4886764,19.44537309,0.009422
0.15,797.0,33.20833,0.0,0.06532611,0.48404978,19.45062411,0.009332
0.15,798.0,33.25,0.0,0.06470762,0.47946695,19.45582542,0.009244
0.15,799.0,33.29167,0.0,0.06409499,0.47492752,19.46097749,0.009156
0.15,800.0,33.33333,0.0,0.06348816,0.47043106,19.46608078,0.00907
0.15,801.0,33.375,0.0,0.06288708,0.46597717,19.47113575,0.008984
0.15,802.0,33.41667,0.0,0.06229168,0.46156546,19.47614286,0.008899
0.15,803.0,33.45833,0.0,0.06170193,0.45719551,19.48110257,0.008815
0.15,804.0,33.5,0.0,0.06111775,0.45286693,19.48601532,0.008731
0.15,805.0,33.54167,0.0,0.06053911,0.44857933,19.49088156,0.008648
0.15,806.0,33.58333,0.0,0.05996595,0.44433233,19.49570172,0.008567
0.15,807.0,33.625,0.0,0.05939821,0.44012554,19.50047625,0.008485
0.15,808.0,33.66667,0.0,0.05883584,0.43595858,19.50520558,0.008405
0.15,809.0,33.70833,0.0,0.05827881,0.43183106,19.50989013,0.008326
0.15,810.0,33.75,0.0,0.05772704,0.42774263,19.51453033,0.008247
0.15,811.0,33.79167,0.0,0.0571805,0.4236929,19.5191266,0.008169
0.15,812.0,33.83333,0.0,0.05663913,0.41968152,19.52367935,0.008091
0.15,813.0,33.875,0.0,0.05610289,0.41570811,19.52818899,0.008015
0.15,814.0,33.91667,0.0,0.05557173,0.41177232,19.53265595,0.007939
0.15,815.0,33.95833,0.0,0.0550456,0.4078738,19.5370806,0.007864
0.15,816.0,34.0,0.0,0.05452444,0.40401218,19.54146337,0.007789
0.15,817.0,34.04167,0.0,0.05400822,0.40018713,19.54580465,0.007715
0.15,818.0,34.08333,0.0,0.05349689,0.39639829,19.55010482,0.007642
0.15,819.0,34.125,0.0,0.0529904,0.39264532,19.55436428,0.00757
0.15,820.0,34.16667,0.0,0.0524887,0.38892789,19.55858341,0.007498
0.15,821.0,34.20833,0.0,0.05199176,0.38524564,19.5627626,0.007427
0.15,822.0,34.25,0.0,0.05149952,0.38159827,19.56690222,0.007357
0.15,823.0,34.29167,0.0,0.05101194,0.37798542,19.57100265,0.007287
0.15,824.0,34.33333,0.0,0.05052897,0.37440678,19.57506425,0.007218
0.15,825.0,34.375,0.0,0.05005058,0.37086202,19.5790874,0.00715
0.15,826.0,34.41667,0.0,0.04957672,0.36735082,19.58307246,0.007082
0.15,827.0,34.45833,0.0,0.04910734,0.36387286,19.5870198,0.007015
0.15,828.0,34.5,0.0,0.04864241,0.36042783,19.59092976,0.006949
0.15,829.0,34.54167,0.0,0.04818188,0.35701542,19.5948027,0.006883
0.15,830.0,34.58333,0.0,0.04772571,0.35363532,19.59863897,0.006818
0.15,831.0,34.625,0.0,0.04727386,0.35028721,19.60243893,0.006753
0.15,832.0,34.66667,0.0,0.04682629,0.34697081,19.60620291,0.006689
0.15,833.0,34.70833,0.0,0.04638295,0.3436858,19.60993125,0.006626
0.15,834.0,34.75,0.0,0.04594381,0.3404319,19.61362429,0.006563
0.15,835.0,34.79167,0.0,0.04550883,0.3372088,19.61728237,0.006501
0.15,836.0,34.83333,0.0,0.04507797,0.33401622,19.62090581,0.00644
0.15,837.0,34.875,0.0,0.04465118,0.33085386,19.62449495,0.006379
0.15,838.0,34.91667,0.0,0.04422844,0.32772145,19.62805011,0.006318
0.15,839.0,34.95833,0.0,0.0438097,0.32461869,19.63157161,0.006259
0.15,840.0,35.0,0.0,0.04339492,0.32154531,19.63505977,0.006199
0.15,841.0,35.04167,0.0,0.04298408,0.31850102,19.6385149,0.006141
0.15,842.0,35.08333,0.0,0.04257712,0.31548556,19.64193732,0.006082
0.15,843.0,35.125,0.0,0.04217401,0.31249865,19.64532734,0.006025
0.15,844.0,35.16667,0.0,0.04177472,0.30954001,19.64868527,0.005968
0.15,845.0,35.20833,0.0,0.04137921,0.30660939,19.6520114,0.005911
0.15,846.0,35.25,0.0,0.04098745,0.30370651,19.65530604,0.005855
0.15,847.0,35.29167,0.0,0.04059939,0.30083112,19.65856949,0.0058
0.15,848.0,35.33333,0.0,0.04021501,0.29798295,19.66180204,0.005745
0.15,849.0,35.375,0.0,0.03983427,0.29516174,19.66500399,0.005691
0.15,850.0,35.41667,0.0,0.03945713,0.29236725,19.66817562,0.005637
0.15,851.0,35.45833,0.0,0.03908356,0.28959921,19.67131722,0.005583
0.15,852.0,35.5,0.0,0.03871353,0.28685738,19.67442908,0.005531
0.15,853.0,35.54167,0.0,0.03834701,0.28414151,19.67751148,0.005478
0.15,854.0,35.58333,0.0,0.03798395,0.28145135,19.6805647,0.005426
0.15,855.0,35.625,0.0,0.03762433,0.27878666,19.68358901,0.005375
0.15,856.0,35.66667,0.0,0.03726811,0.2761472,19.68658468,0.005324
0.15,857.0,35.70833,0.0,0.03691527,0.27353273,19.68955199,0.005274
0.15,858.0,35.75,0.0,0.03656577,0.27094302,19.69249121,0.005224
0.15,859.0,35.79167,0.0,0.03621958,0.26837782,19.69540261,0.005174
0.15,860.0,35.83333,0.0,0.03587666,0.2658369,19.69828643,0.005125
0.15,861.0,35.875,0.0,0.03553699,0.26332005,19.70114296,0.005077
0.15,862.0,35.91667,0.0,0.03520054,0.26082702,19.70397244,0.005029
0.15,863.0,35.95833,0.0,0.03486727,0.2583576,19.70677513,0.004981
0.15,864.0,36.0,0.0,0.03453716,0.25591155,19.70955129,0.004934
0.15,865.0,36.04167,0.0,0.03421018,0.25348866,19.71230116,0.004887
0.15,866.0,36.08333,0.0,0.03388629,0.25108872,19.715025,0.004841
0.15,867.0,36.125,0.0,0.03356546,0.24871149,19.71772305,0.004795
0.15,868.0,36.16667,0.0,0.03324767,0.24635677,19.72039555,0.00475
0.15,869.0,36.20833,0.0,0.0329329,0.24402435,19.72304276,0.004705
0.15,870.0,36.25,0.0,0.0326211,0.24171401,19.7256649,0.00466
0.15,871.0,36.29167,0.0,0.03231225,0.23942554,19.72826221,0.004616
0.15,872.0,36.33333,0.0,0.03200633,0.23715874,19.73083493,0.004572
0.15,873.0,36.375,0.0,0.03170331,0.23491339,19.7333833,0.004529
0.15,874.0,36.41667,0.0,0.03140315,0.23268931,19.73590754,0.004486
0.15,875.0,36.45833,0.0,0.03110583,0.23048629,19.73840788,0.004444
0.15,876.0,36.5,0.0,0.03081133,0.22830412,19.74088455,0.004402
0.15,877.0,36.54167,0.0,0.03051962,0.22614261,19.74333777,0.00436
0.15,878.0,36.58333,0.0,0.03023067,0.22400157,19.74576776,0.004319
0.15,879.0,36.625,0.0,0.02994446,0.22188079,19.74817475,0.004278
0.15,880.0,36.66667,0.0,0.02966095,0.2197801,19.75055895,0.004237
0.15,881.0,36.70833,0.0,0.02938013,0.21769929,19.75292057,0.004197
0.15,882.0,36.75,0.0,0.02910197,0.21563819,19.75525984,0.004157
0.15,883.0,36.79167,0.0,0.02882645,0.2135966,19.75757696,0.004118
0.15,884.0,36.83333,0.0,0.02855353,0.21157433,19.75987214,0.004079
0.15,885.0,36.875,0.0,0.02828319,0.20957122,19.76214559,0.00404
0.15,886.0,36.91667,0.0,0.02801541,0.20758707,19.76439752,0.004002
0.15,887.0,36.95833,0.0,0.02775017,0.2056217,19.76662813,0.003964
0.15,888.0,37.0,0.0,0.02748744,0.20367494,19.76883761,0.003927
0.15,889.0,37.04167,0.0,0.0272272,0.20174661,19.77102618,0.00389
0.15,890.0,37.08333,0.0,0.02696942,0.19983654,19.77319403,0.003853
0.15,891.0,37.125,0.0,0.02671409,0.19794456,19.77534136,0.003816
0.15,892.0,37.16667,0.0,0.02646117,0.19607048,19.77746835,0.00378
0.15,893.0,37.20833,0.0,0.02621064,0.19421415,19.77957521,0.003744
0.15,894.0,37.25,0.0,0.02596249,0.1923754,19.78166212,0.003709
0.15,895.0,37.29167,0.0,0.02571668,0.19055405,19.78372927,0.003674
0.15,896.0,37.33333,0.0,0.02547321,0.18874995,19.78577685,0.003639
0.15,897.0,37.375,0.0,0.02523203,0.18696292,19.78780504,0.003605
0.15,898.0,37.41667,0.0,0.02499315,0.18519282,19.78981403,0.00357
0.15,899.0,37.45833,0.0,0.02475652,0.18343948,19.791804,0.003537
0.15,900.0,37.5,0.0,0.02452213,0.18170273,19.79377514,0.003503
0.15,901.0,37.54167,0.0,0.02428996,0.17998243,19.79572761,0.00347
0.15,902.0,37.58333,0.0,0.02406,0.17827842,19.79766159,0.003437
0.15,903.0,37.625,0.0,0.0238322,0.17659053,19.79957726,0.003405
0.15,904.0,37.66667,0.0,0.02360657,0.17491863,19.8014748,0.003372
0.15,905.0,37.70833,0.0,0.02338307,0.17326256,19.80335437,0.00334
0.15,906.0,37.75,0.0,0.02316169,0.17162217,19.80521615,0.003309
0.15,907.0,37.79167,0.0,0.0229424,0.16999731,19.8070603,0.003277
0.15,908.0,37.83333,0.0,0.02272519,0.16838783,19.80888699,0.003246
0.15,909.0,37.875,0.0,0.02251003,0.16679359,19.81069638,0.003216
0.15,910.0,37.91667,0.0,0.02229691,0.16521444,19.81248864,0.003185
0.15,911.0,37.95833,0.0,0.02208581,0.16365024,19.81426394,0.003155
0.15,912.0,38.0,0.0,0.02187671,0.16210086,19.81602243,0.003125
0.15,913.0,38.04167,0.0,0.02166959,0.16056614,19.81776427,0.003096
0.15,914.0,38.08333,0.0,0.02146443,0.15904595,19.81948962,0.003066
0.15,915.0,38.125,0.0,0.02126121,0.15754016,19.82119863,0.003037
0.15,916.0,38.16667,0.0,0.02105992,0.15604862,19.82289146,0.003009
0.15,917.0,38.20833,0.0,0.02086053,0.1545712,19.82456827,0.00298
0.15,918.0,38.25,0.0,0.02066303,0.15310777,19.8262292,0.002952
0.15,919.0,38.29167,0.0,0.0204674,0.1516582,19.8278744,0.002924
0.15,920.0,38.33333,0.0,0.02027362,0.15022235,19.82950403,0.002896
0.15,921.0,38.375,0.0,0.02008168,0.14880009,19.83111823,0.002869
0.15,922.0,38.41667,0.0,0.01989155,0.1473913,19.83271715,0.002842
0.15,923.0,38.45833,0.0,0.01970322,0.14599585,19.83430093,0.002815
0.15,924.0,38.5,0.0,0.01951668,0.14461361,19.83586971,0.002788
0.15,925.0,38.54167,0.0,0.0193319,0.14324446,19.83742364,0.002762
0.15,926.0,38.58333,0.0,0.01914887,0.14188827,19.83896286,0.002736
0.15,927.0,38.625,0.0,0.01896758,0.14054491,19.84048751,0.00271
0.15,928.0,38.66667,0.0,0.018788,0.13921428,19.84199772,0.002684
0.15,929.0,38.70833,0.0,0.01861012,0.13789625,19.84349363,0.002659
0.15,930.0,38.75,0.0,0.01843393,0.13659069,19.84497538,0.002633
0.15,931.0,38.79167,0.0,0.0182594,0.13529749,19.84644311,0.002608
0.15,932.0,38.83333,0.0,0.01808653,0.13401654,19.84789693,0.002584
0.15,933.0,38.875,0.0,0.01791529,0.13274772,19.84933699,0.002559
0.15,934.0,38.91667,0.0,0.01774567,0.13149091,19.85076342,0.002535
0.15,935.0,38.95833,0.0,0.01757766,0.13024599,19.85217634,0.002511
0.15,936.0,39.0,0.0,0.01741124,0.12901287,19.85357589,0.002487
0.15,937.0,39.04167,0.0,0.0172464,0.12779142,19.85496218,0.002464
0.15,938.0,39.08333,0.0,0.01708312,0.12658153,19.85633535,0.00244
0.15,939.0,39.125,0.0,0.01692138,0.1253831,19.85769552,0.002417
0.15,940.0,39.16667,0.0,0.01676117,0.12419601,19.85904282,0.002394
0.15,941.0,39.20833,0.0,0.01660248,0.12302016,19.86037735,0.002372
0.15,942.0,39.25,0.0,0.0164453,0.12185545,19.86169925,0.002349
0.15,943.0,39.29167,0.0,0.0162896,0.12070176,19.86300864,0.002327
0.15,944.0,39.33333,0.0,0.01613537,0.119559,19.86430563,0.002305
0.15,945.0,39.375,0.0,0.01598261,0.11842705,19.86559034,0.002283
0.15,946.0,39.41667,0.0,0.01583129,0.11730582,19.86686289,0.002262
0.15,947.0,39.45833,0.0,0.01568141,0.11619521,19.86812338,0.00224
0.15,948.0,39.5,0.0,0.01553294,0.11509511,19.86937195,0.002219
0.15,949.0,39.54167,0.0,0.01538588,0.11400543,19.87060869,0.002198
0.15,950.0,39.58333,0.0,0.01524021,0.11292606,19.87183373,0.002177
0.15,951.0,39.625,0.0,0.01509592,0.11185692,19.87304716,0.002157
0.15,952.0,39.66667,0.0,0.014953,0.11079789,19.87424911,0.002136
0.15,953.0,39.70833,0.0,0.01481143,0.10974889,19.87543968,0.002116
0.15,954.0,39.75,0.0,0.0146712,0.10870983,19.87661897,0.002096
0.15,955.0,39.79167,0.0,0.0145323,0.1076806,19.8777871,0.002076
0.15,956.0,39.83333,0.0,0.01439471,0.10666112,19.87894418,0.002056
0.15,957.0,39.875,0.0,0.01425842,0.10565128,19.88009029,0.002037
0.15,958.0,39.91667,0.0,0.01412343,0.10465101,19.88122556,0.002018
0.15,959.0,39.95833,0.0,0.01398971,0.10366021,19.88235008,0.001999
0.15,960.0,40.0,0.0,0.01385726,0.10267879,19.88346395,0.00198
0.15,961.0,40.04167,0.0,0.01372607,0.10170666,19.88456727,0.001961
0.15,962.0,40.08333,0.0,0.01359611,0.10074374,19.88566015,0.001942
0.15,963.0,40.125,0.0,0.01346739,0.09978993,19.88674268,0.001924
0.15,964.0,40.16667,0.0,0.01333989,0.09884515,19.88781497,0.001906
0.15,965.0,40.20833,0.0,0.01321359,0.09790932,19.8888771,0.001888
0.15,966.0,40.25,0.0,0.01308849,0.09698234,19.88992917,0.00187
0.15,967.0,40.29167,0.0,0.01296457,0.09606415,19.89097129,0.001852
0.15,968.0,40.33333,0.0,0.01284182,0.09515464,19.89200353,0.001835
0.15,969.0,40.375,0.0,0.01272024,0.09425375,19.89302601,0.001817
0.15,970.0,40.41667,0.0,0.01259981,0.09336139,19.8940388,0.0018
0.15,971.0,40.45833,0.0,0.01248052,0.09247747,19.89504201,0.001783
0.15,972.0,40.5,0.0,0.01236236,0.09160192,19.89603572,0.001766
0.15,973.0,40.54167,0.0,0.01224532,0.09073467,19.89702002,0.001749
0.15,974.0,40.58333,0.0,0.01212938,0.08987562,19.897995,0.001733
0.15,975.0,40.625,0.0,0.01201454,0.08902471,19.89896075,0.001716
0.15,976.0,40.66667,0.0,0.0119008,0.08818185,19.89991735,0.0017
0.15,977.0,40.70833,0.0,0.01178812,0.08734697,19.9008649,0.001684
0.15,978.0,40.75,0.0,0.01167652,0.08652,19.90180348,0.001668
0.15,979.0,40.79167,0.0,0.01156597,0.08570086,19.90273317,0.001652
0.15,980.0,40.83333,0.0,0.01145646,0.08488947,19.90365406,0.001637
0.15,981.0,40.875,0.0,0.011348,0.08408577,19.90456624,0.001621
0.15,982.0,40.91667,0.0,0.01124056,0.08328967,19.90546977,0.001606
0.15,983.0,40.95833,0.0,0.01113414,0.08250111,19.90636475,0.001591
0.15,984.0,41.0,0.0,0.01102872,0.08172002,19.90725126,0.001576
0.15,985.0,41.04167,0.0,0.01092431,0.08094632,19.90812937,0.001561
0.15,986.0,41.08333,0.0,0.01082088,0.08017995,19.90899918,0.001546
0.15,987.0,41.125,0.0,0.01071843,0.07942083,19.90986074,0.001531
0.15,988.0,41.16667,0.0,0.01061695,0.0786689,19.91071415,0.001517
0.15,989.0,41.20833,0.0,0.01051643,0.07792409,19.91155948,0.001502
0.15,990.0,41.25,0.0,0.01041687,0.07718633,19.9123968,0.001488
0.15,991.0,41.29167,0.0,0.01031824,0.07645555,19.9132262,0.001474
0.15,992.0,41.33333,0.0,0.01022055,0.0757317,19.91404775,0.00146
0.15,993.0,41.375,0.0,0.01012379,0.07501469,19.91486152,0.001446
0.15,994.0,41.41667,0.0,0.01002794,0.07430448,19.91566758,0.001433
0.15,995.0,41.45833,0.0,0.009933,0.07360099,19.91646601,0.001419
0.15,996.0,41.5,0.0,0.00983896,0.07290416,19.91725688,0.001406
0.15,997.0,41.54167,0.0,0.00974581,0.07221393,19.91804027,0.001392
0.15,998.0,41.58333,0.0,0.00965354,0.07153023,19.91881624,0.001379
0.15,999.0,41.625,0.0,0.00956214,0.070853,19.91958486,0.001366
0.15,1000.0,41.66667,0.0,0.00947161,0.07018219,19.9203462,0.001353
0.15,1001.0,41.70833,0.0,0.00938193,0.06951773,19.92110034,0.00134
0.15,1002.0,41.75,0.0,0.00929311,0.06885956,19.92184733,0.001328
0.15,1003.0,41.79167,0.0,0.00920512,0.06820762,19.92258726,0.001315
0.15,1004.0,41.83333,0.0,0.00911797,0.06756185,19.92332017,0.001303
0.15,1005.0,41.875,0.0,0.00903165,0.0669222,19.92404615,0.00129
0.15,1006.0,41.91667,0.0,0.00894614,0.0662886,19.92476526,0.001278
0.15,1007.0,41.95833,0.0,0.00886144,0.065661,19.92547756,0.001266
0.15,1008.0,42.0,0.0,0.00877754,0.06503935,19.92618311,0.001254
0.15,1009.0,42.04167,0.0,0.00869444,0.06442357,19.92688199,0.001242
0.15,1010.0,42.08333,0.0,0.00861212,0.06381363,19.92757424,0.00123
0.15,1011.0,42.125,0.0,0.00853059,0.06320947,19.92825995,0.001219
0.15,1012.0,42.16667,0.0,0.00844982,0.06261102,19.92893916,0.001207
0.15,1013.0,42.20833,0.0,0.00836982,0.06201824,19.92961194,0.001196
0.15,1014.0,42.25,0.0,0.00829058,0.06143107,19.93027835,0.001184
0.15,1015.0,42.29167,0.0,0.00821209,0.06084946,19.93093845,0.001173
0.15,1016.0,42.33333,0.0,0.00813434,0.06027336,19.9315923,0.001162
0.15,1017.0,42.375,0.0,0.00805732,0.05970271,19.93223996,0.001151
0.15,1018.0,42.41667,0.0,0.00798104,0.05913747,19.93288149,0.00114
0.15,1019.0,42.45833,0.0,0.00790548,0.05857757,19.93351695,0.001129
0.15,1020.0,42.5,0.0,0.00783063,0.05802298,19.93414639,0.001119
0.15,1021.0,42.54167,0.0,0.00775649,0.05747364,19.93476987,0.001108
0.15,1022.0,42.58333,0.0,0.00768306,0.05692949,19.93538745,0.001098
0.15,1023.0,42.625,0.0,0.00761032,0.05639051,19.93599918,0.001087
0.15,1024.0,42.66667,0.0,0.00753827,0.05585662,19.93660512,0.001077
0.15,1025.0,42.70833,0.0,0.0074669,0.05532779,19.93720532,0.001067
0.15,1026.0,42.75,0.0,0.0073962,0.05480396,19.93779984,0.001057
0.15,1027.0,42.79167,0.0,0.00732618,0.0542851,19.93838873,0.001047
0.15,1028.0,42.83333,0.0,0.00725681,0.05377114,19.93897204,0.001037
0.15,1029.0,42.875,0.0,0.00718811,0.05326205,19.93954984,0.001027
0.15,1030.0,42.91667,0.0,0.00712005,0.05275779,19.94012216,0.001017
0.15,1031.0,42.95833,0.0,0.00705264,0.05225829,19.94068906,0.001008
0.15,1032.0,43.0,0.0,0.00698587,0.05176353,19.9412506,0.000998
0.15,1033.0,43.04167,0.0,0.00691973,0.05127345,19.94180682,0.000989
0.15,1034.0,43.08333,0.0,0.00685422,0.05078801,19.94235777,0.000979
0.15,1035.0,43.125,0.0,0.00678933,0.05030716,19.94290351,0.00097
0.15,1036.0,43.16667,0.0,0.00672505,0.04983087,19.94344408,0.000961
0.15,1037.0,43.20833,0.0,0.00666138,0.04935909,19.94397953,0.000952
0.15,1038.0,43.25,0.0,0.00659831,0.04889178,19.94450992,0.000943
0.15,1039.0,43.29167,0.0,0.00653584,0.04842888,19.94503528,0.000934
0.15,1040.0,43.33333,0.0,0.00647396,0.04797038,19.94555567,0.000925
0.15,1041.0,43.375,0.0,0.00641266,0.04751621,19.94607113,0.000916
0.15,1042.0,43.41667,0.0,0.00635195,0.04706634,19.94658171,0.000907
0.15,1043.0,43.45833,0.0,0.00629181,0.04662073,19.94708746,0.000899
0.15,1044.0,43.5,0.0,0.00623224,0.04617934,19.94758841,0.00089
0.15,1045.0,43.54167,0.0,0.00617324,0.04574213,19.94808463,0.000882
0.15,1046.0,43.58333,0.0,0.00611479,0.04530906,19.94857615,0.000874
0.15,1047.0,43.625,0.0,0.0060569,0.04488009,19.94906301,0.000865
0.15,1048.0,43.66667,0.0,0.00599956,0.04445518,19.94954527,0.000857
0.15,1049.0,43.70833,0.0,0.00594275,0.04403429,19.95002295,0.000849
0.15,1050.0,43.75,0.0,0.00588649,0.04361739,19.95049612,0.000841
0.15,1051.0,43.79167,0.0,0.00583076,0.04320443,19.95096481,0.000833
0.15,1052.0,43.83333,0.0,0.00577556,0.04279539,19.95142906,0.000825
0.15,1053.0,43.875,0.0,0.00572087,0.04239022,19.95188891,0.000817
0.15,1054.0,43.91667,0.0,0.00566671,0.04198888,19.95234441,0.00081
0.15,1055.0,43.95833,0.0,0.00561306,0.04159134,19.9527956,0.000802
0.15,1056.0,44.0,0.0,0.00555992,0.04119757,19.95324251,0.000794
0.15,1057.0,44.04167,0.0,0.00550728,0.04080752,19.9536852,0.000787
0.15,1058.0,44.08333,0.0,0.00545514,0.04042117,19.95412369,0.000779
0.15,1059.0,44.125,0.0,0.00540349,0.04003848,19.95455803,0.000772
0.15,1060.0,44.16667,0.0,0.00535233,0.03965941,19.95498826,0.000765
0.15,1061.0,44.20833,0.0,0.00530166,0.03928392,19.95541442,0.000757
0.15,1062.0,44.25,0.0,0.00525146,0.038912,19.95583654,0.00075
0.15,1063.0,44.29167,0.0,0.00520174,0.03854359,19.95625467,0.000743
0.15,1064.0,44.33333,0.0,0.0051525,0.03817867,19.95666883,0.000736
0.15,1065.0,44.375,0.0,0.00510371,0.03781721,19.95707908,0.000729
0.15,1066.0,44.41667,0.0,0.00505539,0.03745917,19.95748544,0.000722
0.15,1067.0,44.45833,0.0,0.00500753,0.03710452,19.95788795,0.000715
0.15,1068.0,44.5,0.0,0.00496012,0.03675322,19.95828666,0.000709
0.15,1069.0,44.54167,0.0,0.00491316,0.03640526,19.95868158,0.000702
0.15,1070.0,44.58333,0.0,0.00486664,0.03606058,19.95907277,0.000695
0.15,1071.0,44.625,0.0,0.00482057,0.03571917,19.95946026,0.000689
0.15,1072.0,44.66667,0.0,0.00477493,0.035381,19.95984408,0.000682
0.15,1073.0,44.70833,0.0,0.00472972,0.03504602,19.96022426,0.000676
0.15,1074.0,44.75,0.0,0.00468494,0.03471422,19.96060084,0.000669
0.15,1075.0,44.79167,0.0,0.00464059,0.03438555,19.96097386,0.000663
0.15,1076.0,44.83333,0.0,0.00459665,0.03406,19.96134335,0.000657
0.15,1077.0,44.875,0.0,0.00455313,0.03373753,19.96170934,0.00065
0.15,1078.0,44.91667,0.0,0.00451002,0.03341812,19.96207186,0.000644
0.15,1079.0,44.95833,0.0,0.00446732,0.03310173,19.96243095,0.000638
0.15,1080.0,45.0,0.0,0.00442503,0.03278833,19.96278664,0.000632
0.15,1081.0,45.04167,0.0,0.00438313,0.0324779,19.96313897,0.000626
0.15,1082.0,45.08333,0.0,0.00434164,0.03217041,19.96348795,0.00062
0.15,1083.0,45.125,0.0,0.00430053,0.03186583,19.96383364,0.000614
0.15,1084.0,45.16667,0.0,0.00425981,0.03156414,19.96417605,0.000609
0.15,1085.0,45.20833,0.0,0.00421948,0.0312653,19.96451522,0.000603
0.15,1086.0,45.25,0.0,0.00417954,0.03096929,19.96485118,0.000597
0.15,1087.0,45.29167,0.0,0.00413996,0.03067608,19.96518395,0.000591
0.15,1088.0,45.33333,0.0,0.00410077,0.03038565,19.96551358,0.000586
0.15,1089.0,45.375,0.0,0.00406194,0.03009797,19.96584009,0.00058
0.15,1090.0,45.41667,0.0,0.00402349,0.02981301,19.9661635,0.000575
0.15,1091.0,45.45833,0.0,0.00398539,0.02953075,19.96648385,0.000569
0.15,1092.0,45.5,0.0,0.00394766,0.02925116,19.96680117,0.000564
0.15,1093.0,45.54167,0.0,0.00391029,0.02897422,19.96711549,0.000559
0.15,1094.0,45.58333,0.0,0.00387327,0.02869991,19.96742683,0.000553
0.15,1095.0,45.625,0.0,0.00383659,0.02842818,19.96773522,0.000548
0.15,1096.0,45.66667,0.0,0.00380027,0.02815904,19.96804069,0.000543
0.15,1097.0,45.70833,0.0,0.00376429,0.02789244,19.96834327,0.000538
0.15,1098.0,45.75,0.0,0.00372865,0.02762836,19.96864299,0.000533
0.15,1099.0,45.79167,0.0,0.00369335,0.02736678,19.96893987,0.000528
0.15,1100.0,45.83333,0.0,0.00365838,0.02710768,19.96923393,0.000523
0.15,1101.0,45.875,0.0,0.00362375,0.02685104,19.96952522,0.000518
0.15,1102.0,45.91667,0.0,0.00358944,0.02659682,19.96981374,0.000513
0.15,1103.0,45.95833,0.0,0.00355545,0.02634501,19.97009954,0.000508
0.15,1104.0,46.0,0.0,0.00352179,0.02609558,19.97038262,0.000503
0.15,1105.0,46.04167,0.0,0.00348845,0.02584852,19.97066303,0.000498
0.15,1106.0,46.08333,0.0,0.00345542,0.02560379,19.97094078,0.000494
0.15,1107.0,46.125,0.0,0.00342271,0.02536139,19.97121591,0.000489
0.15,1108.0,46.16667,0.0,0.0033903,0.02512127,19.97148843,0.000484
0.15,1109.0,46.20833,0.0,0.0033582,0.02488343,19.97175836,0.00048
0.15,1110.0,46.25,0.0,0.00332641,0.02464784,19.97202575,0.000475
0.15,1111.0,46.29167,0.0,0.00329492,0.02441449,19.9722906,0.000471
0.15,1112.0,46.33333,0.0,0.00326372,0.02418334,19.97255294,0.000466
0.15,1113.0,46.375,0.0,0.00323282,0.02395438,19.9728128,0.000462
0.15,1114.0,46.41667,0.0,0.00320221,0.02372759,19.9730702,0.000457
0.15,1115.0,46.45833,0.0,0.0031719,0.02350294,19.97332516,0.000453
0.15,1116.0,46.5,0.0,0.00314187,0.02328042,19.97357771,0.000449
0.15,1117.0,46.54167,0.0,0.00311212,0.02306001,19.97382787,0.000445
0.15,1118.0,46.58333,0.0,0.00308266,0.02284169,19.97407566,0.00044
0.15,1119.0,46.625,0.0,0.00305347,0.02262543,19.9743211,0.000436
0.15,1120.0,46.66667,0.0,0.00302456,0.02241122,19.97456422,0.000432
0.15,1121.0,46.70833,0.0,0.00299592,0.02219904,19.97480504,0.000428
0.15,1122.0,46.75,0.0,0.00296756,0.02198886,19.97504358,0.000424
0.15,1123.0,46.79167,0.0,0.00293946,0.02178068,19.97527985,0.00042
0.15,1124.0,46.83333,0.0,0.00291163,0.02157447,19.9755139,0.000416
0.15,1125.0,46.875,0.0,0.00288407,0.02137021,19.97574572,0.000412
0.15,1126.0,46.91667,0.0,0.00285676,0.02116788,19.97597535,0.000408
0.15,1127.0,46.95833,0.0,0.00282972,0.02096747,19.97620281,0.000404
0.15,1128.0,47.0,0.0,0.00280293,0.02076896,19.97642812,0.0004
0.15,1129.0,47.04167,0.0,0.00277639,0.02057233,19.97665129,0.000397
0.15,1130.0,47.08333,0.0,0.0027501,0.02037755,19.97687234,0.000393
0.15,1131.0,47.125,0.0,0.00272406,0.02018463,19.97709131,0.000389
0.15,1132.0,47.16667,0.0,0.00269827,0.01999352,19.9773082,0.000385
0.15,1133.0,47.20833,0.0,0.00267273,0.01980423,19.97752304,0.000382
0.15,1134.0,47.25,0.0,0.00264742,0.01961673,19.97773584,0.000378
0.15,1135.0,47.29167,0.0,0.00262236,0.01943101,19.97794663,0.000375
0.15,1136.0,47.33333,0.0,0.00259753,0.01924704,19.97815543,0.000371
0.15,1137.0,47.375,0.0,0.00257294,0.01906482,19.97836225,0.000368
0.15,1138.0,47.41667,0.0,0.00254858,0.01888432,19.9785671,0.000364
0.15,1139.0,47.45833,0.0,0.00252445,0.01870553,19.97877002,0.000361
0.15,1140.0,47.5,0.0,0.00250055,0.01852843,19.97897102,0.000357
0.15,1141.0,47.54167,0.0,0.00247687,0.01835301,19.97917012,0.000354
0.15,1142.0,47.58333,0.0,0.00245342,0.01817925,19.97936733,0.00035
0.15,1143.0,47.625,0.0,0.0024302,0.01800713,19.97956267,0.000347
0.15,1144.0,47.66667,0.0,0.00240719,0.01783665,19.97975617,0.000344
0.15,1145.0,47.70833,0.0,0.0023844,0.01766777,19.97994783,0.000341
0.15,1146.0,47.75,0.0,0.00236182,0.0175005,19.98013768,0.000337
0.15,1147.0,47.79167,0.0,0.00233946,0.01733481,19.98032573,0.000334
0.15,1148.0,47.83333,0.0,0.00231731,0.01717069,19.98051199,0.000331
0.15,1149.0,47.875,0.0,0.00229537,0.01700813,19.9806965,0.000328
0.15,1150.0,47.91667,0.0,0.00227364,0.0168471,19.98087926,0.000325
0.15,1151.0,47.95833,0.0,0.00225211,0.0166876,19.98106029,0.000322
0.15,1152.0,48.0,0.0,0.00223079,0.0165296,19.9812396,0.000319
0.15,1153.0,48.04167,0.0,0.00220967,0.01637311,19.98141722,0.000316
0.15,1154.0,48.08333,0.0,0.00218875,0.01621809,19.98159316,0.000313
0.15,1155.0,48.125,0.0,0.00216803,0.01606454,19.98176743,0.00031
0.15,1156.0,48.16667,0.0,0.0021475,0.01591245,19.98194005,0.000307
0.15,1157.0,48.20833,0.0,0.00212717,0.0157618,19.98211103,0.000304
0.15,1158.0,48.25,0.0,0.00210703,0.01561257,19.9822804,0.000301
0.15,1159.0,48.29167,0.0,0.00208708,0.01546475,19.98244816,0.000298
0.15,1160.0,48.33333,0.0,0.00206732,0.01531834,19.98261434,0.000295
0.15,1161.0,48.375,0.0,0.00204775,0.01517331,19.98277894,0.000293
0.15,1162.0,48.41667,0.0,0.00202836,0.01502965,19.98294198,0.00029
0.15,1163.0,48.45833,0.0,0.00200916,0.01488736,19.98310348,0.000287
0.15,1164.0,48.5,0.0,0.00199014,0.01474641,19.98326345,0.000284
0.15,1165.0,48.54167,0.0,0.0019713,0.0146068,19.98342191,0.000282
0.15,1166.0,48.58333,0.0,0.00195263,0.0144685,19.98357886,0.000279
0.15,1167.0,48.625,0.0,0.00193414,0.01433152,19.98373433,0.000276
0.15,1168.0,48.66667,0.0,0.00191583,0.01419583,19.98388833,0.000274
0.15,1169.0,48.70833,0.0,0.00189769,0.01406143,19.98404087,0.000271
0.15,1170.0,48.75,0.0,0.00187973,0.0139283,19.98419197,0.000269
0.15,1171.0,48.79167,0.0,0.00186193,0.01379643,19.98434163,0.000266
0.15,1172.0,48.83333,0.0,0.0018443,0.01366581,19.98448988,0.000263
0.15,1173.0,48.875,0.0,0.00182684,0.01353643,19.98463673,0.000261
0.15,1174.0,48.91667,0.0,0.00180955,0.01340827,19.98478218,0.000259
0.15,1175.0,48.95833,0.0,0.00179241,0.01328133,19.98492626,0.000256
0.15,1176.0,49.0,0.0,0.00177544,0.01315558,19.98506897,0.000254
0.15,1177.0,49.04167,0.0,0.00175863,0.01303103,19.98521033,0.000251
0.15,1178.0,49.08333,0.0,0.00174198,0.01290766,19.98535036,0.000249
0.15,1179.0,49.125,0.0,0.00172549,0.01278545,19.98548906,0.000246
0.15,1180.0,49.16667,0.0,0.00170916,0.0126644,19.98562644,0.000244
0.15,1181.0,49.20833,0.0,0.00169297,0.0125445,19.98576252,0.000242
0.15,1182.0,49.25,0.0,0.00167695,0.01242573,19.98589732,0.00024
0.15,1183.0,49.29167,0.0,0.00166107,0.01230809,19.98603084,0.000237
0.15,1184.0,49.33333,0.0,0.00164534,0.01219156,19.9861631,0.000235
0.15,1185.0,49.375,0.0,0.00162976,0.01207614,19.9862941,0.000233
0.15,1186.0,49.41667,0.0,0.00161433,0.0119618,19.98642386,0.000231
0.15,1187.0,49.45833,0.0,0.00159905,0.01184855,19.9865524,0.000228
0.15,1188.0,49.5,0.0,0.00158391,0.01173638,19.98667971,0.000226
0.15,1189.0,49.54167,0.0,0.00156892,0.01162526,19.98680583,0.000224
0.15,1190.0,49.58333,0.0,0.00155406,0.0115152,19.98693074,0.000222
0.15,1191.0,49.625,0.0,0.00153935,0.01140617,19.98705448,0.00022
0.15,1192.0,49.66667,0.0,0.00152477,0.01129818,19.98717704,0.000218
0.15,1193.0,49.70833,0.0,0.00151034,0.01119122,19.98729845,0.000216
0.15,1194.0,49.75,0.0,0.00149604,0.01108526,19.9874187,0.000214
0.15,1195.0,49.79167,0.0,0.00148187,0.01098031,19.98753782,0.000212
0.15,1196.0,49.83333,0.0,0.00146784,0.01087635,19.9876558,0.00021
0.15,1197.0,49.875,0.0,0.00145395,0.01077338,19.98777267,0.000208
0.15,1198.0,49.91667,0.0,0.00144018,0.01067138,19.98788844,0.000206
0.15,1199.0,49.95833,0.0,0.00142655,0.01057035,19.98800311,0.000204
0.15,1200.0,50.0,0.0,0.00141304,0.01047027,19.98811669,0.000202
0.15,1201.0,50.04167,0.0,0.00139966,0.01037114,19.9882292,0.0002
0.15,1202.0,50.08333,0.0,0.00138641,0.01027295,19.98834064,0.000198
0.15,1203.0,50.125,0.0,0.00137328,0.01017569,19.98845103,0.000196
0.15,1204.0,50.16667,0.0,0.00136028,0.01007935,19.98856037,0.000194
0.15,1205.0,50.20833,0.0,0.0013474,0.00998392,19.98866867,0.000192
0.15,1206.0,50.25,0.0,0.00133465,0.0098894,19.98877596,0.000191
0.15,1207.0,50.29167,0.0,0.00132201,0.00979577,19.98888222,0.000189
0.15,1208.0,50.33333,0.0,0.0013095,0.00970302,19.98898748,0.000187
0.15,1209.0,50.375,0.0,0.0012971,0.00961116,19.98909174,0.000185
0.15,1210.0,50.41667,0.0,0.00128482,0.00952016,19.98919502,0.000184
0.15,1211.0,50.45833,0.0,0.00127265,0.00943003,19.98929732,0.000182
0.15,1212.0,50.5,0.0,0.0012606,0.00934075,19.98939865,0.00018
0.15,1213.0,50.54167,0.0,0.00124867,0.00925231,19.98949902,0.000178
0.15,1214.0,50.58333,0.0,0.00123685,0.00916472,19.98959844,0.000177
0.15,1215.0,50.625,0.0,0.00122514,0.00907795,19.98969692,0.000175
0.15,1216.0,50.66667,0.0,0.00121354,0.008992,19.98979446,0.000173
0.15,1217.0,50.70833,0.0,0.00120205,0.00890687,19.98989108,0.000172
0.15,1218.0,50.75,0.0,0.00119067,0.00882254,19.98998679,0.00017
0.15,1219.0,50.79167,0.0,0.00117939,0.00873901,19.99008159,0.000168
0.15,1220.0,50.83333,0.0,0.00116823,0.00865627,19.9901755,0.000167
0.15,1221.0,50.875,0.0,0.00115717,0.00857432,19.99026851,0.000165
0.15,1222.0,50.91667,0.0,0.00114621,0.00849314,19.99036065,0.000164
0.15,1223.0,50.95833,0.0,0.00113536,0.00841273,19.99045191,0.000162
0.15,1224.0,51.0,0.0,0.00112461,0.00833308,19.99054231,0.000161
0.15,1225.0,51.04167,0.0,0.00111396,0.00825419,19.99063185,0.000159
0.15,1226.0,51.08333,0.0,0.00110342,0.00817604,19.99072055,0.000158
0.15,1227.0,51.125,0.0,0.00109297,0.00809863,19.9908084,0.000156
0.15,1228.0,51.16667,0.0,0.00108262,0.00802195,19.99089542,0.000155
0.15,1229.0,51.20833,0.0,0.00107237,0.00794601,19.99098162,0.000153
0.15,1230.0,51.25,0.0,0.00106222,0.00787078,19.99106701,0.000152
0.15,1231.0,51.29167,0.0,0.00105216,0.00779626,19.99115158,0.00015
0.15,1232.0,51.33333,0.0,0.0010422,0.00772244,19.99123535,0.000149
0.15,1233.0,51.375,0.0,0.00103233,0.00764933,19.99131833,0.000147
0.15,1234.0,51.41667,0.0,0.00102256,0.00757691,19.99140053,0.000146
0.15,1235.0,51.45833,0.0,0.00101288,0.00750517,19.99148195,0.000145
0.15,1236.0,51.5,0.0,0.00100329,0.00743412,19.99156259,0.000143
0.15,1237.0,51.54167,0.0,0.00099379,0.00736373,19.99164248,0.000142
0.15,1238.0,51.58333,0.0,0.00098438,0.00729402,19.9917216,0.000141
0.15,1239.0,51.625,0.0,0.00097506,0.00722496,19.99179998,0.000139
0.15,1240.0,51.66667,0.0,0.00096583,0.00715656,19.99187761,0.000138
0.15,1241.0,51.70833,0.0,0.00095669,0.0070888,19.99195451,0.000137
0.15,1242.0,51.75,0.0,0.00094763,0.00702169,19.99203069,0.000135
0.15,1243.0,51.79167,0.0,0.00093866,0.00695521,19.99210614,0.000134
0.15,1244.0,51.83333,0.0,0.00092977,0.00688936,19.99218087,0.000133
0.15,1245.0,51.875,0.0,0.00092097,0.00682413,19.9922549,0.000132
0.15,1246.0,51.91667,0.0,0.00091225,0.00675952,19.99232823,0.00013
0.15,1247.0,51.95833,0.0,0.00090361,0.00669552,19.99240086,0.000129
0.15,1248.0,52.0,0.0,0.00089506,0.00663213,19.99247281,0.000128
0.15,1249.0,52.04167,0.0,0.00088658,0.00656934,19.99254408,0.000127
0.15,1250.0,52.08333,0.0,0.00087819,0.00650715,19.99261467,0.000125
0.15,1251.0,52.125,0.0,0.00086987,0.00644554,19.99268459,0.000124
0.15,1252.0,52.16667,0.0,0.00086164,0.00638451,19.99275385,0.000123
0.15,1253.0,52.20833,0.0,0.00085348,0.00632407,19.99282245,0.000122
0.15,1254.0,52.25,0.0,0.0008454,0.00626419,19.99289041,0.000121
0.15,1255.0,52.29167,0.0,0.0008374,0.00620489,19.99295772,0.00012
0.15,1256.0,52.33333,0.0,0.00082947,0.00614614,19.99302439,0.000118
0.15,1257.0,52.375,0.0,0.00082161,0.00608795,19.99309043,0.000117
0.15,1258.0,52.41667,0.0,0.00081384,0.00603031,19.99315585,0.000116
0.15,1259.0,52.45833,0.0,0.00080613,0.00597322,19.99322065,0.000115
0.15,1260.0,52.5,0.0,0.0007985,0.00591667,19.99328483,0.000114
0.15,1261.0,52.54167,0.0,0.00079094,0.00586065,19.99334841,0.000113
0.15,1262.0,52.58333,0.0,0.00078345,0.00580516,19.99341139,0.000112
0.15,1263.0,52.625,0.0,0.00077603,0.0057502,19.99347377,0.000111
0.15,1264.0,52.66667,0.0,0.00076869,0.00569576,19.99353555,0.00011
0.15,1265.0,52.70833,0.0,0.00076141,0.00564184,19.99359676,0.000109
0.15,1266.0,52.75,0.0,0.0007542,0.00558842,19.99365738,0.000108
0.15,1267.0,52.79167,0.0,0.00074706,0.00553551,19.99371743,0.000107
0.15,1268.0,52.83333,0.0,0.00073999,0.0054831,19.99377691,0.000106
0.15,1269.0,52.875,0.0,0.00073298,0.00543119,19.99383583,0.000105
0.15,1270.0,52.91667,0.0,0.00072604,0.00537977,19.99389419,0.000104
0.15,1271.0,52.95833,0.0,0.00071917,0.00532884,19.993952,0.000103
0.15,1272.0,53.0,0.0,0.00071236,0.00527838,19.99400926,0.000102
0.15,1273.0,53.04167,0.0,0.00070561,0.00522841,19.99406598,0.000101
0.15,1274.0,53.08333,0.0,0.00069893,0.00517891,19.99412216,0.0001
0.15,1275.0,53.125,0.0,0.00069231,0.00512988,19.99417781,9.9e-05
0.15,1276.0,53.16667,0.0,0.00068576,0.00508131,19.99423293,9.8e-05
0.15,1277.0,53.20833,0.0,0.00067927,0.0050332,19.99428753,9.7e-05
0.15,1278.0,53.25,0.0,0.00067284,0.00498555,19.99434161,9.6e-05
0.15,1279.0,53.29167,0.0,0.00066647,0.00493835,19.99439519,9.5e-05
0.15,1280.0,53.33333,0.0,0.00066016,0.00489159,19.99444825,9.4e-05
0.15,1281.0,53.375,0.0,0.00065391,0.00484528,19.99450081,9.3e-05
0.15,1282.0,53.41667,0.0,0.00064772,0.00479941,19.99455288,9.3e-05
0.15,1283.0,53.45833,0.0,0.00064158,0.00475397,19.99460445,9.2e-05
0.15,1284.0,53.5,0.0,0.00063551,0.00470896,19.99465553,9.1e-05
0.15,1285.0,53.54167,0.0,0.00062949,0.00466438,19.99470613,9e-05
0.15,1286.0,53.58333,0.0,0.00062353,0.00462021,19.99475625,8.9e-05
0.15,1287.0,53.625,0.0,0.00061763,0.00457647,19.9948059,8.8e-05
0.15,1288.0,53.66667,0.0,0.00061178,0.00453314,19.99485508,8.7e-05
0.15,1289.0,53.70833,0.0,0.00060599,0.00449023,19.99490379,8.7e-05
0.15,1290.0,53.75,0.0,0.00060025,0.00444771,19.99495203,8.6e-05
0.15,1291.0,53.79167,0.0,0.00059457,0.0044056,19.99499983,8.5e-05
0.15,1292.0,53.83333,0.0,0.00058894,0.00436389,19.99504717,8.4e-05
0.15,1293.0,53.875,0.0,0.00058336,0.00432258,19.99509406,8.3e-05
0.15,1294.0,53.91667,0.0,0.00057784,0.00428165,19.99514051,8.3e-05
0.15,1295.0,53.95833,0.0,0.00057237,0.00424112,19.99518651,8.2e-05
0.15,1296.0,54.0,0.0,0.00056695,0.00420096,19.99523209,8.1e-05
0.15,1297.0,54.04167,0.0,0.00056158,0.00416119,19.99527723,8e-05
0.15,1298.0,54.08333,0.0,0.00055627,0.00412179,19.99532194,7.9e-05
0.15,1299.0,54.125,0.0,0.000551,0.00408277,19.99536623,7.9e-05
0.15,1300.0,54.16667,0.0,0.00054578,0.00404411,19.9954101,7.8e-05
0.15,1301.0,54.20833,0.0,0.00054062,0.00400583,19.99545356,7.7e-05
0.15,1302.0,54.25,0.0,0.0005355,0.0039679,19.9954966,7.6e-05
0.15,1303.0,54.29167,0.0,0.00053043,0.00393033,19.99553924,7.6e-05
0.15,1304.0,54.33333,0.0,0.00052541,0.00389312,19.99558147,7.5e-05
0.15,1305.0,54.375,0.0,0.00052043,0.00385626,19.99562331,7.4e-05
0.15,1306.0,54.41667,0.0,0.0005155,0.00381975,19.99566474,7.4e-05
0.15,1307.0,54.45833,0.0,0.00051062,0.00378359,19.99570579,7.3e-05
0.15,1308.0,54.5,0.0,0.00050579,0.00374777,19.99574644,7.2e-05
0.15,1309.0,54.54167,0.0,0.000501,0.00371228,19.99578672,7.2e-05
0.15,1310.0,54.58333,0.0,0.00049626,0.00367714,19.99582661,7.1e-05
0.15,1311.0,54.625,0.0,0.00049156,0.00364232,19.99586612,7e-05
0.15,1312.0,54.66667,0.0,0.0004869,0.00360784,19.99590526,7e-05
0.15,1313.0,54.70833,0.0,0.00048229,0.00357368,19.99594402,6.9e-05
0.15,1314.0,54.75,0.0,0.00047773,0.00353985,19.99598242,6.8e-05
0.15,1315.0,54.79167,0.0,0.00047321,0.00350633,19.99602046,6.8e-05
0.15,1316.0,54.83333,0.0,0.00046873,0.00347314,19.99605814,6.7e-05
0.15,1317.0,54.875,0.0,0.00046429,0.00344025,19.99609546,6.6e-05
0.15,1318.0,54.91667,0.0,0.00045989,0.00340768,19.99613243,6.6e-05
0.15,1319.0,54.95833,0.0,0.00045554,0.00337542,19.99616904,6.5e-05
0.15,1320.0,55.0,0.0,0.00045123,0.00334346,19.99620531,6.4e-05
0.15,1321.0,55.04167,0.0,0.00044695,0.00331181,19.99624124,6.4e-05
0.15,1322.0,55.08333,0.0,0.00044272,0.00328045,19.99627683,6.3e-05
0.15,1323.0,55.125,0.0,0.00043853,0.00324939,19.99631208,6.3e-05
0.15,1324.0,55.16667,0.0,0.00043438,0.00321863,19.99634699,6.2e-05
0.15,1325.0,55.20833,0.0,0.00043027,0.00318816,19.99638158,6.1e-05
0.15,1326.0,55.25,0.0,0.00042619,0.00315797,19.99641584,6.1e-05
0.15,1327.0,55.29167,0.0,0.00042216,0.00312807,19.99644977,6e-05
0.15,1328.0,55.33333,0.0,0.00041816,0.00309846,19.99648338,6e-05
0.15,1329.0,55.375,0.0,0.0004142,0.00306912,19.99651668,5.9e-05
0.15,1330.0,55.41667,0.0,0.00041028,0.00304007,19.99654965,5.9e-05
0.15,1331.0,55.45833,0.0,0.0004064,0.00301128,19.99658232,5.8e-05
0.15,1332.0,55.5,0.0,0.00040255,0.00298277,19.99661468,5.8e-05
0.15,1333.0,55.54167,0.0,0.00039874,0.00295453,19.99664673,5.7e-05
0.15,1334.0,55.58333,0.0,0.00039496,0.00292656,19.99667848,5.6e-05
0.15,1335.0,55.625,0.0,0.00039122,0.00289885,19.99670992,5.6e-05
0.15,1336.0,55.66667,0.0,0.00038752,0.00287141,19.99674107,5.5e-05
0.15,1337.0,55.70833,0.0,0.00038385,0.00284422,19.99677193,5.5e-05
0.15,1338.0,55.75,0.0,0.00038021,0.00281729,19.99680249,5.4e-05
0.15,1339.0,55.79167,0.0,0.00037662,0.00279062,19.99683276,5.4e-05
0.15,1340.0,55.83333,0.0,0.00037305,0.0027642,19.99686275,5.3e-05
0.15,1341.0,55.875,0.0,0.00036952,0.00273803,19.99689245,5.3e-05
0.15,1342.0,55.91667,0.0,0.00036602,0.00271211,19.99692187,5.2e-05
0.15,1343.0,55.95833,0.0,0.00036255,0.00268643,19.99695102,5.2e-05
0.15,1344.0,56.0,0.0,0.00036255,0.00268643,19.99695102,5.2e-05
0.15,1344.0,56.0,10.0,0.00036255,0.00268643,19.99695102,5.2e-05
0.15,1344.0,56.0,10.0,0.00036255,0.00268643,19.99695102,5.2e-05
0.15,1345.0015,56.04173,8.60515589,1.15794711,0.18928063,20.04761636,0.165421
0.15,1346.003,56.08346,7.40487079,1.80192143,0.6243347,20.16887308,0.257417
0.15,1347.0045,56.12519,6.37200676,2.12451957,1.17564355,20.32783012,0.303503
0.15,1348.006,56.16692,5.48321115,2.24971994,1.76299914,20.50406977,0.321389
0.15,1349.0075,56.20864,4.71838867,2.25700883,2.33940452,20.68519797,0.32243
0.15,1350.0089,56.25037,4.06024701,2.19693423,2.87887209,20.86394668,0.313848
0.15,1351.0104,56.2921,3.49390585,2.10127741,3.36852515,21.03629159,0.300182
0.15,1352.0119,56.33383,3.00656045,1.98969719,3.80350873,21.20023363,0.284242
0.15,1353.0134,56.37556,2.58719214,1.87406354,4.18373067,21.35501365,0.267723
0.15,1354.0149,56.41729,2.22631917,1.76127845,4.51179291,21.50060947,0.251611
0.15,1355.0164,56.45902,1.91578235,1.65510725,4.79169389,21.63741651,0.236444
0.15,1356.0179,56.50075,1.64856058,1.55736323,5.02802881,21.76604738,0.22248
0.15,1357.0194,56.54247,1.41861208,1.46867026,5.22550936,21.88720831,0.20981
0.15,1358.0209,56.5842,1.22073781,1.38895053,5.38868686,22.00162481,0.198422
0.15,1359.0224,56.62593,1.05046391,1.31773363,5.52180362,22.10999884,0.188248
0.15,1360.0238,56.66766,0.90394057,1.25434994,5.62872382,22.21298567,0.179193
0.15,1361.0253,56.70939,0.77785496,1.19804939,5.71291256,22.3111831,0.17115
0.15,1362.0268,56.75112,0.66935632,1.14807241,5.77744319,22.40512809,0.16401
0.15,1363.0283,56.79285,0.57599154,1.10369043,5.82502021,22.49529781,0.15767
0.15,1364.0298,56.83458,0.4956497,1.06422731,5.85800994,22.58211305,0.152032
0.15,1365.0313,56.8763,0.4265143,1.02906885,5.878474,22.66594285,0.14701
0.15,1366.0328,56.91803,0.3670222,0.99766528,5.88820285,22.74710967,0.142524
0.15,1367.0343,56.95976,0.31582833,0.96952955,5.88874771,22.82589441,0.138504
0.15,1368.0358,57.00149,0.2717752,0.9442333,5.88145013,22.90254136,0.13489
0.15,1369.0373,57.04322,0.23386679,0.92140188,5.86746865,22.97726268,0.131629
0.15,1370.0387,57.08495,0.20124602,0.90070885,5.84780269,23.05024244,0.128673
0.15,1371.0402,57.12668,0.17317534,0.88187064,5.82331366,23.12164037,0.125982
0.15,1372.0417,57.16841,0.14902008,0.86464145,5.7947435,23.19159497,0.12352
0.15,1373.0432,57.21013,0.1282341,0.84880858,5.76273089,23.26022644,0.121258
0.15,1374.0447,57.25186,0.11034744,0.83418815,5.72782531,23.3276391,0.11917
0.15,1375.0462,57.29359,0.0949557,0.82062138,5.69049935,23.39392357,0.117232
0.15,1376.0477,57.33532,0.08171086,0.80797123,5.65115925,23.45915866,0.115424
0.15,1377.0492,57.37705,0.07031347,0.79611948,5.61015411,23.52341294,0.113731
0.15,1378.0507,57.41878,0.06050583,0.78496418,5.56778379,23.5867462,0.112138
0.15,1379.0522,57.46051,0.05206621,0.77441742,5.52430575,23.64921062,0.110631
0.15,1380.0537,57.50224,0.04480379,0.7644034,5.47994095,23.71085186,0.1092
0.15,1381.0551,57.54396,0.03855436,0.75485679,5.43487893,23.77170992,0.107837
0.15,1382.0566,57.58569,0.03317663,0.74572126,5.3892822,23.83181992,0.106532
0.15,1383.0581,57.62742,0.028549,0.73694821,5.34328998,23.89121281,0.105278
0.15,1384.0596,57.66915,0.02456686,0.72849575,5.29702147,23.94991591,0.104071
0.15,1385.0611,57.71088,0.02114017,0.72032775,5.25057865,24.00795343,0.102904
0.15,1386.0626,57.75261,0.01819144,0.71241302,5.20404866,24.06534687,0.101773
0.15,1387.0641,57.79434,0.01565402,0.70472463,5.15750592,24.12211543,0.100675
0.15,1388.0656,57.83607,0.01347053,0.69723934,5.11101385,24.17827628,0.099606
0.15,1389.0671,57.87779,0.0115916,0.68993706,5.06462647,24.23384487,0.098562
0.15,1390.0686,57.91952,0.00997475,0.68280044,5.01838966,24.28883515,0.097543
0.15,1391.07,57.96125,0.00858343,0.67581446,4.97234234,24.34325977,0.096545
0.15,1392.0715,58.00298,0.00738618,0.66896611,4.92651743,24.39713028,0.095567
0.15,1393.073,58.04471,0.00635592,0.66224413,4.88094271,24.45045724,0.094606
0.15,1394.0745,58.08644,0.00546937,0.65563876,4.8356415,24.50325037,0.093663
0.15,1395.076,58.12817,0.00470648,0.64914151,4.79063335,24.55551866,0.092735
0.15,1396.0775,58.1699,0.00405,0.64274502,4.7459345,24.60727049,0.091821
0.15,1397.079,58.21162,0.00348508,0.63644286,4.70155841,24.65851365,0.09092
0.15,1398.0805,58.25335,0.00299897,0.63022945,4.65751611,24.70925547,0.090033
0.15,1399.082,58.29508,0.00258066,0.6240999,4.61381657,24.75950288,0.089157
0.15,1400.0835,58.33681,0.0022207,0.61804993,4.57046697,24.8092624,0.088293
0.15,1401.0849,58.37854,0.00191095,0.6120758,4.52747299,24.85854026,0.087439
0.15,1402.0864,58.42027,0.0016444,0.60617421,4.48483898,24.90734241,0.086596
0.15,1403.0879,58.462,0.00141503,0.60034225,4.44256818,24.95567454,0.085763
0.15,1404.0894,58.50373,0.00121766,0.59457736,4.40066287,25.00354212,0.08494
0.15,1405.0909,58.54545,0.00104781,0.58887726,4.3591245,25.05095042,0.084125
0.15,1406.0924,58.58718,0.00090166,0.58323993,4.31795384,25.09790457,0.08332
0.15,1407.0939,58.62891,0.00077589,0.57766354,4.27715105,25.14440951,0.082523
0.15,1408.0954,58.67064,0.00066767,0.57214649,4.23671578,25.19047007,0.081735
0.15,1409.0969,58.71237,0.00057454,0.5666873,4.19664724,25.23609093,0.080955
0.15,1410.0984,58.7541,0.0004944,0.56128465,4.15694429,25.28127667,0.080184
0.15,1411.0999,58.79583,0.00042544,0.55593733,4.11760544,25.32603178,0.07942
0.15,1412.1013,58.83756,0.0003661,0.55064426,4.07862898,25.37036066,0.078663
0.15,1413.1028,58.87928,0.00031503,0.54540443,4.04001295,25.41426759,0.077915
0.15,1414.1043,58.92101,0.00027109,0.54021689,4.00175521,25.45775681,0.077174
0.15,1415.1058,58.96274,0.00023328,0.5350808,3.96385345,25.50083248,0.07644
0.15,1416.1073,59.00447,0.00020074,0.52999534,3.92630524,25.54349868,0.075714
0.15,1417.1088,59.0462,0.00017274,0.52495978,3.88910804,25.58575945,0.074994
0.15,1418.1103,59.08793,0.00014864,0.5199734,3.85225922,25.62761874,0.074282
0.15,1419.1118,59.12966,0.00012791,0.51503553,3.81575609,25.66908047,0.073577
0.15,1420.1133,59.17139,0.00011007,0.51014555,3.77959587,25.71014851,0.072878
0.15,1421.1148,59.21311,9.472e-05,0.50530284,3.74377577,25.75082667,0.072186
0.15,1422.1162,59.25484,8.15e-05,0.50050685,3.70829295,25.7911187,0.071501
0.15,1423.1177,59.29657,7.014e-05,0.495757,3.67314452,25.83102834,0.070822
0.15,1424.1192,59.3383,6.035e-05,0.49105278,3.63832762,25.87055925,0.07015
0.15,1425.1207,59.38003,5.193e-05,0.48639366,3.60383933,25.90971508,0.069485
0.15,1426.1222,59.42176,4.469e-05,0.48177915,3.56967675,25.94849941,0.068826
0.15,1427.1237,59.46349,3.846e-05,0.47720876,3.53583698,25.9869158,0.068173
0.15,1428.1252,59.50522,3.309e-05,0.47268203,3.50231711,26.02496777,0.067526
0.15,1429.1267,59.54694,2.848e-05,0.4681985,3.46911423,26.06265879,0.066885
0.15,1430.1282,59.58867,2.45e-05,0.46375771,3.43622547,26.09999231,0.066251
0.15,1431.1297,59.6304,2.109e-05,0.45935924,3.40364794,26.13697174,0.065623
0.15,1432.1311,59.67213,1.815e-05,0.45500264,3.37137877,26.17360044,0.065
0.15,1433.1326,59.71386,1.561e-05,0.45068751,3.33941512,26.20988176,0.064384
0.15,1434.1341,59.75559,1.344e-05,0.44641341,3.30775414,26.24581901,0.063773
0.15,1435.1356,59.79732,1.156e-05,0.44217996,3.27639303,26.28141544,0.063169
0.15,1436.1371,59.83905,9.95e-06,0.43798674,3.24532899,26.31667431,0.06257
0.15,1437.1386,59.88077,8.56e-06,0.43383337,3.21455925,26.35159882,0.061976
0.15,1438.1401,59.9225,7.37e-06,0.42971945,3.18408103,26.38619215,0.061388
0.15,1439.1416,59.96423,6.34e-06,0.42564459,3.15389162,26.42045745,0.060806
0.15,1440.1431,60.00596,5.46e-06,0.42160843,3.1239883,26.45439782,0.06023
0.15,1441.1446,60.04769,4.69e-06,0.41761058,3.09436838,26.48801635,0.059659
0.15,1442.1461,60.08942,4.04e-06,0.41365067,3.06502919,26.5213161,0.059093
0.15,1443.1475,60.13115,3.48e-06,0.40972835,3.03596808,26.5543001,0.058533
0.15,1444.149,60.17288,2.99e-06,0.40584324,3.00718244,26.58697133,0.057978
0.15,1445.1505,60.21461,2.57e-06,0.401995,2.97866966,26.61933277,0.057428
0.15,1446.152,60.25633,2.22e-06,0.39818326,2.95042716,26.65138736,0.056883
0.15,1447.1535,60.29806,1.91e-06,0.39440769,2.9224524,26.68313801,0.056344
0.15,1448.155,60.33979,1.64e-06,0.39066793,2.89474283,26.71458759,0.05581
0.15,1449.1565,60.38152,1.41e-06,0.38696365,2.86729596,26.74573898,0.055281
0.15,1450.158,60.42325,1.21e-06,0.3832945,2.8401093,26.77659499,0.054756
0.15,1451.1595,60.46498,1.05e-06,0.37966015,2.81318039,26.80715842,0.054237
0.15,1452.161,60.50671,9e-07,0.37606026,2.78650678,26.83743206,0.053723
0.15,1453.1624,60.54844,7.7e-07,0.37249452,2.76008606,26.86741865,0.053214
0.15,1454.1639,60.59016,6.7e-07,0.3689626,2.73391583,26.89712091,0.052709
0.15,1455.1654,60.63189,5.7e-07,0.36546416,2.70799373,26.92654154,0.052209
0.15,1456.1669,60.67362,4.9e-07,0.36199891,2.68231739,26.95568321,0.051714
0.15,1457.1684,60.71535,4.2e-07,0.35856651,2.6568845,26.98454856,0.051224
0.15,1458.1699,60.75708,3.7e-07,0.35516667,2.63169275,27.01314022,0.050738
0.15,1459.1714,60.79881,3.1e-07,0.35179906,2.60673985,27.04146078,0.050257
0.15,1460.1729,60.84054,2.7e-07,0.34846338,2.58202354,27.06951281,0.04978
0.15,1461.1744,60.88227,2.3e-07,0.34515934,2.55754157,27.09729885,0.049308
0.15,1462.1759,60.92399,2e-07,0.34188663,2.53329173,27.12482144,0.048841
0.15,1463.1773,60.96572,1.7e-07,0.33864495,2.50927182,27.15208307,0.048378
0.15,1464.1788,61.00745,1.5e-07,0.335434,2.48547965,27.1790862,0.047919
0.15,1465.1803,61.04918,1.3e-07,0.33225351,2.46191306,27.2058333,0.047465
0.15,1466.1818,61.09091,1.1e-07,0.32910317,2.43856993,27.23232679,0.047015
0.15,1467.1833,61.13264,9e-08,0.3259827,2.41544812,27.25856908,0.046569
0.15,1468.1848,61.17437,8e-08,0.32289182,2.39254555,27.28456255,0.046127
0.15,1469.1863,61.2161,7e-08,0.31983025,2.36986013,27.31030955,0.04569
0.15,1470.1878,61.25782,6e-08,0.3167977,2.34738981,27.33581243,0.045257
0.15,1471.1893,61.29955,5e-08,0.31379392,2.32513254,27.36107349,0.044828
0.15,1472.1908,61.34128,4e-08,0.31081861,2.30308631,27.38609504,0.044403
0.15,1473.1923,61.38301,4e-08,0.30787151,2.28124911,27.41087934,0.043982
0.15,1474.1937,61.42474,3e-08,0.30495236,2.25961897,27.43542864,0.043565
0.15,1475.1952,61.46647,3e-08,0.30206089,2.23819391,27.45974517,0.043152
0.15,1476.1967,61.5082,2e-08,0.29919683,2.216972,27.48383114,0.042742
0.15,1477.1982,61.54993,2e-08,0.29635993,2.19595131,27.50768873,0.042337
0.15,1478.1997,61.59165,2e-08,0.29354993,2.17512993,27.53132011,0.041936
0.15,1479.2012,61.63338,2e-08,0.29076658,2.15450598,27.55472743,0.041538
0.15,1480.2027,61.67511,1e-08,0.28800961,2.13407757,27.5779128,0.041144
0.15,1481.2042,61.71684,1e-08,0.28527878,2.11384286,27.60087834,0.040754
0.15,1482.2057,61.75857,1e-08,0.28257385,2.09380001,27.62362613,0.040368
0.15,1483.2072,61.8003,1e-08,0.27989457,2.0739472,27.64615822,0.039985
0.15,1484.2086,61.84203,1e-08,0.27724069,2.05428263,27.66847668,0.039606
0.15,1485.2101,61.88376,1e-08,0.27461197,2.03480451,27.69058351,0.03923
0.15,1486.2116,61.92548,1e-08,0.27200818,2.01551108,27.71248074,0.038858
0.15,1487.2131,61.96721,0.0,0.26942907,1.99640058,27.73417034,0.03849
0.15,1488.2146,62.00894,0.0,0.26687442,1.97747128,27.75565429,0.038125
0.15,1489.2161,62.05067,0.0,0.264344,1.95872147,27.77693453,0.037763
0.15,1490.2176,62.0924,0.0,0.26183756,1.94014943,27.798013,0.037405
0.15,1491.2191,62.13413,0.0,0.25935489,1.92175349,27.81889161,0.037051
0.15,1492.2206,62.17586,0.0,0.25689576,1.90353198,27.83957226,0.036699
0.15,1493.2221,62.21759,0.0,0.25445995,1.88548323,27.86005681,0.036351
0.15,1494.2235,62.25931,0.0,0.25204724,1.86760562,27.88034714,0.036007
0.15,1495.225,62.30104,0.0,0.2496574,1.84989752,27.90044508,0.035665
0.15,1496.2265,62.34277,0.0,0.24729022,1.83235732,27.92035246,0.035327
0.15,1497.228,62.3845,0.0,0.24494548,1.81498343,27.94007108,0.034992
0.15,1498.2295,62.42623,0.0,0.24262298,1.79777428,27.95960274,0.03466
0.15,1499.231,62.46796,0.0,0.2403225,1.7807283,27.9789492,0.034332
0.15,1500.2325,62.50969,0.0,0.23804383,1.76384395,27.99811223,0.034006
0.15,1501.234,62.55142,0.0,0.23578676,1.74711968,28.01709355,0.033684
0.15,1502.2355,62.59314,0.0,0.2335511,1.73055399,28.0358949,0.033364
0.15,1503.237,62.63487,0.0,0.23133664,1.71414538,28.05451799,0.033048
0.15,1504.2385,62.6766,0.0,0.22914317,1.69789234,28.07296449,0.032735
0.15,1505.2399,62.71833,0.0,0.2269705,1.68179341,28.09123609,0.032424
0.15,1506.2414,62.76006,0.0,0.22481843,1.66584713,28.10933444,0.032117
0.15,1507.2429,62.80179,0.0,0.22268677,1.65005204,28.12726119,0.031812
0.15,1508.2444,62.84352,0.0,0.22057531,1.63440672,28.14501796,0.031511
0.15,1509.2459,62.88525,0.0,0.21848388,1.61890975,28.16260637,0.031212
0.15,1510.2474,62.92697,0.0,0.21641228,1.60355971,28.18002801,0.030916
0.15,1511.2489,62.9687,0.0,0.21436032,1.58835522,28.19728446,0.030623
0.15,1512.2504,63.01043,0.0,0.21232782,1.57329489,28.21437729,0.030333
0.15,1513.2519,63.05216,0.0,0.21031459,1.55837736,28.23130806,0.030045
0.15,1514.2534,63.09389,0.0,0.20832044,1.54360127,28.24807829,0.02976
0.15,1515.2548,63.13562,0.0,0.20634521,1.52896528,28.26468951,0.029478
0.15,1516.2563,63.17735,0.0,0.2043887,1.51446807,28.28114322,0.029198
0.15,1517.2578,63.21908,0.0,0.20245075,1.50010832,28.29744093,0.028922
0.15,1518.2593,63.2608,0.0,0.20053117,1.48588472,28.31358411,0.028647
0.15,1519.2608,63.30253,0.0,0.19862979,1.47179599,28.32957422,0.028376
0.15,1520.2623,63.34426,0.0,0.19674644,1.45784084,28.34541272,0.028107
0.15,1521.2638,63.38599,0.0,0.19488094,1.44401801,28.36110104,0.02784
0.15,1522.2653,63.42772,0.0,0.19303314,1.43032625,28.37664061,0.027576
0.15,1523.2668,63.46945,0.0,0.19120285,1.4167643,28.39203284,0.027315
0.15,1524.2683,63.51118,0.0,0.18938992,1.40333095,28.40727913,0.027056
0.15,1525.2697,63.55291,0.0,0.18759418,1.39002497,28.42238085,0.026799
0.15,1526.2712,63.59463,0.0,0.18581547,1.37684515,28.43733938,0.026545
0.15,1527.2727,63.63636,0.0,0.18405362,1.3637903,28.45215608,0.026293
0.15,1528.2742,63.67809,0.0,0.18230848,1.35085923,28.46683229,0.026044
0.15,1529.2757,63.71982,0.0,0.18057988,1.33805077,28.48136935,0.025797
0.15,1530.2772,63.76155,0.0,0.17886767,1.32536376,28.49576857,0.025553
0.15,1531.2787,63.80328,0.0,0.1771717,1.31279704,28.51003126,0.02531
0.15,1532.2802,63.84501,0.0,0.17549181,1.30034947,28.52415872,0.02507
0.15,1533.2817,63.88674,0.0,0.17382785,1.28801993,28.53815222,0.024833
0.15,1534.2832,63.92846,0.0,0.17217966,1.27580729,28.55201305,0.024597
0.15,1535.2846,63.97019,0.0,0.1705471,1.26371045,28.56574244,0.024364
0.15,1536.2861,64.01192,0.0,0.16893002,1.25172831,28.57934166,0.024133
0.15,1537.2876,64.05365,0.0,0.16732828,1.23985978,28.59281194,0.023904
0.15,1538.2891,64.09538,0.0,0.16574172,1.22810379,28.60615449,0.023677
0.15,1539.2906,64.13711,0.0,0.1641702,1.21645926,28.61937054,0.023453
0.15,1540.2921,64.17884,0.0,0.16261359,1.20492514,28.63246127,0.023231
0.15,1541.2936,64.22057,0.0,0.16107173,1.19350039,28.64542788,0.02301
0.15,1542.2951,64.2623,0.0,0.1595445,1.18218396,28.65827154,0.022792
0.15,1543.2966,64.30402,0.0,0.15803174,1.17097483,28.67099343,0.022576
0.15,1544.2981,64.34575,0.0,0.15653333,1.15987198,28.68359469,0.022362
0.15,1545.2996,64.38748,0.0,0.15504913,1.14887441,28.69607647,0.02215
0.15,1546.301,64.42921,0.0,0.15357899,1.13798111,28.7084399,0.02194
0.15,1547.3025,64.47094,0.0,0.1521228,1.1271911,28.7206861,0.021732
0.15,1548.304,64.51267,0.0,0.15068042,1.1165034,28.73281619,0.021526
0.15,1549.3055,64.5544,0.0,0.14925171,1.10591703,28.74483126,0.021322
0.15,1550.307,64.59613,0.0,0.14783655,1.09543104,28.75673241,0.02112
0.15,1551.3085,64.63785,0.0,0.1464348,1.08504448,28.76852072,0.020919
0.15,1552.31,64.67958,0.0,0.14504635,1.0747564,28.78019725,0.020721
0.15,1553.3115,64.72131,0.0,0.14367106,1.06456587,28.79176307,0.020524
0.15,1554.313,64.76304,0.0,0.14230881,1.05447196,28.80321923,0.02033
0.15,1555.3145,64.80477,0.0,0.14095948,1.04447376,28.81456676,0.020137
0.15,1556.3159,64.8465,0.0,0.13962295,1.03457035,28.8258067,0.019946
0.15,1557.3174,64.88823,0.0,0.13829908,1.02476086,28.83694006,0.019757
0.15,1558.3189,64.92996,0.0,0.13698777,1.01504437,28.84796787,0.01957
0.15,1559.3204,64.97168,0.0,0.13568889,1.00542001,28.8588911,0.019384
0.15,1560.3219,65.01341,0.0,0.13440233,0.9958869,28.86971077,0.0192
0.15,1561.3234,65.05514,0.0,0.13312796,0.98644419,28.88042785,0.019018
0.15,1562.3249,65.09687,0.0,0.13186568,0.97709101,28.89104331,0.018838
0.15,1563.3264,65.1386,0.0,0.13061537,0.96782651,28.90155812,0.018659
0.15,1564.3279,65.18033,0.0,0.12937691,0.95864986,28.91197323,0.018482
0.15,1565.3294,65.22206,0.0,0.1281502,0.94956021,28.92228959,0.018307
0.15,1566.3308,65.26379,0.0,0.12693511,0.94055675,28.93250813,0.018134
0.15,1567.3323,65.30551,0.0,0.12573155,0.93163867,28.94262978,0.017962
0.15,1568.3338,65.34724,0.0,0.1245394,0.92280513,28.95265547,0.017791
0.15,1569.3353,65.38897,0.0,0.12335855,0.91405536,28.96258609,0.017623
0.15,1570.3368,65.4307,0.0,0.1221889,0.90538855,28.97242255,0.017456
0.15,1571.3383,65.47243,0.0,0.12103034,0.89680391,28.98216574,0.01729
0.15,1572.3398,65.51416,0.0,0.11988277,0.88830068,28.99181656,0.017126
0.15,1573.3413,65.55589,0.0,0.11874607,0.87987806,29.00137586,0.016964
0.15,1574.3428,65.59762,0.0,0.11762016,0.87153531,29.01084453,0.016803
0.15,1575.3443,65.63934,0.0,0.11650492,0.86327166,29.02022342,0.016644
0.15,1576.3458,65.68107,0.0,0.11540025,0.85508637,29.02951338,0.016486
0.15,1577.3472,65.7228,0.0,0.11430606,0.84697869,29.03871526,0.016329
0.15,1578.3487,65.76453,0.0,0.11322224,0.83894788,29.04782988,0.016175
0.15,1579.3502,65.80626,0.0,0.1121487,0.83099321,29.05685809,0.016021
0.15,1580.3517,65.84799,0.0,0.11108534,0.82311397,29.06580069,0.015869
0.15,1581.3532,65.88972,0.0,0.11003206,0.81530944,29.0746585,0.015719
0.15,1582.3547,65.93145,0.0,0.10898877,0.80757891,29.08343232,0.01557
0.15,1583.3562,65.97317,0.0,0.10795537,0.79992168,29.09212295,0.015422
0.15,1584.3577,66.0149,0.0,0.10693176,0.79233705,29.10073118,0.015276
0.15,1585.3592,66.05663,0.0,0.10591787,0.78482434,29.10925779,0.015131
0.15,1586.3607,66.09836,0.0,0.10491358,0.77738286,29.11770356,0.014988
0.15,1587.3621,66.14009,0.0,0.10391882,0.77001194,29.12606924,0.014846
0.15,1588.3636,66.18182,0.0,0.1029335,0.76271091,29.1343556,0.014705
0.15,1589.3651,66.22355,0.0,0.10195751,0.7554791,29.14256339,0.014565
0.15,1590.3666,66.26528,0.0,0.10099078,0.74831586,29.15069336,0.014427
0.15,1591.3681,66.307,0.0,0.10003321,0.74122055,29.15874624,0.01429
0.15,1592.3696,66.34873,0.0,0.09908473,0.73419251,29.16672277,0.014155
0.15,1593.3711,66.39046,0.0,0.09814523,0.7272311,29.17462366,0.014021
0.15,1594.3726,66.43219,0.0,0.09721465,0.72033571,29.18244965,0.013888
0.15,1595.3741,66.47392,0.0,0.09629289,0.71350569,29.19020142,0.013756
0.15,1596.3756,66.51565,0.0,0.09537987,0.70674043,29.1978797,0.013626
0.15,1597.377,66.55738,0.0,0.0944755,0.70003932,29.20548518,0.013497
0.15,1598.3785,66.59911,0.0,0.09357971,0.69340175,29.21301854,0.013369
0.15,1599.38,66.64083,0.0,0.09269241,0.68682711,29.22048047,0.013242
0.15,1600.3815,66.68256,0.0,0.09181353,0.68031481,29.22787165,0.013116
0.15,1601.383,66.72429,0.0,0.09094298,0.67386426,29.23519275,0.012992
0.15,1602.3845,66.76602,0.0,0.09008069,0.66747488,29.24244444,0.012869
0.15,1603.386,66.80775,0.0,0.08922657,0.66114607,29.24962736,0.012747
0.15,1604.3875,66.84948,0.0,0.08838055,0.65487727,29.25674218,0.012626
0.15,1605.389,66.89121,0.0,0.08754255,0.64866791,29.26378954,0.012506
0.15,1606.3905,66.93294,0.0,0.08671249,0.64251743,29.27077007,0.012387
0.15,1607.392,66.97466,0.0,0.08589031,0.63642527,29.27768442,0.01227
0.15,1608.3934,67.01639,0.0,0.08507592,0.63039086,29.28453321,0.012154
0.15,1609.3949,67.05812,0.0,0.08426926,0.62441368,29.29131706,0.012038
0.15,1610.3964,67.09985,0.0,0.08347024,0.61849317,29.29803659,0.011924
0.15,1611.3979,67.14158,0.0,0.0826788,0.61262879,29.30469241,0.011811
0.15,1612.3994,67.18331,0.0,0.08189486,0.60682002,29.31128512,0.011699
0.15,1613.4009,67.22504,0.0,0.08111836,0.60106633,29.31781531,0.011588
0.15,1614.4024,67.26677,0.0,0.08034922,0.59536719,29.32428359,0.011478
0.15,1615.4039,67.30849,0.0,0.07958737,0.58972209,29.33069054,0.01137
0.15,1616.4054,67.35022,0.0,0.07883275,0.58413051,29.33703674,0.011262
0.15,1617.4069,67.39195,0.0,0.07808528,0.57859195,29.34332277,0.011155
0.15,1618.4083,67.43368,0.0,0.07734489,0.57310591,29.3495492,0.011049
0.15,1619.4098,67.47541,0.0,0.07661153,0.56767188,29.35571658,0.010945
0.15,1620.4113,67.51714,0.0,0.07588512,0.56228938,29.36182549,0.010841
0.15,1621.4128,67.55887,0.0,0.0751656,0.55695791,29.36787648,0.010738
0.15,1622.4143,67.6006,0.0,0.0744529,0.551677,29.3738701,0.010636
0.15,1623.4158,67.64232,0.0,0.07374696,0.54644616,29.37980688,0.010535
0.15,1624.4173,67.68405,0.0,0.07304772,0.54126491,29.38568737,0.010435
0.15,1625.4188,67.72578,0.0,0.0723551,0.53613279,29.39151211,0.010336
0.15,1626.4203,67.76751,0.0,0.07166905,0.53104933,29.39728162,0.010238
0.15,1627.4218,67.80924,0.0,0.0709895,0.52601408,29.40299642,0.010141
0.15,1628.4232,67.85097,0.0,0.0703164,0.52102656,29.40865704,0.010045
0.15,1629.4247,67.8927,0.0,0.06964968,0.51608634,29.41426398,0.00995
0.15,1630.4262,67.93443,0.0,0.06898928,0.51119295,29.41981776,0.009856
0.15,1631.4277,67.97615,0.0,0.06833515,0.50634597,29.42531889,0.009762
0.15,1632.4292,68.01788,0.0,0.06768721,0.50154494,29.43076785,0.00967
0.15,1633.4307,68.05961,0.0,0.06704542,0.49678944,29.43616514,0.009578
0.15,1634.4322,68.10134,0.0,0.06640971,0.49207902,29.44151126,0.009487
0.15,1635.4337,68.14307,0.0,0.06578004,0.48741327,29.44680669,0.009397
0.15,1636.4352,68.1848,0.0,0.06515633,0.48279176,29.45205191,0.009308
0.15,1637.4367,68.22653,0.0,0.06453854,0.47821406,29.4572474,0.00922
0.15,1638.4382,68.26826,0.0,0.0639266,0.47367977,29.46239363,0.009132
0.15,1639.4396,68.30999,0.0,0.06332047,0.46918848,29.46749106,0.009046
0.15,1640.4411,68.35171,0.0,0.06272008,0.46473977,29.47254015,0.00896
0.15,1641.4426,68.39344,0.0,0.06212539,0.46033324,29.47754138,0.008875
0.15,1642.4441,68.43517,0.0,0.06153633,0.45596849,29.48249518,0.008791
0.15,1643.4456,68.4769,0.0,0.06095286,0.45164513,29.48740201,0.008708
0.15,1644.4471,68.51863,0.0,0.06037492,0.44736276,29.49226232,0.008625
0.15,1645.4486,68.56036,0.0,0.05980247,0.44312099,29.49707654,0.008543
0.15,1646.4501,68.60209,0.0,0.05923544,0.43891945,29.50184512,0.008462
0.15,1647.4516,68.64382,0.0,0.05867378,0.43475774,29.50656848,0.008382
0.15,1648.4531,68.68554,0.0,0.05811745,0.43063549,29.51124706,0.008302
0.15,1649.4545,68.72727,0.0,0.0575664,0.42655233,29.51588127,0.008224
0.15,1650.456,68.769,0.0,0.05702057,0.42250788,29.52047155,0.008146
0.15,1651.4575,68.81073,0.0,0.05647992,0.41850178,29.5250183,0.008069
0.15,1652.459,68.85246,0.0,0.05594439,0.41453367,29.52952194,0.007992
0.15,1653.4605,68.89419,0.0,0.05541395,0.41060318,29.53398288,0.007916
0.15,1654.462,68.93592,0.0,0.05488853,0.40670996,29.53840152,0.007841
0.15,1655.4635,68.97765,0.0,0.05436809,0.40285365,29.54277826,0.007767
0.15,1656.465,69.01937,0.0,0.05385259,0.39903391,29.54711351,0.007693
0.15,1657.4665,69.0611,0.0,0.05334197,0.39525038,29.55140765,0.00762
0.15,1658.468,69.10283,0.0,0.0528362,0.39150273,29.55566107,0.007548
0.15,1659.4694,69.14456,0.0,0.05233522,0.38779061,29.55987417,0.007476
0.15,1660.4709,69.18629,0.0,0.05183899,0.38411369,29.56404731,0.007406
0.15,1661.4724,69.22802,0.0,0.05134747,0.38047164,29.56818089,0.007335
0.15,1662.4739,69.26975,0.0,0.05086061,0.37686411,29.57227528,0.007266
0.15,1663.4754,69.31148,0.0,0.05037836,0.3732908,29.57633084,0.007197
0.15,1664.4769,69.3532,0.0,0.04990069,0.36975136,29.58034795,0.007129
0.15,1665.4784,69.39493,0.0,0.04942755,0.36624548,29.58432697,0.007061
0.15,1666.4799,69.43666,0.0,0.04895889,0.36277285,29.58826826,0.006994
0.15,1667.4814,69.47839,0.0,0.04849467,0.35933314,29.59217219,0.006928
0.15,1668.4829,69.52012,0.0,0.04803486,0.35592605,29.59603909,0.006862
0.15,1669.4844,69.56185,0.0,0.04757941,0.35255126,29.59986933,0.006797
0.15,1670.4858,69.60358,0.0,0.04712827,0.34920847,29.60366326,0.006733
0.15,1671.4873,69.64531,0.0,0.04668142,0.34589737,29.60742121,0.006669
0.15,1672.4888,69.68703,0.0,0.0462388,0.34261767,29.61114353,0.006606
0.15,1673.4903,69.72876,0.0,0.04580037,0.33936907,29.61483055,0.006543
0.15,1674.4918,69.77049,0.0,0.04536611,0.33615127,29.61848262,0.006481
0.15,1675.4933,69.81222,0.0,0.04493596,0.33296398,29.62210006,0.006419
0.15,1676.4948,69.85395,0.0,0.04450989,0.32980691,29.6256832,0.006359
0.15,1677.4963,69.89568,0.0,0.04408786,0.32667978,29.62923236,0.006298
0.15,1678.4978,69.93741,0.0,0.04366983,0.32358229,29.63274788,0.006239
0.15,1679.4993,69.97914,0.0,0.04325577,0.32051418,29.63623005,0.006179
0.15,1680.5007,70.02086,0.0,0.04284563,0.31747516,29.63967922,0.006121
0.15,1681.5022,70.06259,0.0,0.04243938,0.31446495,29.64309568,0.006063
0.15,1682.5037,70.10432,0.0,0.04203698,0.31148328,29.64647974,0.006005
0.15,1683.5052,70.14605,0.0,0.0416384,0.30852988,29.64983172,0.005948
0.15,1684.5067,70.18778,0.0,0.04124359,0.30560449,29.65315191,0.005892
0.15,1685.5082,70.22951,0.0,0.04085253,0.30270684,29.65644063,0.005836
0.15,1686.5097,70.27124,0.0,0.04046518,0.29983666,29.65969816,0.005781
0.15,1687.5112,70.31297,0.0,0.0400815,0.29699369,29.6629248,0.005726
0.15,1688.5127,70.35469,0.0,0.03970146,0.29417768,29.66612085,0.005672
0.15,1689.5142,70.39642,0.0,0.03932502,0.29138838,29.6692866,0.005618
0.15,1690.5156,70.43815,0.0,0.03895215,0.28862552,29.67242233,0.005565
0.15,1691.5171,70.47988,0.0,0.03858282,0.28588885,29.67552833,0.005512
0.15,1692.5186,70.52161,0.0,0.03821699,0.28317813,29.67860488,0.00546
0.15,1693.5201,70.56334,0.0,0.03785463,0.28049312,29.68165225,0.005408
0.15,1694.5216,70.60507,0.0,0.0374957,0.27783357,29.68467073,0.005357
0.15,1695.5231,70.6468,0.0,0.03714018,0.27519923,29.6876606,0.005306
0.15,1696.5246,70.68852,0.0,0.03678803,0.27258987,29.69062211,0.005255
0.15,1697.5261,70.73025,0.0,0.03643921,0.27000525,29.69355554,0.005206
0.15,1698.5276,70.77198,0.0,0.03609371,0.26744514,29.69646116,0.005156
0.15,1699.5291,70.81371,0.0,0.03575148,0.2649093,29.69933923,0.005107
0.15,1700.5306,70.85544,0.0,0.03541249,0.2623975,29.70219001,0.005059
0.15,1701.532,70.89717,0.0,0.03507672,0.25990952,29.70501376,0.005011
0.15,1702.5335,70.9389,0.0,0.03474413,0.25744514,29.70781073,0.004963
0.15,1703.535,70.98063,0.0,0.0344147,0.25500412,29.71058119,0.004916
0.15,1704.5365,71.02235,0.0,0.03408839,0.25258624,29.71332537,0.00487
0.15,1705.538,71.06408,0.0,0.03376517,0.25019129,29.71604354,0.004824
0.15,1706.5395,71.10581,0.0,0.03344502,0.24781905,29.71873593,0.004778
0.15,1707.541,71.14754,0.0,0.0331279,0.2454693,29.7214028,0.004733
0.15,1708.5425,71.18927,0.0,0.03281379,0.24314183,29.72404438,0.004688
0.15,1709.544,71.231,0.0,0.03250266,0.24083643,29.72666091,0.004643
0.15,1710.5455,71.27273,0.0,0.03219448,0.23855289,29.72925263,0.004599
0.15,1711.5469,71.31446,0.0,0.03188922,0.236291,29.73181978,0.004556
0.15,1712.5484,71.35618,0.0,0.03158686,0.23405055,29.73436259,0.004512
0.15,1713.5499,71.39791,0.0,0.03128736,0.23183135,29.73688129,0.00447
0.15,1714.5514,71.43964,0.0,0.0309907,0.22963319,29.7393761,0.004427
0.15,1715.5529,71.48137,0.0,0.03069686,0.22745588,29.74184726,0.004385
0.15,1716.5544,71.5231,0.0,0.0304058,0.22529921,29.74429499,0.004344
0.15,1717.5559,71.56483,0.0,0.0301175,0.22316298,29.74671952,0.004303
0.15,1718.5574,71.60656,0.0,0.02983193,0.22104702,29.74912105,0.004262
0.15,1719.5589,71.64829,0.0,0.02954908,0.21895111,29.75149981,0.004221
0.15,1720.5604,71.69001,0.0,0.0292689,0.21687508,29.75385602,0.004181
0.15,1721.5618,71.73174,0.0,0.02899138,0.21481873,29.75618989,0.004142
0.15,1722.5633,71.77347,0.0,0.02871649,0.21278188,29.75850162,0.004102
0.15,1723.5648,71.8152,0.0,0.02844421,0.21076435,29.76079144,0.004063
0.15,1724.5663,71.85693,0.0,0.02817451,0.20876594,29.76305955,0.004025
0.15,1725.5678,71.89866,0.0,0.02790737,0.20678648,29.76530615,0.003987
0.15,1726.5693,71.94039,0.0,0.02764276,0.20482579,29.76753145,0.003949
0.15,1727.5708,71.98212,0.0,0.02738066,0.20288369,29.76973565,0.003912
0.15,1728.5723,72.02385,0.0,0.02712104,0.20096001,29.77191895,0.003874
0.15,1729.5738,72.06557,0.0,0.02686389,0.19905456,29.77408155,0.003838
0.15,1730.5753,72.1073,0.0,0.02660917,0.19716718,29.77622364,0.003801
0.15,1731.5768,72.14903,0.0,0.02635687,0.1952977,29.77834543,0.003765
0.15,1732.5782,72.19076,0.0,0.02610697,0.19344594,29.78044709,0.00373
0.15,1733.5797,72.23249,0.0,0.02585943,0.19161174,29.78252883,0.003694
0.15,1734.5812,72.27422,0.0,0.02561423,0.18979494,29.78459083,0.003659
0.15,1735.5827,72.31595,0.0,0.02537137,0.18799535,29.78663328,0.003624
0.15,1736.5842,72.35768,0.0,0.0251308,0.18621284,29.78865636,0.00359
0.15,1737.5857,72.3994,0.0,0.02489252,0.18444722,29.79066026,0.003556
0.15,1738.5872,72.44113,0.0,0.0246565,0.18269834,29.79264516,0.003522
0.15,1739.5887,72.48286,0.0,0.02442271,0.18096605,29.79461124,0.003489
0.15,1740.5902,72.52459,0.0,0.02419114,0.17925018,29.79655868,0.003456
0.15,1741.5917,72.56632,0.0,0.02396177,0.17755058,29.79848765,0.003423
0.15,1742.5931,72.60805,0.0,0.02373457,0.1758671,29.80039833,0.003391
0.15,1743.5946,72.64978,0.0,0.02350953,0.17419958,29.8022909,0.003359
0.15,1744.5961,72.69151,0.0,0.02328661,0.17254787,29.80416552,0.003327
0.15,1745.5976,72.73323,0.0,0.02306582,0.17091182,29.80602236,0.003295
0.15,1746.5991,72.77496,0.0,0.02284711,0.16929128,29.8078616,0.003264
0.15,1747.6006,72.81669,0.0,0.02263048,0.16768611,29.80968341,0.003233
0.15,1748.6021,72.85842,0.0,0.02241591,0.16609616,29.81148793,0.003202
0.15,1749.6036,72.90015,0.0,0.02220337,0.16452128,29.81327535,0.003172
0.15,1750.6051,72.94188,0.0,0.02199284,0.16296134,29.81504582,0.003142
0.15,1751.6066,72.98361,0.0,0.02178431,0.16141619,29.8167995,0.003112
0.15,1752.608,73.02534,0.0,0.02157776,0.15988568,29.81853656,0.003083
0.15,1753.6095,73.06706,0.0,0.02137317,0.15836969,29.82025714,0.003053
0.15,1754.611,73.10879,0.0,0.02117051,0.15686808,29.82196141,0.003024
0.15,1755.6125,73.15052,0.0,0.02096978,0.1553807,29.82364952,0.002996
0.15,1756.614,73.19225,0.0,0.02077095,0.15390742,29.82532163,0.002967
0.15,1757.6155,73.23398,0.0,0.020574,0.15244812,29.82697788,0.002939
0.15,1758.617,73.27571,0.0,0.02037893,0.15100265,29.82861842,0.002911
0.15,1759.6185,73.31744,0.0,0.0201857,0.14957088,29.83024341,0.002884
0.15,1760.62,73.35917,0.0,0.01999431,0.1481527,29.831853,0.002856
0.15,1761.6215,73.40089,0.0,0.01980473,0.14674795,29.83344732,0.002829
0.15,1762.623,73.44262,0.0,0.01961694,0.14535653,29.83502652,0.002802
0.15,1763.6244,73.48435,0.0,0.01943094,0.1439783,29.83659076,0.002776
0.15,1764.6259,73.52608,0.0,0.0192467,0.14261314,29.83814016,0.00275
0.15,1765.6274,73.56781,0.0,0.01906421,0.14126093,29.83967486,0.002723
0.15,1766.6289,73.60954,0.0,0.01888345,0.13992153,29.84119502,0.002698
0.15,1767.6304,73.65127,0.0,0.0187044,0.13859483,29.84270076,0.002672
0.15,1768.6319,73.693,0.0,0.01852705,0.13728072,29.84419223,0.002647
0.15,1769.6334,73.73472,0.0,0.01835138,0.13597906,29.84566956,0.002622
0.15,1770.6349,73.77645,0.0,0.01817738,0.13468975,29.84713287,0.002597
0.15,1771.6364,73.81818,0.0,0.01800503,0.13341266,29.84858231,0.002572
0.15,1772.6379,73.85991,0.0,0.01783431,0.13214768,29.85001801,0.002548
0.15,1773.6393,73.90164,0.0,0.01766521,0.13089469,29.8514401,0.002524
0.15,1774.6408,73.94337,0.0,0.01749771,0.12965358,29.8528487,0.0025
0.15,1775.6423,73.9851,0.0,0.0173318,0.12842425,29.85424395,0.002476
0.15,1776.6438,74.02683,0.0,0.01716747,0.12720656,29.85562597,0.002452
0.15,1777.6453,74.06855,0.0,0.01700469,0.12600043,29.85699488,0.002429
0.15,1778.6468,74.11028,0.0,0.01684346,0.12480573,29.85835081,0.002406
0.15,1779.6483,74.15201,0.0,0.01668375,0.12362236,29.85969389,0.002383
0.15,1780.6498,74.19374,0.0,0.01652556,0.1224502,29.86102423,0.002361
0.15,1781.6513,74.23547,0.0,0.01636887,0.12128917,29.86234196,0.002338
0.15,1782.6528,74.2772,0.0,0.01621367,0.12013914,29.86364719,0.002316
0.15,1783.6542,74.31893,0.0,0.01605993,0.11900001,29.86494005,0.002294
0.15,1784.6557,74.36066,0.0,0.01590766,0.11787169,29.86622065,0.002273
0.15,1785.6572,74.40238,0.0,0.01575683,0.11675406,29.86748911,0.002251
0.15,1786.6587,74.44411,0.0,0.01560743,0.11564703,29.86874554,0.00223
0.15,1787.6602,74.48584,0.0,0.01545944,0.1145505,29.86999006,0.002208
0.15,1788.6617,74.52757,0.0,0.01531286,0.11346437,29.87122277,0.002188
0.15,1789.6632,74.5693,0.0,0.01516767,0.11238853,29.8724438,0.002167
0.15,1790.6647,74.61103,0.0,0.01502385,0.11132289,29.87365325,0.002146
0.15,1791.6662,74.65276,0.0,0.0148814,0.11026736,29.87485124,0.002126
0.15,1792.6677,74.69449,0.0,0.0147403,0.10922184,29.87603786,0.002106
0.15,1793.6692,74.73621,0.0,0.01460053,0.10818623,29.87721324,0.002086
0.15,1794.6706,74.77794,0.0,0.0144621,0.10716044,29.87837747,0.002066
0.15,1795.6721,74.81967,0.0,0.01432497,0.10614437,29.87953066,0.002046
0.15,1796.6736,74.8614,0.0,0.01418915,0.10513794,29.88067291,0.002027
0.15,1797.6751,74.90313,0.0,0.01405461,0.10414106,29.88180434,0.002008
0.15,1798.6766,74.94486,0.0,0.01392135,0.10315362,29.88292503,0.001989
0.15,1799.6781,74.98659,0.0,0.01378935,0.10217555,29.88403511,0.00197
0.15,1800.6796,75.02832,0.0,0.0136586,0.10120675,29.88513465,0.001951
0.15,1801.6811,75.07004,0.0,0.01352909,0.10024713,29.88622377,0.001933
0.15,1802.6826,75.11177,0.0,0.01340082,0.09929662,29.88730257,0.001914
0.15,1803.6841,75.1535,0.0,0.01327375,0.09835512,29.88837113,0.001896
0.15,1804.6855,75.19523,0.0,0.01314789,0.09742254,29.88942956,0.001878
0.15,1805.687,75.23696,0.0,0.01302323,0.09649881,29.89047796,0.00186
0.15,1806.6885,75.27869,0.0,0.01289975,0.09558384,29.89151642,0.001843
0.15,1807.69,75.32042,0.0,0.01277744,0.09467754,29.89254503,0.001825
0.15,1808.6915,75.36215,0.0,0.01265628,0.09377983,29.89356388,0.001808
0.15,1809.693,75.40387,0.0,0.01253628,0.09289064,29.89457308,0.001791
0.15,1810.6945,75.4456,0.0,0.01241742,0.09200988,29.89557271,0.001774
0.15,1811.696,75.48733,0.0,0.01229968,0.09113746,29.89656286,0.001757
0.15,1812.6975,75.52906,0.0,0.01218306,0.09027333,29.89754362,0.00174
0.15,1813.699,75.57079,0.0,0.01206754,0.08941738,29.89851508,0.001724
0.15,1814.7004,75.61252,0.0,0.01195312,0.08856955,29.89947733,0.001708
0.15,1815.7019,75.65425,0.0,0.01183978,0.08772976,29.90043046,0.001691
0.15,1816.7034,75.69598,0.0,0.01172752,0.08689793,29.90137455,0.001675
0.15,1817.7049,75.7377,0.0,0.01161632,0.08607399,29.90230969,0.001659
0.15,1818.7064,75.77943,0.0,0.01150618,0.08525786,29.90323596,0.001644
0.15,1819.7079,75.82116,0.0,0.01139708,0.08444947,29.90415345,0.001628
0.15,1820.7094,75.86289,0.0,0.01128902,0.08364874,29.90506224,0.001613
0.15,1821.7109,75.90462,0.0,0.01118198,0.08285561,29.90596241,0.001597
0.15,1822.7124,75.94635,0.0,0.01107595,0.08207,29.90685405,0.001582
0.15,1823.7139,75.98808,0.0,0.01097094,0.08129183,29.90773723,0.001567
0.15,1824.7154,76.02981,0.0,0.01086691,0.08052105,29.90861204,0.001552
0.15,1825.7168,76.07154,0.0,0.01076388,0.07975757,29.90947856,0.001538
0.15,1826.7183,76.11326,0.0,0.01066182,0.07900133,29.91033685,0.001523
0.15,1827.7198,76.15499,0.0,0.01056072,0.07825226,29.91118701,0.001509
0.15,1828.7213,76.19672,0.0,0.01046059,0.0775103,29.91202911,0.001494
0.15,1829.7228,76.23845,0.0,0.01036141,0.07677537,29.91286323,0.00148
0.15,1830.7243,76.28018,0.0,0.01026316,0.0760474,29.91368943,0.001466
0.15,1831.7258,76.32191,0.0,0.01016585,0.07532635,29.91450781,0.001452
0.15,1832.7273,76.36364,0.0,0.01006946,0.07461212,29.91531842,0.001438
0.15,1833.7288,76.40537,0.0,0.00997398,0.07390467,29.91612134,0.001425
0.15,1834.7303,76.44709,0.0,0.00987941,0.07320393,29.91691666,0.001411
0.15,1835.7317,76.48882,0.0,0.00978574,0.07250983,29.91770443,0.001398
0.15,1836.7332,76.53055,0.0,0.00969295,0.07182231,29.91848473,0.001385
0.15,1837.7347,76.57228,0.0,0.00960105,0.07114131,29.91925764,0.001372
0.15,1838.7362,76.61401,0.0,0.00951001,0.07046677,29.92002321,0.001359
0.15,1839.7377,76.65574,0.0,0.00941984,0.06979863,29.92078153,0.001346
0.15,1840.7392,76.69747,0.0,0.00933053,0.06913682,29.92153266,0.001333
0.15,1841.7407,76.7392,0.0,0.00924206,0.06848128,29.92227666,0.00132
0.15,1842.7422,76.78092,0.0,0.00915443,0.06783196,29.92301361,0.001308
0.15,1843.7437,76.82265,0.0,0.00906763,0.0671888,29.92374358,0.001295
0.15,1844.7452,76.86438,0.0,0.00898165,0.06655173,29.92446662,0.001283
0.15,1845.7466,76.90611,0.0,0.00889649,0.06592071,29.9251828,0.001271
0.15,1846.7481,76.94784,0.0,0.00881213,0.06529567,29.9258922,0.001259
0.15,1847.7496,76.98957,0.0,0.00872858,0.06467655,29.92659487,0.001247
0.15,1848.7511,77.0313,0.0,0.00864582,0.06406331,29.92729087,0.001235
0.15,1849.7526,77.07303,0.0,0.00856384,0.06345588,29.92798028,0.001223
0.15,1850.7541,77.11475,0.0,0.00848264,0.06285421,29.92866315,0.001212
0.15,1851.7556,77.15648,0.0,0.00840221,0.06225824,29.92933955,0.0012
0.15,1852.7571,77.19821,0.0,0.00832254,0.06166793,29.93000953,0.001189
0.15,1853.7586,77.23994,0.0,0.00824363,0.06108321,29.93067316,0.001178
0.15,1854.7601,77.28167,0.0,0.00816547,0.06050404,29.9313305,0.001166
0.15,1855.7615,77.3234,0.0,0.00808805,0.05993035,29.9319816,0.001155
0.15,1856.763,77.36513,0.0,0.00801136,0.05936211,29.93262653,0.001144
0.15,1857.7645,77.40686,0.0,0.0079354,0.05879926,29.93326535,0.001134
0.15,1858.766,77.44858,0.0,0.00786015,0.05824174,29.93389811,0.001123
0.15,1859.7675,77.49031,0.0,0.00778563,0.05768951,29.93452487,0.001112
0.15,1860.769,77.53204,0.0,0.00771181,0.05714251,29.93514568,0.001102
0.15,1861.7705,77.57377,0.0,0.00763868,0.0566007,29.93576061,0.001091
0.15,1862.772,77.6155,0.0,0.00756626,0.05606403,29.93636971,0.001081
0.15,1863.7735,77.65723,0.0,0.00749452,0.05553245,29.93697304,0.001071
0.15,1864.775,77.69896,0.0,0.00742346,0.05500591,29.93757064,0.00106
0.15,1865.7765,77.74069,0.0,0.00735307,0.05448436,29.93816258,0.00105
0.15,1866.7779,77.78241,0.0,0.00728335,0.05396775,29.9387489,0.00104
0.15,1867.7794,77.82414,0.0,0.00721429,0.05345604,29.93932967,0.001031
0.15,1868.7809,77.86587,0.0,0.00714589,0.05294919,29.93990493,0.001021
0.15,1869.7824,77.9076,0.0,0.00707813,0.05244714,29.94047473,0.001011
0.15,1870.7839,77.94933,0.0,0.00701102,0.05194985,29.94103913,0.001002
0.15,1871.7854,77.99106,0.0,0.00694454,0.05145728,29.94159818,0.000992
0.15,1872.7869,78.03279,0.0,0.0068787,0.05096937,29.94215193,0.000983
0.15,1873.7884,78.07452,0.0,0.00681347,0.0504861,29.94270043,0.000973
0.15,1874.7899,78.11624,0.0,0.00674887,0.0500074,29.94324373,0.000964
0.15,1875.7914,78.15797,0.0,0.00668488,0.04953325,29.94378187,0.000955
0.15,1876.7928,78.1997,0.0,0.0066215,0.04906359,29.94431492,0.000946
0.15,1877.7943,78.24143,0.0,0.00655871,0.04859838,29.94484291,0.000937
0.15,1878.7958,78.28316,0.0,0.00649652,0.04813758,29.94536589,0.000928
0.15,1879.7973,78.32489,0.0,0.00643493,0.04768116,29.94588392,0.000919
0.15,1880.7988,78.36662,0.0,0.00637391,0.04722906,29.94639703,0.000911
0.15,1881.8003,78.40835,0.0,0.00631348,0.04678125,29.94690528,0.000902
0.15,1882.8018,78.45007,0.0,0.00625361,0.04633768,29.94740871,0.000893
0.15,1883.8033,78.4918,0.0,0.00619432,0.04589832,29.94790736,0.000885
0.15,1884.8048,78.53353,0.0,0.00613559,0.04546312,29.94840129,0.000877
0.15,1885.8063,78.57526,0.0,0.00607741,0.04503206,29.94889053,0.000868
0.15,1886.8077,78.61699,0.0,0.00601979,0.04460507,29.94937514,0.00086
0.15,1887.8092,78.65872,0.0,0.00596271,0.04418214,29.94985515,0.000852
0.15,1888.8107,78.70045,0.0,0.00590617,0.04376322,29.95033061,0.000844
0.15,1889.8122,78.74218,0.0,0.00585017,0.04334827,29.95080156,0.000836
0.15,1890.8137,78.7839,0.0,0.0057947,0.04293725,29.95126805,0.000828
0.15,1891.8152,78.82563,0.0,0.00573976,0.04253013,29.95173011,0.00082
0.15,1892.8167,78.86736,0.0,0.00568533,0.04212688,29.95218779,0.000812
0.15,1893.8182,78.90909,0.0,0.00563143,0.04172744,29.95264113,0.000804
0.15,1894.8197,78.95082,0.0,0.00557803,0.04133179,29.95309017,0.000797
0.15,1895.8212,78.99255,0.0,0.00552514,0.0409399,29.95353496,0.000789
0.15,1896.8227,79.03428,0.0,0.00547276,0.04055172,29.95397553,0.000782
0.15,1897.8241,79.07601,0.0,0.00542086,0.04016722,29.95441192,0.000774
0.15,1898.8256,79.11773,0.0,0.00536946,0.03978636,29.95484417,0.000767
0.15,1899.8271,79.15946,0.0,0.00531855,0.03940912,29.95527233,0.00076
0.15,1900.8286,79.20119,0.0,0.00526812,0.03903545,29.95569642,0.000753
0.15,1901.8301,79.24292,0.0,0.00521817,0.03866533,29.9561165,0.000745
0.15,1902.8316,79.28465,0.0,0.0051687,0.03829872,29.95653259,0.000738
0.15,1903.8331,79.32638,0.0,0.00511969,0.03793558,29.95694473,0.000731
0.15,1904.8346,79.36811,0.0,0.00507114,0.03757589,29.95735297,0.000724
0.15,1905.8361,79.40984,0.0,0.00502306,0.0372196,29.95775734,0.000718
0.15,1906.8376,79.45156,0.0,0.00497543,0.0368667,29.95815787,0.000711
0.15,1907.839,79.49329,0.0,0.00492826,0.03651714,29.9585546,0.000704
0.15,1908.8405,79.53502,0.0,0.00488153,0.03617089,29.95894758,0.000697
0.15,1909.842,79.57675,0.0,0.00483524,0.03582793,29.95933683,0.000691
0.15,1910.8435,79.61848,0.0,0.0047894,0.03548822,29.95972238,0.000684
0.15,1911.845,79.66021,0.0,0.00474399,0.03515173,29.96010428,0.000678
0.15,1912.8465,79.70194,0.0,0.00469901,0.03481843,29.96048256,0.000671
0.15,1913.848,79.74367,0.0,0.00465445,0.03448829,29.96085726,0.000665
0.15,1914.8495,79.78539,0.0,0.00461032,0.03416129,29.9612284,0.000659
0.15,1915.851,79.82712,0.0,0.00456661,0.03383738,29.96159602,0.000652
0.15,1916.8525,79.86885,0.0,0.00452331,0.03351654,29.96196015,0.000646
0.15,1917.8539,79.91058,0.0,0.00448042,0.03319875,29.96232084,0.00064
0.15,1918.8554,79.95231,0.0,0.00443794,0.03288397,29.9626781,0.000634
0.15,1919.8569,79.99404,0.0,0.00439586,0.03257217,29.96303197,0.000628
0.15,1920.8584,80.03577,0.0,0.00435418,0.03226333,29.96338249,0.000622
0.15,1921.8599,80.0775,0.0,0.00431289,0.03195742,29.96372969,0.000616
0.15,1922.8614,80.11923,0.0,0.004272,0.03165441,29.9640736,0.00061
0.15,1923.8629,80.16095,0.0,0.00423149,0.03135427,29.96441424,0.000604
0.15,1924.8644,80.20268,0.0,0.00419137,0.03105698,29.96475165,0.000599
0.15,1925.8659,80.24441,0.0,0.00415163,0.0307625,29.96508587,0.000593
0.15,1926.8674,80.28614,0.0,0.00411226,0.03047082,29.96541691,0.000587
0.15,1927.8689,80.32787,0.0,0.00407327,0.03018191,29.96574482,0.000582
0.15,1928.8703,80.3696,0.0,0.00403465,0.02989573,29.96606962,0.000576
0.15,1929.8718,80.41133,0.0,0.0039964,0.02961227,29.96639134,0.000571
0.15,1930.8733,80.45306,0.0,0.0039585,0.02933149,29.96671,0.000566
0.15,1931.8748,80.49478,0.0,0.00392097,0.02905338,29.96702565,0.00056
0.15,1932.8763,80.53651,0.0,0.00388379,0.0287779,29.9673383,0.000555
0.15,1933.8778,80.57824,0.0,0.00384697,0.02850504,29.96764799,0.00055
0.15,1934.8793,80.61997,0.0,0.00381049,0.02823476,29.96795475,0.000544
0.15,1935.8808,80.6617,0.0,0.00377436,0.02796705,29.96825859,0.000539
0.15,1936.8823,80.70343,0.0,0.00373857,0.02770187,29.96855955,0.000534
0.15,1937.8838,80.74516,0.0,0.00370313,0.02743921,29.96885766,0.000529
0.15,1938.8852,80.78689,0.0,0.00366801,0.02717904,29.96915294,0.000524
0.15,1939.8867,80.82861,0.0,0.00363323,0.02692134,29.96944543,0.000519
0.15,1940.8882,80.87034,0.0,0.00359879,0.02666608,29.96973514,0.000514
0.15,1941.8897,80.91207,0.0,0.00356466,0.02641324,29.9700221,0.000509
0.15,1942.8912,80.9538,0.0,0.00353086,0.0261628,29.97030634,0.000504
0.15,1943.8927,80.99553,0.0,0.00349738,0.02591473,29.97058789,0.0005
0.15,1944.8942,81.03726,0.0,0.00346422,0.02566901,29.97086677,0.000495
0.15,1945.8957,81.07899,0.0,0.00343138,0.02542562,29.971143,0.00049
0.15,1946.8972,81.12072,0.0,0.00339884,0.02518455,29.97141661,0.000486
0.15,1947.8987,81.16244,0.0,0.00336661,0.02494575,29.97168763,0.000481
0.15,1948.9001,81.20417,0.0,0.00333469,0.02470923,29.97195608,0.000476
0.15,1949.9016,81.2459,0.0,0.00330307,0.02447494,29.97222199,0.000472
0.15,1950.9031,81.28763,0.0,0.00327176,0.02424287,29.97248537,0.000467
0.15,1951.9046,81.32936,0.0,0.00324073,0.02401301,29.97274626,0.000463
0.15,1952.9061,81.37109,0.0,0.00321001,0.02378533,29.97300467,0.000459
0.15,1953.9076,81.41282,0.0,0.00317957,0.0235598,29.97326063,0.000454
0.15,1954.9091,81.45455,0.0,0.00314942,0.02333641,29.97351416,0.00045
0.15,1955.9106,81.49627,0.0,0.00311956,0.02311514,29.9737653,0.000446
0.15,1956.9121,81.538,0.0,0.00308998,0.02289597,29.97401405,0.000441
0.15,1957.9136,81.57973,0.0,0.00306068,0.02267888,29.97426044,0.000437
0.15,1958.9151,81.62146,0.0,0.00303166,0.02246385,29.97450449,0.000433
0.15,1959.9165,81.66319,0.0,0.00300292,0.02225085,29.97474623,0.000429
0.15,1960.918,81.70492,0.0,0.00297444,0.02203987,29.97498568,0.000425
0.15,1961.9195,81.74665,0.0,0.00294624,0.0218309,29.97522286,0.000421
0.15,1962.921,81.78838,0.0,0.00291831,0.0216239,29.97545779,0.000417
0.15,1963.9225,81.8301,0.0,0.00289064,0.02141887,29.97569049,0.000413
0.15,1964.924,81.87183,0.0,0.00286323,0.02121578,29.97592099,0.000409
0.15,1965.9255,81.91356,0.0,0.00283608,0.02101462,29.9761493,0.000405
0.15,1966.927,81.95529,0.0,0.00280919,0.02081537,29.97637544,0.000401
0.15,1967.9285,81.99702,0.0,0.00278255,0.020618,29.97659945,0.000398
0.15,1968.93,82.03875,0.0,0.00275617,0.02042251,29.97682132,0.000394
0.15,1969.9314,82.08048,0.0,0.00273004,0.02022887,29.9770411,0.00039
0.15,1970.9329,82.12221,0.0,0.00270415,0.02003706,29.97725879,0.000386
0.15,1971.9344,82.16393,0.0,0.00267851,0.01984708,29.97747441,0.000383
0.15,1972.9359,82.20566,0.0,0.00265311,0.01965889,29.97768799,0.000379
0.15,1973.9374,82.24739,0.0,0.00262796,0.01947249,29.97789955,0.000375
0.15,1974.9389,82.28912,0.0,0.00260304,0.01928786,29.9781091,0.000372
0.15,1975.9404,82.33085,0.0,0.00257836,0.01910498,29.97831666,0.000368
0.15,1976.9419,82.37258,0.0,0.00255391,0.01892383,29.97852226,0.000365
0.15,1977.9434,82.41431,0.0,0.0025297,0.0187444,29.9787259,0.000361
0.15,1978.9449,82.45604,0.0,0.00250571,0.01856667,29.97892762,0.000358
0.15,1979.9463,82.49776,0.0,0.00248195,0.01839063,29.97912742,0.000355
0.15,1980.9478,82.53949,0.0,0.00245842,0.01821625,29.97932533,0.000351
0.15,1981.9493,82.58122,0.0,0.00243511,0.01804353,29.97952136,0.000348
0.15,1982.9508,82.62295,0.0,0.00241202,0.01787245,29.97971553,0.000345
0.15,1983.9523,82.66468,0.0,0.00238915,0.01770299,29.97990786,0.000341
0.15,1984.9538,82.70641,0.0,0.0023665,0.01753513,29.98009837,0.000338
0.15,1985.9553,82.74814,0.0,0.00234406,0.01736887,29.98028707,0.000335
0.15,1986.9568,82.78987,0.0,0.00232183,0.01720418,29.98047399,0.000332
0.15,1987.9583,82.83159,0.0,0.00229982,0.01704106,29.98065913,0.000329
0.15,1988.9598,82.87332,0.0,0.00227801,0.01687948,29.98084251,0.000325
0.15,1989.9613,82.91505,0.0,0.00225641,0.01671943,29.98102416,0.000322
0.15,1990.9627,82.95678,0.0,0.00223502,0.0165609,29.98120408,0.000319
0.15,1991.9642,82.99851,0.0,0.00221383,0.01640388,29.9813823,0.000316
0.15,1992.9657,83.04024,0.0,0.00219283,0.01624834,29.98155882,0.000313
0.15,1993.9672,83.08197,0.0,0.00217204,0.01609428,29.98173368,0.00031
0.15,1994.9687,83.1237,0.0,0.00215145,0.01594168,29.98190687,0.000307
0.15,1995.9702,83.16542,0.0,0.00213105,0.01579052,29.98207843,0.000304
0.15,1996.9717,83.20715,0.0,0.00211084,0.0156408,29.98224836,0.000302
0.15,1997.9732,83.24888,0.0,0.00209083,0.0154925,29.98241667,0.000299
0.15,1998.9747,83.29061,0.0,0.002071,0.0153456,29.98258339,0.000296
0.15,1999.9762,83.33234,0.0,0.00205137,0.0152001,29.98274853,0.000293
0.15,2000.9776,83.37407,0.0,0.00203192,0.01505598,29.9829121,0.00029
0.15,2001.9791,83.4158,0.0,0.00201265,0.01491322,29.98307413,0.000288
0.15,2002.9806,83.45753,0.0,0.00199357,0.01477182,29.98323461,0.000285
0.15,2003.9821,83.49925,0.0,0.00197466,0.01463176,29.98339358,0.000282
0.15,2004.9836,83.54098,0.0,0.00195594,0.01449302,29.98355104,0.000279
0.15,2005.9851,83.58271,0.0,0.0019374,0.0143556,29.983707,0.000277
0.15,2006.9866,83.62444,0.0,0.00191903,0.01421949,29.98386149,0.000274
0.15,2007.9881,83.66617,0.0,0.00190083,0.01408466,29.98401451,0.000272
0.15,2008.9896,83.7079,0.0,0.00188281,0.01395112,29.98416608,0.000269
0.15,2009.9911,83.74963,0.0,0.00186495,0.01381884,29.98431621,0.000266
0.15,2010.9925,83.79136,0.0,0.00184727,0.01368781,29.98446492,0.000264
0.15,2011.994,83.83308,0.0,0.00182976,0.01355803,29.98461222,0.000261
0.15,2012.9955,83.87481,0.0,0.00181241,0.01342947,29.98475812,0.000259
0.15,2013.997,83.91654,0.0,0.00179522,0.01330214,29.98490264,0.000256
0.15,2014.9985,83.95827,0.0,0.0017782,0.01317601,29.98504579,0.000254
0.15,2016.0,84.0,0.0,0.00176134,0.01305108,29.98518758,0.000252
0.2,0.0,0.0,0.0,0.0,0.0,0.0,0.0
0.2,0.0,0.0,10.0,0.0,0.0,0.0,0.0
0.2,0.0,0.0,10.0,0.0,0.0,0.0,0.0
0.2,1.0,0.04167,8.18730753,1.50244296,0.24403196,0.06621755,0.214635
0.2,2.0,0.08333,6.70320046,2.27610898,0.79959158,0.22109898,0.325158
0.2,3.0,0.125,5.48811636,2.60922158,1.48392316,0.4187389,0.372746
0.2,4.0,0.16667,4.49328964,2.68417218,2.19078876,0.63174943,0.383453
0.2,5.0,0.20833,3.67879441,2.6150988,2.86170293,0.84440386,0.373586
0.2,6.0,0.25,3.01194212,2.47233854,3.46749484,1.0482245,0.353191
0.2,7.0,0.29167,2.46596964,2.29830075,3.99657034,1.23915927,0.328329
0.2,8.0,0.33333,2.01896518,2.11773954,4.44750706,1.41578822,0.302534
0.2,9.0,0.375,1.65298888,1.94437575,4.82443996,1.5781954,0.277768
0.2,10.0,0.41667,1.35335283,1.785144,5.13423444,1.72726872,0.255021
0.2,11.0,0.45833,1.10803158,1.64289854,5.38479643,1.86427346,0.2347
0.2,12.0,0.5,0.90717953,1.51812197,5.58409905,1.99059944,0.216875
0.2,13.0,0.54167,0.74273578,1.40999169,5.7396551,2.10761742,0.201427
0.2,14.0,0.58333,0.60810063,1.31703441,5.85826202,2.21660294,0.188148
0.2,15.0,0.625,0.49787068,1.23751863,5.9459093,2.31870139,0.176788
0.2,16.0,0.66667,0.40762204,1.16968167,6.00777902,2.41491727,0.167097
0.2,17.0,0.70833,0.3337327,1.1118538,6.04829628,2.50611722,0.158836
0.2,18.0,0.75,0.27323722,1.06251903,6.07120355,2.5930402,0.151788
0.2,19.0,0.79167,0.22370772,1.0203384,6.079643,2.67631088,0.145763
0.2,20.0,0.83333,0.18315639,0.98415135,6.07623824,2.75645402,0.140593
0.2,21.0,0.875,0.14995577,0.95296546,6.06317044,2.83390833,0.136138
0.2,22.0,0.91667,0.1227734,0.9259404,6.04224686,2.90903933,0.132277
0.2,23.0,0.95833,0.10051836,0.90236987,6.01496096,2.98215081,0.12891
0.2,24.0,1.0,0.08229747,0.88166355,5.98254418,3.0534948,0.125952
0.2,25.0,1.04167,0.06737947,0.86333015,5.9460102,3.12328018,0.123333
0.2,26.0,1.08333,0.05516564,0.84696217,5.90619221,3.19167998,0.120995
0.2,27.0,1.125,0.04516581,0.8322225,5.86377419,3.2588375,0.118889
0.2,28.0,1.16667,0.03697864,0.81883278,5.81931705,3.32487153,0.116976
0.2,29.0,1.20833,0.03027555,0.80656352,5.77328034,3.38988059,0.115223
0.2,30.0,1.25,0.02478752,0.79522578,5.72604019,3.45394651,0.113604
0.2,31.0,1.29167,0.02029431,0.78466411,5.6779042,3.51713738,0.112095
0.2,32.0,1.33333,0.01661557,0.7747507,5.6291237,3.57951003,0.110679
0.2,33.0,1.375,0.01360368,0.76538054,5.57990382,3.64111197,0.10934
0.2,34.0,1.41667,0.01113775,0.75646735,5.53041181,3.70198309,0.108067
0.2,35.0,1.45833,0.00911882,0.74794028,5.48078387,3.76215703,0.106849
0.2,36.0,1.5,0.00746586,0.73974112,5.43113075,3.82166227,0.105677
0.2,37.0,1.54167,0.00611253,0.73182205,5.38154236,3.88052307,0.104546
0.2,38.0,1.58333,0.00500451,0.72414377,5.3320915,3.93876021,0.103449
0.2,39.0,1.625,0.00409735,0.716674,5.28283702,3.99639163,0.102382
0.2,40.0,1.66667,0.00335463,0.70938616,5.23382631,4.0534329,0.101341
0.2,41.0,1.70833,0.00274654,0.7022584,5.18509739,4.10989768,0.100323
0.2,42.0,1.75,0.00224867,0.6952727,5.1366806,4.16579803,0.099325
0.2,43.0,1.79167,0.00184106,0.6884142,5.08860005,4.2211447,0.098345
0.2,44.0,1.83333,0.00150733,0.68167063,5.04087468,4.27594736,0.097382
0.2,45.0,1.875,0.0012341,0.67503185,4.99351926,4.33021479,0.096433
0.2,46.0,1.91667,0.00101039,0.66848944,4.94654514,4.38395503,0.095498
0.2,47.0,1.95833,0.00082724,0.66203642,4.89996085,4.43717549,0.094577
0.2,48.0,2.0,0.00067729,0.65566697,4.85377266,4.48988308,0.093667
0.2,49.0,2.04167,0.00055452,0.64937622,4.80798496,4.5420843,0.092768
0.2,50.0,2.08333,0.000454,0.6431601,4.76260063,4.59378527,0.09188
0.2,51.0,2.125,0.0003717,0.63701516,4.71762132,4.64499181,0.091002
0.2,52.0,2.16667,0.00030432,0.6309385,4.67304766,4.69570951,0.090134
0.2,53.0,2.20833,0.00024916,0.62492764,4.62887948,4.74594373,0.089275
0.2,54.0,2.25,0.000204,0.61898045,4.58511592,4.79569963,0.088426
0.2,55.0,2.29167,0.00016702,0.61309512,4.54175562,4.84498225,0.087585
0.2,56.0,2.33333,0.00013674,0.60727004,4.49879676,4.89379646,0.086753
0.2,57.0,2.375,0.00011195,0.60150382,4.4562372,4.94214702,0.085929
0.2,58.0,2.41667,9.166e-05,0.59579525,4.41407449,4.99003861,0.085114
0.2,59.0,2.45833,7.505e-05,0.5901432,4.37230598,5.03747577,0.084306
0.2,60.0,2.5,6.144e-05,0.58454671,4.33092884,5.084463,0.083507
0.2,61.0,2.54167,5.03e-05,0.57900488,4.28994011,5.1310047,0.082715
0.2,62.0,2.58333,4.119e-05,0.57351688,4.24933672,5.17710522,0.081931
0.2,63.0,2.625,3.372e-05,0.56808195,4.20911551,5.22276882,0.081155
0.2,64.0,2.66667,2.761e-05,0.5626994,4.16927326,5.26799973,0.080386
0.2,65.0,2.70833,2.26e-05,0.55736856,4.12980673,5.3128021,0.079624
0.2,66.0,2.75,1.851e-05,0.55208881,4.09071263,5.35718006,0.07887
0.2,67.0,2.79167,1.515e-05,0.54685954,4.05198765,5.40113766,0.078123
0.2,68.0,2.83333,1.24e-05,0.5416802,4.01362848,5.44467892,0.077383
0.2,69.0,2.875,1.016e-05,0.53655022,3.97563181,5.48780781,0.07665
0.2,70.0,2.91667,8.32e-06,0.5314691,3.93799433,5.53052825,0.075924
0.2,71.0,2.95833,6.81e-06,0.5264363,3.90071274,5.57284415,0.075205
0.2,72.0,3.0,5.57e-06,0.52145134,3.86378375,5.61475934,0.074493
0.2,73.0,3.04167,4.56e-06,0.51651373,3.82720408,5.65627763,0.073788
0.2,74.0,3.08333,3.74e-06,0.51162298,3.79097049,5.69740278,0.073089
0.2,75.0,3.125,3.06e-06,0.50677865,3.75507975,5.73813854,0.072397
0.2,76.0,3.16667,2.5e-06,0.50198026,3.71952864,5.77848859,0.071711
0.2,77.0,3.20833,2.05e-06,0.49722737,3.68431398,5.8184566,0.071032
0.2,78.0,3.25,1.68e-06,0.49251953,3.64943262,5.85804617,0.07036
0.2,79.0,3.29167,1.37e-06,0.48785631,3.6148814,5.89726091,0.069694
0.2,80.0,3.33333,1.13e-06,0.48323728,3.58065723,5.93610436,0.069034
0.2,81.0,3.375,9.2e-07,0.47866201,3.54675702,5.97458004,0.06838
0.2,82.0,3.41667,7.5e-07,0.47413008,3.51317772,6.01269144,0.067733
0.2,83.0,3.45833,6.2e-07,0.46964108,3.4799163,6.050442,0.067092
0.2,84.0,3.5,5.1e-07,0.4651946,3.44696975,6.08783515,0.066456
0.2,85.0,3.54167,4.1e-07,0.46079023,3.4143351,6.12487426,0.065827
0.2,86.0,3.58333,3.4e-07,0.45642757,3.3820094,6.1615627,0.065204
0.2,87.0,3.625,2.8e-07,0.45210622,3.34998973,6.19790377,0.064587
0.2,88.0,3.66667,2.3e-07,0.44782579,3.3182732,6.23390078,0.063975
0.2,89.0,3.70833,1.9e-07,0.4435859,3.28685693,6.26955698,0.063369
0.2,90.0,3.75,1.5e-07,0.43938615,3.2557381,6.3048756,0.062769
0.2,91.0,3.79167,1.2e-07,0.43522617,3.22491388,6.33985983,0.062175
0.2,92.0,3.83333,1e-07,0.43110558,3.19438149,6.37451283,0.061587
0.2,93.0,3.875,8e-08,0.427024,3.16413816,6.40883776,0.061003
0.2,94.0,3.91667,7e-08,0.42298106,3.13418116,6.4428377,0.060426
0.2,95.0,3.95833,6e-08,0.41897641,3.10450778,6.47651575,0.059854
0.2,96.0,4.0,5e-08,0.41500967,3.07511534,6.50987494,0.059287
0.2,97.0,4.04167,4e-08,0.41108049,3.04600117,6.5429183,0.058726
0.2,98.0,4.08333,3e-08,0.40718851,3.01716264,6.57564881,0.05817
0.2,99.0,4.125,3e-08,0.40333338,2.98859715,6.60806944,0.057619
0.2,100.0,4.16667,2e-08,0.39951475,2.9603021,6.64018313,0.057074
0.2,101.0,4.20833,2e-08,0.39573227,2.93227494,6.67199277,0.056533
0.2,102.0,4.25,1e-08,0.39198561,2.90451313,6.70350125,0.055998
0.2,103.0,4.29167,1e-08,0.38827442,2.87701416,6.73471141,0.055468
0.2,104.0,4.33333,1e-08,0.38459836,2.84977554,6.76562609,0.054943
0.2,105.0,4.375,1e-08,0.38095711,2.82279481,6.79624808,0.054422
0.2,106.0,4.41667,1e-08,0.37735033,2.79606952,6.82658015,0.053907
0.2,107.0,4.45833,1e-08,0.3737777,2.76959725,6.85662504,0.053397
0.2,108.0,4.5,0.0,0.3702389,2.74337562,6.88638548,0.052891
0.2,109.0,4.54167,0.0,0.3667336,2.71740224,6.91586416,0.052391
0.2,110.0,4.58333,0.0,0.36326148,2.69167477,6.94506374,0.051894
0.2,111.0,4.625,0.0,0.35982224,2.66619088,6.97398687,0.051403
0.2,112.0,4.66667,0.0,0.35641556,2.64094826,7.00263617,0.050917
0.2,113.0,4.70833,0.0,0.35304114,2.61594464,7.03101422,0.050434
0.2,114.0,4.75,0.0,0.34969866,2.59117773,7.0591236,0.049957
0.2,115.0,4.79167,0.0,0.34638783,2.56664532,7.08696685,0.049484
0.2,116.0,4.83333,0.0,0.34310834,2.54234516,7.11454649,0.049015
0.2,117.0,4.875,0.0,0.33985991,2.51827508,7.14186502,0.048551
0.2,118.0,4.91667,0.0,0.33664223,2.49443288,7.1689249,0.048092
0.2,119.0,4.95833,0.0,0.33345501,2.47081641,7.19572858,0.047636
0.2,120.0,5.0,0.0,0.33029796,2.44742353,7.2222785,0.047185
0.2,121.0,5.04167,0.0,0.32717081,2.42425213,7.24857706,0.046739
0.2,122.0,5.08333,0.0,0.32407327,2.40130011,7.27462662,0.046296
0.2,123.0,5.125,0.0,0.32100505,2.37856539,7.30042956,0.045858
0.2,124.0,5.16667,0.0,0.31796588,2.35604592,7.3259882,0.045424
0.2,125.0,5.20833,0.0,0.31495548,2.33373965,7.35130487,0.044994
0.2,126.0,5.25,0.0,0.31197359,2.31164457,7.37638184,0.044568
0.2,127.0,5.29167,0.0,0.30901992,2.28975868,7.40122139,0.044146
0.2,128.0,5.33333,0.0,0.30609422,2.26808,7.42582577,0.043728
0.2,129.0,5.375,0.0,0.30319623,2.24660657,7.45019721,0.043314
0.2,130.0,5.41667,0.0,0.30032566,2.22533643,7.4743379,0.042904
0.2,131.0,5.45833,0.0,0.29748228,2.20426768,7.49825004,0.042497
0.2,132.0,5.5,0.0,0.29466581,2.1833984,7.52193579,0.042095
0.2,133.0,5.54167,0.0,0.29187602,2.1627267,7.54539728,0.041697
0.2,134.0,5.58333,0.0,0.28911263,2.14225072,7.56863665,0.041302
0.2,135.0,5.625,0.0,0.28637541,2.12196859,7.591656,0.040911
0.2,136.0,5.66667,0.0,0.2836641,2.10187849,7.61445741,0.040523
0.2,137.0,5.70833,0.0,0.28097846,2.0819786,7.63704294,0.04014
0.2,138.0,5.75,0.0,0.27831825,2.06226711,7.65941464,0.03976
0.2,139.0,5.79167,0.0,0.27568322,2.04274225,7.68157453,0.039383
0.2,140.0,5.83333,0.0,0.27307314,2.02340224,7.70352462,0.03901
0.2,141.0,5.875,0.0,0.27048778,2.00424533,7.72526689,0.038641
0.2,142.0,5.91667,0.0,0.26792689,1.98526979,7.74680332,0.038275
0.2,143.0,5.95833,0.0,0.26539025,1.96647391,7.76813584,0.037913
0.2,144.0,6.0,0.0,0.26287762,1.94785599,7.7892664,0.037554
0.2,145.0,6.04167,0.0,0.26038878,1.92941433,7.8101969,0.037198
0.2,146.0,6.08333,0.0,0.2579235,1.91114727,7.83092923,0.036846
0.2,147.0,6.125,0.0,0.25548157,1.89305315,7.85146528,0.036497
0.2,148.0,6.16667,0.0,0.25306275,1.87513035,7.8718069,0.036152
0.2,149.0,6.20833,0.0,0.25066684,1.85737723,7.89195593,0.03581
0.2,150.0,6.25,0.0,0.24829361,1.8397922,7.9119142,0.035471
0.2,151.0,6.29167,0.0,0.24594285,1.82237365,7.93168351,0.035135
0.2,152.0,6.33333,0.0,0.24361434,1.80512002,7.95126565,0.034802
0.2,153.0,6.375,0.0,0.24130788,1.78802973,7.97066239,0.034473
0.2,154.0,6.41667,0.0,0.23902326,1.77110126,7.98987549,0.034146
0.2,155.0,6.45833,0.0,0.23676026,1.75433305,8.00890669,0.033823
0.2,156.0,6.5,0.0,0.23451869,1.7377236,8.0277577,0.033503
0.2,157.0,6.54167,0.0,0.23229835,1.72127141,8.04643024,0.033185
0.2,158.0,6.58333,0.0,0.23009902,1.70497498,8.064926,0.032871
0.2,159.0,6.625,0.0,0.22792052,1.68883284,8.08324664,0.03256
0.2,160.0,6.66667,0.0,0.22576265,1.67284352,8.10139383,0.032252
0.2,161.0,6.70833,0.0,0.2236252,1.65700559,8.11936921,0.031946
0.2,162.0,6.75,0.0,0.22150799,1.64131761,8.1371744,0.031644
0.2,163.0,6.79167,0.0,0.21941082,1.62577815,8.15481102,0.031344
0.2,164.0,6.83333,0.0,0.21733351,1.61038582,8.17228066,0.031048
0.2,165.0,6.875,0.0,0.21527587,1.59513922,8.18958491,0.030754
0.2,166.0,6.91667,0.0,0.21323771,1.58003697,8.20672532,0.030463
0.2,167.0,6.95833,0.0,0.21121885,1.5650777,8.22370346,0.030174
0.2,168.0,7.0,0.0,0.2092191,1.55026005,8.24052085,0.029888
0.2,169.0,7.04167,0.0,0.20723828,1.5355827,8.25717902,0.029605
0.2,170.0,7.08333,0.0,0.20527622,1.52104431,8.27367947,0.029325
0.2,171.0,7.125,0.0,0.20333273,1.50664356,8.29002371,0.029048
0.2,172.0,7.16667,0.0,0.20140764,1.49237916,8.3062132,0.028773
0.2,173.0,7.20833,0.0,0.19950078,1.4782498,8.32224942,0.0285
0.2,174.0,7.25,0.0,0.19761197,1.46425422,8.33813381,0.02823
0.2,175.0,7.29167,0.0,0.19574105,1.45039115,8.35386781,0.027963
0.2,176.0,7.33333,0.0,0.19388783,1.43665932,8.36945285,0.027698
0.2,177.0,7.375,0.0,0.19205217,1.4230575,8.38489033,0.027436
0.2,178.0,7.41667,0.0,0.19023388,1.40958446,8.40018166,0.027176
0.2,179.0,7.45833,0.0,0.18843281,1.39623898,8.41532821,0.026919
0.2,180.0,7.5,0.0,0.18664879,1.38301985,8.43033136,0.026664
0.2,181.0,7.54167,0.0,0.18488166,1.36992587,8.44519247,0.026412
0.2,182.0,7.58333,0.0,0.18313126,1.35695587,8.45991287,0.026162
0.2,183.0,7.625,0.0,0.18139744,1.34410865,8.47449391,0.025914
0.2,184.0,7.66667,0.0,0.17968002,1.33138308,8.4889369,0.025669
0.2,185.0,7.70833,0.0,0.17797887,1.31877798,8.50324315,0.025426
0.2,186.0,7.75,0.0,0.17629383,1.30629222,8.51741395,0.025185
0.2,187.0,7.79167,0.0,0.17462474,1.29392468,8.53145059,0.024946
0.2,188.0,7.83333,0.0,0.17297145,1.28167423,8.54535433,0.02471
0.2,189.0,7.875,0.0,0.17133381,1.26953976,8.55912643,0.024476
0.2,190.0,7.91667,0.0,0.16971168,1.25752017,8.57276815,0.024245
0.2,191.0,7.95833,0.0,0.1681049,1.24561438,8.58628071,0.024015
0.2,192.0,8.0,0.0,0.16651334,1.23382132,8.59966534,0.023788
0.2,193.0,8.04167,0.0,0.16493685,1.2221399,8.61292325,0.023562
0.2,194.0,8.08333,0.0,0.16337528,1.21056908,8.62605564,0.023339
0.2,195.0,8.125,0.0,0.1618285,1.19910782,8.63906369,0.023118
0.2,196.0,8.16667,0.0,0.16029636,1.18775506,8.65194859,0.022899
0.2,197.0,8.20833,0.0,0.15877872,1.17650978,8.66471149,0.022683
0.2,198.0,8.25,0.0,0.15727546,1.16537098,8.67735356,0.022468
0.2,199.0,8.29167,0.0,0.15578643,1.15433763,8.68987595,0.022255
0.2,200.0,8.33333,0.0,0.15431149,1.14340874,8.70227977,0.022044
0.2,201.0,8.375,0.0,0.15285052,1.13258332,8.71456616,0.021836
0.2,202.0,8.41667,0.0,0.15140338,1.12186039,8.72673622,0.021629
0.2,203.0,8.45833,0.0,0.14996995,1.11123899,8.73879106,0.021424
0.2,204.0,8.5,0.0,0.14855008,1.10071814,8.75073177,0.021221
0.2,205.0,8.54167,0.0,0.14714366,1.09029691,8.76255943,0.021021
0.2,206.0,8.58333,0.0,0.14575055,1.07997434,8.77427511,0.020822
0.2,207.0,8.625,0.0,0.14437063,1.06974949,8.78587987,0.020624
0.2,208.0,8.66667,0.0,0.14300378,1.05962146,8.79737476,0.020429
0.2,209.0,8.70833,0.0,0.14164987,1.04958931,8.80876082,0.020236
0.2,210.0,8.75,0.0,0.14030877,1.03965214,8.82003908,0.020044
0.2,211.0,8.79167,0.0,0.13898037,1.02980906,8.83121057,0.019854
0.2,212.0,8.83333,0.0,0.13766455,1.02005917,8.84227628,0.019666
0.2,213.0,8.875,0.0,0.13636119,1.01040158,8.85323723,0.01948
0.2,214.0,8.91667,0.0,0.13507017,1.00083543,8.8640944,0.019296
0.2,215.0,8.95833,0.0,0.13379137,0.99135985,8.87484878,0.019113
0.2,216.0,9.0,0.0,0.13252468,0.98197398,8.88550134,0.018932
0.2,217.0,9.04167,0.0,0.13126998,0.97267698,8.89605305,0.018753
0.2,218.0,9.08333,0.0,0.13002715,0.96346799,8.90650485,0.018575
0.2,219.0,9.125,0.0,0.1287961,0.95434619,8.91685771,0.018399
0.2,220.0,9.16667,0.0,0.1275767,0.94531076,8.92711254,0.018225
0.2,221.0,9.20833,0.0,0.12636885,0.93636087,8.93727029,0.018053
0.2,222.0,9.25,0.0,0.12517243,0.92749571,8.94733186,0.017882
0.2,223.0,9.29167,0.0,0.12398734,0.91871449,8.95729818,0.017712
0.2,224.0,9.33333,0.0,0.12281347,0.9100164,8.96717013,0.017545
0.2,225.0,9.375,0.0,0.12165071,0.90140067,8.97694863,0.017379
0.2,226.0,9.41667,0.0,0.12049896,0.8928665,8.98663454,0.017214
0.2,227.0,9.45833,0.0,0.11935811,0.88441313,8.99622875,0.017051
0.2,228.0,9.5,0.0,0.11822807,0.8760398,9.00573213,0.01689
0.2,229.0,9.54167,0.0,0.11710873,0.86774575,9.01514553,0.01673
0.2,230.0,9.58333,0.0,0.11599998,0.85953021,9.02446981,0.016571
0.2,231.0,9.625,0.0,0.11490173,0.85139247,9.0337058,0.016415
0.2,232.0,9.66667,0.0,0.11381388,0.84333176,9.04285436,0.016259
0.2,233.0,9.70833,0.0,0.11273633,0.83534737,9.0519163,0.016105
0.2,234.0,9.75,0.0,0.11166898,0.82743858,9.06089244,0.015953
0.2,235.0,9.79167,0.0,0.11061173,0.81960466,9.06978361,0.015802
0.2,236.0,9.83333,0.0,0.1095645,0.81184492,9.07859059,0.015652
0.2,237.0,9.875,0.0,0.10852717,0.80415864,9.08731419,0.015504
0.2,238.0,9.91667,0.0,0.10749967,0.79654513,9.0959552,0.015357
0.2,239.0,9.95833,0.0,0.1064819,0.7890037,9.1045144,0.015212
0.2,240.0,10.0,0.0,0.10547377,0.78153367,9.11299256,0.015068
0.2,241.0,10.04167,0.0,0.10447518,0.77413437,9.12139045,0.014925
0.2,242.0,10.08333,0.0,0.10348604,0.76680512,9.12970884,0.014784
0.2,243.0,10.125,0.0,0.10250627,0.75954526,9.13794847,0.014644
0.2,244.0,10.16667,0.0,0.10153577,0.75235414,9.14611009,0.014505
0.2,245.0,10.20833,0.0,0.10057447,0.7452311,9.15419444,0.014368
0.2,246.0,10.25,0.0,0.09962226,0.73817549,9.16220225,0.014232
0.2,247.0,10.29167,0.0,0.09867907,0.73118669,9.17013424,0.014097
0.2,248.0,10.33333,0.0,0.09774481,0.72426406,9.17799114,0.013964
0.2,249.0,10.375,0.0,0.09681939,0.71740696,9.18577365,0.013831
0.2,250.0,10.41667,0.0,0.09590274,0.71061479,9.19348247,0.0137
0.2,251.0,10.45833,0.0,0.09499476,0.70388692,9.20111832,0.013571
0.2,252.0,10.5,0.0,0.09409538,0.69722275,9.20868186,0.013442
0.2,253.0,10.54167,0.0,0.09320452,0.69062168,9.2161738,0.013315
0.2,254.0,10.58333,0.0,0.09232209,0.6840831,9.22359481,0.013189
0.2,255.0,10.625,0.0,0.09144801,0.67760642,9.23094556,0.013064
0.2,256.0,10.66667,0.0,0.09058221,0.67119107,9.23822672,0.01294
0.2,257.0,10.70833,0.0,0.08972461,0.66483645,9.24543893,0.012818
0.2,258.0,10.75,0.0,0.08887513,0.658542,9.25258287,0.012696
0.2,259.0,10.79167,0.0,0.08803369,0.65230714,9.25965917,0.012576
0.2,260.0,10.83333,0.0,0.08720021,0.64613131,9.26666847,0.012457
0.2,261.0,10.875,0.0,0.08637463,0.64001395,9.27361141,0.012339
0.2,262.0,10.91667,0.0,0.08555687,0.63395451,9.28048862,0.012222
0.2,263.0,10.95833,0.0,0.08474684,0.62795244,9.28730072,0.012107
0.2,264.0,11.0,0.0,0.08394449,0.62200719,9.29404832,0.011992
0.2,265.0,11.04167,0.0,0.08314973,0.61611823,9.30073204,0.011879
0.2,266.0,11.08333,0.0,0.08236249,0.61028503,9.30735248,0.011766
0.2,267.0,11.125,0.0,0.08158271,0.60450705,9.31391024,0.011655
0.2,268.0,11.16667,0.0,0.08081031,0.59878378,9.32040591,0.011544
0.2,269.0,11.20833,0.0,0.08004523,0.59311469,9.32684008,0.011435
0.2,270.0,11.25,0.0,0.07928739,0.58749928,9.33321334,0.011327
0.2,271.0,11.29167,0.0,0.07853672,0.58193703,9.33952625,0.01122
0.2,272.0,11.33333,0.0,0.07779316,0.57642744,9.3457794,0.011113
0.2,273.0,11.375,0.0,0.07705664,0.57097001,9.35197335,0.011008
0.2,274.0,11.41667,0.0,0.07632709,0.56556426,9.35810865,0.010904
0.2,275.0,11.45833,0.0,0.07560445,0.56020968,9.36418587,0.010801
0.2,276.0,11.5,0.0,0.07488865,0.5549058,9.37020555,0.010698
0.2,277.0,11.54167,0.0,0.07417963,0.54965213,9.37616823,0.010597
0.2,278.0,11.58333,0.0,0.07347733,0.54444821,9.38207447,0.010497
0.2,279.0,11.625,0.0,0.07278167,0.53929355,9.38792478,0.010397
0.2,280.0,11.66667,0.0,0.07209259,0.5341877,9.39371971,0.010299
0.2,281.0,11.70833,0.0,0.07141004,0.52913018,9.39945977,0.010201
0.2,282.0,11.75,0.0,0.07073396,0.52412055,9.40514549,0.010105
0.2,283.0,11.79167,0.0,0.07006427,0.51915835,9.41077737,0.010009
0.2,284.0,11.83333,0.0,0.06940093,0.51424313,9.41635594,0.009914
0.2,285.0,11.875,0.0,0.06874386,0.50937445,9.42188169,0.009821
0.2,286.0,11.91667,0.0,0.06809302,0.50455186,9.42735512,0.009728
0.2,287.0,11.95833,0.0,0.06744833,0.49977493,9.43277674,0.009635
0.2,288.0,12.0,0.0,0.06680976,0.49504322,9.43814702,0.009544
0.2,289.0,12.04167,0.0,0.06617722,0.49035632,9.44346646,0.009454
0.2,290.0,12.08333,0.0,0.06555068,0.48571378,9.44873554,0.009364
0.2,291.0,12.125,0.0,0.06493007,0.48111521,9.45395473,0.009276
0.2,292.0,12.16667,0.0,0.06431533,0.47656017,9.4591245,0.009188
0.2,293.0,12.20833,0.0,0.06370641,0.47204825,9.46424533,0.009101
0.2,294.0,12.25,0.0,0.06310326,0.46757905,9.46931768,0.009015
0.2,295.0,12.29167,0.0,0.06250582,0.46315217,9.47434201,0.008929
0.2,296.0,12.33333,0.0,0.06191404,0.4587672,9.47931877,0.008845
0.2,297.0,12.375,0.0,0.06132786,0.45442374,9.4842484,0.008761
0.2,298.0,12.41667,0.0,0.06074722,0.45012141,9.48913137,0.008678
0.2,299.0,12.45833,0.0,0.06017209,0.4458598,9.49396811,0.008596
0.2,300.0,12.5,0.0,0.0596024,0.44163855,9.49875905,0.008515
0.2,301.0,12.54167,0.0,0.0590381,0.43745726,9.50350463,0.008434
0.2,302.0,12.58333,0.0,0.05847915,0.43331556,9.50820529,0.008354
0.2,303.0,12.625,0.0,0.05792549,0.42921307,9.51286144,0.008275
0.2,304.0,12.66667,0.0,0.05737707,0.42514942,9.51747351,0.008197
0.2,305.0,12.70833,0.0,0.05683384,0.42112425,9.52204191,0.008119
0.2,306.0,12.75,0.0,0.05629576,0.41713718,9.52656706,0.008042
0.2,307.0,12.79167,0.0,0.05576277,0.41318787,9.53104937,0.007966
0.2,308.0,12.83333,0.0,0.05523482,0.40927594,9.53548924,0.007891
0.2,309.0,12.875,0.0,0.05471188,0.40540105,9.53988707,0.007816
0.2,310.0,12.91667,0.0,0.05419389,0.40156285,9.54424327,0.007742
0.2,311.0,12.95833,0.0,0.0536808,0.39776098,9.54855822,0.007669
0.2,312.0,13.0,0.0,0.05317256,0.39399511,9.55283233,0.007596
0.2,313.0,13.04167,0.0,0.05266914,0.39026489,9.55706596,0.007524
0.2,314.0,13.08333,0.0,0.05217049,0.38657,9.56125952,0.007453
0.2,315.0,13.125,0.0,0.05167656,0.38291008,9.56541337,0.007382
0.2,316.0,13.16667,0.0,0.0511873,0.37928481,9.56952789,0.007312
0.2,317.0,13.20833,0.0,0.05070267,0.37569387,9.57360346,0.007243
0.2,318.0,13.25,0.0,0.05022264,0.37213692,9.57764044,0.007175
0.2,319.0,13.29167,0.0,0.04974715,0.36861365,9.5816392,0.007107
0.2,320.0,13.33333,0.0,0.04927616,0.36512374,9.5856001,0.007039
0.2,321.0,13.375,0.0,0.04880963,0.36166687,9.58952351,0.006973
0.2,322.0,13.41667,0.0,0.04834751,0.35824272,9.59340976,0.006907
0.2,323.0,13.45833,0.0,0.04788978,0.354851,9.59725922,0.006841
0.2,324.0,13.5,0.0,0.04743637,0.35149139,9.60107224,0.006777
0.2,325.0,13.54167,0.0,0.04698726,0.34816358,9.60484916,0.006712
0.2,326.0,13.58333,0.0,0.0465424,0.34486729,9.60859032,0.006649
0.2,327.0,13.625,0.0,0.04610175,0.3416022,9.61229605,0.006586
0.2,328.0,13.66667,0.0,0.04566527,0.33836802,9.61596671,0.006524
0.2,329.0,13.70833,0.0,0.04523293,0.33516446,9.61960261,0.006462
0.2,330.0,13.75,0.0,0.04480468,0.33199123,9.62320409,0.006401
0.2,331.0,13.79167,0.0,0.04438048,0.32884805,9.62677147,0.00634
0.2,332.0,13.83333,0.0,0.0439603,0.32573463,9.63030507,0.00628
0.2,333.0,13.875,0.0,0.0435441,0.32265068,9.63380522,0.006221
0.2,334.0,13.91667,0.0,0.04313184,0.31959593,9.63727223,0.006162
0.2,335.0,13.95833,0.0,0.04272348,0.3165701,9.64070642,0.006103
0.2,336.0,14.0,0.0,0.04231899,0.31357292,9.64410809,0.006046
0.2,337.0,14.04167,0.0,0.04191833,0.31060411,9.64747756,0.005988
0.2,338.0,14.08333,0.0,0.04152146,0.30766341,9.65081513,0.005932
0.2,339.0,14.125,0.0,0.04112835,0.30475056,9.65412109,0.005875
0.2,340.0,14.16667,0.0,0.04073896,0.30186528,9.65739576,0.00582
0.2,341.0,14.20833,0.0,0.04035326,0.29900732,9.66063943,0.005765
0.2,342.0,14.25,0.0,0.0399712,0.29617642,9.66385238,0.00571
0.2,343.0,14.29167,0.0,0.03959277,0.29337232,9.66703491,0.005656
0.2,344.0,14.33333,0.0,0.03921792,0.29059476,9.67018732,0.005603
0.2,345.0,14.375,0.0,0.03884662,0.28784351,9.67330988,0.00555
0.2,346.0,14.41667,0.0,0.03847883,0.2851183,9.67640287,0.005497
0.2,347.0,14.45833,0.0,0.03811453,0.28241889,9.67946658,0.005445
0.2,348.0,14.5,0.0,0.03775367,0.27974504,9.68250129,0.005393
0.2,349.0,14.54167,0.0,0.03739623,0.27709651,9.68550726,0.005342
0.2,350.0,14.58333,0.0,0.03704217,0.27447305,9.68848477,0.005292
0.2,351.0,14.625,0.0,0.03669147,0.27187443,9.6914341,0.005242
0.2,352.0,14.66667,0.0,0.03634409,0.26930041,9.6943555,0.005192
0.2,353.0,14.70833,0.0,0.036,0.26675077,9.69724924,0.005143
0.2,354.0,14.75,0.0,0.03565916,0.26422526,9.70011558,0.005094
0.2,355.0,14.79167,0.0,0.03532155,0.26172366,9.70295479,0.005046
0.2,356.0,14.83333,0.0,0.03498714,0.25924575,9.70576712,0.004998
0.2,357.0,14.875,0.0,0.03465589,0.25679129,9.70855282,0.004951
0.2,358.0,14.91667,0.0,0.03432778,0.25436008,9.71131214,0.004904
0.2,359.0,14.95833,0.0,0.03400278,0.25195188,9.71404534,0.004858
0.2,360.0,15.0,0.0,0.03368085,0.24956648,9.71675267,0.004812
0.2,361.0,15.04167,0.0,0.03336197,0.24720367,9.71943436,0.004766
0.2,362.0,15.08333,0.0,0.03304611,0.24486323,9.72209066,0.004721
0.2,363.0,15.125,0.0,0.03273324,0.24254494,9.72472182,0.004676
0.2,364.0,15.16667,0.0,0.03242333,0.24024861,9.72732806,0.004632
0.2,365.0,15.20833,0.0,0.03211636,0.23797401,9.72990963,0.004588
0.2,366.0,15.25,0.0,0.03181229,0.23572095,9.73246676,0.004545
0.2,367.0,15.29167,0.0,0.0315111,0.23348922,9.73499967,0.004502
0.2,368.0,15.33333,0.0,0.03121277,0.23127862,9.73750861,0.004459
0.2,369.0,15.375,0.0,0.03091725,0.22908895,9.73999379,0.004417
0.2,370.0,15.41667,0.0,0.03062454,0.22692002,9.74245544,0.004375
0.2,371.0,15.45833,0.0,0.0303346,0.22477161,9.74489379,0.004334
0.2,372.0,15.5,0.0,0.0300474,0.22264355,9.74730905,0.004292
0.2,373.0,15.54167,0.0,0.02976292,0.22053563,9.74970145,0.004252
0.2,374.0,15.58333,0.0,0.02948113,0.21844767,9.75207119,0.004212
0.2,375.0,15.625,0.0,0.02920202,0.21637948,9.7544185,0.004172
0.2,376.0,15.66667,0.0,0.02892554,0.21433087,9.75674359,0.004132
0.2,377.0,15.70833,0.0,0.02865168,0.21230166,9.75904666,0.004093
0.2,378.0,15.75,0.0,0.02838042,0.21029166,9.76132792,0.004054
0.2,379.0,15.79167,0.0,0.02811172,0.20830068,9.76358759,0.004016
0.2,380.0,15.83333,0.0,0.02784557,0.20632856,9.76582587,0.003978
0.2,381.0,15.875,0.0,0.02758194,0.20437511,9.76804295,0.00394
0.2,382.0,15.91667,0.0,0.0273208,0.20244015,9.77023904,0.003903
0.2,383.0,15.95833,0.0,0.02706214,0.20052352,9.77241435,0.003866
0.2,384.0,16.0,0.0,0.02680592,0.19862503,9.77456905,0.003829
0.2,385.0,16.04167,0.0,0.02655213,0.19674451,9.77670336,0.003793
0.2,386.0,16.08333,0.0,0.02630074,0.1948818,9.77881746,0.003757
0.2,387.0,16.125,0.0,0.02605174,0.19303672,9.78091154,0.003722
0.2,388.0,16.16667,0.0,0.02580509,0.19120911,9.7829858,0.003686
0.2,389.0,16.20833,0.0,0.02556077,0.18939881,9.78504042,0.003652
0.2,390.0,16.25,0.0,0.02531877,0.18760564,9.78707558,0.003617
0.2,391.0,16.29167,0.0,0.02507906,0.18582945,9.78909148,0.003583
0.2,392.0,16.33333,0.0,0.02484162,0.18407008,9.79108829,0.003549
0.2,393.0,16.375,0.0,0.02460643,0.18232737,9.7930662,0.003515
0.2,394.0,16.41667,0.0,0.02437347,0.18060115,9.79502538,0.003482
0.2,395.0,16.45833,0.0,0.02414271,0.17889128,9.79696601,0.003449
0.2,396.0,16.5,0.0,0.02391413,0.1771976,9.79888827,0.003416
0.2,397.0,16.54167,0.0,0.02368772,0.17551995,9.80079233,0.003384
0.2,398.0,16.58333,0.0,0.02346345,0.17385818,9.80267837,0.003352
0.2,399.0,16.625,0.0,0.02324131,0.17221215,9.80454654,0.00332
0.2,400.0,16.66667,0.0,0.02302127,0.1705817,9.80639703,0.003289
0.2,401.0,16.70833,0.0,0.02280331,0.16896669,9.80823,0.003258
0.2,402.0,16.75,0.0,0.02258741,0.16736697,9.81004562,0.003227
0.2,403.0,16.79167,0.0,0.02237356,0.1657824,9.81184404,0.003196
0.2,404.0,16.83333,0.0,0.02216174,0.16421282,9.81362544,0.003166
0.2,405.0,16.875,0.0,0.02195192,0.16265811,9.81538997,0.003136
0.2,406.0,16.91667,0.0,0.02174409,0.16111812,9.8171378,0.003106
0.2,407.0,16.95833,0.0,0.02153822,0.1595927,9.81886908,0.003077
0.2,408.0,17.0,0.0,0.0213343,0.15808173,9.82058397,0.003048
0.2,409.0,17.04167,0.0,0.02113232,0.15658507,9.82228262,0.003019
0.2,410.0,17.08333,0.0,0.02093224,0.15510257,9.82396519,0.00299
0.2,411.0,17.125,0.0,0.02073406,0.15363411,9.82563183,0.002962
0.2,412.0,17.16667,0.0,0.02053776,0.15217955,9.82728269,0.002934
0.2,413.0,17.20833,0.0,0.02034331,0.15073877,9.82891792,0.002906
0.2,414.0,17.25,0.0,0.02015071,0.14931162,9.83053767,0.002879
0.2,415.0,17.29167,0.0,0.01995993,0.14789799,9.83214208,0.002851
0.2,416.0,17.33333,0.0,0.01977096,0.14649774,9.8337313,0.002824
0.2,417.0,17.375,0.0,0.01958377,0.14511075,9.83530548,0.002798
0.2,418.0,17.41667,0.0,0.01939836,0.14373689,9.83686476,0.002771
0.2,419.0,17.45833,0.0,0.0192147,0.14237603,9.83840927,0.002745
0.2,420.0,17.5,0.0,0.01903278,0.14102806,9.83993915,0.002719
0.2,421.0,17.54167,0.0,0.01885259,0.13969286,9.84145456,0.002693
0.2,422.0,17.58333,0.0,0.0186741,0.13837029,9.84295561,0.002668
0.2,423.0,17.625,0.0,0.0184973,0.13706024,9.84444246,0.002642
0.2,424.0,17.66667,0.0,0.01832217,0.1357626,9.84591523,0.002617
0.2,425.0,17.70833,0.0,0.0181487,0.13447725,9.84737405,0.002593
0.2,426.0,17.75,0.0,0.01797688,0.13320406,9.84881906,0.002568
0.2,427.0,17.79167,0.0,0.01780668,0.13194293,9.85025039,0.002544
0.2,428.0,17.83333,0.0,0.01763809,0.13069374,9.85166817,0.00252
0.2,429.0,17.875,0.0,0.0174711,0.12945637,9.85307253,0.002496
0.2,430.0,17.91667,0.0,0.01730569,0.12823072,9.85446359,0.002472
0.2,431.0,17.95833,0.0,0.01714184,0.12701668,9.85584148,0.002449
0.2,432.0,18.0,0.0,0.01697955,0.12581412,9.85720633,0.002426
0.2,433.0,18.04167,0.0,0.01681879,0.12462296,9.85855825,0.002403
0.2,434.0,18.08333,0.0,0.01665956,0.12344307,9.85989737,0.00238
0.2,435.0,18.125,0.0,0.01650183,0.12227435,9.86122382,0.002357
0.2,436.0,18.16667,0.0,0.0163456,0.1211167,9.86253771,0.002335
0.2,437.0,18.20833,0.0,0.01619084,0.11997,9.86383916,0.002313
0.2,438.0,18.25,0.0,0.01603755,0.11883417,9.86512828,0.002291
0.2,439.0,18.29167,0.0,0.01588571,0.11770908,9.8664052,0.002269
0.2,440.0,18.33333,0.0,0.01573531,0.11659465,9.86767003,0.002248
0.2,441.0,18.375,0.0,0.01558634,0.11549077,9.86892289,0.002227
0.2,442.0,18.41667,0.0,0.01543877,0.11439734,9.87016389,0.002206
0.2,443.0,18.45833,0.0,0.0152926,0.11331427,9.87139313,0.002185
0.2,444.0,18.5,0.0,0.01514782,0.11224145,9.87261074,0.002164
0.2,445.0,18.54167,0.0,0.0150044,0.11117878,9.87381682,0.002143
0.2,446.0,18.58333,0.0,0.01486234,0.11012618,9.87501148,0.002123
0.2,447.0,18.625,0.0,0.01472163,0.10908354,9.87619483,0.002103
0.2,448.0,18.66667,0.0,0.01458225,0.10805077,9.87736698,0.002083
0.2,449.0,18.70833,0.0,0.01444419,0.10702778,9.87852802,0.002063
0.2,450.0,18.75,0.0,0.01430744,0.10601448,9.87967808,0.002044
0.2,451.0,18.79167,0.0,0.01417198,0.10501077,9.88081725,0.002025
0.2,452.0,18.83333,0.0,0.01403781,0.10401656,9.88194563,0.002005
0.2,453.0,18.875,0.0,0.0139049,0.10303177,9.88306333,0.001986
0.2,454.0,18.91667,0.0,0.01377325,0.1020563,9.88417045,0.001968
0.2,455.0,18.95833,0.0,0.01364285,0.10109006,9.88526709,0.001949
0.2,456.0,19.0,0.0,0.01351369,0.10013297,9.88635334,0.001931
0.2,457.0,19.04167,0.0,0.01338574,0.09918495,9.88742931,0.001912
0.2,458.0,19.08333,0.0,0.01325901,0.0982459,9.88849509,0.001894
0.2,459.0,19.125,0.0,0.01313348,0.09731574,9.88955078,0.001876
0.2,460.0,19.16667,0.0,0.01300914,0.09639438,9.89059648,0.001858
0.2,461.0,19.20833,0.0,0.01288597,0.09548175,9.89163228,0.001841
0.2,462.0,19.25,0.0,0.01276397,0.09457776,9.89265827,0.001823
0.2,463.0,19.29167,0.0,0.01264313,0.09368233,9.89367454,0.001806
0.2,464.0,19.33333,0.0,0.01252342,0.09279538,9.8946812,0.001789
0.2,465.0,19.375,0.0,0.01240486,0.09191682,9.89567832,0.001772
0.2,466.0,19.41667,0.0,0.01228741,0.09104658,9.896666,0.001755
0.2,467.0,19.45833,0.0,0.01217108,0.09018458,9.89764434,0.001739
0.2,468.0,19.5,0.0,0.01205585,0.08933075,9.89861341,0.001722
0.2,469.0,19.54167,0.0,0.01194171,0.08848499,9.8995733,0.001706
0.2,470.0,19.58333,0.0,0.01182865,0.08764725,9.90052411,0.00169
0.2,471.0,19.625,0.0,0.01171666,0.08681743,9.90146591,0.001674
0.2,472.0,19.66667,0.0,0.01160573,0.08599547,9.9023988,0.001658
0.2,473.0,19.70833,0.0,0.01149585,0.08518129,9.90332286,0.001642
0.2,474.0,19.75,0.0,0.01138701,0.08437483,9.90423816,0.001627
0.2,475.0,19.79167,0.0,0.0112792,0.08357599,9.90514481,0.001611
0.2,476.0,19.83333,0.0,0.01117241,0.08278472,9.90604286,0.001596
0.2,477.0,19.875,0.0,0.01106664,0.08200094,9.90693242,0.001581
0.2,478.0,19.91667,0.0,0.01096186,0.08122459,9.90781355,0.001566
0.2,479.0,19.95833,0.0,0.01085808,0.08045558,9.90868634,0.001551
0.2,480.0,20.0,0.0,0.01075528,0.07969385,9.90955087,0.001536
0.2,481.0,20.04167,0.0,0.01065345,0.07893934,9.91040721,0.001522
0.2,482.0,20.08333,0.0,0.01055259,0.07819197,9.91125545,0.001508
0.2,483.0,20.125,0.0,0.01045268,0.07745167,9.91209565,0.001493
0.2,484.0,20.16667,0.0,0.01035371,0.07671838,9.9129279,0.001479
0.2,485.0,20.20833,0.0,0.01025569,0.07599204,9.91375227,0.001465
0.2,486.0,20.25,0.0,0.01015859,0.07527257,9.91456884,0.001451
0.2,487.0,20.29167,0.0,0.01006241,0.07455991,9.91537767,0.001437
0.2,488.0,20.33333,0.0,0.00996715,0.07385401,9.91617885,0.001424
0.2,489.0,20.375,0.0,0.00987278,0.07315478,9.91697244,0.00141
0.2,490.0,20.41667,0.0,0.00977931,0.07246218,9.91775852,0.001397
0.2,491.0,20.45833,0.0,0.00968672,0.07177613,9.91853715,0.001384
0.2,492.0,20.5,0.0,0.00959501,0.07109657,9.91930842,0.001371
0.2,493.0,20.54167,0.0,0.00950417,0.07042346,9.92007238,0.001358
0.2,494.0,20.58333,0.0,0.00941419,0.06975671,9.9208291,0.001345
0.2,495.0,20.625,0.0,0.00932506,0.06909628,9.92157867,0.001332
0.2,496.0,20.66667,0.0,0.00923677,0.0684421,9.92232114,0.00132
0.2,497.0,20.70833,0.0,0.00914932,0.06779411,9.92305657,0.001307
0.2,498.0,20.75,0.0,0.0090627,0.06715226,9.92378505,0.001295
0.2,499.0,20.79167,0.0,0.00897689,0.06651648,9.92450663,0.001282
0.2,500.0,20.83333,0.0,0.0088919,0.06588672,9.92522137,0.00127
0.2,501.0,20.875,0.0,0.00880772,0.06526293,9.92592935,0.001258
0.2,502.0,20.91667,0.0,0.00872433,0.06464504,9.92663063,0.001246
0.2,503.0,20.95833,0.0,0.00864173,0.064033,9.92732527,0.001235
0.2,504.0,21.0,0.0,0.00864173,0.064033,9.92732527,0.001235
0.2,504.0,21.0,10.0,0.00864173,0.064033,9.92732527,0.001235
0.2,504.0,21.0,10.0,0.00864173,0.064033,9.92732527,0.001235
0.2,505.0,21.04167,8.18730753,1.51100287,0.30745872,9.99423087,0.215858
0.2,506.0,21.08333,6.70320046,2.28458785,0.86241784,10.14979385,0.32637
0.2,507.0,21.125,5.48811636,2.61762017,1.5461546,10.34810886,0.373946
0.2,508.0,21.16667,4.49328964,2.69249125,2.25243101,10.5617881,0.384642
0.2,509.0,21.20833,3.67879441,2.62333911,2.92276158,10.7751049,0.374763
0.2,510.0,21.25,3.01194212,2.48050084,3.5279754,10.97958164,0.354357
0.2,511.0,21.29167,2.46596964,2.30638577,4.05647829,11.1711663,0.329484
0.2,512.0,21.33333,2.01896518,2.12574801,4.50684782,11.34843899,0.303678
0.2,513.0,21.375,1.65298888,1.9523084,4.88321891,11.51148381,0.278901
0.2,514.0,21.41667,1.35335283,1.79300156,5.19245688,11.66118873,0.256143
0.2,515.0,21.45833,1.10803158,1.65068169,5.44246764,11.79881908,0.235812
0.2,516.0,21.5,0.90717953,1.52583144,5.64122425,11.92576477,0.217976
0.2,517.0,21.54167,0.74273578,1.41762817,5.79623946,12.04339659,0.202518
0.2,518.0,21.58333,0.60810063,1.32459859,5.91431065,12.15299013,0.189228
0.2,519.0,21.625,0.49787068,1.24501119,6.00142729,12.25569084,0.177859
0.2,520.0,21.66667,0.40762204,1.1771033,6.06277138,12.35250328,0.168158
0.2,521.0,21.70833,0.3337327,1.11920516,6.10276799,12.44429415,0.159886
0.2,522.0,21.75,0.27323722,1.06980079,6.12515954,12.53180245,0.152829
0.2,523.0,21.79167,0.22370772,1.02755122,6.13308815,12.61565291,0.146793
0.2,524.0,21.83333,0.18315639,0.99129588,6.12917739,12.69637034,0.141614
0.2,525.0,21.875,0.14995577,0.96004235,6.11560838,12.7743935,0.137149
0.2,526.0,21.91667,0.1227734,0.93295029,6.09418834,12.85008797,0.133279
0.2,527.0,21.95833,0.10051836,0.90931339,6.06641067,12.92375758,0.129902
0.2,528.0,22.0,0.08229747,0.88854133,6.03350678,12.99565442,0.126934
0.2,529.0,22.04167,0.06737947,0.87014281,5.99649031,13.06598741,0.124306
0.2,530.0,22.08333,0.05516564,0.85371034,5.95619438,13.13492963,0.121959
0.2,531.0,22.125,0.04516581,0.83890678,5.91330296,13.20262445,0.119844
0.2,532.0,22.16667,0.03697864,0.82545377,5.8683769,13.26919069,0.117922
0.2,533.0,22.20833,0.03027555,0.81312183,5.82187571,13.33472692,0.11616
0.2,534.0,22.25,0.02478752,0.80172199,5.77417547,13.39931501,0.114532
0.2,535.0,22.29167,0.02029431,0.79109881,5.72558376,13.46302312,0.113014
0.2,536.0,22.33333,0.01661557,0.78112448,5.67635184,13.5259081,0.111589
0.2,537.0,22.375,0.01360368,0.77169398,5.62668482,13.58801752,0.110242
0.2,538.0,22.41667,0.01113775,0.76272102,5.5767499,13.64939133,0.10896
0.2,539.0,22.45833,0.00911882,0.75413475,5.52668325,13.71006319,0.107734
0.2,540.0,22.5,0.00746586,0.74587693,5.47659557,13.77006164,0.106554
0.2,541.0,22.54167,0.00611253,0.73789977,5.42657673,13.82941097,0.105414
0.2,542.0,22.58333,0.00500451,0.73016395,5.3766995,13.88813203,0.104309
0.2,543.0,22.625,0.00409735,0.72263718,5.32702269,13.94624278,0.103234
0.2,544.0,22.66667,0.00335463,0.71529289,5.27759364,14.00375884,0.102185
0.2,545.0,22.70833,0.00274654,0.7081092,5.22845034,14.06069392,0.101158
0.2,546.0,22.75,0.00224867,0.70106811,5.17962311,14.11706011,0.100153
0.2,547.0,22.79167,0.00184106,0.69415474,5.13113599,14.17286822,0.099165
0.2,548.0,22.83333,0.00150733,0.68735682,5.0830079,14.22812795,0.098194
0.2,549.0,22.875,0.0012341,0.6806642,5.03525358,14.28284812,0.097238
0.2,550.0,22.91667,0.00101039,0.67406847,4.98788433,14.3370368,0.096295
0.2,551.0,22.95833,0.00082724,0.66756263,4.94090866,14.39070147,0.095366
0.2,552.0,23.0,0.00067729,0.66114086,4.89433278,14.44384906,0.094449
0.2,553.0,23.04167,0.00055452,0.65479829,4.84816108,14.49648612,0.093543
0.2,554.0,23.08333,0.000454,0.64853083,4.80239638,14.54861879,0.092647
0.2,555.0,23.125,0.0003717,0.64233504,4.75704029,14.60025296,0.091762
0.2,556.0,23.16667,0.00030432,0.63620801,4.71209343,14.65139423,0.090887
0.2,557.0,23.20833,0.00024916,0.63014726,4.66755557,14.70204801,0.090021
0.2,558.0,23.25,0.000204,0.62415066,4.62342584,14.75221951,0.089164
0.2,559.0,23.29167,0.00016702,0.61821637,4.57970283,14.80191378,0.088317
0.2,560.0,23.33333,0.00013674,0.61234281,4.5363847,14.85113575,0.087478
0.2,561.0,23.375,0.00011195,0.60652857,4.49346927,14.89989021,0.086647
0.2,562.0,23.41667,9.166e-05,0.60077242,4.45095406,14.94818187,0.085825
0.2,563.0,23.45833,7.505e-05,0.59507325,4.40883638,14.99601532,0.08501
0.2,564.0,23.5,6.144e-05,0.58943009,4.36711339,15.04339508,0.084204
0.2,565.0,23.54167,5.03e-05,0.58384202,4.32578208,15.0903256,0.083406
0.2,566.0,23.58333,4.119e-05,0.57830822,4.28483934,15.13681125,0.082615
0.2,567.0,23.625,3.372e-05,0.57282793,4.244282,15.18285634,0.081833
0.2,568.0,23.66667,2.761e-05,0.56740045,4.20410682,15.22846513,0.081057
0.2,569.0,23.70833,2.26e-05,0.5620251,4.16431049,15.2736418,0.080289
0.2,570.0,23.75,1.851e-05,0.55670126,4.12488972,15.31839052,0.079529
0.2,571.0,23.79167,1.515e-05,0.55142832,4.08584116,15.36271536,0.078775
0.2,572.0,23.83333,1.24e-05,0.54620572,4.04716148,15.40662039,0.078029
0.2,573.0,23.875,1.016e-05,0.5410329,4.00884733,15.45010961,0.07729
0.2,574.0,23.91667,8.32e-06,0.53590934,3.97089538,15.49318697,0.076558
0.2,575.0,23.95833,6.81e-06,0.5308345,3.93330229,15.5358564,0.075834
0.2,576.0,24.0,5.57e-06,0.5258079,3.89606475,15.57812177,0.075115
0.2,577.0,24.04167,4.56e-06,0.52082904,3.85917946,15.61998694,0.074404
0.2,578.0,24.08333,3.74e-06,0.51589744,3.82264314,15.66145568,0.0737
0.2,579.0,24.125,3.06e-06,0.51101264,3.78645253,15.70253177,0.073002
0.2,580.0,24.16667,2.5e-06,0.50617416,3.75060439,15.74321894,0.072311
0.2,581.0,24.20833,2.05e-06,0.50138157,3.71509552,15.78352086,0.071626
0.2,582.0,24.25,1.68e-06,0.4966344,3.67992272,15.8234412,0.070948
0.2,583.0,24.29167,1.37e-06,0.49193222,3.64508284,15.86298357,0.070276
0.2,584.0,24.33333,1.13e-06,0.4872746,3.61057273,15.90215154,0.069611
0.2,585.0,24.375,9.2e-07,0.48266111,3.57638929,15.94094868,0.068952
0.2,586.0,24.41667,7.5e-07,0.47809132,3.54252944,15.97937849,0.068299
0.2,587.0,24.45833,6.2e-07,0.47356481,3.50899012,16.01744444,0.067652
0.2,588.0,24.5,5.1e-07,0.46908118,3.47576831,16.05515,0.067012
0.2,589.0,24.54167,4.1e-07,0.46464001,3.44286101,16.09249857,0.066377
0.2,590.0,24.58333,3.4e-07,0.4602409,3.41026523,16.12949352,0.065749
0.2,591.0,24.625,2.8e-07,0.45588345,3.37797805,16.16613822,0.065126
0.2,592.0,24.66667,2.3e-07,0.45156726,3.34599653,16.20243598,0.06451
0.2,593.0,24.70833,1.9e-07,0.44729195,3.31431779,16.23839007,0.063899
0.2,594.0,24.75,1.5e-07,0.44305711,3.28293897,16.27400377,0.063294
0.2,595.0,24.79167,1.2e-07,0.43886237,3.25185722,16.30928028,0.062695
0.2,596.0,24.83333,1e-07,0.43470735,3.22106974,16.34422281,0.062101
0.2,597.0,24.875,8e-08,0.43059167,3.19057374,16.37883451,0.061513
0.2,598.0,24.91667,7e-08,0.42651496,3.16036645,16.41311851,0.060931
0.2,599.0,24.95833,6e-08,0.42247685,3.13044516,16.44707793,0.060354
0.2,600.0,25.0,5e-08,0.41847697,3.10080715,16.48071583,0.059782
0.2,601.0,25.04167,4e-08,0.41451497,3.07144974,16.51403526,0.059216
0.2,602.0,25.08333,3e-08,0.41059047,3.04237028,16.54703922,0.058656
0.2,603.0,25.125,3e-08,0.40670313,3.01356612,16.57973072,0.0581
0.2,604.0,25.16667,2e-08,0.4028526,2.98503468,16.61211271,0.05755
0.2,605.0,25.20833,2e-08,0.39903852,2.95677336,16.64418811,0.057006
0.2,606.0,25.25,1e-08,0.39526055,2.9287796,16.67595983,0.056466
0.2,607.0,25.29167,1e-08,0.39151835,2.90105089,16.70743075,0.055931
0.2,608.0,25.33333,1e-08,0.38781158,2.87358469,16.73860371,0.055402
0.2,609.0,25.375,1e-08,0.38413991,2.84637854,16.76948154,0.054877
0.2,610.0,25.41667,1e-08,0.380503,2.81942997,16.80006703,0.054358
0.2,611.0,25.45833,1e-08,0.37690052,2.79273654,16.83036294,0.053843
0.2,612.0,25.5,0.0,0.37333215,2.76629583,16.86037202,0.053333
0.2,613.0,25.54167,0.0,0.36979756,2.74010545,16.89009698,0.052828
0.2,614.0,25.58333,0.0,0.36629644,2.71416303,16.91954052,0.052328
0.2,615.0,25.625,0.0,0.36282847,2.68846623,16.9487053,0.051833
0.2,616.0,25.66667,0.0,0.35939333,2.66301272,16.97759395,0.051342
0.2,617.0,25.70833,0.0,0.35599071,2.63780019,17.0062091,0.050856
0.2,618.0,25.75,0.0,0.35262031,2.61282637,17.03455332,0.050374
0.2,619.0,25.79167,0.0,0.34928181,2.58808899,17.0626292,0.049897
0.2,620.0,25.83333,0.0,0.34597493,2.56358581,17.09043926,0.049425
0.2,621.0,25.875,0.0,0.34269935,2.53931463,17.11798602,0.048957
0.2,622.0,25.91667,0.0,0.33945479,2.51527323,17.14527198,0.048494
0.2,623.0,25.95833,0.0,0.33624094,2.49145945,17.17229961,0.048034
0.2,624.0,26.0,0.0,0.33305752,2.46787114,17.19907134,0.04758
0.2,625.0,26.04167,0.0,0.32990424,2.44450615,17.22558961,0.047129
0.2,626.0,26.08333,0.0,0.32678082,2.42136237,17.25185682,0.046683
0.2,627.0,26.125,0.0,0.32368696,2.3984377,17.27787533,0.046241
0.2,628.0,26.16667,0.0,0.3206224,2.37573009,17.30364751,0.045803
0.2,629.0,26.20833,0.0,0.31758685,2.35323746,17.32917569,0.04537
0.2,630.0,26.25,0.0,0.31458005,2.33095778,17.35446218,0.04494
0.2,631.0,26.29167,0.0,0.31160171,2.30888904,17.37950926,0.044515
0.2,632.0,26.33333,0.0,0.30865156,2.28702924,17.4043192,0.044093
0.2,633.0,26.375,0.0,0.30572935,2.2653764,17.42889425,0.043676
0.2,634.0,26.41667,0.0,0.30283481,2.24392856,17.45323663,0.043262
0.2,635.0,26.45833,0.0,0.29996767,2.22268378,17.47734855,0.042853
0.2,636.0,26.5,0.0,0.29712767,2.20164014,17.50123219,0.042447
0.2,637.0,26.54167,0.0,0.29431457,2.18079574,17.5248897,0.042045
0.2,638.0,26.58333,0.0,0.29152809,2.16014868,17.54832323,0.041647
0.2,639.0,26.625,0.0,0.288768,2.13969711,17.57153489,0.041253
0.2,640.0,26.66667,0.0,0.28603404,2.11943916,17.5945268,0.040862
0.2,641.0,26.70833,0.0,0.28332596,2.09937301,17.61730103,0.040475
0.2,642.0,26.75,0.0,0.28064353,2.07949683,17.63985964,0.040092
0.2,643.0,26.79167,0.0,0.27798649,2.05980884,17.66220467,0.039712
0.2,644.0,26.83333,0.0,0.2753546,2.04030725,17.68433815,0.039336
0.2,645.0,26.875,0.0,0.27274763,2.02099029,17.70626207,0.038964
0.2,646.0,26.91667,0.0,0.27016535,2.00185622,17.72797843,0.038595
0.2,647.0,26.95833,0.0,0.26760751,1.98290331,17.74948918,0.03823
0.2,648.0,27.0,0.0,0.26507389,1.96412983,17.77079628,0.037868
0.2,649.0,27.04167,0.0,0.26256426,1.94553409,17.79190164,0.037509
0.2,650.0,27.08333,0.0,0.26007839,1.92711442,17.81280719,0.037154
0.2,651.0,27.125,0.0,0.25761605,1.90886913,17.83351481,0.036802
0.2,652.0,27.16667,0.0,0.25517703,1.89079659,17.85402638,0.036454
0.2,653.0,27.20833,0.0,0.2527611,1.87289515,17.87434375,0.036109
0.2,654.0,27.25,0.0,0.25036804,1.85516319,17.89446877,0.035767
0.2,655.0,27.29167,0.0,0.24799764,1.83759912,17.91440324,0.035428
0.2,656.0,27.33333,0.0,0.24564968,1.82020134,17.93414899,0.035093
0.2,657.0,27.375,0.0,0.24332395,1.80296827,17.95370779,0.034761
0.2,658.0,27.41667,0.0,0.24102023,1.78589836,17.97308141,0.034431
0.2,659.0,27.45833,0.0,0.23873833,1.76899006,17.9922716,0.034105
0.2,660.0,27.5,0.0,0.23647804,1.75224185,18.01128012,0.033783
0.2,661.0,27.54167,0.0,0.23423914,1.7356522,18.03010866,0.033463
0.2,662.0,27.58333,0.0,0.23202144,1.71921961,18.04875894,0.033146
0.2,663.0,27.625,0.0,0.22982474,1.70294261,18.06723265,0.032832
0.2,664.0,27.66667,0.0,0.22764884,1.68681971,18.08553146,0.032521
0.2,665.0,27.70833,0.0,0.22549353,1.67084945,18.10365701,0.032213
0.2,666.0,27.75,0.0,0.22335863,1.6550304,18.12161097,0.031908
0.2,667.0,27.79167,0.0,0.22124395,1.63936112,18.13939493,0.031606
0.2,668.0,27.83333,0.0,0.21914928,1.62384019,18.15701053,0.031307
0.2,669.0,27.875,0.0,0.21707445,1.6084662,18.17445935,0.031011
0.2,670.0,27.91667,0.0,0.21501926,1.59323777,18.19174297,0.030717
0.2,671.0,27.95833,0.0,0.21298353,1.57815352,18.20886295,0.030426
0.2,672.0,28.0,0.0,0.21096707,1.56321209,18.22582085,0.030138
0.2,673.0,28.04167,0.0,0.2089697,1.54841211,18.24261819,0.029853
0.2,674.0,28.08333,0.0,0.20699125,1.53375225,18.2592565,0.02957
0.2,675.0,28.125,0.0,0.20503152,1.51923119,18.27573729,0.02929
0.2,676.0,28.16667,0.0,0.20309035,1.50484761,18.29206204,0.029013
0.2,677.0,28.20833,0.0,0.20116756,1.49060021,18.30823223,0.028738
0.2,678.0,28.25,0.0,0.19926297,1.4764877,18.32424933,0.028466
0.2,679.0,28.29167,0.0,0.19737641,1.4625088,18.34011479,0.028197
0.2,680.0,28.33333,0.0,0.19550772,1.44866224,18.35583004,0.02793
0.2,681.0,28.375,0.0,0.19365672,1.43494679,18.3713965,0.027665
0.2,682.0,28.41667,0.0,0.19182324,1.42136118,18.38681558,0.027403
0.2,683.0,28.45833,0.0,0.19000712,1.4079042,18.40208868,0.027144
0.2,684.0,28.5,0.0,0.18820819,1.39457463,18.41721718,0.026887
0.2,685.0,28.54167,0.0,0.1864263,1.38137126,18.43220244,0.026632
0.2,686.0,28.58333,0.0,0.18466128,1.36829289,18.44704583,0.02638
0.2,687.0,28.625,0.0,0.18291297,1.35533834,18.46174869,0.02613
0.2,688.0,28.66667,0.0,0.18118121,1.34250644,18.47631235,0.025883
0.2,689.0,28.70833,0.0,0.17946584,1.32979604,18.49073812,0.025638
0.2,690.0,28.75,0.0,0.17776672,1.31720596,18.50502732,0.025395
0.2,691.0,28.79167,0.0,0.17608368,1.30473509,18.51918123,0.025155
0.2,692.0,28.83333,0.0,0.17441658,1.29238229,18.53320113,0.024917
0.2,693.0,28.875,0.0,0.17276526,1.28014644,18.5470883,0.024681
0.2,694.0,28.91667,0.0,0.17112958,1.26802643,18.56084399,0.024447
0.2,695.0,28.95833,0.0,0.16950938,1.25602118,18.57446945,0.024216
0.2,696.0,29.0,0.0,0.16790452,1.24412958,18.5879659,0.023986
0.2,697.0,29.04167,0.0,0.16631485,1.23235057,18.60133457,0.023759
0.2,698.0,29.08333,0.0,0.16474024,1.22068308,18.61457668,0.023534
0.2,699.0,29.125,0.0,0.16318053,1.20912606,18.62769341,0.023312
0.2,700.0,29.16667,0.0,0.16163559,1.19767845,18.64068596,0.023091
0.2,701.0,29.20833,0.0,0.16010528,1.18633922,18.65355549,0.022872
0.2,702.0,29.25,0.0,0.15858946,1.17510736,18.66630319,0.022656
0.2,703.0,29.29167,0.0,0.15708798,1.16398183,18.67893019,0.022441
0.2,704.0,29.33333,0.0,0.15560073,1.15296163,18.69143764,0.022229
0.2,705.0,29.375,0.0,0.15412755,1.14204577,18.70382668,0.022018
0.2,706.0,29.41667,0.0,0.15266832,1.13123325,18.71609842,0.02181
0.2,707.0,29.45833,0.0,0.15122291,1.12052311,18.72825398,0.021603
0.2,708.0,29.5,0.0,0.14979118,1.10991437,18.74029445,0.021399
0.2,709.0,29.54167,0.0,0.14837301,1.09940606,18.75222093,0.021196
0.2,710.0,29.58333,0.0,0.14696826,1.08899725,18.76403449,0.020995
0.2,711.0,29.625,0.0,0.14557681,1.07868698,18.77573621,0.020797
0.2,712.0,29.66667,0.0,0.14419854,1.06847433,18.78732713,0.0206
0.2,713.0,29.70833,0.0,0.14283331,1.05835836,18.79880832,0.020405
0.2,714.0,29.75,0.0,0.14148102,1.04833818,18.81018081,0.020212
0.2,715.0,29.79167,0.0,0.14014152,1.03841285,18.82144563,0.02002
0.2,716.0,29.83333,0.0,0.13881471,1.0285815,18.83260379,0.019831
0.2,717.0,29.875,0.0,0.13750045,1.01884323,18.84365631,0.019643
0.2,718.0,29.91667,0.0,0.13619864,1.00919716,18.85460419,0.019457
0.2,719.0,29.95833,0.0,0.13490916,0.99964241,18.86544843,0.019273
0.2,720.0,30.0,0.0,0.13363189,0.99017813,18.87618999,0.01909
0.2,721.0,30.04167,0.0,0.1323667,0.98080345,18.88682985,0.01891
0.2,722.0,30.08333,0.0,0.1311135,0.97151752,18.89736898,0.01873
0.2,723.0,30.125,0.0,0.12987216,0.96231952,18.90780833,0.018553
0.2,724.0,30.16667,0.0,0.12864257,0.95320859,18.91814884,0.018378
0.2,725.0,30.20833,0.0,0.12742463,0.94418393,18.92839145,0.018204
0.2,726.0,30.25,0.0,0.12621821,0.9352447,18.93853708,0.018031
0.2,727.0,30.29167,0.0,0.12502322,0.92639011,18.94858667,0.01786
0.2,728.0,30.33333,0.0,0.12383954,0.91761936,18.9585411,0.017691
0.2,729.0,30.375,0.0,0.12266707,0.90893164,18.96840129,0.017524
0.2,730.0,30.41667,0.0,0.1215057,0.90032617,18.97816813,0.017358
0.2,731.0,30.45833,0.0,0.12035532,0.89180218,18.9878425,0.017194
0.2,732.0,30.5,0.0,0.11921584,0.88335889,18.99742527,0.017031
0.2,733.0,30.54167,0.0,0.11808714,0.87499554,19.00691732,0.01687
0.2,734.0,30.58333,0.0,0.11696913,0.86671137,19.0163195,0.01671
0.2,735.0,30.625,0.0,0.11586171,0.85850563,19.02563266,0.016552
0.2,736.0,30.66667,0.0,0.11476476,0.85037759,19.03485765,0.016395
0.2,737.0,30.70833,0.0,0.11367821,0.84232649,19.0439953,0.01624
0.2,738.0,30.75,0.0,0.11260194,0.83435162,19.05304644,0.016086
0.2,739.0,30.79167,0.0,0.11153586,0.82645225,19.06201188,0.015934
0.2,740.0,30.83333,0.0,0.11047988,0.81862768,19.07089245,0.015783
0.2,741.0,30.875,0.0,0.10943389,0.81087718,19.07968893,0.015633
0.2,742.0,30.91667,0.0,0.10839781,0.80320006,19.08840213,0.015485
0.2,743.0,30.95833,0.0,0.10737153,0.79559563,19.09703284,0.015339
0.2,744.0,31.0,0.0,0.10635497,0.78806319,19.10558184,0.015194
0.2,745.0,31.04167,0.0,0.10534804,0.78060207,19.11404989,0.01505
0.2,746.0,31.08333,0.0,0.10435064,0.77321158,19.12243778,0.014907
0.2,747.0,31.125,0.0,0.10336268,0.76589107,19.13074625,0.014766
0.2,748.0,31.16667,0.0,0.10238408,0.75863987,19.13897606,0.014626
0.2,749.0,31.20833,0.0,0.10141474,0.75145731,19.14712795,0.014488
0.2,750.0,31.25,0.0,0.10045458,0.74434276,19.15520266,0.014351
0.2,751.0,31.29167,0.0,0.09950351,0.73729557,19.16320092,0.014215
0.2,752.0,31.33333,0.0,0.09856144,0.7303151,19.17112346,0.01408
0.2,753.0,31.375,0.0,0.09762829,0.72340072,19.17897099,0.013947
0.2,754.0,31.41667,0.0,0.09670398,0.7165518,19.18674422,0.013815
0.2,755.0,31.45833,0.0,0.09578842,0.70976772,19.19444386,0.013684
0.2,756.0,31.5,0.0,0.09488153,0.70304787,19.2020706,0.013555
0.2,757.0,31.54167,0.0,0.09398322,0.69639165,19.20962513,0.013426
0.2,758.0,31.58333,0.0,0.09309342,0.68979844,19.21710814,0.013299
0.2,759.0,31.625,0.0,0.09221204,0.68326765,19.22452031,0.013173
0.2,760.0,31.66667,0.0,0.09133901,0.6767987,19.23186229,0.013048
0.2,761.0,31.70833,0.0,0.09047424,0.67039099,19.23913477,0.012925
0.2,762.0,31.75,0.0,0.08961766,0.66404395,19.24633839,0.012803
0.2,763.0,31.79167,0.0,0.08876919,0.657757,19.25347381,0.012681
0.2,764.0,31.83333,0.0,0.08792875,0.65152958,19.26054167,0.012561
0.2,765.0,31.875,0.0,0.08709627,0.64536111,19.26754262,0.012442
0.2,766.0,31.91667,0.0,0.08627167,0.63925104,19.27447729,0.012325
0.2,767.0,31.95833,0.0,0.08545488,0.63319882,19.2813463,0.012208
0.2,768.0,32.0,0.0,0.08464582,0.62720391,19.28815027,0.012092
0.2,769.0,32.04167,0.0,0.08384442,0.62126575,19.29488983,0.011978
0.2,770.0,32.08333,0.0,0.08305061,0.61538381,19.30156558,0.011864
0.2,771.0,32.125,0.0,0.08226431,0.60955756,19.30817813,0.011752
0.2,772.0,32.16667,0.0,0.08148546,0.60378646,19.31472807,0.011641
0.2,773.0,32.20833,0.0,0.08071399,0.59807001,19.321216,0.011531
0.2,774.0,32.25,0.0,0.07994981,0.59240768,19.3276425,0.011421
0.2,775.0,32.29167,0.0,0.07919287,0.58679896,19.33400816,0.011313
0.2,776.0,32.33333,0.0,0.0784431,0.58124334,19.34031356,0.011206
0.2,777.0,32.375,0.0,0.07770043,0.57574032,19.34655925,0.0111
0.2,778.0,32.41667,0.0,0.07696479,0.5702894,19.35274581,0.010995
0.2,779.0,32.45833,0.0,0.07623611,0.56489009,19.3588738,0.010891
0.2,780.0,32.5,0.0,0.07551433,0.5595419,19.36494377,0.010788
0.2,781.0,32.54167,0.0,0.07479939,0.55424434,19.37095628,0.010686
0.2,782.0,32.58333,0.0,0.07409121,0.54899694,19.37691185,0.010584
0.2,783.0,32.625,0.0,0.07338974,0.54379921,19.38281105,0.010484
0.2,784.0,32.66667,0.0,0.07269491,0.5386507,19.38865439,0.010385
0.2,785.0,32.70833,0.0,0.07200666,0.53355093,19.39444241,0.010287
0.2,786.0,32.75,0.0,0.07132492,0.52849945,19.40017563,0.010189
0.2,787.0,32.79167,0.0,0.07064964,0.52349579,19.40585457,0.010093
0.2,788.0,32.83333,0.0,0.06998075,0.5185395,19.41147974,0.009997
0.2,789.0,32.875,0.0,0.0693182,0.51363014,19.41705166,0.009903
0.2,790.0,32.91667,0.0,0.06866192,0.50876726,19.42257082,0.009809
0.2,791.0,32.95833,0.0,0.06801185,0.50395042,19.42803773,0.009716
0.2,792.0,33.0,0.0,0.06736793,0.49917918,19.43345288,0.009624
0.2,793.0,33.04167,0.0,0.06673012,0.49445312,19.43881676,0.009533
0.2,794.0,33.08333,0.0,0.06609834,0.4897718,19.44412986,0.009443
0.2,795.0,33.125,0.0,0.06547254,0.4851348,19.44939266,0.009353
0.2,796.0,33.16667,0.0,0.06485267,0.48054171,19.45460563,0.009265
0.2,797.0,33.20833,0.0,0.06423866,0.4759921,19.45976924,0.009177
0.2,798.0,33.25,0.0,0.06363047,0.47148556,19.46488397,0.00909
0.2,799.0,33.29167,0.0,0.06302804,0.46702169,19.46995027,0.009004
0.2,800.0,33.33333,0.0,0.06243131,0.46260008,19.47496861,0.008919
0.2,801.0,33.375,0.0,0.06184023,0.45822034,19.47993943,0.008834
0.2,802.0,33.41667,0.0,0.06125475,0.45388206,19.48486319,0.008751
0.2,803.0,33.45833,0.0,0.06067481,0.44958485,19.48974034,0.008668
0.2,804.0,33.5,0.0,0.06010036,0.44532833,19.49457131,0.008586
0.2,805.0,33.54167,0.0,0.05953135,0.44111211,19.49935654,0.008504
0.2,806.0,33.58333,0.0,0.05896773,0.4369358,19.50409647,0.008424
0.2,807.0,33.625,0.0,0.05840944,0.43279904,19.50879152,0.008344
0.2,808.0,33.66667,0.0,0.05785644,0.42870144,19.51344212,0.008265
0.2,809.0,33.70833,0.0,0.05730867,0.42464264,19.51804869,0.008187
0.2,810.0,33.75,0.0,0.05676609,0.42062226,19.52261165,0.008109
0.2,811.0,33.79167,0.0,0.05622865,0.41663995,19.5271314,0.008033
0.2,812.0,33.83333,0.0,0.0556963,0.41269534,19.53160837,0.007957
0.2,813.0,33.875,0.0,0.05516898,0.40878807,19.53604294,0.007881
0.2,814.0,33.91667,0.0,0.05464666,0.4049178,19.54043554,0.007807
0.2,815.0,33.95833,0.0,0.05412929,0.40108417,19.54478654,0.007733
0.2,816.0,34.0,0.0,0.05361681,0.39728684,19.54909635,0.00766
0.2,817.0,34.04167,0.0,0.05310918,0.39352546,19.55336536,0.007587
0.2,818.0,34.08333,0.0,0.05260636,0.38979969,19.55759395,0.007515
0.2,819.0,34.125,0.0,0.0521083,0.38610919,19.5617825,0.007444
0.2,820.0,34.16667,0.0,0.05161496,0.38245364,19.5659314,0.007374
0.2,821.0,34.20833,0.0,0.05112628,0.37883269,19.57004102,0.007304
0.2,822.0,34.25,0.0,0.05064224,0.37524603,19.57411173,0.007235
0.2,823.0,34.29167,0.0,0.05016277,0.37169333,19.5781439,0.007166
0.2,824.0,34.33333,0.0,0.04968785,0.36817426,19.5821379,0.007098
0.2,825.0,34.375,0.0,0.04921742,0.3646885,19.58609408,0.007031
0.2,826.0,34.41667,0.0,0.04875144,0.36123575,19.5900128,0.006964
0.2,827.0,34.45833,0.0,0.04828988,0.35781569,19.59389443,0.006899
0.2,828.0,34.5,0.0,0.04783269,0.35442801,19.5977393,0.006833
0.2,829.0,34.54167,0.0,0.04737983,0.3510724,19.60154777,0.006769
0.2,830.0,34.58333,0.0,0.04693125,0.34774856,19.60532019,0.006704
0.2,831.0,34.625,0.0,0.04648692,0.3444562,19.60905689,0.006641
0.2,832.0,34.66667,0.0,0.0460468,0.341195,19.61275821,0.006578
0.2,833.0,34.70833,0.0,0.04561084,0.33796468,19.61642448,0.006516
0.2,834.0,34.75,0.0,0.04517901,0.33476494,19.62005605,0.006454
0.2,835.0,34.79167,0.0,0.04475127,0.33159549,19.62365324,0.006393
0.2,836.0,34.83333,0.0,0.04432758,0.32845606,19.62721636,0.006333
0.2,837.0,34.875,0.0,0.0439079,0.32534634,19.63074576,0.006273
0.2,838.0,34.91667,0.0,0.0434922,0.32226607,19.63424173,0.006213
0.2,839.0,34.95833,0.0,0.04308043,0.31921496,19.63770461,0.006154
0.2,840.0,35.0,0.0,0.04267256,0.31619274,19.64113471,0.006096
0.2,841.0,35.04167,0.0,0.04226855,0.31319913,19.64453232,0.006038
0.2,842.0,35.08333,0.0,0.04186836,0.31023386,19.64789777,0.005981
0.2,843.0,35.125,0.0,0.04147197,0.30729667,19.65123136,0.005925
0.2,844.0,35.16667,0.0,0.04107932,0.30438729,19.65453339,0.005868
0.2,845.0,35.20833,0.0,0.0406904,0.30150545,19.65780415,0.005813
0.2,846.0,35.25,0.0,0.04030515,0.29865089,19.66104395,0.005758
0.2,847.0,35.29167,0.0,0.03992356,0.29582337,19.66425308,0.005703
0.2,848.0,35.33333,0.0,0.03954558,0.29302261,19.66743182,0.005649
0.2,849.0,35.375,0.0,0.03917117,0.29024837,19.67058046,0.005596
0.2,850.0,35.41667,0.0,0.03880031,0.28750039,19.6736993,0.005543
0.2,851.0,35.45833,0.0,0.03843296,0.28477843,19.67678861,0.00549
0.2,852.0,35.5,0.0,0.03806909,0.28208224,19.67984867,0.005438
0.2,853.0,35.54167,0.0,0.03770867,0.27941158,19.68287975,0.005387
0.2,854.0,35.58333,0.0,0.03735165,0.2767662,19.68588214,0.005336
0.2,855.0,35.625,0.0,0.03699802,0.27414587,19.68885611,0.005285
0.2,856.0,35.66667,0.0,0.03664773,0.27155035,19.69180192,0.005235
0.2,857.0,35.70833,0.0,0.03630077,0.2689794,19.69471983,0.005186
0.2,858.0,35.75,0.0,0.03595708,0.26643279,19.69761013,0.005137
0.2,859.0,35.79167,0.0,0.03561665,0.26391029,19.70047305,0.005088
0.2,860.0,35.83333,0.0,0.03527945,0.26141168,19.70330888,0.00504
0.2,861.0,35.875,0.0,0.03494543,0.25893672,19.70611785,0.004992
0.2,862.0,35.91667,0.0,0.03461458,0.25648519,19.70890023,0.004945
0.2,863.0,35.95833,0.0,0.03428686,0.25405687,19.71165627,0.004898
0.2,864.0,36.0,0.0,0.03396224,0.25165155,19.71438621,0.004852
0.2,865.0,36.04167,0.0,0.0336407,0.24926899,19.71709031,0.004806
0.2,866.0,36.08333,0.0,0.0333222,0.246909,19.7197688,0.00476
0.2,867.0,36.125,0.0,0.03300672,0.24457134,19.72242194,0.004715
0.2,868.0,36.16667,0.0,0.03269422,0.24225582,19.72504996,0.004671
0.2,869.0,36.20833,0.0,0.03238468,0.23996222,19.72765309,0.004626
0.2,870.0,36.25,0.0,0.03207808,0.23769034,19.73023158,0.004583
0.2,871.0,36.29167,0.0,0.03177437,0.23543997,19.73278566,0.004539
0.2,872.0,36.33333,0.0,0.03147354,0.2332109,19.73531556,0.004496
0.2,873.0,36.375,0.0,0.03117556,0.23100293,19.73782151,0.004454
0.2,874.0,36.41667,0.0,0.0308804,0.22881587,19.74030373,0.004411
0.2,875.0,36.45833,0.0,0.03058803,0.22664952,19.74276244,0.00437
0.2,876.0,36.5,0.0,0.03029844,0.22450368,19.74519788,0.004328
0.2,877.0,36.54167,0.0,0.03001158,0.22237815,19.74761027,0.004287
0.2,878.0,36.58333,0.0,0.02972744,0.22027275,19.74999981,0.004247
0.2,879.0,36.625,0.0,0.02944599,0.21818728,19.75236673,0.004207
0.2,880.0,36.66667,0.0,0.02916721,0.21612155,19.75471124,0.004167
0.2,881.0,36.70833,0.0,0.02889106,0.21407539,19.75703355,0.004127
0.2,882.0,36.75,0.0,0.02861753,0.21204859,19.75933388,0.004088
0.2,883.0,36.79167,0.0,0.02834659,0.21004098,19.76161243,0.00405
0.2,884.0,36.83333,0.0,0.02807821,0.20805239,19.7638694,0.004011
0.2,885.0,36.875,0.0,0.02781238,0.20608261,19.76610501,0.003973
0.2,886.0,36.91667,0.0,0.02754906,0.20413149,19.76831945,0.003936
0.2,887.0,36.95833,0.0,0.02728823,0.20219884,19.77051292,0.003898
0.2,888.0,37.0,0.0,0.02702988,0.20028449,19.77268563,0.003861
0.2,889.0,37.04167,0.0,0.02677397,0.19838826,19.77483777,0.003825
0.2,890.0,37.08333,0.0,0.02652048,0.19650999,19.77696953,0.003789
0.2,891.0,37.125,0.0,0.02626939,0.1946495,19.77908111,0.003753
0.2,892.0,37.16667,0.0,0.02602068,0.19280662,19.7811727,0.003717
0.2,893.0,37.20833,0.0,0.02577433,0.19098119,19.78324448,0.003682
0.2,894.0,37.25,0.0,0.02553031,0.18917304,19.78529665,0.003647
0.2,895.0,37.29167,0.0,0.02528859,0.18738201,19.78732939,0.003613
0.2,896.0,37.33333,0.0,0.02504917,0.18560794,19.78934289,0.003578
0.2,897.0,37.375,0.0,0.02481201,0.18385067,19.79133732,0.003545
0.2,898.0,37.41667,0.0,0.0245771,0.18211003,19.79331287,0.003511
0.2,899.0,37.45833,0.0,0.02434441,0.18038587,19.79526972,0.003478
0.2,900.0,37.5,0.0,0.02411393,0.17867804,19.79720804,0.003445
0.2,901.0,37.54167,0.0,0.02388562,0.17698637,19.799128,0.003412
0.2,902.0,37.58333,0.0,0.02365948,0.17531072,19.80102979,0.00338
0.2,903.0,37.625,0.0,0.02343548,0.17365094,19.80291358,0.003348
0.2,904.0,37.66667,0.0,0.0232136,0.17200687,19.80477953,0.003316
0.2,905.0,37.70833,0.0,0.02299382,0.17037837,19.80662781,0.003285
0.2,906.0,37.75,0.0,0.02277613,0.16876528,19.80845859,0.003254
0.2,907.0,37.79167,0.0,0.02256049,0.16716747,19.81027205,0.003223
0.2,908.0,37.83333,0.0,0.02234689,0.16558478,19.81206833,0.003192
0.2,909.0,37.875,0.0,0.02213532,0.16401708,19.8138476,0.003162
0.2,910.0,37.91667,0.0,0.02192575,0.16246422,19.81561003,0.003132
0.2,911.0,37.95833,0.0,0.02171817,0.16092606,19.81735578,0.003103
0.2,912.0,38.0,0.0,0.02151255,0.15940246,19.81908499,0.003073
0.2,913.0,38.04167,0.0,0.02130887,0.15789329,19.82079783,0.003044
0.2,914.0,38.08333,0.0,0.02110713,0.15639841,19.82249446,0.003015
0.2,915.0,38.125,0.0,0.02090729,0.15491768,19.82417503,0.002987
0.2,916.0,38.16667,0.0,0.02070935,0.15345097,19.82583968,0.002958
0.2,917.0,38.20833,0.0,0.02051328,0.15199815,19.82748857,0.00293
0.2,918.0,38.25,0.0,0.02031907,0.15055908,19.82912185,0.002903
0.2,919.0,38.29167,0.0,0.02012669,0.14913364,19.83073967,0.002875
0.2,920.0,38.33333,0.0,0.01993614,0.14772169,19.83234217,0.002848
0.2,921.0,38.375,0.0,0.01974739,0.14632311,19.8339295,0.002821
0.2,922.0,38.41667,0.0,0.01956043,0.14493777,19.8355018,0.002794
0.2,923.0,38.45833,0.0,0.01937524,0.14356555,19.83705922,0.002768
0.2,924.0,38.5,0.0,0.0191918,0.14220632,19.83860189,0.002742
0.2,925.0,38.54167,0.0,0.0190101,0.14085995,19.84012995,0.002716
0.2,926.0,38.58333,0.0,0.01883011,0.13952634,19.84164355,0.00269
0.2,927.0,38.625,0.0,0.01865184,0.13820535,19.84314281,0.002665
0.2,928.0,38.66667,0.0,0.01847525,0.13689687,19.84462789,0.002639
0.2,929.0,38.70833,0.0,0.01830033,0.13560077,19.8460989,0.002614
0.2,930.0,38.75,0.0,0.01812707,0.13431695,19.84755598,0.00259
0.2,931.0,38.79167,0.0,0.01795545,0.13304528,19.84899927,0.002565
0.2,932.0,38.83333,0.0,0.01778545,0.13178565,19.8504289,0.002541
0.2,933.0,38.875,0.0,0.01761706,0.13053795,19.85184499,0.002517
0.2,934.0,38.91667,0.0,0.01745027,0.12930206,19.85324767,0.002493
0.2,935.0,38.95833,0.0,0.01728506,0.12807787,19.85463707,0.002469
0.2,936.0,39.0,0.0,0.01712141,0.12686527,19.85601332,0.002446
0.2,937.0,39.04167,0.0,0.01695931,0.12566415,19.85737654,0.002423
0.2,938.0,39.08333,0.0,0.01679874,0.1244744,19.85872685,0.0024
0.2,939.0,39.125,0.0,0.0166397,0.12329592,19.86006438,0.002377
0.2,940.0,39.16667,0.0,0.01648216,0.1221286,19.86138924,0.002355
0.2,941.0,39.20833,0.0,0.01632611,0.12097232,19.86270157,0.002332
0.2,942.0,39.25,0.0,0.01617154,0.119827,19.86400146,0.00231
0.2,943.0,39.29167,0.0,0.01601844,0.11869251,19.86528905,0.002288
0.2,944.0,39.33333,0.0,0.01586678,0.11756877,19.86656445,0.002267
0.2,945.0,39.375,0.0,0.01571656,0.11645567,19.86782777,0.002245
0.2,946.0,39.41667,0.0,0.01556776,0.11535311,19.86907914,0.002224
0.2,947.0,39.45833,0.0,0.01542037,0.11426098,19.87031865,0.002203
0.2,948.0,39.5,0.0,0.01527437,0.11317919,19.87154643,0.002182
0.2,949.0,39.54167,0.0,0.01512976,0.11210765,19.87276259,0.002161
0.2,950.0,39.58333,0.0,0.01498652,0.11104625,19.87396723,0.002141
0.2,951.0,39.625,0.0,0.01484463,0.1099949,19.87516047,0.002121
0.2,952.0,39.66667,0.0,0.01470408,0.10895351,19.87634241,0.002101
0.2,953.0,39.70833,0.0,0.01456487,0.10792197,19.87751316,0.002081
0.2,954.0,39.75,0.0,0.01442698,0.1069002,19.87867282,0.002061
0.2,955.0,39.79167,0.0,0.01429039,0.10588811,19.87982151,0.002041
0.2,956.0,39.83333,0.0,0.01415509,0.10488559,19.88095932,0.002022
0.2,957.0,39.875,0.0,0.01402107,0.10389257,19.88208636,0.002003
0.2,958.0,39.91667,0.0,0.01388833,0.10290895,19.88320272,0.001984
0.2,959.0,39.95833,0.0,0.01375684,0.10193464,19.88430852,0.001965
0.2,960.0,40.0,0.0,0.01362659,0.10096956,19.88540385,0.001947
0.2,961.0,40.04167,0.0,0.01349758,0.10001361,19.88648881,0.001928
0.2,962.0,40.08333,0.0,0.01336979,0.09906672,19.8875635,0.00191
0.2,963.0,40.125,0.0,0.01324321,0.09812878,19.88862801,0.001892
0.2,964.0,40.16667,0.0,0.01311783,0.09719973,19.88968244,0.001874
0.2,965.0,40.20833,0.0,0.01299363,0.09627948,19.89072689,0.001856
0.2,966.0,40.25,0.0,0.01287061,0.09536794,19.89176145,0.001839
0.2,967.0,40.29167,0.0,0.01274876,0.09446502,19.89278622,0.001821
0.2,968.0,40.33333,0.0,0.01262805,0.09357066,19.89380129,0.001804
0.2,969.0,40.375,0.0,0.0125085,0.09268476,19.89480674,0.001787
0.2,970.0,40.41667,0.0,0.01239007,0.09180725,19.89580267,0.00177
0.2,971.0,40.45833,0.0,0.01227277,0.09093805,19.89678918,0.001753
0.2,972.0,40.5,0.0,0.01215657,0.09007708,19.89776635,0.001737
0.2,973.0,40.54167,0.0,0.01204148,0.08922426,19.89873426,0.00172
0.2,974.0,40.58333,0.0,0.01192747,0.08837952,19.89969301,0.001704
0.2,975.0,40.625,0.0,0.01181455,0.08754277,19.90064269,0.001688
0.2,976.0,40.66667,0.0,0.01170269,0.08671394,19.90158337,0.001672
0.2,977.0,40.70833,0.0,0.01159189,0.08589296,19.90251514,0.001656
0.2,978.0,40.75,0.0,0.01148214,0.08507976,19.9034381,0.00164
0.2,979.0,40.79167,0.0,0.01137344,0.08427425,19.90435232,0.001625
0.2,980.0,40.83333,0.0,0.01126576,0.08347637,19.90525788,0.001609
0.2,981.0,40.875,0.0,0.01115909,0.08268604,19.90615486,0.001594
0.2,982.0,40.91667,0.0,0.01105344,0.0819032,19.90704336,0.001579
0.2,983.0,40.95833,0.0,0.01094879,0.08112777,19.90792344,0.001564
0.2,984.0,41.0,0.0,0.01084513,0.08035967,19.90879519,0.001549
0.2,985.0,41.04167,0.0,0.01074246,0.07959886,19.90965869,0.001535
0.2,986.0,41.08333,0.0,0.01064075,0.07884524,19.91051401,0.00152
0.2,987.0,41.125,0.0,0.01054001,0.07809876,19.91136123,0.001506
0.2,988.0,41.16667,0.0,0.01044022,0.07735935,19.91220044,0.001491
0.2,989.0,41.20833,0.0,0.01034137,0.07662693,19.91303169,0.001477
0.2,990.0,41.25,0.0,0.01024346,0.07590145,19.91385508,0.001463
0.2,991.0,41.29167,0.0,0.01014648,0.07518284,19.91467067,0.001449
0.2,992.0,41.33333,0.0,0.01005042,0.07447104,19.91547854,0.001436
0.2,993.0,41.375,0.0,0.00995527,0.07376597,19.91627876,0.001422
0.2,994.0,41.41667,0.0,0.00986101,0.07306758,19.91707141,0.001409
0.2,995.0,41.45833,0.0,0.00976765,0.0723758,19.91785655,0.001395
0.2,996.0,41.5,0.0,0.00967517,0.07169057,19.91863426,0.001382
0.2,997.0,41.54167,0.0,0.00958357,0.07101183,19.9194046,0.001369
0.2,998.0,41.58333,0.0,0.00949284,0.07033951,19.92016765,0.001356
0.2,999.0,41.625,0.0,0.00940296,0.06967356,19.92092348,0.001343
0.2,1000.0,41.66667,0.0,0.00931394,0.06901391,19.92167215,0.001331
0.2,1001.0,41.70833,0.0,0.00922576,0.06836051,19.92241373,0.001318
0.2,1002.0,41.75,0.0,0.00913841,0.0677133,19.92314829,0.001305
0.2,1003.0,41.79167,0.0,0.00905189,0.06707221,19.9238759,0.001293
0.2,1004.0,41.83333,0.0,0.00896619,0.06643719,19.92459662,0.001281
0.2,1005.0,41.875,0.0,0.0088813,0.06580819,19.92531051,0.001269
0.2,1006.0,41.91667,0.0,0.00879722,0.06518514,19.92601765,0.001257
0.2,1007.0,41.95833,0.0,0.00871393,0.06456798,19.92671809,0.001245
0.2,1008.0,42.0,0.0,0.00863143,0.06395668,19.9274119,0.001233
0.2,1009.0,42.04167,0.0,0.00854971,0.06335115,19.92809914,0.001221
0.2,1010.0,42.08333,0.0,0.00846876,0.06275137,19.92877987,0.00121
0.2,1011.0,42.125,0.0,0.00838858,0.06215726,19.92945416,0.001198
0.2,1012.0,42.16667,0.0,0.00830916,0.06156877,19.93012206,0.001187
0.2,1013.0,42.20833,0.0,0.00823049,0.06098586,19.93078365,0.001176
0.2,1014.0,42.25,0.0,0.00815257,0.06040847,19.93143896,0.001165
0.2,1015.0,42.29167,0.0,0.00807538,0.05983654,19.93208808,0.001154
0.2,1016.0,42.33333,0.0,0.00799893,0.05927003,19.93273104,0.001143
0.2,1017.0,42.375,0.0,0.0079232,0.05870888,19.93336792,0.001132
0.2,1018.0,42.41667,0.0,0.00784818,0.05815304,19.93399878,0.001121
0.2,1019.0,42.45833,0.0,0.00777388,0.05760247,19.93462365,0.001111
0.2,1020.0,42.5,0.0,0.00770028,0.05705711,19.93524261,0.0011
0.2,1021.0,42.54167,0.0,0.00762738,0.05651691,19.93585572,0.00109
0.2,1022.0,42.58333,0.0,0.00755516,0.05598182,19.93646301,0.001079
0.2,1023.0,42.625,0.0,0.00748363,0.05545181,19.93706456,0.001069
0.2,1024.0,42.66667,0.0,0.00741278,0.05492681,19.93766041,0.001059
0.2,1025.0,42.70833,0.0,0.0073426,0.05440678,19.93825062,0.001049
0.2,1026.0,42.75,0.0,0.00727308,0.05389167,19.93883525,0.001039
0.2,1027.0,42.79167,0.0,0.00720422,0.05338144,19.93941433,0.001029
0.2,1028.0,42.83333,0.0,0.00713601,0.05287605,19.93998794,0.001019
0.2,1029.0,42.875,0.0,0.00706845,0.05237543,19.94055611,0.00101
0.2,1030.0,42.91667,0.0,0.00700153,0.05187956,19.94111891,0.001
0.2,1031.0,42.95833,0.0,0.00693524,0.05138838,19.94167638,0.000991
0.2,1032.0,43.0,0.0,0.00686958,0.05090185,19.94222856,0.000981
0.2,1033.0,43.04167,0.0,0.00680454,0.05041993,19.94277553,0.000972
0.2,1034.0,43.08333,0.0,0.00674012,0.04994257,19.94331731,0.000963
0.2,1035.0,43.125,0.0,0.00667631,0.04946973,19.94385396,0.000954
0.2,1036.0,43.16667,0.0,0.0066131,0.04900137,19.94438553,0.000945
0.2,1037.0,43.20833,0.0,0.00655049,0.04853744,19.94491207,0.000936
0.2,1038.0,43.25,0.0,0.00648847,0.0480779,19.94543363,0.000927
0.2,1039.0,43.29167,0.0,0.00642704,0.04762272,19.94595024,0.000918
0.2,1040.0,43.33333,0.0,0.00636619,0.04717184,19.94646197,0.000909
0.2,1041.0,43.375,0.0,0.00630592,0.04672523,19.94696885,0.000901
0.2,1042.0,43.41667,0.0,0.00624621,0.04628285,19.94747093,0.000892
0.2,1043.0,43.45833,0.0,0.00618708,0.04584466,19.94796826,0.000884
0.2,1044.0,43.5,0.0,0.0061285,0.04541062,19.94846088,0.000876
0.2,1045.0,43.54167,0.0,0.00607048,0.04498069,19.94894883,0.000867
0.2,1046.0,43.58333,0.0,0.006013,0.04455483,19.94943217,0.000859
0.2,1047.0,43.625,0.0,0.00595608,0.044133,19.94991093,0.000851
0.2,1048.0,43.66667,0.0,0.00589969,0.04371516,19.95038516,0.000843
0.2,1049.0,43.70833,0.0,0.00584383,0.04330128,19.95085489,0.000835
0.2,1050.0,43.75,0.0,0.0057885,0.04289132,19.95132018,0.000827
0.2,1051.0,43.79167,0.0,0.0057337,0.04248524,19.95178107,0.000819
0.2,1052.0,43.83333,0.0,0.00567941,0.042083,19.95223759,0.000811
0.2,1053.0,43.875,0.0,0.00562564,0.04168457,19.95268979,0.000804
0.2,1054.0,43.91667,0.0,0.00557238,0.04128992,19.9531377,0.000796
0.2,1055.0,43.95833,0.0,0.00551962,0.040899,19.95358138,0.000789
0.2,1056.0,44.0,0.0,0.00546737,0.04051178,19.95402086,0.000781
0.2,1057.0,44.04167,0.0,0.0054156,0.04012823,19.95445617,0.000774
0.2,1058.0,44.08333,0.0,0.00536433,0.03974831,19.95488737,0.000766
0.2,1059.0,44.125,0.0,0.00531354,0.03937198,19.95531448,0.000759
0.2,1060.0,44.16667,0.0,0.00526323,0.03899922,19.95573755,0.000752
0.2,1061.0,44.20833,0.0,0.0052134,0.03862999,19.95615661,0.000745
0.2,1062.0,44.25,0.0,0.00516404,0.03826425,19.9565717,0.000738
0.2,1063.0,44.29167,0.0,0.00511515,0.03790198,19.95698287,0.000731
0.2,1064.0,44.33333,0.0,0.00506672,0.03754314,19.95739014,0.000724
0.2,1065.0,44.375,0.0,0.00501875,0.03718769,19.95779356,0.000717
0.2,1066.0,44.41667,0.0,0.00497124,0.03683561,19.95819315,0.00071
0.2,1067.0,44.45833,0.0,0.00492417,0.03648686,19.95858897,0.000703
0.2,1068.0,44.5,0.0,0.00487755,0.03614142,19.95898103,0.000697
0.2,1069.0,44.54167,0.0,0.00483137,0.03579924,19.95936939,0.00069
0.2,1070.0,44.58333,0.0,0.00478563,0.03546031,19.95975406,0.000684
0.2,1071.0,44.625,0.0,0.00474032,0.03512458,19.9601351,0.000677
0.2,1072.0,44.66667,0.0,0.00469544,0.03479203,19.96051253,0.000671
0.2,1073.0,44.70833,0.0,0.00465099,0.03446263,19.96088638,0.000664
0.2,1074.0,44.75,0.0,0.00460695,0.03413635,19.9612567,0.000658
0.2,1075.0,44.79167,0.0,0.00456334,0.03381316,19.9616235,0.000652
0.2,1076.0,44.83333,0.0,0.00452013,0.03349303,19.96198684,0.000646
0.2,1077.0,44.875,0.0,0.00447734,0.03317593,19.96234674,0.00064
0.2,1078.0,44.91667,0.0,0.00443495,0.03286183,19.96270323,0.000634
0.2,1079.0,44.95833,0.0,0.00439296,0.0325507,19.96305634,0.000628
0.2,1080.0,45.0,0.0,0.00435137,0.03224252,19.96340611,0.000622
0.2,1081.0,45.04167,0.0,0.00431017,0.03193726,19.96375257,0.000616
0.2,1082.0,45.08333,0.0,0.00426936,0.03163489,19.96409575,0.00061
0.2,1083.0,45.125,0.0,0.00422894,0.03133538,19.96443568,0.000604
0.2,1084.0,45.16667,0.0,0.0041889,0.03103871,19.96477239,0.000598
0.2,1085.0,45.20833,0.0,0.00414924,0.03074484,19.96510591,0.000593
0.2,1086.0,45.25,0.0,0.00410996,0.03045376,19.96543628,0.000587
0.2,1087.0,45.29167,0.0,0.00407105,0.03016544,19.96576352,0.000582
0.2,1088.0,45.33333,0.0,0.00403251,0.02987984,19.96608765,0.000576
0.2,1089.0,45.375,0.0,0.00399433,0.02959695,19.96640873,0.000571
0.2,1090.0,45.41667,0.0,0.00395651,0.02931673,19.96672676,0.000565
0.2,1091.0,45.45833,0.0,0.00391905,0.02903917,19.96704178,0.00056
0.2,1092.0,45.5,0.0,0.00388195,0.02876424,19.96735381,0.000555
0.2,1093.0,45.54167,0.0,0.00384519,0.02849191,19.9676629,0.000549
0.2,1094.0,45.58333,0.0,0.00380879,0.02822216,19.96796905,0.000544
0.2,1095.0,45.625,0.0,0.00377273,0.02795496,19.96827231,0.000539
0.2,1096.0,45.66667,0.0,0.00373701,0.02769029,19.9685727,0.000534
0.2,1097.0,45.70833,0.0,0.00370163,0.02742813,19.96887024,0.000529
0.2,1098.0,45.75,0.0,0.00366658,0.02716845,19.96916497,0.000524
0.2,1099.0,45.79167,0.0,0.00363187,0.02691122,19.96945691,0.000519
0.2,1100.0,45.83333,0.0,0.00359748,0.02665644,19.96974608,0.000514
0.2,1101.0,45.875,0.0,0.00356342,0.02640406,19.97003251,0.000509
0.2,1102.0,45.91667,0.0,0.00352969,0.02615408,19.97031623,0.000504
0.2,1103.0,45.95833,0.0,0.00349627,0.02590646,19.97059727,0.000499
0.2,1104.0,46.0,0.0,0.00346317,0.02566119,19.97087565,0.000495
0.2,1105.0,46.04167,0.0,0.00343038,0.02541823,19.97115139,0.00049
0.2,1106.0,46.08333,0.0,0.0033979,0.02517758,19.97142452,0.000485
0.2,1107.0,46.125,0.0,0.00336573,0.02493921,19.97169506,0.000481
0.2,1108.0,46.16667,0.0,0.00333387,0.02470309,19.97196304,0.000476
0.2,1109.0,46.20833,0.0,0.0033023,0.02446921,19.97222848,0.000472
0.2,1110.0,46.25,0.0,0.00327104,0.02423755,19.97249142,0.000467
0.2,1111.0,46.29167,0.0,0.00324007,0.02400807,19.97275186,0.000463
0.2,1112.0,46.33333,0.0,0.00320939,0.02378077,19.97300984,0.000458
0.2,1113.0,46.375,0.0,0.00317901,0.02355562,19.97326537,0.000454
0.2,1114.0,46.41667,0.0,0.00314891,0.02333261,19.97351848,0.00045
0.2,1115.0,46.45833,0.0,0.0031191,0.0231117,19.9737692,0.000446
0.2,1116.0,46.5,0.0,0.00308957,0.02289289,19.97401755,0.000441
0.2,1117.0,46.54167,0.0,0.00306031,0.02267615,19.97426354,0.000437
0.2,1118.0,46.58333,0.0,0.00303134,0.02246146,19.9745072,0.000433
0.2,1119.0,46.625,0.0,0.00300264,0.0222488,19.97474856,0.000429
0.2,1120.0,46.66667,0.0,0.00297421,0.02203815,19.97498763,0.000425
0.2,1121.0,46.70833,0.0,0.00294605,0.0218295,19.97522444,0.000421
0.2,1122.0,46.75,0.0,0.00291816,0.02162283,19.97545901,0.000417
0.2,1123.0,46.79167,0.0,0.00289053,0.02141811,19.97569136,0.000413
0.2,1124.0,46.83333,0.0,0.00286317,0.02121533,19.9759215,0.000409
0.2,1125.0,46.875,0.0,0.00283606,0.02101447,19.97614947,0.000405
0.2,1126.0,46.91667,0.0,0.00280921,0.02081551,19.97637528,0.000401
0.2,1127.0,46.95833,0.0,0.00278261,0.02061844,19.97659895,0.000398
0.2,1128.0,47.0,0.0,0.00275627,0.02042323,19.9768205,0.000394
0.2,1129.0,47.04167,0.0,0.00273017,0.02022987,19.97703996,0.00039
0.2,1130.0,47.08333,0.0,0.00270432,0.02003834,19.97725734,0.000386
0.2,1131.0,47.125,0.0,0.00267872,0.01984862,19.97747266,0.000383
0.2,1132.0,47.16667,0.0,0.00265336,0.0196607,19.97768594,0.000379
0.2,1133.0,47.20833,0.0,0.00262824,0.01947456,19.9778972,0.000375
0.2,1134.0,47.25,0.0,0.00260335,0.01929018,19.97810646,0.000372
0.2,1135.0,47.29167,0.0,0.00257871,0.01910755,19.97831374,0.000368
0.2,1136.0,47.33333,0.0,0.00255429,0.01892665,19.97851906,0.000365
0.2,1137.0,47.375,0.0,0.00253011,0.01874746,19.97872244,0.000361
0.2,1138.0,47.41667,0.0,0.00250615,0.01856996,19.97892389,0.000358
0.2,1139.0,47.45833,0.0,0.00248243,0.01839415,19.97912343,0.000355
0.2,1140.0,47.5,0.0,0.00245892,0.01822,19.97932108,0.000351
0.2,1141.0,47.54167,0.0,0.00243564,0.0180475,19.97951686,0.000348
0.2,1142.0,47.58333,0.0,0.00241258,0.01787663,19.97971079,0.000345
0.2,1143.0,47.625,0.0,0.00238974,0.01770738,19.97990288,0.000341
0.2,1144.0,47.66667,0.0,0.00236712,0.01753973,19.98009315,0.000338
0.2,1145.0,47.70833,0.0,0.00234471,0.01737367,19.98028162,0.000335
0.2,1146.0,47.75,0.0,0.00232251,0.01720918,19.98046831,0.000332
0.2,1147.0,47.79167,0.0,0.00230052,0.01704625,19.98065323,0.000329
0.2,1148.0,47.83333,0.0,0.00227874,0.01688486,19.9808364,0.000326
0.2,1149.0,47.875,0.0,0.00225716,0.016725,19.98101783,0.000322
0.2,1150.0,47.91667,0.0,0.00223579,0.01656666,19.98119755,0.000319
0.2,1151.0,47.95833,0.0,0.00221463,0.01640981,19.98137557,0.000316
0.2,1152.0,48.0,0.0,0.00219366,0.01625445,19.9815519,0.000313
0.2,1153.0,48.04167,0.0,0.00217289,0.01610055,19.98172656,0.00031
0.2,1154.0,48.08333,0.0,0.00215232,0.01594812,19.98189956,0.000307
0.2,1155.0,48.125,0.0,0.00213194,0.01579713,19.98207093,0.000305
0.2,1156.0,48.16667,0.0,0.00211176,0.01564757,19.98224068,0.000302
0.2,1157.0,48.20833,0.0,0.00209176,0.01549942,19.98240882,0.000299
0.2,1158.0,48.25,0.0,0.00207196,0.01535268,19.98257537,0.000296
0.2,1159.0,48.29167,0.0,0.00205234,0.01520732,19.98274034,0.000293
0.2,1160.0,48.33333,0.0,0.00203291,0.01506334,19.98290375,0.00029
0.2,1161.0,48.375,0.0,0.00201366,0.01492073,19.98306561,0.000288
0.2,1162.0,48.41667,0.0,0.0019946,0.01477946,19.98322594,0.000285
0.2,1163.0,48.45833,0.0,0.00197571,0.01463954,19.98338475,0.000282
0.2,1164.0,48.5,0.0,0.00195701,0.01450094,19.98354206,0.00028
0.2,1165.0,48.54167,0.0,0.00193848,0.01436365,19.98369787,0.000277
0.2,1166.0,48.58333,0.0,0.00192013,0.01422765,19.98385222,0.000274
0.2,1167.0,48.625,0.0,0.00190195,0.01409295,19.9840051,0.000272
0.2,1168.0,48.66667,0.0,0.00188394,0.01395952,19.98415653,0.000269
0.2,1169.0,48.70833,0.0,0.0018661,0.01382736,19.98430653,0.000267
0.2,1170.0,48.75,0.0,0.00184844,0.01369645,19.98445512,0.000264
0.2,1171.0,48.79167,0.0,0.00183094,0.01356677,19.98460229,0.000262
0.2,1172.0,48.83333,0.0,0.0018136,0.01343833,19.98474807,0.000259
0.2,1173.0,48.875,0.0,0.00179643,0.0133111,19.98489247,0.000257
0.2,1174.0,48.91667,0.0,0.00177942,0.01318507,19.9850355,0.000254
0.2,1175.0,48.95833,0.0,0.00176258,0.01306024,19.98517718,0.000252
0.2,1176.0,49.0,0.0,0.00174589,0.01293659,19.98531752,0.000249
0.2,1177.0,49.04167,0.0,0.00172936,0.01281411,19.98545653,0.000247
0.2,1178.0,49.08333,0.0,0.00171299,0.01269279,19.98559422,0.000245
0.2,1179.0,49.125,0.0,0.00169677,0.01257262,19.98573061,0.000242
0.2,1180.0,49.16667,0.0,0.0016807,0.01245359,19.98586571,0.00024
0.2,1181.0,49.20833,0.0,0.00166479,0.01233568,19.98599953,0.000238
0.2,1182.0,49.25,0.0,0.00164903,0.01221889,19.98613208,0.000236
0.2,1183.0,49.29167,0.0,0.00163342,0.01210321,19.98626338,0.000233
0.2,1184.0,49.33333,0.0,0.00161795,0.01198862,19.98639343,0.000231
0.2,1185.0,49.375,0.0,0.00160263,0.01187511,19.98652225,0.000229
0.2,1186.0,49.41667,0.0,0.00158746,0.01176268,19.98664985,0.000227
0.2,1187.0,49.45833,0.0,0.00157243,0.01165132,19.98677625,0.000225
0.2,1188.0,49.5,0.0,0.00155754,0.01154101,19.98690145,0.000223
0.2,1189.0,49.54167,0.0,0.0015428,0.01143174,19.98702546,0.00022
0.2,1190.0,49.58333,0.0,0.00152819,0.01132351,19.9871483,0.000218
0.2,1191.0,49.625,0.0,0.00151372,0.0112163,19.98726997,0.000216
0.2,1192.0,49.66667,0.0,0.00149939,0.01111011,19.9873905,0.000214
0.2,1193.0,49.70833,0.0,0.0014852,0.01100492,19.98750988,0.000212
0.2,1194.0,49.75,0.0,0.00147113,0.01090073,19.98762813,0.00021
0.2,1195.0,49.79167,0.0,0.00145721,0.01079753,19.98774527,0.000208
0.2,1196.0,49.83333,0.0,0.00144341,0.0106953,19.98786129,0.000206
0.2,1197.0,49.875,0.0,0.00142974,0.01059404,19.98797622,0.000204
0.2,1198.0,49.91667,0.0,0.00141621,0.01049374,19.98809005,0.000202
0.2,1199.0,49.95833,0.0,0.0014028,0.01039439,19.98820281,0.0002
0.2,1200.0,50.0,0.0,0.00138952,0.01029598,19.9883145,0.000199
0.2,1201.0,50.04167,0.0,0.00137636,0.0101985,19.98842514,0.000197
0.2,1202.0,50.08333,0.0,0.00136333,0.01010194,19.98853473,0.000195
0.2,1203.0,50.125,0.0,0.00135042,0.0100063,19.98864327,0.000193
0.2,1204.0,50.16667,0.0,0.00133764,0.00991156,19.9887508,0.000191
0.2,1205.0,50.20833,0.0,0.00132497,0.00981772,19.9888573,0.000189
0.2,1206.0,50.25,0.0,0.00131243,0.00972477,19.9889628,0.000187
0.2,1207.0,50.29167,0.0,0.0013,0.0096327,19.98906729,0.000186
0.2,1208.0,50.33333,0.0,0.0012877,0.0095415,19.9891708,0.000184
0.2,1209.0,50.375,0.0,0.00127551,0.00945117,19.98927333,0.000182
0.2,1210.0,50.41667,0.0,0.00126343,0.00936169,19.98937488,0.00018
0.2,1211.0,50.45833,0.0,0.00125147,0.00927305,19.98947548,0.000179
0.2,1212.0,50.5,0.0,0.00123962,0.00918526,19.98957512,0.000177
0.2,1213.0,50.54167,0.0,0.00122788,0.0090983,19.98967382,0.000175
0.2,1214.0,50.58333,0.0,0.00121626,0.00901216,19.98977159,0.000174
0.2,1215.0,50.625,0.0,0.00120474,0.00892683,19.98986842,0.000172
0.2,1216.0,50.66667,0.0,0.00119334,0.00884232,19.98996435,0.00017
0.2,1217.0,50.70833,0.0,0.00118204,0.0087586,19.99005936,0.000169
0.2,1218.0,50.75,0.0,0.00117085,0.00867568,19.99015348,0.000167
0.2,1219.0,50.79167,0.0,0.00115976,0.00859354,19.9902467,0.000166
0.2,1220.0,50.83333,0.0,0.00114878,0.00851218,19.99033904,0.000164
0.2,1221.0,50.875,0.0,0.00113791,0.00843159,19.99043051,0.000163
0.2,1222.0,50.91667,0.0,0.00112713,0.00835176,19.99052111,0.000161
0.2,1223.0,50.95833,0.0,0.00111646,0.00827269,19.99061085,0.000159
0.2,1224.0,51.0,0.0,0.00110589,0.00819436,19.99069974,0.000158
0.2,1225.0,51.04167,0.0,0.00109542,0.00811678,19.9907878,0.000156
0.2,1226.0,51.08333,0.0,0.00108505,0.00803994,19.99087501,0.000155
0.2,1227.0,51.125,0.0,0.00107478,0.00796382,19.99096141,0.000154
0.2,1228.0,51.16667,0.0,0.0010646,0.00788842,19.99104698,0.000152
0.2,1229.0,51.20833,0.0,0.00105452,0.00781373,19.99113175,0.000151
0.2,1230.0,51.25,0.0,0.00104454,0.00773976,19.99121571,0.000149
0.2,1231.0,51.29167,0.0,0.00103465,0.00766648,19.99129887,0.000148
0.2,1232.0,51.33333,0.0,0.00102485,0.00759389,19.99138125,0.000146
0.2,1233.0,51.375,0.0,0.00101515,0.007522,19.99146285,0.000145
0.2,1234.0,51.41667,0.0,0.00100554,0.00745078,19.99154368,0.000144
0.2,1235.0,51.45833,0.0,0.00099602,0.00738024,19.99162374,0.000142
0.2,1236.0,51.5,0.0,0.00098659,0.00731037,19.99170305,0.000141
0.2,1237.0,51.54167,0.0,0.00097725,0.00724115,19.9917816,0.00014
0.2,1238.0,51.58333,0.0,0.000968,0.0071726,19.99185941,0.000138
0.2,1239.0,51.625,0.0,0.00095883,0.00710469,19.99193648,0.000137
0.2,1240.0,51.66667,0.0,0.00094975,0.00703742,19.99201282,0.000136
0.2,1241.0,51.70833,0.0,0.00094076,0.0069708,19.99208844,0.000134
0.2,1242.0,51.75,0.0,0.00093185,0.0069048,19.99216335,0.000133
0.2,1243.0,51.79167,0.0,0.00092303,0.00683943,19.99223754,0.000132
0.2,1244.0,51.83333,0.0,0.00091429,0.00677467,19.99231103,0.000131
0.2,1245.0,51.875,0.0,0.00090564,0.00671053,19.99238383,0.000129
0.2,1246.0,51.91667,0.0,0.00089706,0.006647,19.99245594,0.000128
0.2,1247.0,51.95833,0.0,0.00088857,0.00658407,19.99252736,0.000127
0.2,1248.0,52.0,0.0,0.00088016,0.00652173,19.99259811,0.000126
0.2,1249.0,52.04167,0.0,0.00087182,0.00645999,19.99266819,0.000125
0.2,1250.0,52.08333,0.0,0.00086357,0.00639883,19.9927376,0.000123
0.2,1251.0,52.125,0.0,0.00085539,0.00633824,19.99280636,0.000122
0.2,1252.0,52.16667,0.0,0.00084729,0.00627824,19.99287447,0.000121
0.2,1253.0,52.20833,0.0,0.00083927,0.0062188,19.99294193,0.00012
0.2,1254.0,52.25,0.0,0.00083133,0.00615992,19.99300876,0.000119
0.2,1255.0,52.29167,0.0,0.00082346,0.0061016,19.99307495,0.000118
0.2,1256.0,52.33333,0.0,0.00081566,0.00604383,19.99314051,0.000117
0.2,1257.0,52.375,0.0,0.00080794,0.00598661,19.99320545,0.000115
0.2,1258.0,52.41667,0.0,0.00080029,0.00592993,19.99326978,0.000114
0.2,1259.0,52.45833,0.0,0.00079271,0.00587379,19.9933335,0.000113
0.2,1260.0,52.5,0.0,0.00078521,0.00581818,19.99339662,0.000112
0.2,1261.0,52.54167,0.0,0.00077777,0.00576309,19.99345914,0.000111
0.2,1262.0,52.58333,0.0,0.00077041,0.00570853,19.99352106,0.00011
0.2,1263.0,52.625,0.0,0.00076311,0.00565448,19.9935824,0.000109
0.2,1264.0,52.66667,0.0,0.00075589,0.00560095,19.99364316,0.000108
0.2,1265.0,52.70833,0.0,0.00074873,0.00554792,19.99370335,0.000107
0.2,1266.0,52.75,0.0,0.00074164,0.00549539,19.99376296,0.000106
0.2,1267.0,52.79167,0.0,0.00073462,0.00544336,19.99382201,0.000105
0.2,1268.0,52.83333,0.0,0.00072767,0.00539183,19.9938805,0.000104
0.2,1269.0,52.875,0.0,0.00072078,0.00534078,19.99393844,0.000103
0.2,1270.0,52.91667,0.0,0.00071395,0.00529022,19.99399583,0.000102
0.2,1271.0,52.95833,0.0,0.00070719,0.00524013,19.99405268,0.000101
0.2,1272.0,53.0,0.0,0.0007005,0.00519052,19.99410898,0.0001
0.2,1273.0,53.04167,0.0,0.00069387,0.00514138,19.99416476,9.9e-05
0.2,1274.0,53.08333,0.0,0.0006873,0.0050927,19.99422,9.8e-05
0.2,1275.0,53.125,0.0,0.00068079,0.00504448,19.99427473,9.7e-05
0.2,1276.0,53.16667,0.0,0.00067434,0.00499672,19.99432893,9.6e-05
0.2,1277.0,53.20833,0.0,0.00066796,0.00494942,19.99438262,9.5e-05
0.2,1278.0,53.25,0.0,0.00066164,0.00490256,19.99443581,9.5e-05
0.2,1279.0,53.29167,0.0,0.00065537,0.00485614,19.99448849,9.4e-05
0.2,1280.0,53.33333,0.0,0.00064917,0.00481016,19.99454067,9.3e-05
0.2,1281.0,53.375,0.0,0.00064302,0.00476462,19.99459235,9.2e-05
0.2,1282.0,53.41667,0.0,0.00063693,0.00471951,19.99464355,9.1e-05
0.2,1283.0,53.45833,0.0,0.0006309,0.00467483,19.99469427,9e-05
0.2,1284.0,53.5,0.0,0.00062493,0.00463057,19.9947445,8.9e-05
0.2,1285.0,53.54167,0.0,0.00061901,0.00458673,19.99479426,8.8e-05
0.2,1286.0,53.58333,0.0,0.00061315,0.0045433,19.99484354,8.8e-05
0.2,1287.0,53.625,0.0,0.00060735,0.00450029,19.99489236,8.7e-05
0.2,1288.0,53.66667,0.0,0.0006016,0.00445768,19.99494072,8.6e-05
0.2,1289.0,53.70833,0.0,0.0005959,0.00441548,19.99498862,8.5e-05
0.2,1290.0,53.75,0.0,0.00059026,0.00437367,19.99503607,8.4e-05
0.2,1291.0,53.79167,0.0,0.00058467,0.00433227,19.99508306,8.4e-05
0.2,1292.0,53.83333,0.0,0.00057914,0.00429125,19.99512961,8.3e-05
0.2,1293.0,53.875,0.0,0.00057365,0.00425062,19.99517573,8.2e-05
0.2,1294.0,53.91667,0.0,0.00056822,0.00421038,19.9952214,8.1e-05
0.2,1295.0,53.95833,0.0,0.00056284,0.00417052,19.99526664,8e-05
0.2,1296.0,54.0,0.0,0.00055751,0.00413103,19.99531146,8e-05
0.2,1297.0,54.04167,0.0,0.00055223,0.00409192,19.99535585,7.9e-05
0.2,1298.0,54.08333,0.0,0.00054701,0.00405318,19.99539981,7.8e-05
0.2,1299.0,54.125,0.0,0.00054183,0.0040148,19.99544337,7.7e-05
0.2,1300.0,54.16667,0.0,0.0005367,0.00397679,19.99548651,7.7e-05
0.2,1301.0,54.20833,0.0,0.00053162,0.00393914,19.99552924,7.6e-05
0.2,1302.0,54.25,0.0,0.00052658,0.00390185,19.99557157,7.5e-05
0.2,1303.0,54.29167,0.0,0.0005216,0.00386491,19.9956135,7.5e-05
0.2,1304.0,54.33333,0.0,0.00051666,0.00382832,19.99565503,7.4e-05
0.2,1305.0,54.375,0.0,0.00051177,0.00379207,19.99569616,7.3e-05
0.2,1306.0,54.41667,0.0,0.00050692,0.00375617,19.99573691,7.2e-05
0.2,1307.0,54.45833,0.0,0.00050212,0.00372061,19.99577727,7.2e-05
0.2,1308.0,54.5,0.0,0.00049737,0.00368538,19.99581725,7.1e-05
0.2,1309.0,54.54167,0.0,0.00049266,0.00365049,19.99585685,7e-05
0.2,1310.0,54.58333,0.0,0.000488,0.00361593,19.99589608,7e-05
0.2,1311.0,54.625,0.0,0.00048338,0.00358169,19.99593493,6.9e-05
0.2,1312.0,54.66667,0.0,0.0004788,0.00354778,19.99597342,6.8e-05
0.2,1313.0,54.70833,0.0,0.00047427,0.00351419,19.99601154,6.8e-05
0.2,1314.0,54.75,0.0,0.00046978,0.00348092,19.9960493,6.7e-05
0.2,1315.0,54.79167,0.0,0.00046533,0.00344797,19.99608671,6.6e-05
0.2,1316.0,54.83333,0.0,0.00046092,0.00341532,19.99612376,6.6e-05
0.2,1317.0,54.875,0.0,0.00045656,0.00338299,19.99616046,6.5e-05
0.2,1318.0,54.91667,0.0,0.00045224,0.00335096,19.99619681,6.5e-05
0.2,1319.0,54.95833,0.0,0.00044795,0.00331923,19.99623281,6.4e-05
0.2,1320.0,55.0,0.0,0.00044371,0.00328781,19.99626848,6.3e-05
0.2,1321.0,55.04167,0.0,0.00043951,0.00325668,19.99630381,6.3e-05
0.2,1322.0,55.08333,0.0,0.00043535,0.00322584,19.9963388,6.2e-05
0.2,1323.0,55.125,0.0,0.00043123,0.0031953,19.99637347,6.2e-05
0.2,1324.0,55.16667,0.0,0.00042715,0.00316505,19.9964078,6.1e-05
0.2,1325.0,55.20833,0.0,0.0004231,0.00313509,19.99644181,6e-05
0.2,1326.0,55.25,0.0,0.0004191,0.0031054,19.9964755,6e-05
0.2,1327.0,55.29167,0.0,0.00041513,0.003076,19.99650887,5.9e-05
0.2,1328.0,55.33333,0.0,0.0004112,0.00304688,19.99654192,5.9e-05
0.2,1329.0,55.375,0.0,0.00040731,0.00301803,19.99657466,5.8e-05
0.2,1330.0,55.41667,0.0,0.00040345,0.00298946,19.99660709,5.8e-05
0.2,1331.0,55.45833,0.0,0.00039963,0.00296116,19.99663921,5.7e-05
0.2,1332.0,55.5,0.0,0.00039585,0.00293312,19.99667103,5.7e-05
0.2,1333.0,55.54167,0.0,0.0003921,0.00290535,19.99670255,5.6e-05
0.2,1334.0,55.58333,0.0,0.00038839,0.00287784,19.99673377,5.5e-05
0.2,1335.0,55.625,0.0,0.00038471,0.0028506,19.99676469,5.5e-05
0.2,1336.0,55.66667,0.0,0.00038107,0.00282361,19.99679532,5.4e-05
0.2,1337.0,55.70833,0.0,0.00037746,0.00279688,19.99682566,5.4e-05
0.2,1338.0,55.75,0.0,0.00037389,0.0027704,19.99685572,5.3e-05
0.2,1339.0,55.79167,0.0,0.00037035,0.00274417,19.99688549,5.3e-05
0.2,1340.0,55.83333,0.0,0.00036684,0.00271819,19.99691497,5.2e-05
0.2,1341.0,55.875,0.0,0.00036337,0.00269245,19.99694418,5.2e-05
0.2,1342.0,55.91667,0.0,0.00035993,0.00266696,19.99697311,5.1e-05
0.2,1343.0,55.95833,0.0,0.00035652,0.00264171,19.99700177,5.1e-05
0.2,1344.0,56.0,0.0,0.00035652,0.00264171,19.99700177,5.1e-05
0.2,1344.0,56.0,10.0,0.00035652,0.00264171,19.99700177,5.1e-05
0.2,1344.0,56.0,10.0,0.00035652,0.00264171,19.99700177,5.1e-05
0.2,1345.0015,56.04173,8.18486756,1.50440296,0.24730251,20.06342697,0.214915
0.2,1346.003,56.08346,6.6992057,2.27799395,0.80410009,20.21870026,0.325428
0.2,1347.0045,56.12519,5.48321115,2.6103717,1.4896586,20.41675855,0.37291
0.2,1348.006,56.16692,4.48793571,2.6844426,2.19747832,20.63014337,0.383492
0.2,1349.0075,56.20864,3.67331594,2.61458062,2.86899967,20.84310377,0.373512
0.2,1350.0089,56.25037,3.00656045,2.47121005,3.47506859,21.04716091,0.35303
0.2,1351.0104,56.2921,2.46082991,2.29675271,4.00414559,21.23827179,0.328108
0.2,1352.0119,56.33383,2.01415669,2.11594141,4.454873,21.4150289,0.302277
0.2,1353.0134,56.37556,1.64856058,1.94246376,4.83144696,21.5775287,0.277495
0.2,1354.0149,56.41729,1.349325,1.78322007,5.14078498,21.72666995,0.254746
0.2,1355.0164,56.45902,1.10440464,1.64103415,5.39083449,21.86372671,0.234433
0.2,1356.0179,56.50075,0.90394057,1.51636374,5.58960008,21.99009561,0.216623
0.2,1357.0194,56.54247,0.73986339,1.40836695,5.74461733,22.10715233,0.201195
0.2,1358.0209,56.5842,0.60556838,1.31555626,5.86269944,22.21617592,0.187937
0.2,1359.0224,56.62593,0.4956497,1.23619003,5.94984618,22.31831409,0.176599
0.2,1360.0238,56.66766,0.40568272,1.16849875,6.01124574,22.4145728,0.166928
0.2,1361.0253,56.70939,0.33204593,1.11080826,6.05132634,22.50581946,0.158687
0.2,1362.0268,56.75112,0.2717752,1.06160003,6.07383141,22.59279336,0.151657
0.2,1363.0283,56.79285,0.2224444,1.01953382,6.0819026,22.67611918,0.145648
0.2,1364.0298,56.83458,0.1820678,0.9834487,6.07816204,22.75632146,0.140493
0.2,1365.0313,56.8763,0.14902008,0.95235248,6.06478886,22.83383858,0.13605
0.2,1366.0328,56.91803,0.12197096,0.92540545,6.04358795,22.90903564,0.132201
0.2,1367.0343,56.95976,0.09983162,0.90190214,6.01605026,22.98221598,0.128843
0.2,1368.0358,57.00149,0.08171086,0.88125319,5.98340477,23.05363118,0.125893
0.2,1369.0373,57.04322,0.06687925,0.86296831,5.94666275,23.12348969,0.123281
0.2,1370.0387,57.08495,0.05473978,0.84664098,5.90665513,23.1919641,0.120949
0.2,1371.0402,57.12668,0.04480379,0.831935,5.86406384,23.25919737,0.118848
0.2,1372.0417,57.16841,0.03667131,0.81857288,5.81944789,23.32530792,0.116939
0.2,1373.0432,57.21013,0.03001498,0.80632594,5.77326511,23.39039397,0.115189
0.2,1374.0447,57.25186,0.02456686,0.79500594,5.72589013,23.45453707,0.113572
0.2,1375.0462,57.29359,0.02010765,0.78445806,5.6776292,23.51780508,0.112065
0.2,1376.0477,57.33532,0.01645785,0.77455508,5.62873246,23.58025462,0.110651
0.2,1377.0492,57.37705,0.01347053,0.76519248,5.57940399,23.64193301,0.109313
0.2,1378.0507,57.41878,0.01102545,0.75628441,5.52981015,23.70288,0.108041
0.2,1379.0522,57.46051,0.00902418,0.74776038,5.48008634,23.76312909,0.106823
0.2,1380.0537,57.50224,0.00738618,0.73956253,5.43034263,23.82270866,0.105652
0.2,1381.0551,57.54396,0.00604549,0.73164331,5.38066832,23.88164288,0.10452
0.2,1382.0566,57.58569,0.00494815,0.72396368,5.33113572,23.93995245,0.103423
0.2,1383.0581,57.62742,0.00405,0.71649154,5.28180323,23.99765523,0.102356
0.2,1384.0596,57.66915,0.00331487,0.70920052,5.23271784,24.05476677,0.101314
0.2,1385.0611,57.71088,0.00271318,0.70206888,5.18391726,24.11130068,0.100296
0.2,1386.0626,57.75261,0.0022207,0.69507876,5.13543156,24.16726898,0.099297
0.2,1387.0641,57.79434,0.00181761,0.6882154,5.08728458,24.22268241,0.098316
0.2,1388.0656,57.83607,0.00148769,0.68146663,5.03949507,24.27755061,0.097352
0.2,1389.0671,57.87779,0.00121766,0.67482237,4.99207762,24.33188235,0.096403
0.2,1390.0686,57.91952,0.00099664,0.66827429,4.94504341,24.38568567,0.095468
0.2,1391.07,57.96125,0.00081573,0.66181545,4.89840085,24.43896797,0.094545
0.2,1392.0715,58.00298,0.00066767,0.65544008,4.85215608,24.49173618,0.093634
0.2,1393.073,58.04471,0.00054648,0.64914334,4.80631341,24.54399677,0.092735
0.2,1394.0745,58.08644,0.00044728,0.64292121,4.76087562,24.59575589,0.091846
0.2,1395.076,58.12817,0.0003661,0.63677025,4.71584428,24.64701937,0.090967
0.2,1396.0775,58.1699,0.00029964,0.63068759,4.67121997,24.69779279,0.090098
0.2,1397.079,58.21162,0.00024525,0.62467077,4.62700244,24.74808153,0.089239
0.2,1398.0805,58.25335,0.00020074,0.61871769,4.5831908,24.79789077,0.088388
0.2,1399.082,58.29508,0.0001643,0.61282652,4.53978363,24.84722555,0.087547
0.2,1400.0835,58.33681,0.00013448,0.60699568,4.49677908,24.89609075,0.086714
0.2,1401.0849,58.37854,0.00011007,0.6012238,4.45417496,24.94449117,0.085889
0.2,1402.0864,58.42027,9.009e-05,0.59550964,4.4119688,24.99243147,0.085073
0.2,1403.0879,58.462,7.374e-05,0.58985212,4.37015792,25.03991622,0.084265
0.2,1404.0894,58.50373,6.035e-05,0.58425025,4.32873945,25.08694994,0.083464
0.2,1405.0909,58.54545,4.94e-05,0.57870314,4.28771042,25.13353704,0.082672
0.2,1406.0924,58.58718,4.043e-05,0.57320997,4.24706772,25.17968188,0.081887
0.2,1407.0939,58.62891,3.309e-05,0.56776999,4.20680817,25.22538874,0.08111
0.2,1408.0954,58.67064,2.709e-05,0.56238249,4.16692856,25.27066186,0.08034
0.2,1409.0969,58.71237,2.217e-05,0.55704682,4.12742559,25.31550542,0.079578
0.2,1410.0984,58.7541,1.815e-05,0.55176233,4.08829597,25.35992355,0.078823
0.2,1411.0999,58.79583,1.485e-05,0.54652845,4.04953638,25.40392032,0.078075
0.2,1412.1013,58.83756,1.216e-05,0.5413446,4.01114349,25.44749976,0.077335
0.2,1413.1028,58.87928,9.95e-06,0.53621023,3.97311396,25.49066586,0.076601
0.2,1414.1043,58.92101,8.14e-06,0.53112482,3.93544448,25.53342256,0.075875
0.2,1415.1058,58.96274,6.67e-06,0.52608784,3.89813172,25.57577377,0.075155
0.2,1416.1073,59.00447,5.46e-06,0.52109881,3.86117239,25.61772334,0.074443
0.2,1417.1088,59.0462,4.47e-06,0.51615723,3.8245632,25.6592751,0.073737
0.2,1418.1103,59.08793,3.65e-06,0.51126263,3.78830089,25.70043283,0.073038
0.2,1419.1118,59.12966,2.99e-06,0.50641453,3.7523822,25.74120027,0.072345
0.2,1420.1133,59.17139,2.45e-06,0.50161249,3.71680392,25.78158114,0.071659
0.2,1421.1148,59.21311,2e-06,0.49685604,3.68156286,25.8215791,0.070979
0.2,1422.1162,59.25484,1.64e-06,0.49214475,3.64665582,25.86119779,0.070306
0.2,1423.1177,59.29657,1.34e-06,0.48747817,3.61207968,25.90044081,0.06964
0.2,1424.1192,59.3383,1.1e-06,0.48285588,3.57783131,25.93931172,0.068979
0.2,1425.1207,59.38003,9e-07,0.47827744,3.54390761,25.97781405,0.068325
0.2,1426.1222,59.42176,7.4e-07,0.47374244,3.51030551,26.01595131,0.067677
0.2,1427.1237,59.46349,6e-07,0.46925046,3.47702198,26.05372696,0.067036
0.2,1428.1252,59.50522,4.9e-07,0.46480109,3.444054,26.09114442,0.0664
0.2,1429.1267,59.54694,4e-07,0.46039392,3.41139859,26.12820709,0.065771
0.2,1430.1282,59.58867,3.3e-07,0.45602854,3.37905278,26.16491834,0.065147
0.2,1431.1297,59.6304,2.7e-07,0.45170457,3.34701365,26.2012815,0.064529
0.2,1432.1311,59.67213,2.2e-07,0.4474216,3.3152783,26.23729988,0.063917
0.2,1433.1326,59.71386,1.8e-07,0.44317925,3.28384383,26.27297673,0.063311
0.2,1434.1341,59.75559,1.5e-07,0.43897713,3.25270741,26.30831531,0.062711
0.2,1435.1356,59.79732,1.2e-07,0.43481486,3.22186621,26.34331881,0.062116
0.2,1436.1371,59.83905,1e-07,0.43069205,3.19131742,26.37799042,0.061527
0.2,1437.1386,59.88077,8e-08,0.42660834,3.16105829,26.41233328,0.060944
0.2,1438.1401,59.9225,7e-08,0.42256336,3.13108606,26.44635052,0.060366
0.2,1439.1416,59.96423,5e-08,0.41855672,3.10139802,26.48004521,0.059794
0.2,1440.1431,60.00596,4e-08,0.41458808,3.07199146,26.51342041,0.059227
0.2,1441.1446,60.04769,4e-08,0.41065707,3.04286373,26.54647916,0.058665
0.2,1442.1461,60.08942,3e-08,0.40676333,3.01401218,26.57922446,0.058109
0.2,1443.1475,60.13115,2e-08,0.40290652,2.98543419,26.61165927,0.057558
0.2,1444.149,60.17288,2e-08,0.39908627,2.95712716,26.64378655,0.057012
0.2,1445.1505,60.21461,2e-08,0.39530224,2.92908853,26.67560921,0.056472
0.2,1446.152,60.25633,1e-08,0.3915541,2.90131576,26.70713013,0.055936
0.2,1447.1535,60.29806,1e-08,0.38784149,2.87380632,26.73835218,0.055406
0.2,1448.155,60.33979,1e-08,0.38416409,2.84655771,26.76927819,0.054881
0.2,1449.1565,60.38152,1e-08,0.38052156,2.81956747,26.79991097,0.05436
0.2,1450.158,60.42325,1e-08,0.37691356,2.79283314,26.8302533,0.053845
0.2,1451.1595,60.46498,0.0,0.37333977,2.7663523,26.86030793,0.053334
0.2,1452.161,60.50671,0.0,0.36979987,2.74012254,26.89007759,0.052829
0.2,1453.1624,60.54844,0.0,0.36629353,2.71414148,26.91956498,0.052328
0.2,1454.1639,60.59016,0.0,0.36282044,2.68840677,26.94877278,0.051831
0.2,1455.1654,60.63189,0.0,0.35938028,2.66291607,26.97770364,0.05134
0.2,1456.1669,60.67362,0.0,0.35597274,2.63766706,27.00636019,0.050853
0.2,1457.1684,60.71535,0.0,0.35259751,2.61265746,27.03474503,0.050371
0.2,1458.1699,60.75708,0.0,0.34925428,2.58788499,27.06286073,0.049893
0.2,1459.1714,60.79881,0.0,0.34594275,2.56334741,27.09070984,0.04942
0.2,1460.1729,60.84054,0.0,0.34266262,2.53904248,27.1182949,0.048952
0.2,1461.1744,60.88227,0.0,0.33941359,2.51496801,27.1456184,0.048488
0.2,1462.1759,60.92399,0.0,0.33619537,2.4911218,27.17268283,0.048028
0.2,1463.1773,60.96572,0.0,0.33300766,2.4675017,27.19949064,0.047573
0.2,1464.1788,61.00745,0.0,0.32985018,2.44410556,27.22604427,0.047121
0.2,1465.1803,61.04918,0.0,0.32672263,2.42093125,27.25234612,0.046675
0.2,1466.1818,61.09091,0.0,0.32362474,2.39797667,27.27839859,0.046232
0.2,1467.1833,61.13264,0.0,0.32055623,2.37523974,27.30420403,0.045794
0.2,1468.1848,61.17437,0.0,0.3175168,2.3527184,27.3297648,0.04536
0.2,1469.1863,61.2161,0.0,0.3145062,2.3304106,27.3550832,0.044929
0.2,1470.1878,61.25782,0.0,0.31152414,2.30831431,27.38016154,0.044503
0.2,1471.1893,61.29955,0.0,0.30857036,2.28642754,27.4050021,0.044081
0.2,1472.1908,61.34128,0.0,0.30564458,2.26474829,27.42960713,0.043664
0.2,1473.1923,61.38301,0.0,0.30274655,2.24327459,27.45397886,0.04325
0.2,1474.1937,61.42474,0.0,0.29987599,2.22200451,27.4781195,0.042839
0.2,1475.1952,61.46647,0.0,0.29703266,2.20093609,27.50203125,0.042433
0.2,1476.1967,61.5082,0.0,0.29421628,2.18006745,27.52571627,0.042031
0.2,1477.1982,61.54993,0.0,0.2914266,2.15939667,27.54917672,0.041632
0.2,1478.1997,61.59165,0.0,0.28866338,2.13892189,27.57241473,0.041238
0.2,1479.2012,61.63338,0.0,0.28592636,2.11864125,27.59543239,0.040847
0.2,1480.2027,61.67511,0.0,0.28321528,2.0985529,27.61823182,0.040459
0.2,1481.2042,61.71684,0.0,0.28052992,2.07865502,27.64081506,0.040076
0.2,1482.2057,61.75857,0.0,0.27787001,2.05894581,27.66318417,0.039696
0.2,1483.2072,61.8003,0.0,0.27523533,2.03942348,27.68534119,0.039319
0.2,1484.2086,61.84203,0.0,0.27262563,2.02008625,27.70728812,0.038947
0.2,1485.2101,61.88376,0.0,0.27004067,2.00093237,27.72902696,0.038577
0.2,1486.2116,61.92548,0.0,0.26748022,1.9819601,27.75055968,0.038211
0.2,1487.2131,61.96721,0.0,0.26494405,1.96316772,27.77188823,0.037849
0.2,1488.2146,62.00894,0.0,0.26243193,1.94455353,27.79301454,0.03749
0.2,1489.2161,62.05067,0.0,0.25994362,1.92611583,27.81394055,0.037135
0.2,1490.2176,62.0924,0.0,0.25747891,1.90785295,27.83466814,0.036783
0.2,1491.2191,62.13413,0.0,0.25503757,1.88976324,27.85519919,0.036434
0.2,1492.2206,62.17586,0.0,0.25261938,1.87184504,27.87553558,0.036088
0.2,1493.2221,62.21759,0.0,0.25022411,1.85409674,27.89567914,0.035746
0.2,1494.2235,62.25931,0.0,0.24785156,1.83651673,27.91563171,0.035407
0.2,1495.225,62.30104,0.0,0.2455015,1.8191034,27.93539509,0.035072
0.2,1496.2265,62.34277,0.0,0.24317373,1.80185519,27.95497109,0.034739
0.2,1497.228,62.3845,0.0,0.24086802,1.78477051,27.97436146,0.03441
0.2,1498.2295,62.42623,0.0,0.23858418,1.76784783,27.99356799,0.034083
0.2,1499.231,62.46796,0.0,0.23632199,1.7510856,28.0125924,0.03376
0.2,1500.2325,62.50969,0.0,0.23408126,1.73448231,28.03143643,0.03344
0.2,1501.234,62.55142,0.0,0.23186177,1.71803645,28.05010179,0.033123
0.2,1502.2355,62.59314,0.0,0.22966332,1.70174652,28.06859016,0.032809
0.2,1503.237,62.63487,0.0,0.22748572,1.68561104,28.08690324,0.032498
0.2,1504.2385,62.6766,0.0,0.22532876,1.66962856,28.10504267,0.03219
0.2,1505.2399,62.71833,0.0,0.22319226,1.65379762,28.12301012,0.031885
0.2,1506.2414,62.76006,0.0,0.22107601,1.63811679,28.1408072,0.031582
0.2,1507.2429,62.80179,0.0,0.21897984,1.62258463,28.15843553,0.031283
0.2,1508.2444,62.84352,0.0,0.21690353,1.60719975,28.17589672,0.030986
0.2,1509.2459,62.88525,0.0,0.21484691,1.59196074,28.19319234,0.030692
0.2,1510.2474,62.92697,0.0,0.2128098,1.57686623,28.21032397,0.030401
0.2,1511.2489,62.9687,0.0,0.210792,1.56191484,28.22729317,0.030113
0.2,1512.2504,63.01043,0.0,0.20879333,1.54710521,28.24410147,0.029828
0.2,1513.2519,63.05216,0.0,0.20681361,1.532436,28.26075039,0.029545
0.2,1514.2534,63.09389,0.0,0.20485266,1.51790588,28.27724146,0.029265
0.2,1515.2548,63.13562,0.0,0.20291031,1.50351353,28.29357616,0.028987
0.2,1516.2563,63.17735,0.0,0.20098637,1.48925765,28.30975599,0.028712
0.2,1517.2578,63.21908,0.0,0.19908067,1.47513693,28.3257824,0.02844
0.2,1518.2593,63.2608,0.0,0.19719305,1.46115011,28.34165685,0.02817
0.2,1519.2608,63.30253,0.0,0.19532332,1.4472959,28.35738078,0.027903
0.2,1520.2623,63.34426,0.0,0.19347132,1.43357305,28.37295563,0.027639
0.2,1521.2638,63.38599,0.0,0.19163688,1.41998032,28.38838279,0.027377
0.2,1522.2653,63.42772,0.0,0.18981983,1.40651648,28.40366369,0.027117
0.2,1523.2668,63.46945,0.0,0.18802002,1.39318029,28.41879969,0.02686
0.2,1524.2683,63.51118,0.0,0.18623727,1.37997056,28.43379218,0.026605
0.2,1525.2697,63.55291,0.0,0.18447142,1.36688607,28.44864251,0.026353
0.2,1526.2712,63.59463,0.0,0.18272231,1.35392565,28.46335204,0.026103
0.2,1527.2727,63.63636,0.0,0.18098979,1.34108811,28.4779221,0.025856
0.2,1528.2742,63.67809,0.0,0.1792737,1.3283723,28.492354,0.025611
0.2,1529.2757,63.71982,0.0,0.17757388,1.31577705,28.50664907,0.025368
0.2,1530.2772,63.76155,0.0,0.17589017,1.30330123,28.5208086,0.025127
0.2,1531.2787,63.80328,0.0,0.17422243,1.2909437,28.53483386,0.024889
0.2,1532.2802,63.84501,0.0,0.1725705,1.27870335,28.54872615,0.024653
0.2,1533.2817,63.88674,0.0,0.17093424,1.26657905,28.56248671,0.024419
0.2,1534.2832,63.92846,0.0,0.16931349,1.25456971,28.5761168,0.024188
0.2,1535.2846,63.97019,0.0,0.16770811,1.24267424,28.58961766,0.023958
0.2,1536.2861,64.01192,0.0,0.16611795,1.23089156,28.6029905,0.023731
0.2,1537.2876,64.05365,0.0,0.16454287,1.21922059,28.61623654,0.023506
0.2,1538.2891,64.09538,0.0,0.16298272,1.20766029,28.62935699,0.023283
0.2,1539.2906,64.13711,0.0,0.16143736,1.19620961,28.64235303,0.023062
0.2,1540.2921,64.17884,0.0,0.15990666,1.18486749,28.65522585,0.022844
0.2,1541.2936,64.22057,0.0,0.15839047,1.17363291,28.66797662,0.022627
0.2,1542.2951,64.2623,0.0,0.15688866,1.16250486,28.68060648,0.022413
0.2,1543.2966,64.30402,0.0,0.15540108,1.15148233,28.69311659,0.0222
0.2,1544.2981,64.34575,0.0,0.15392761,1.1405643,28.70550809,0.02199
0.2,1545.2996,64.38748,0.0,0.15246812,1.1297498,28.71778209,0.021781
0.2,1546.301,64.42921,0.0,0.15102246,1.11903783,28.72993971,0.021575
0.2,1547.3025,64.47094,0.0,0.14959051,1.10842744,28.74198206,0.02137
0.2,1548.304,64.51267,0.0,0.14817213,1.09791764,28.75391022,0.021167
0.2,1549.3055,64.5544,0.0,0.14676721,1.0875075,28.76572529,0.020967
0.2,1550.307,64.59613,0.0,0.1453756,1.07719607,28.77742833,0.020768
0.2,1551.3085,64.63785,0.0,0.14399719,1.0669824,28.7890204,0.020571
0.2,1552.31,64.67958,0.0,0.14263185,1.05686558,28.80050256,0.020376
0.2,1553.3115,64.72131,0.0,0.14127946,1.04684469,28.81187586,0.020183
0.2,1554.313,64.76304,0.0,0.13993989,1.03691881,28.82314131,0.019991
0.2,1555.3145,64.80477,0.0,0.13861302,1.02708704,28.83429995,0.019802
0.2,1556.3159,64.8465,0.0,0.13729873,1.01734849,28.84535278,0.019614
0.2,1557.3174,64.88823,0.0,0.1359969,1.00770229,28.85630081,0.019428
0.2,1558.3189,64.92996,0.0,0.13470742,0.99814754,28.86714504,0.019244
0.2,1559.3204,64.97168,0.0,0.13343016,0.98868339,28.87788645,0.019061
0.2,1560.3219,65.01341,0.0,0.13216501,0.97930898,28.88852601,0.018881
0.2,1561.3234,65.05514,0.0,0.13091186,0.97002345,28.89906468,0.018702
0.2,1562.3249,65.09687,0.0,0.12967059,0.96082597,28.90950344,0.018524
0.2,1563.3264,65.1386,0.0,0.12844109,0.95171569,28.91984321,0.018349
0.2,1564.3279,65.18033,0.0,0.12722325,0.9426918,28.93008495,0.018175
0.2,1565.3294,65.22206,0.0,0.12601696,0.93375346,28.94022958,0.018002
0.2,1566.3308,65.26379,0.0,0.1248221,0.92489988,28.95027802,0.017832
0.2,1567.3323,65.30551,0.0,0.12363857,0.91613024,28.96023118,0.017663
0.2,1568.3338,65.34724,0.0,0.12246627,0.90744376,28.97008997,0.017495
0.2,1569.3353,65.38897,0.0,0.12130508,0.89883964,28.97985528,0.017329
0.2,1570.3368,65.4307,0.0,0.1201549,0.8903171,28.989528,0.017165
0.2,1571.3383,65.47243,0.0,0.11901562,0.88187537,28.99910901,0.017002
0.2,1572.3398,65.51416,0.0,0.11788715,0.87351368,29.00859917,0.016841
0.2,1573.3413,65.55589,0.0,0.11676938,0.86523127,29.01799935,0.016681
0.2,1574.3428,65.59762,0.0,0.11566221,0.8570274,29.0273104,0.016523
0.2,1575.3443,65.63934,0.0,0.11456553,0.84890131,29.03653316,0.016367
0.2,1576.3458,65.68107,0.0,0.11347925,0.84085227,29.04566848,0.016211
0.2,1577.3472,65.7228,0.0,0.11240327,0.83287955,29.05471718,0.016058
0.2,1578.3487,65.76453,0.0,0.1113375,0.82498242,29.06368008,0.015905
0.2,1579.3502,65.80626,0.0,0.11028183,0.81716018,29.072558,0.015755
0.2,1580.3517,65.84799,0.0,0.10923617,0.8094121,29.08135174,0.015605
0.2,1581.3532,65.88972,0.0,0.10820042,0.80173748,29.09006209,0.015457
0.2,1582.3547,65.93145,0.0,0.1071745,0.79413564,29.09868987,0.015311
0.2,1583.3562,65.97317,0.0,0.1061583,0.78660587,29.10723583,0.015165
0.2,1584.3577,66.0149,0.0,0.10515174,0.7791475,29.11570076,0.015022
0.2,1585.3592,66.05663,0.0,0.10415472,0.77175985,29.12408544,0.014879
0.2,1586.3607,66.09836,0.0,0.10316715,0.76444224,29.13239061,0.014738
0.2,1587.3621,66.14009,0.0,0.10218895,0.75719402,29.14061703,0.014598
0.2,1588.3636,66.18182,0.0,0.10122002,0.75001452,29.14876545,0.01446
0.2,1589.3651,66.22355,0.0,0.10026029,0.7429031,29.15683662,0.014323
0.2,1590.3666,66.26528,0.0,0.09930965,0.7358591,29.16483125,0.014187
0.2,1591.3681,66.307,0.0,0.09836802,0.7288819,29.17275008,0.014053
0.2,1592.3696,66.34873,0.0,0.09743532,0.72197085,29.18059383,0.013919
0.2,1593.3711,66.39046,0.0,0.09651147,0.71512533,29.1883632,0.013787
0.2,1594.3726,66.43219,0.0,0.09559638,0.70834472,29.19605891,0.013657
0.2,1595.3741,66.47392,0.0,0.09468996,0.70162839,29.20368165,0.013527
0.2,1596.3756,66.51565,0.0,0.09379213,0.69497575,29.21123211,0.013399
0.2,1597.377,66.55738,0.0,0.09290282,0.68838619,29.21871098,0.013272
0.2,1598.3785,66.59911,0.0,0.09202195,0.68185911,29.22611894,0.013146
0.2,1599.38,66.64083,0.0,0.09114942,0.67539392,29.23345666,0.013021
0.2,1600.3815,66.68256,0.0,0.09028517,0.66899003,29.2407248,0.012898
0.2,1601.383,66.72429,0.0,0.08942911,0.66264686,29.24792403,0.012776
0.2,1602.3845,66.76602,0.0,0.08858117,0.65636383,29.255055,0.012654
0.2,1603.386,66.80775,0.0,0.08774127,0.65014038,29.26211836,0.012534
0.2,1604.3875,66.84948,0.0,0.08690933,0.64397593,29.26911474,0.012416
0.2,1605.389,66.89121,0.0,0.08608528,0.63786994,29.27604478,0.012298
0.2,1606.3905,66.93294,0.0,0.08526904,0.63182184,29.28290912,0.012181
0.2,1607.392,66.97466,0.0,0.08446055,0.62583108,29.28970837,0.012066
0.2,1608.3934,67.01639,0.0,0.08365972,0.61989713,29.29644315,0.011951
0.2,1609.3949,67.05812,0.0,0.08286648,0.61401944,29.30311408,0.011838
0.2,1610.3964,67.09985,0.0,0.08208076,0.60819749,29.30972175,0.011726
0.2,1611.3979,67.14158,0.0,0.0813025,0.60243073,29.31626677,0.011615
0.2,1612.3994,67.18331,0.0,0.08053161,0.59671866,29.32274973,0.011505
0.2,1613.4009,67.22504,0.0,0.07976803,0.59106074,29.32917123,0.011395
0.2,1614.4024,67.26677,0.0,0.07901169,0.58545647,29.33553183,0.011287
0.2,1615.4039,67.30849,0.0,0.07826253,0.57990534,29.34183213,0.01118
0.2,1616.4054,67.35022,0.0,0.07752047,0.57440685,29.34807269,0.011074
0.2,1617.4069,67.39195,0.0,0.07678544,0.56896049,29.35425408,0.010969
0.2,1618.4083,67.43368,0.0,0.07605738,0.56356577,29.36037685,0.010865
0.2,1619.4098,67.47541,0.0,0.07533623,0.5582222,29.36644158,0.010762
0.2,1620.4113,67.51714,0.0,0.07462191,0.55292929,29.3724488,0.01066
0.2,1621.4128,67.55887,0.0,0.07391437,0.54768658,29.37839906,0.010559
0.2,1622.4143,67.6006,0.0,0.07321353,0.54249357,29.3842929,0.010459
0.2,1623.4158,67.64232,0.0,0.07251934,0.5373498,29.39013086,0.01036
0.2,1624.4173,67.68405,0.0,0.07183173,0.5322548,29.39591346,0.010262
0.2,1625.4188,67.72578,0.0,0.07115065,0.52720812,29.40164124,0.010164
0.2,1626.4203,67.76751,0.0,0.07047602,0.52220928,29.4073147,0.010068
0.2,1627.4218,67.80924,0.0,0.06980778,0.51725784,29.41293438,0.009973
0.2,1628.4232,67.85097,0.0,0.06914589,0.51235335,29.41850076,0.009878
0.2,1629.4247,67.8927,0.0,0.06849026,0.50749536,29.42401437,0.009784
0.2,1630.4262,67.93443,0.0,0.06784086,0.50268344,29.4294757,0.009692
0.2,1631.4277,67.97615,0.0,0.06719761,0.49791714,29.43488525,0.0096
0.2,1632.4292,68.01788,0.0,0.06656046,0.49319603,29.44024351,0.009509
0.2,1633.4307,68.05961,0.0,0.06592936,0.48851969,29.44555096,0.009418
0.2,1634.4322,68.10134,0.0,0.06530423,0.48388768,29.45080809,0.009329
0.2,1635.4337,68.14307,0.0,0.06468504,0.4792996,29.45601537,0.009241
0.2,1636.4352,68.1848,0.0,0.06407171,0.47475502,29.46117327,0.009153
0.2,1637.4367,68.22653,0.0,0.0634642,0.47025352,29.46628227,0.009066
0.2,1638.4382,68.26826,0.0,0.06286245,0.46579472,29.47134283,0.00898
0.2,1639.4396,68.30999,0.0,0.06226641,0.46137818,29.47635541,0.008895
0.2,1640.4411,68.35171,0.0,0.06167602,0.45700353,29.48132046,0.008811
0.2,1641.4426,68.39344,0.0,0.06109122,0.45267035,29.48623843,0.008727
0.2,1642.4441,68.43517,0.0,0.06051197,0.44837826,29.49110977,0.008645
0.2,1643.4456,68.4769,0.0,0.05993822,0.44412687,29.49593492,0.008563
0.2,1644.4471,68.51863,0.0,0.0593699,0.43991578,29.50071432,0.008481
0.2,1645.4486,68.56036,0.0,0.05880697,0.43574463,29.5054484,0.008401
0.2,1646.4501,68.60209,0.0,0.05824938,0.43161302,29.5101376,0.008321
0.2,1647.4516,68.64382,0.0,0.05769708,0.42752059,29.51478233,0.008242
0.2,1648.4531,68.68554,0.0,0.05715001,0.42346696,29.51938303,0.008164
0.2,1649.4545,68.72727,0.0,0.05660813,0.41945177,29.5239401,0.008087
0.2,1650.456,68.769,0.0,0.05607139,0.41547465,29.52845396,0.00801
0.2,1651.4575,68.81073,0.0,0.05553973,0.41153524,29.53292503,0.007934
0.2,1652.459,68.85246,0.0,0.05501312,0.40763318,29.5373537,0.007859
0.2,1653.4605,68.89419,0.0,0.0544915,0.40376812,29.54174038,0.007785
0.2,1654.462,68.93592,0.0,0.05397483,0.3999397,29.54608547,0.007711
0.2,1655.4635,68.97765,0.0,0.05346306,0.39614759,29.55038935,0.007638
0.2,1656.465,69.01937,0.0,0.05295614,0.39239143,29.55465243,0.007565
0.2,1657.4665,69.0611,0.0,0.05245402,0.38867089,29.55887509,0.007493
0.2,1658.468,69.10283,0.0,0.05195667,0.38498562,29.56305771,0.007422
0.2,1659.4694,69.14456,0.0,0.05146403,0.3813353,29.56720067,0.007352
0.2,1660.4709,69.18629,0.0,0.05097606,0.37771959,29.57130435,0.007282
0.2,1661.4724,69.22802,0.0,0.05049272,0.37413816,29.57536912,0.007213
0.2,1662.4739,69.26975,0.0,0.05001396,0.37059069,29.57939535,0.007145
0.2,1663.4754,69.31148,0.0,0.04953974,0.36707685,29.5833834,0.007077
0.2,1664.4769,69.3532,0.0,0.04907002,0.36359634,29.58733364,0.00701
0.2,1665.4784,69.39493,0.0,0.04860476,0.36014882,29.59124643,0.006944
0.2,1666.4799,69.43666,0.0,0.0481439,0.35673399,29.59512211,0.006878
0.2,1667.4814,69.47839,0.0,0.04768741,0.35335154,29.59896105,0.006812
0.2,1668.4829,69.52012,0.0,0.04723525,0.35000116,29.60276358,0.006748
0.2,1669.4844,69.56185,0.0,0.04678738,0.34668255,29.60653006,0.006684
0.2,1670.4858,69.60358,0.0,0.04634376,0.34339541,29.61026083,0.006621
0.2,1671.4873,69.64531,0.0,0.04590434,0.34013943,29.61395623,0.006558
0.2,1672.4888,69.68703,0.0,0.04546909,0.33691433,29.61761659,0.006496
0.2,1673.4903,69.72876,0.0,0.04503796,0.3337198,29.62124224,0.006434
0.2,1674.4918,69.77049,0.0,0.04461093,0.33055557,29.62483351,0.006373
0.2,1675.4933,69.81222,0.0,0.04418794,0.32742133,29.62839073,0.006313
0.2,1676.4948,69.85395,0.0,0.04376896,0.32431682,29.63191422,0.006253
0.2,1677.4963,69.89568,0.0,0.04335396,0.32124174,29.63540431,0.006193
0.2,1678.4978,69.93741,0.0,0.04294289,0.31819582,29.6388613,0.006135
0.2,1679.4993,69.97914,0.0,0.04253571,0.31517877,29.64228551,0.006077
0.2,1680.5007,70.02086,0.0,0.0421324,0.31219034,29.64567726,0.006019
0.2,1681.5022,70.06259,0.0,0.04173292,0.30923024,29.64903684,0.005962
0.2,1682.5037,70.10432,0.0,0.04133722,0.30629821,29.65236458,0.005905
0.2,1683.5052,70.14605,0.0,0.04094527,0.30339398,29.65566076,0.005849
0.2,1684.5067,70.18778,0.0,0.04055704,0.30051728,29.65892568,0.005794
0.2,1685.5082,70.22951,0.0,0.04017249,0.29766786,29.66215965,0.005739
0.2,1686.5097,70.27124,0.0,0.03979158,0.29484546,29.66536296,0.005685
0.2,1687.5112,70.31297,0.0,0.03941429,0.29204982,29.66853589,0.005631
0.2,1688.5127,70.35469,0.0,0.03904058,0.28928069,29.67167874,0.005577
0.2,1689.5142,70.39642,0.0,0.0386704,0.28653781,29.67479178,0.005524
0.2,1690.5156,70.43815,0.0,0.03830374,0.28382094,29.67787532,0.005472
0.2,1691.5171,70.47988,0.0,0.03794056,0.28112983,29.68092961,0.00542
0.2,1692.5186,70.52161,0.0,0.03758082,0.27846424,29.68395494,0.005369
0.2,1693.5201,70.56334,0.0,0.03722448,0.27582392,29.68695159,0.005318
0.2,1694.5216,70.60507,0.0,0.03687153,0.27320864,29.68991983,0.005267
0.2,1695.5231,70.6468,0.0,0.03652193,0.27061815,29.69285992,0.005217
0.2,1696.5246,70.68852,0.0,0.03617564,0.26805223,29.69577213,0.005168
0.2,1697.5261,70.73025,0.0,0.03583263,0.26551063,29.69865674,0.005119
0.2,1698.5276,70.77198,0.0,0.03549288,0.26299314,29.70151399,0.00507
0.2,1699.5291,70.81371,0.0,0.03515634,0.26049951,29.70434414,0.005022
0.2,1700.5306,70.85544,0.0,0.034823,0.25802953,29.70714747,0.004975
0.2,1701.532,70.89717,0.0,0.03449282,0.25558297,29.70992421,0.004928
0.2,1702.5335,70.9389,0.0,0.03416577,0.25315961,29.71267463,0.004881
0.2,1703.535,70.98063,0.0,0.03384182,0.25075922,29.71539896,0.004835
0.2,1704.5365,71.02235,0.0,0.03352094,0.24838159,29.71809747,0.004789
0.2,1705.538,71.06408,0.0,0.0332031,0.24602651,29.72077039,0.004743
0.2,1706.5395,71.10581,0.0,0.03288828,0.24369376,29.72341796,0.004698
0.2,1707.541,71.14754,0.0,0.03257644,0.24138312,29.72604044,0.004654
0.2,1708.5425,71.18927,0.0,0.03226756,0.2390944,29.72863804,0.00461
0.2,1709.544,71.231,0.0,0.03196161,0.23682737,29.73121102,0.004566
0.2,1710.5455,71.27273,0.0,0.03165856,0.23458184,29.7337596,0.004523
0.2,1711.5469,71.31446,0.0,0.03135838,0.2323576,29.73628401,0.00448
0.2,1712.5484,71.35618,0.0,0.03106105,0.23015446,29.73878449,0.004437
0.2,1713.5499,71.39791,0.0,0.03076654,0.2279722,29.74126126,0.004395
0.2,1714.5514,71.43964,0.0,0.03047482,0.22581063,29.74371455,0.004354
0.2,1715.5529,71.48137,0.0,0.03018587,0.22366956,29.74614458,0.004312
0.2,1716.5544,71.5231,0.0,0.02989965,0.22154879,29.74855156,0.004271
0.2,1717.5559,71.56483,0.0,0.02961615,0.21944813,29.75093572,0.004231
0.2,1718.5574,71.60656,0.0,0.02933534,0.21736738,29.75329728,0.004191
0.2,1719.5589,71.64829,0.0,0.02905719,0.21530637,29.75563644,0.004151
0.2,1720.5604,71.69001,0.0,0.02878168,0.21326489,29.75795343,0.004112
0.2,1721.5618,71.73174,0.0,0.02850878,0.21124278,29.76024844,0.004073
0.2,1722.5633,71.77347,0.0,0.02823847,0.20923983,29.7625217,0.004034
0.2,1723.5648,71.8152,0.0,0.02797072,0.20725588,29.7647734,0.003996
0.2,1724.5663,71.85693,0.0,0.02770551,0.20529074,29.76700375,0.003958
0.2,1725.5678,71.89866,0.0,0.02744281,0.20334423,29.76921296,0.00392
0.2,1726.5693,71.94039,0.0,0.02718261,0.20141618,29.77140121,0.003883
0.2,1727.5708,71.98212,0.0,0.02692487,0.19950641,29.77356872,0.003846
0.2,1728.5723,72.02385,0.0,0.02666958,0.19761475,29.77571568,0.00381
0.2,1729.5738,72.06557,0.0,0.0264167,0.19574102,29.77784228,0.003774
0.2,1730.5753,72.1073,0.0,0.02616623,0.19388506,29.77994871,0.003738
0.2,1731.5768,72.14903,0.0,0.02591813,0.1920467,29.78203518,0.003703
0.2,1732.5782,72.19076,0.0,0.02567238,0.19022577,29.78410186,0.003667
0.2,1733.5797,72.23249,0.0,0.02542896,0.1884221,29.78614894,0.003633
0.2,1734.5812,72.27422,0.0,0.02518785,0.18663553,29.78817661,0.003598
0.2,1735.5827,72.31595,0.0,0.02494903,0.18486591,29.79018506,0.003564
0.2,1736.5842,72.35768,0.0,0.02471247,0.18311306,29.79217447,0.00353
0.2,1737.5857,72.3994,0.0,0.02447815,0.18137684,29.79414501,0.003497
0.2,1738.5872,72.44113,0.0,0.02424606,0.17965708,29.79609687,0.003464
0.2,1739.5887,72.48286,0.0,0.02401616,0.17795362,29.79803022,0.003431
0.2,1740.5902,72.52459,0.0,0.02378845,0.17626631,29.79994524,0.003398
0.2,1741.5917,72.56632,0.0,0.02356289,0.17459501,29.8018421,0.003366
0.2,1742.5931,72.60805,0.0,0.02333948,0.17293955,29.80372098,0.003334
0.2,1743.5946,72.64978,0.0,0.02311818,0.17129978,29.80558204,0.003303
0.2,1744.5961,72.69151,0.0,0.02289898,0.16967557,29.80742545,0.003271
0.2,1745.5976,72.73323,0.0,0.02268186,0.16806675,29.80925139,0.00324
0.2,1746.5991,72.77496,0.0,0.02246679,0.16647319,29.81106002,0.00321
0.2,1747.6006,72.81669,0.0,0.02225377,0.16489474,29.81285149,0.003179
0.2,1748.6021,72.85842,0.0,0.02204276,0.16333126,29.81462598,0.003149
0.2,1749.6036,72.90015,0.0,0.02183376,0.1617826,29.81638364,0.003119
0.2,1750.6051,72.94188,0.0,0.02162674,0.16024862,29.81812464,0.00309
0.2,1751.6066,72.98361,0.0,0.02142168,0.15872919,29.81984913,0.00306
0.2,1752.608,73.02534,0.0,0.02121857,0.15722416,29.82155727,0.003031
0.2,1753.6095,73.06706,0.0,0.02101738,0.15573341,29.82324921,0.003002
0.2,1754.611,73.10879,0.0,0.0208181,0.15425679,29.82492511,0.002974
0.2,1755.6125,73.15052,0.0,0.02062071,0.15279417,29.82658512,0.002946
0.2,1756.614,73.19225,0.0,0.02042519,0.15134542,29.82822939,0.002918
0.2,1757.6155,73.23398,0.0,0.02023152,0.14991041,29.82985807,0.00289
0.2,1758.617,73.27571,0.0,0.02003969,0.148489,29.83147131,0.002863
0.2,1759.6185,73.31744,0.0,0.01984968,0.14708107,29.83306925,0.002836
0.2,1760.62,73.35917,0.0,0.01966147,0.14568649,29.83465204,0.002809
0.2,1761.6215,73.40089,0.0,0.01947505,0.14430513,29.83621982,0.002782
0.2,1762.623,73.44262,0.0,0.01929039,0.14293687,29.83777274,0.002756
0.2,1763.6244,73.48435,0.0,0.01910749,0.14158158,29.83931093,0.00273
0.2,1764.6259,73.52608,0.0,0.01892631,0.14023915,29.84083454,0.002704
0.2,1765.6274,73.56781,0.0,0.01874686,0.13890944,29.8423437,0.002678
0.2,1766.6289,73.60954,0.0,0.01856911,0.13759234,29.84383855,0.002653
0.2,1767.6304,73.65127,0.0,0.01839304,0.13628773,29.84531923,0.002628
0.2,1768.6319,73.693,0.0,0.01821864,0.13499549,29.84678587,0.002603
0.2,1769.6334,73.73472,0.0,0.0180459,0.1337155,29.8482386,0.002578
0.2,1770.6349,73.77645,0.0,0.01787479,0.13244765,29.84967756,0.002554
0.2,1771.6364,73.81818,0.0,0.01770531,0.13119182,29.85110287,0.002529
0.2,1772.6379,73.85991,0.0,0.01753743,0.12994789,29.85251467,0.002505
0.2,1773.6393,73.90164,0.0,0.01737115,0.12871577,29.85391309,0.002482
0.2,1774.6408,73.94337,0.0,0.01720644,0.12749532,29.85529824,0.002458
0.2,1775.6423,73.9851,0.0,0.01704329,0.12628645,29.85667026,0.002435
0.2,1776.6438,74.02683,0.0,0.01688169,0.12508903,29.85802927,0.002412
0.2,1777.6453,74.06855,0.0,0.01672163,0.12390298,29.8593754,0.002389
0.2,1778.6468,74.11028,0.0,0.01656308,0.12272816,29.86070876,0.002366
0.2,1779.6483,74.15201,0.0,0.01640603,0.12156449,29.86202948,0.002344
0.2,1780.6498,74.19374,0.0,0.01625047,0.12041185,29.86333768,0.002321
0.2,1781.6513,74.23547,0.0,0.01609639,0.11927014,29.86463347,0.002299
0.2,1782.6528,74.2772,0.0,0.01594377,0.11813925,29.86591698,0.002278
0.2,1783.6542,74.31893,0.0,0.01579259,0.11701909,29.86718831,0.002256
0.2,1784.6557,74.36066,0.0,0.01564285,0.11590955,29.8684476,0.002235
0.2,1785.6572,74.40238,0.0,0.01549453,0.11481053,29.86969494,0.002214
0.2,1786.6587,74.44411,0.0,0.01534762,0.11372193,29.87093045,0.002193
0.2,1787.6602,74.48584,0.0,0.0152021,0.11264365,29.87215425,0.002172
0.2,1788.6617,74.52757,0.0,0.01505795,0.11157559,29.87336645,0.002151
0.2,1789.6632,74.5693,0.0,0.01491518,0.11051767,29.87456715,0.002131
0.2,1790.6647,74.61103,0.0,0.01477376,0.10946977,29.87575647,0.002111
0.2,1791.6662,74.65276,0.0,0.01463368,0.10843181,29.87693451,0.002091
0.2,1792.6677,74.69449,0.0,0.01449492,0.10740369,29.87810139,0.002071
0.2,1793.6692,74.73621,0.0,0.01435749,0.10638532,29.87925719,0.002051
0.2,1794.6706,74.77794,0.0,0.01422135,0.1053766,29.88040204,0.002032
0.2,1795.6721,74.81967,0.0,0.01408651,0.10437745,29.88153604,0.002012
0.2,1796.6736,74.8614,0.0,0.01395295,0.10338778,29.88265928,0.001993
0.2,1797.6751,74.90313,0.0,0.01382065,0.10240748,29.88377187,0.001974
0.2,1798.6766,74.94486,0.0,0.01368961,0.10143648,29.88487391,0.001956
0.2,1799.6781,74.98659,0.0,0.01355981,0.10047469,29.8859655,0.001937
0.2,1800.6796,75.02832,0.0,0.01343124,0.09952202,29.88704674,0.001919
0.2,1801.6811,75.07004,0.0,0.01330388,0.09857838,29.88811774,0.001901
0.2,1802.6826,75.11177,0.0,0.01317774,0.09764369,29.88917857,0.001883
0.2,1803.6841,75.1535,0.0,0.01305279,0.09671786,29.89022935,0.001865
0.2,1804.6855,75.19523,0.0,0.01292903,0.09580081,29.89127016,0.001847
0.2,1805.687,75.23696,0.0,0.01280644,0.09489245,29.89230111,0.001829
0.2,1806.6885,75.27869,0.0,0.01268501,0.09399271,29.89332228,0.001812
0.2,1807.69,75.32042,0.0,0.01256474,0.0931015,29.89433376,0.001795
0.2,1808.6915,75.36215,0.0,0.0124456,0.09221874,29.89533566,0.001778
0.2,1809.693,75.40387,0.0,0.0123276,0.09134434,29.89632806,0.001761
0.2,1810.6945,75.4456,0.0,0.01221071,0.09047824,29.89731105,0.001744
0.2,1811.696,75.48733,0.0,0.01209493,0.08962035,29.89828471,0.001728
0.2,1812.6975,75.52906,0.0,0.01198025,0.0887706,29.89924915,0.001711
0.2,1813.699,75.57079,0.0,0.01186666,0.0879289,29.90020444,0.001695
0.2,1814.7004,75.61252,0.0,0.01175414,0.08709519,29.90115067,0.001679
0.2,1815.7019,75.65425,0.0,0.01164269,0.08626937,29.90208793,0.001663
0.2,1816.7034,75.69598,0.0,0.0115323,0.08545139,29.90301631,0.001647
0.2,1817.7049,75.7377,0.0,0.01142295,0.08464117,29.90393588,0.001632
0.2,1818.7064,75.77943,0.0,0.01131464,0.08383862,29.90484673,0.001616
0.2,1819.7079,75.82116,0.0,0.01120736,0.08304369,29.90574895,0.001601
0.2,1820.7094,75.86289,0.0,0.0111011,0.08225629,29.90664261,0.001586
0.2,1821.7109,75.90462,0.0,0.01099584,0.08147636,29.9075278,0.001571
0.2,1822.7124,75.94635,0.0,0.01089158,0.08070383,29.90840459,0.001556
0.2,1823.7139,75.98808,0.0,0.01078831,0.07993862,29.90927307,0.001541
0.2,1824.7154,76.02981,0.0,0.01068602,0.07918066,29.91013332,0.001527
0.2,1825.7168,76.07154,0.0,0.0105847,0.07842989,29.91098541,0.001512
0.2,1826.7183,76.11326,0.0,0.01048434,0.07768624,29.91182942,0.001498
0.2,1827.7198,76.15499,0.0,0.01038493,0.07694965,29.91266543,0.001484
0.2,1828.7213,76.19672,0.0,0.01028646,0.07622003,29.91349351,0.001469
0.2,1829.7228,76.23845,0.0,0.01018893,0.07549733,29.91431374,0.001456
0.2,1830.7243,76.28018,0.0,0.01009232,0.07478149,29.91512619,0.001442
0.2,1831.7258,76.32191,0.0,0.00999662,0.07407243,29.91593094,0.001428
0.2,1832.7273,76.36364,0.0,0.00990184,0.0733701,29.91672806,0.001415
0.2,1833.7288,76.40537,0.0,0.00980795,0.07267443,29.91751762,0.001401
0.2,1834.7303,76.44709,0.0,0.00971496,0.07198535,29.9182997,0.001388
0.2,1835.7317,76.48882,0.0,0.00962284,0.0713028,29.91907435,0.001375
0.2,1836.7332,76.53055,0.0,0.0095316,0.07062673,29.91984167,0.001362
0.2,1837.7347,76.57228,0.0,0.00944123,0.06995707,29.92060171,0.001349
0.2,1838.7362,76.61401,0.0,0.00935171,0.06929375,29.92135454,0.001336
0.2,1839.7377,76.65574,0.0,0.00926304,0.06863673,29.92210023,0.001323
0.2,1840.7392,76.69747,0.0,0.00917521,0.06798594,29.92283886,0.001311
0.2,1841.7407,76.7392,0.0,0.00908821,0.06734131,29.92357048,0.001298
0.2,1842.7422,76.78092,0.0,0.00900204,0.0667028,29.92429516,0.001286
0.2,1843.7437,76.82265,0.0,0.00891668,0.06607035,29.92501297,0.001274
0.2,1844.7452,76.86438,0.0,0.00883214,0.06544389,29.92572398,0.001262
0.2,1845.7466,76.90611,0.0,0.00874839,0.06482337,29.92642824,0.00125
0.2,1846.7481,76.94784,0.0,0.00866544,0.06420873,29.92712583,0.001238
0.2,1847.7496,76.98957,0.0,0.00858328,0.06359992,29.9278168,0.001226
0.2,1848.7511,77.0313,0.0,0.0085019,0.06299688,29.92850122,0.001215
0.2,1849.7526,77.07303,0.0,0.00842128,0.06239957,29.92917915,0.001203
0.2,1850.7541,77.11475,0.0,0.00834144,0.06180791,29.92985065,0.001192
0.2,1851.7556,77.15648,0.0,0.00826235,0.06122187,29.93051579,0.00118
0.2,1852.7571,77.19821,0.0,0.008184,0.06064138,29.93117462,0.001169
0.2,1853.7586,77.23994,0.0,0.00810641,0.06006639,29.9318272,0.001158
0.2,1854.7601,77.28167,0.0,0.00802954,0.05949686,29.9324736,0.001147
0.2,1855.7615,77.3234,0.0,0.00795341,0.05893273,29.93311386,0.001136
0.2,1856.763,77.36513,0.0,0.007878,0.05837395,29.93374806,0.001125
0.2,1857.7645,77.40686,0.0,0.0078033,0.05782046,29.93437624,0.001115
0.2,1858.766,77.44858,0.0,0.00772931,0.05727222,29.93499846,0.001104
0.2,1859.7675,77.49031,0.0,0.00765602,0.05672919,29.93561479,0.001094
0.2,1860.769,77.53204,0.0,0.00758343,0.0561913,29.93622527,0.001083
0.2,1861.7705,77.57377,0.0,0.00751153,0.05565851,29.93682997,0.001073
0.2,1862.772,77.6155,0.0,0.00744031,0.05513077,29.93742893,0.001063
0.2,1863.7735,77.65723,0.0,0.00736976,0.05460803,29.93802221,0.001053
0.2,1864.775,77.69896,0.0,0.00729988,0.05409026,29.93860986,0.001043
0.2,1865.7765,77.74069,0.0,0.00723067,0.05357739,29.93919195,0.001033
0.2,1866.7779,77.78241,0.0,0.00716211,0.05306938,29.93976851,0.001023
0.2,1867.7794,77.82414,0.0,0.0070942,0.05256619,29.94033961,0.001013
0.2,1868.7809,77.86587,0.0,0.00702693,0.05206778,29.94090529,0.001004
0.2,1869.7824,77.9076,0.0,0.00696031,0.05157408,29.94146561,0.000994
0.2,1870.7839,77.94933,0.0,0.00689431,0.05108507,29.94202062,0.000985
0.2,1871.7854,77.99106,0.0,0.00682894,0.0506007,29.94257036,0.000976
0.2,1872.7869,78.03279,0.0,0.00676419,0.05012092,29.94311489,0.000966
0.2,1873.7884,78.07452,0.0,0.00670005,0.04964569,29.94365426,0.000957
0.2,1874.7899,78.11624,0.0,0.00663653,0.04917496,29.94418851,0.000948
0.2,1875.7914,78.15797,0.0,0.0065736,0.0487087,29.9447177,0.000939
0.2,1876.7928,78.1997,0.0,0.00651127,0.04824685,29.94524187,0.00093
0.2,1877.7943,78.24143,0.0,0.00644953,0.04778939,29.94576107,0.000921
0.2,1878.7958,78.28316,0.0,0.00638838,0.04733627,29.94627535,0.000913
0.2,1879.7973,78.32489,0.0,0.00632781,0.04688744,29.94678475,0.000904
0.2,1880.7988,78.36662,0.0,0.00626781,0.04644286,29.94728933,0.000895
0.2,1881.8003,78.40835,0.0,0.00620838,0.04600251,29.94778911,0.000887
0.2,1882.8018,78.45007,0.0,0.00614951,0.04556632,29.94828416,0.000879
0.2,1883.8033,78.4918,0.0,0.00609121,0.04513428,29.94877452,0.00087
0.2,1884.8048,78.53353,0.0,0.00603345,0.04470633,29.94926022,0.000862
0.2,1885.8063,78.57526,0.0,0.00597624,0.04428243,29.94974132,0.000854
0.2,1886.8077,78.61699,0.0,0.00591958,0.04386256,29.95021786,0.000846
0.2,1887.8092,78.65872,0.0,0.00586345,0.04344667,29.95068988,0.000838
0.2,1888.8107,78.70045,0.0,0.00580785,0.04303472,29.95115743,0.00083
0.2,1889.8122,78.74218,0.0,0.00575279,0.04262668,29.95162054,0.000822
0.2,1890.8137,78.7839,0.0,0.00569824,0.0422225,29.95207926,0.000814
0.2,1891.8152,78.82563,0.0,0.00564421,0.04182216,29.95253363,0.000806
0.2,1892.8167,78.86736,0.0,0.00559069,0.04142562,29.95298369,0.000799
0.2,1893.8182,78.90909,0.0,0.00553768,0.04103283,29.95342949,0.000791
0.2,1894.8197,78.95082,0.0,0.00548518,0.04064377,29.95387105,0.000784
0.2,1895.8212,78.99255,0.0,0.00543317,0.0402584,29.95430844,0.000776
0.2,1896.8227,79.03428,0.0,0.00538165,0.03987668,29.95474167,0.000769
0.2,1897.8241,79.07601,0.0,0.00533063,0.03949858,29.9551708,0.000762
0.2,1898.8256,79.11773,0.0,0.00528008,0.03912406,29.95559585,0.000754
0.2,1899.8271,79.15946,0.0,0.00523002,0.0387531,29.95601688,0.000747
0.2,1900.8286,79.20119,0.0,0.00518043,0.03838565,29.95643392,0.00074
0.2,1901.8301,79.24292,0.0,0.00513131,0.03802169,29.956847,0.000733
0.2,1902.8316,79.28465,0.0,0.00508266,0.03766118,29.95725616,0.000726
0.2,1903.8331,79.32638,0.0,0.00503446,0.03730409,29.95766145,0.000719
0.2,1904.8346,79.36811,0.0,0.00498673,0.03695038,29.95806289,0.000712
0.2,1905.8361,79.40984,0.0,0.00493945,0.03660003,29.95846052,0.000706
0.2,1906.8376,79.45156,0.0,0.00489261,0.036253,29.95885439,0.000699
0.2,1907.839,79.49329,0.0,0.00484622,0.03590926,29.95924452,0.000692
0.2,1908.8405,79.53502,0.0,0.00480027,0.03556878,29.95963095,0.000686
0.2,1909.842,79.57675,0.0,0.00475476,0.03523152,29.96001372,0.000679
0.2,1910.8435,79.61848,0.0,0.00470967,0.03489747,29.96039286,0.000673
0.2,1911.845,79.66021,0.0,0.00466502,0.03456658,29.9607684,0.000666
0.2,1912.8465,79.70194,0.0,0.00462078,0.03423883,29.96114038,0.00066
0.2,1913.848,79.74367,0.0,0.00457697,0.03391419,29.96150884,0.000654
0.2,1914.8495,79.78539,0.0,0.00453357,0.03359262,29.9618738,0.000648
0.2,1915.851,79.82712,0.0,0.00449059,0.03327411,29.9622353,0.000642
0.2,1916.8525,79.86885,0.0,0.00444801,0.03295861,29.96259338,0.000635
0.2,1917.8539,79.91058,0.0,0.00440583,0.03264611,29.96294806,0.000629
0.2,1918.8554,79.95231,0.0,0.00436406,0.03233657,29.96329937,0.000623
0.2,1919.8569,79.99404,0.0,0.00432268,0.03202996,29.96364736,0.000618
0.2,1920.8584,80.03577,0.0,0.00428169,0.03172626,29.96399204,0.000612
0.2,1921.8599,80.0775,0.0,0.0042411,0.03142544,29.96433346,0.000606
0.2,1922.8614,80.11923,0.0,0.00420088,0.03112748,29.96467164,0.0006
0.2,1923.8629,80.16095,0.0,0.00416105,0.03083233,29.96500661,0.000594
0.2,1924.8644,80.20268,0.0,0.0041216,0.03053999,29.96533841,0.000589
0.2,1925.8659,80.24441,0.0,0.00408252,0.03025042,29.96566706,0.000583
0.2,1926.8674,80.28614,0.0,0.00404381,0.02996359,29.9659926,0.000578
0.2,1927.8689,80.32787,0.0,0.00400547,0.02967949,29.96631505,0.000572
0.2,1928.8703,80.3696,0.0,0.00396749,0.02939807,29.96663444,0.000567
0.2,1929.8718,80.41133,0.0,0.00392987,0.02911933,29.9669508,0.000561
0.2,1930.8733,80.45306,0.0,0.00389261,0.02884323,29.96726416,0.000556
0.2,1931.8748,80.49478,0.0,0.0038557,0.02856975,29.96757455,0.000551
0.2,1932.8763,80.53651,0.0,0.00381914,0.02829886,29.967882,0.000546
0.2,1933.8778,80.57824,0.0,0.00378293,0.02803053,29.96818654,0.00054
0.2,1934.8793,80.61997,0.0,0.00374706,0.02776476,29.96848818,0.000535
0.2,1935.8808,80.6617,0.0,0.00371153,0.0275015,29.96878697,0.00053
0.2,1936.8823,80.70343,0.0,0.00367634,0.02724074,29.96908292,0.000525
0.2,1937.8838,80.74516,0.0,0.00364148,0.02698245,29.96937607,0.00052
0.2,1938.8852,80.78689,0.0,0.00360695,0.02672661,29.96966644,0.000515
0.2,1939.8867,80.82861,0.0,0.00357275,0.0264732,29.96995405,0.00051
0.2,1940.8882,80.87034,0.0,0.00353888,0.02622218,29.97023894,0.000506
0.2,1941.8897,80.91207,0.0,0.00350532,0.02597355,29.97052112,0.000501
0.2,1942.8912,80.9538,0.0,0.00347209,0.02572728,29.97080063,0.000496
0.2,1943.8927,80.99553,0.0,0.00343917,0.02548334,29.97107749,0.000491
0.2,1944.8942,81.03726,0.0,0.00340656,0.02524171,29.97135173,0.000487
0.2,1945.8957,81.07899,0.0,0.00337426,0.02500238,29.97162336,0.000482
0.2,1946.8972,81.12072,0.0,0.00334226,0.02476531,29.97189242,0.000477
0.2,1947.8987,81.16244,0.0,0.00331057,0.0245305,29.97215893,0.000473
0.2,1948.9001,81.20417,0.0,0.00327918,0.02429791,29.97242291,0.000468
0.2,1949.9016,81.2459,0.0,0.00324809,0.02406752,29.97268439,0.000464
0.2,1950.9031,81.28763,0.0,0.00321729,0.02383932,29.97294339,0.00046
0.2,1951.9046,81.32936,0.0,0.00318679,0.02361328,29.97319993,0.000455
0.2,1952.9061,81.37109,0.0,0.00315657,0.02338939,29.97345404,0.000451
0.2,1953.9076,81.41282,0.0,0.00312664,0.02316762,29.97370574,0.000447
0.2,1954.9091,81.45455,0.0,0.003097,0.02294795,29.97395506,0.000442
0.2,1955.9106,81.49627,0.0,0.00306763,0.02273036,29.97420201,0.000438
0.2,1956.9121,81.538,0.0,0.00303854,0.02251484,29.97444662,0.000434
0.2,1957.9136,81.57973,0.0,0.00300973,0.02230136,29.97468891,0.00043
0.2,1958.9151,81.62146,0.0,0.0029812,0.0220899,29.9749289,0.000426
0.2,1959.9165,81.66319,0.0,0.00295293,0.02188045,29.97516662,0.000422
0.2,1960.918,81.70492,0.0,0.00292493,0.02167299,29.97540208,0.000418
0.2,1961.9195,81.74665,0.0,0.0028972,0.02146749,29.97563531,0.000414
0.2,1962.921,81.78838,0.0,0.00286973,0.02126394,29.97586633,0.00041
0.2,1963.9225,81.8301,0.0,0.00284252,0.02106232,29.97609516,0.000406
0.2,1964.924,81.87183,0.0,0.00281557,0.02086262,29.97632182,0.000402
0.2,1965.9255,81.91356,0.0,0.00278887,0.0206648,29.97654633,0.000398
0.2,1966.927,81.95529,0.0,0.00276243,0.02046887,29.97676871,0.000395
0.2,1967.9285,81.99702,0.0,0.00273623,0.02027479,29.97698898,0.000391
0.2,1968.93,82.03875,0.0,0.00271029,0.02008255,29.97720716,0.000387
0.2,1969.9314,82.08048,0.0,0.00268459,0.01989213,29.97742328,0.000384
0.2,1970.9329,82.12221,0.0,0.00265914,0.01970352,29.97763735,0.00038
0.2,1971.9344,82.16393,0.0,0.00263392,0.0195167,29.97784938,0.000376
0.2,1972.9359,82.20566,0.0,0.00260895,0.01933164,29.97805941,0.000373
0.2,1973.9374,82.24739,0.0,0.00258421,0.01914835,29.97826744,0.000369
0.2,1974.9389,82.28912,0.0,0.00255971,0.01896679,29.9784735,0.000366
0.2,1975.9404,82.33085,0.0,0.00253544,0.01878695,29.97867761,0.000362
0.2,1976.9419,82.37258,0.0,0.0025114,0.01860882,29.97887978,0.000359
0.2,1977.9434,82.41431,0.0,0.00248759,0.01843237,29.97908004,0.000355
0.2,1978.9449,82.45604,0.0,0.002464,0.0182576,29.9792784,0.000352
0.2,1979.9463,82.49776,0.0,0.00244064,0.01808449,29.97947487,0.000349
0.2,1980.9478,82.53949,0.0,0.00241749,0.01791302,29.97966949,0.000345
0.2,1981.9493,82.58122,0.0,0.00239457,0.01774317,29.97986226,0.000342
0.2,1982.9508,82.62295,0.0,0.00237187,0.01757494,29.9800532,0.000339
0.2,1983.9523,82.66468,0.0,0.00234938,0.0174083,29.98024233,0.000336
0.2,1984.9538,82.70641,0.0,0.0023271,0.01724324,29.98042966,0.000332
0.2,1985.9553,82.74814,0.0,0.00230504,0.01707974,29.98061522,0.000329
0.2,1986.9568,82.78987,0.0,0.00228318,0.01691779,29.98079902,0.000326
0.2,1987.9583,82.83159,0.0,0.00226153,0.01675739,29.98098108,0.000323
0.2,1988.9598,82.87332,0.0,0.00224009,0.0165985,29.98116141,0.00032
0.2,1989.9613,82.91505,0.0,0.00221885,0.01644111,29.98134004,0.000317
0.2,1990.9627,82.95678,0.0,0.00219781,0.01628522,29.98151696,0.000314
0.2,1991.9642,82.99851,0.0,0.00217697,0.01613081,29.98169221,0.000311
0.2,1992.9657,83.04024,0.0,0.00215633,0.01597786,29.9818658,0.000308
0.2,1993.9672,83.08197,0.0,0.00213589,0.01582637,29.98203775,0.000305
0.2,1994.9687,83.1237,0.0,0.00211563,0.01567631,29.98220806,0.000302
0.2,1995.9702,83.16542,0.0,0.00209557,0.01552767,29.98237676,0.000299
0.2,1996.9717,83.20715,0.0,0.0020757,0.01538044,29.98254386,0.000297
0.2,1997.9732,83.24888,0.0,0.00205602,0.01523461,29.98270937,0.000294
0.2,1998.9747,83.29061,0.0,0.00203653,0.01509016,29.98287332,0.000291
0.2,1999.9762,83.33234,0.0,0.00201722,0.01494708,29.98303571,0.000288
0.2,2000.9776,83.37407,0.0,0.00199809,0.01480535,29.98319656,0.000285
0.2,2001.9791,83.4158,0.0,0.00197915,0.01466497,29.98335588,0.000283
0.2,2002.9806,83.45753,0.0,0.00196038,0.01452592,29.9835137,0.00028
0.2,2003.9821,83.49925,0.0,0.00194179,0.01438819,29.98367002,0.000277
0.2,2004.9836,83.54098,0.0,0.00192338,0.01425177,29.98382485,0.000275
0.2,2005.9851,83.58271,0.0,0.00190514,0.01411664,29.98397822,0.000272
0.2,2006.9866,83.62444,0.0,0.00188708,0.01398279,29.98413013,0.00027
0.2,2007.9881,83.66617,0.0,0.00186919,0.01385021,29.98428061,0.000267
0.2,2008.9896,83.7079,0.0,0.00185146,0.01371888,29.98442965,0.000264
0.2,2009.9911,83.74963,0.0,0.00183391,0.0135888,29.98457729,0.000262
0.2,2010.9925,83.79136,0.0,0.00181652,0.01345996,29.98472352,0.00026
0.2,2011.994,83.83308,0.0,0.0017993,0.01333233,29.98486837,0.000257
0.2,2012.9955,83.87481,0.0,0.00178224,0.01320592,29.98501184,0.000255
0.2,2013.997,83.91654,0.0,0.00176534,0.01308071,29.98515396,0.000252
0.2,2014.9985,83.95827,0.0,0.0017486,0.01295668,29.98529472,0.00025
0.2,2016.0,84.0,0.0,0.00173202,0.01283383,29.98543415,0.000247
0.25,0.0,0.0,0.0,0.0,0.0,0.0,0.0
0.25,0.0,0.0,10.0,0.0,0.0,0.0,0.0
0.25,0.0,0.0,10.0,0.0,0.0,0.0,0.0
0.25,1.0,0.04167,7.78800783,1.83056473,0.30001342,0.08141402,0.261509
0.25,2.0,0.08333,6.0653066,2.70020806,0.96700935,0.26747599,0.385744
0.25,3.0,0.125,4.72366553,3.01166034,1.76597791,0.49869622,0.430237
0.25,4.0,0.16667,3.67879441,3.01329268,2.56674827,0.74116464,0.43047
0.25,5.0,0.20833,2.86504797,2.8556684,3.30265414,0.97662949,0.407953
0.25,6.0,0.25,2.2313016,2.62789353,3.94457088,1.19623399,0.375413
0.25,7.0,0.29167,1.73773943,2.38087512,4.48478591,1.39659953,0.340125
0.25,8.0,0.33333,1.35335283,2.14211752,4.92712321,1.57740643,0.306017
0.25,9.0,0.375,1.05399225,1.92506701,5.28101649,1.73992426,0.27501
0.25,10.0,0.41667,0.82084999,1.73495867,5.5580518,1.88613955,0.247851
0.25,11.0,0.45833,0.63927861,1.57243035,5.77003588,2.01825516,0.224633
0.25,12.0,0.5,0.49787068,1.43572009,5.92799142,2.1384178,0.205103
0.25,13.0,0.54167,0.38774208,1.32197227,6.04170268,2.24858297,0.188853
0.25,14.0,0.58333,0.30197383,1.22798867,6.11957716,2.35046033,0.175427
0.25,15.0,0.625,0.23517746,1.15063865,6.16867942,2.44550447,0.164377
0.25,16.0,0.66667,0.18315639,1.08706378,6.19485031,2.53492953,0.155295
0.25,17.0,0.70833,0.14264234,1.03476184,6.20286087,2.61973495,0.147823
0.25,18.0,0.75,0.11108997,0.99160278,6.19657233,2.70073492,0.141658
0.25,19.0,0.79167,0.08651695,0.95580854,6.179087,2.77858751,0.136544
0.25,20.0,0.83333,0.06737947,0.92591605,6.15288305,2.85382142,0.132274
0.25,21.0,0.875,0.05247518,0.90073443,6.11993089,2.9268595,0.128676
0.25,22.0,0.91667,0.04086771,0.87930232,6.08179122,2.99803875,0.125615
0.25,23.0,0.95833,0.03182781,0.86084876,6.03969628,3.06762716,0.122978
0.25,24.0,1.0,0.02478752,0.84475861,5.9946164,3.13583747,0.12068
0.25,25.0,1.04167,0.01930454,0.83054313,5.94731389,3.20283844,0.118649
0.25,26.0,1.08333,0.01503439,0.81781525,5.89838639,3.26876396,0.116831
0.25,27.0,1.125,0.0117088,0.80626926,5.8483016,3.33372034,0.115181
0.25,28.0,1.16667,0.00911882,0.79566422,5.79742487,3.39779209,0.113666
0.25,29.0,1.20833,0.00710174,0.78581057,5.74604107,3.46104662,0.112259
0.25,30.0,1.25,0.00553084,0.77655937,5.69437197,3.52353782,0.110937
0.25,31.0,1.29167,0.00430743,0.76779371,5.64258983,3.58530904,0.109685
0.25,32.0,1.33333,0.00335463,0.7594219,5.59082817,3.6463953,0.108489
0.25,33.0,1.375,0.00261259,0.75137207,5.53919022,3.70682512,0.107339
0.25,34.0,1.41667,0.00203468,0.74358789,5.48775552,3.7666219,0.106227
0.25,35.0,1.45833,0.00158461,0.7360252,5.43658511,3.82580508,0.105146
0.25,36.0,1.5,0.0012341,0.72864938,5.3857256,3.88439091,0.104093
0.25,37.0,1.54167,0.00096112,0.72143329,5.33521236,3.94239323,0.103062
0.25,38.0,1.58333,0.00074852,0.7143556,5.28507195,3.99982393,0.102051
0.25,39.0,1.625,0.00058295,0.70739955,5.23532413,4.05669337,0.101057
0.25,40.0,1.66667,0.000454,0.70055194,5.18598332,4.11301074,0.100079
0.25,41.0,1.70833,0.00035358,0.69380233,5.1370598,4.16878429,0.099115
0.25,42.0,1.75,0.00027536,0.68714249,5.08856064,4.22402151,0.098163
0.25,43.0,1.79167,0.00021445,0.68056584,5.0404904,4.27872931,0.097224
0.25,44.0,1.83333,0.00016702,0.67406716,4.9928517,4.33291412,0.096295
0.25,45.0,1.875,0.00013007,0.66764223,4.94564568,4.38658202,0.095377
0.25,46.0,1.91667,0.0001013,0.66128765,4.89887229,4.43973875,0.09447
0.25,47.0,1.95833,7.889e-05,0.65500066,4.8525306,4.49238984,0.093572
0.25,48.0,2.0,6.144e-05,0.64877897,4.80661899,4.5445406,0.092683
0.25,49.0,2.04167,4.785e-05,0.64262069,4.76113529,4.59619617,0.091803
0.25,50.0,2.08333,3.727e-05,0.63652421,4.71607696,4.64736156,0.090932
0.25,51.0,2.125,2.902e-05,0.63048819,4.67144113,4.69804166,0.09007
0.25,52.0,2.16667,2.26e-05,0.62451145,4.6272247,4.74824125,0.089216
0.25,53.0,2.20833,1.76e-05,0.61859294,4.58342441,4.79796504,0.08837
0.25,54.0,2.25,1.371e-05,0.61273176,4.54003688,4.84721765,0.087533
0.25,55.0,2.29167,1.068e-05,0.60692708,4.49705861,4.89600363,0.086704
0.25,56.0,2.33333,8.32e-06,0.60117814,4.45448608,4.94432747,0.085883
0.25,57.0,2.375,6.48e-06,0.59548424,4.41231569,4.9921936,0.085069
0.25,58.0,2.41667,5.04e-06,0.58984471,4.37054385,5.0396064,0.084264
0.25,59.0,2.45833,3.93e-06,0.58425896,4.32916693,5.08657019,0.083466
0.25,60.0,2.5,3.06e-06,0.57872637,4.28818132,5.13308925,0.082675
0.25,61.0,2.54167,2.38e-06,0.57324639,4.24758342,5.17916781,0.081892
0.25,62.0,2.58333,1.86e-06,0.56781847,4.20736962,5.22481006,0.081117
0.25,63.0,2.625,1.44e-06,0.56244207,4.16753635,5.27002014,0.080349
0.25,64.0,2.66667,1.13e-06,0.55711668,4.12808004,5.31480215,0.079588
0.25,65.0,2.70833,8.8e-07,0.55184179,4.08899718,5.35916015,0.078835
0.25,66.0,2.75,6.8e-07,0.54661691,4.05028424,5.40309817,0.078088
0.25,67.0,2.79167,5.3e-07,0.54144154,4.01193774,5.44662018,0.077349
0.25,68.0,2.83333,4.1e-07,0.53631522,3.97395424,5.48973013,0.076616
0.25,69.0,2.875,3.2e-07,0.53123745,3.93633031,5.53243191,0.075891
0.25,70.0,2.91667,2.5e-07,0.52620779,3.89906256,5.5747294,0.075173
0.25,71.0,2.95833,2e-07,0.52122576,3.86214762,5.61662643,0.074461
0.25,72.0,3.0,1.5e-07,0.51629092,3.82558215,5.65812678,0.073756
0.25,73.0,3.04167,1.2e-07,0.51140281,3.78936286,5.69923422,0.073058
0.25,74.0,3.08333,9e-08,0.50656098,3.75348646,5.73995246,0.072366
0.25,75.0,3.125,7e-08,0.50176501,3.71794972,5.7802852,0.071681
0.25,76.0,3.16667,6e-08,0.49701444,3.68274943,5.82023608,0.071002
0.25,77.0,3.20833,4e-08,0.49230886,3.64788239,5.85980871,0.07033
0.25,78.0,3.25,3e-08,0.48764783,3.61334546,5.89900668,0.069664
0.25,79.0,3.29167,3e-08,0.48303093,3.5791355,5.93783354,0.069004
0.25,80.0,3.33333,2e-08,0.47845775,3.54524944,5.9762928,0.068351
0.25,81.0,3.375,2e-08,0.47392786,3.51168419,6.01438793,0.067704
0.25,82.0,3.41667,1e-08,0.46944086,3.47843673,6.0521224,0.067063
0.25,83.0,3.45833,1e-08,0.46499635,3.44550404,6.0894996,0.066428
0.25,84.0,3.5,1e-08,0.46059391,3.41288314,6.12652294,0.065799
0.25,85.0,3.54167,1e-08,0.45623316,3.38057109,6.16319574,0.065176
0.25,86.0,3.58333,0.0,0.45191369,3.34856496,6.19952134,0.064559
0.25,87.0,3.625,0.0,0.44763512,3.31686185,6.23550302,0.063948
0.25,88.0,3.66667,0.0,0.44339706,3.2854589,6.27114404,0.063342
0.25,89.0,3.70833,0.0,0.43919912,3.25435325,6.30644762,0.062743
0.25,90.0,3.75,0.0,0.43504093,3.22354211,6.34141696,0.062149
0.25,91.0,3.79167,0.0,0.4309221,3.19302268,6.37605522,0.06156
0.25,92.0,3.83333,0.0,0.42684227,3.16279219,6.41036554,0.060977
0.25,93.0,3.875,0.0,0.42280107,3.13284791,6.44435101,0.0604
0.25,94.0,3.91667,0.0,0.41879813,3.10318714,6.47801473,0.059828
0.25,95.0,3.95833,0.0,0.41483309,3.07380719,6.51135973,0.059262
0.25,96.0,4.0,0.0,0.41090558,3.04470539,6.54438902,0.058701
0.25,97.0,4.04167,0.0,0.40701526,3.01587912,6.57710561,0.058145
0.25,98.0,4.08333,0.0,0.40316178,2.98732577,6.60951245,0.057595
0.25,99.0,4.125,0.0,0.39934478,2.95904276,6.64161247,0.057049
0.25,100.0,4.16667,0.0,0.39556391,2.93102751,6.67340858,0.056509
0.25,101.0,4.20833,0.0,0.39181884,2.90327751,6.70490365,0.055974
0.25,102.0,4.25,0.0,0.38810923,2.87579023,6.73610054,0.055444
0.25,103.0,4.29167,0.0,0.38443474,2.8485632,6.76700206,0.054919
0.25,104.0,4.33333,0.0,0.38079504,2.82159394,6.79761102,0.054399
0.25,105.0,4.375,0.0,0.3771898,2.79488002,6.82793019,0.053884
0.25,106.0,4.41667,0.0,0.37361869,2.76841901,6.8579623,0.053374
0.25,107.0,4.45833,0.0,0.37008139,2.74220853,6.88771008,0.052869
0.25,108.0,4.5,0.0,0.36657758,2.71624621,6.91717621,0.052368
0.25,109.0,4.54167,0.0,0.36310694,2.69052968,6.94636338,0.051872
0.25,110.0,4.58333,0.0,0.35966917,2.66505663,6.9752742,0.051381
0.25,111.0,4.625,0.0,0.35626394,2.63982475,7.00391131,0.050895
0.25,112.0,4.66667,0.0,0.35289095,2.61483176,7.03227729,0.050413
0.25,113.0,4.70833,0.0,0.34954989,2.59007539,7.06037471,0.049936
0.25,114.0,4.75,0.0,0.34624047,2.56555341,7.08820612,0.049463
0.25,115.0,4.79167,0.0,0.34296238,2.5412636,7.11577402,0.048995
0.25,116.0,4.83333,0.0,0.33971532,2.51720375,7.14308093,0.048531
0.25,117.0,4.875,0.0,0.33649901,2.49337169,7.1701293,0.048071
0.25,118.0,4.91667,0.0,0.33331315,2.46976527,7.19692158,0.047616
0.25,119.0,4.95833,0.0,0.33015745,2.44638235,7.2234602,0.047165
0.25,120.0,5.0,0.0,0.32703163,2.42322081,7.24974757,0.046719
0.25,121.0,5.04167,0.0,0.3239354,2.40027855,7.27578605,0.046276
0.25,122.0,5.08333,0.0,0.32086849,2.3775535,7.30157801,0.045838
0.25,123.0,5.125,0.0,0.31783061,2.35504361,7.32712578,0.045404
0.25,124.0,5.16667,0.0,0.31482149,2.33274683,7.35243168,0.044974
0.25,125.0,5.20833,0.0,0.31184087,2.31066115,7.37749798,0.044549
0.25,126.0,5.25,0.0,0.30888846,2.28878457,7.40232697,0.044127
0.25,127.0,5.29167,0.0,0.30596401,2.26711511,7.42692088,0.043709
0.25,128.0,5.33333,0.0,0.30306724,2.24565081,7.45128195,0.043295
0.25,129.0,5.375,0.0,0.3001979,2.22438973,7.47541237,0.042885
0.25,130.0,5.41667,0.0,0.29735572,2.20332994,7.49931434,0.042479
0.25,131.0,5.45833,0.0,0.29454046,2.18246954,7.52299001,0.042077
0.25,132.0,5.5,0.0,0.29175185,2.16180663,7.54644152,0.041679
0.25,133.0,5.54167,0.0,0.28898963,2.14133936,7.569671,0.041284
0.25,134.0,5.58333,0.0,0.28625358,2.12106586,7.59268056,0.040893
0.25,135.0,5.625,0.0,0.28354342,2.10098431,7.61547227,0.040506
0.25,136.0,5.66667,0.0,0.28085893,2.08109288,7.63804819,0.040123
0.25,137.0,5.70833,0.0,0.27819985,2.06138978,7.66041037,0.039743
0.25,138.0,5.75,0.0,0.27556594,2.04187322,7.68256084,0.039367
0.25,139.0,5.79167,0.0,0.27295697,2.02254144,7.70450159,0.038994
0.25,140.0,5.83333,0.0,0.27037271,2.00339268,7.72623461,0.038625
0.25,141.0,5.875,0.0,0.26781291,1.98442522,7.74776187,0.038259
0.25,142.0,5.91667,0.0,0.26527734,1.96563733,7.76908532,0.037897
0.25,143.0,5.95833,0.0,0.26276578,1.94702733,7.79020689,0.037538
0.25,144.0,6.0,0.0,0.260278,1.92859351,7.81112848,0.037183
0.25,145.0,6.04167,0.0,0.25781378,1.91033422,7.831852,0.036831
0.25,146.0,6.08333,0.0,0.25537288,1.89224781,7.85237931,0.036482
0.25,147.0,6.125,0.0,0.2529551,1.87433263,7.87271228,0.036136
0.25,148.0,6.16667,0.0,0.2505602,1.85658707,7.89285274,0.035794
0.25,149.0,6.20833,0.0,0.24818798,1.83900951,7.91280251,0.035455
0.25,150.0,6.25,0.0,0.24583822,1.82159837,7.93256341,0.03512
0.25,151.0,6.29167,0.0,0.2435107,1.80435208,7.95213722,0.034787
0.25,152.0,6.33333,0.0,0.24120522,1.78726907,7.97152571,0.034458
0.25,153.0,6.375,0.0,0.23892157,1.77034779,7.99073064,0.034132
0.25,154.0,6.41667,0.0,0.23665954,1.75358672,8.00975374,0.033809
0.25,155.0,6.45833,0.0,0.23441892,1.73698434,8.02859673,0.033488
0.25,156.0,6.5,0.0,0.23219952,1.72053915,8.04726133,0.033171
0.25,157.0,6.54167,0.0,0.23000113,1.70424965,8.06574922,0.032857
0.25,158.0,6.58333,0.0,0.22782356,1.68811437,8.08406207,0.032546
0.25,159.0,6.625,0.0,0.2256666,1.67213186,8.10220154,0.032238
0.25,160.0,6.66667,0.0,0.22353006,1.65630067,8.12016927,0.031933
0.25,161.0,6.70833,0.0,0.22141376,1.64061936,8.13796689,0.031631
0.25,162.0,6.75,0.0,0.21931748,1.62508651,8.155596,0.031331
0.25,163.0,6.79167,0.0,0.21724106,1.60970073,8.17305821,0.031034
0.25,164.0,6.83333,0.0,0.21518429,1.59446061,8.1903551,0.030741
0.25,165.0,6.875,0.0,0.213147,1.57936478,8.20748822,0.03045
0.25,166.0,6.91667,0.0,0.21112899,1.56441188,8.22445913,0.030161
0.25,167.0,6.95833,0.0,0.20913009,1.54960054,8.24126937,0.029876
0.25,168.0,7.0,0.0,0.20715012,1.53492943,8.25792045,0.029593
0.25,169.0,7.04167,0.0,0.20518889,1.52039723,8.27441389,0.029313
0.25,170.0,7.08333,0.0,0.20324623,1.50600261,8.29075117,0.029035
0.25,171.0,7.125,0.0,0.20132196,1.49174427,8.30693377,0.02876
0.25,172.0,7.16667,0.0,0.19941591,1.47762093,8.32296317,0.028488
0.25,173.0,7.20833,0.0,0.1975279,1.4636313,8.3388408,0.028218
0.25,174.0,7.25,0.0,0.19565777,1.44977412,8.35456811,0.027951
0.25,175.0,7.29167,0.0,0.19380535,1.43604813,8.37014651,0.027686
0.25,176.0,7.33333,0.0,0.19197047,1.4224521,8.38557743,0.027424
0.25,177.0,7.375,0.0,0.19015295,1.4089848,8.40086225,0.027165
0.25,178.0,7.41667,0.0,0.18835265,1.39564499,8.41600236,0.026908
0.25,179.0,7.45833,0.0,0.18656939,1.38243148,8.43099913,0.026653
0.25,180.0,7.5,0.0,0.18480301,1.36934308,8.44585391,0.0264
0.25,181.0,7.54167,0.0,0.18305335,1.35637859,8.46056806,0.02615
0.25,182.0,7.58333,0.0,0.18132027,1.34353684,8.47514289,0.025903
0.25,183.0,7.625,0.0,0.17960358,1.33081668,8.48957974,0.025658
0.25,184.0,7.66667,0.0,0.17790316,1.31821694,8.5038799,0.025415
0.25,185.0,7.70833,0.0,0.17621883,1.3057365,8.51804467,0.025174
0.25,186.0,7.75,0.0,0.17455045,1.29337422,8.53207534,0.024936
0.25,187.0,7.79167,0.0,0.17289786,1.28112897,8.54597317,0.0247
0.25,188.0,7.83333,0.0,0.17126092,1.26899967,8.55973941,0.024466
0.25,189.0,7.875,0.0,0.16963948,1.2569852,8.57337533,0.024234
0.25,190.0,7.91667,0.0,0.16803339,1.24508447,8.58688214,0.024005
0.25,191.0,7.95833,0.0,0.1664425,1.23329642,8.60026107,0.023778
0.25,192.0,8.0,0.0,0.16486668,1.22161998,8.61351334,0.023552
0.25,193.0,8.04167,0.0,0.16330578,1.21005408,8.62664014,0.023329
0.25,194.0,8.08333,0.0,0.16175965,1.19859769,8.63964266,0.023109
0.25,195.0,8.125,0.0,0.16022816,1.18724976,8.65252207,0.02289
0.25,196.0,8.16667,0.0,0.15871118,1.17600927,8.66527955,0.022673
0.25,197.0,8.20833,0.0,0.15720855,1.1648752,8.67791625,0.022458
0.25,198.0,8.25,0.0,0.15572015,1.15384655,8.6904333,0.022246
0.25,199.0,8.29167,0.0,0.15424585,1.14292231,8.70283185,0.022035
0.25,200.0,8.33333,0.0,0.1527855,1.1321015,8.71511301,0.021826
0.25,201.0,8.375,0.0,0.15133897,1.12138313,8.72727789,0.02162
0.25,202.0,8.41667,0.0,0.14990615,1.11076625,8.73932761,0.021415
0.25,203.0,8.45833,0.0,0.14848688,1.10024988,8.75126324,0.021212
0.25,204.0,8.5,0.0,0.14708106,1.08983307,8.76308587,0.021012
0.25,205.0,8.54167,0.0,0.14568854,1.07951489,8.77479656,0.020813
0.25,206.0,8.58333,0.0,0.14430921,1.0692944,8.78639639,0.020616
0.25,207.0,8.625,0.0,0.14294294,1.05917067,8.79788639,0.02042
0.25,208.0,8.66667,0.0,0.1415896,1.04914279,8.8092676,0.020227
0.25,209.0,8.70833,0.0,0.14024908,1.03920986,8.82054106,0.020036
0.25,210.0,8.75,0.0,0.13892125,1.02937096,8.83170779,0.019846
0.25,211.0,8.79167,0.0,0.13760599,1.01962521,8.8427688,0.019658
0.25,212.0,8.83333,0.0,0.13630318,1.00997174,8.85372508,0.019472
0.25,213.0,8.875,0.0,0.13501271,1.00040966,8.86457764,0.019288
0.25,214.0,8.91667,0.0,0.13373445,0.99093811,8.87532744,0.019105
0.25,215.0,8.95833,0.0,0.1324683,0.98155623,8.88597547,0.018924
0.25,216.0,9.0,0.0,0.13121413,0.97226318,8.89652269,0.018745
0.25,217.0,9.04167,0.0,0.12997184,0.96305811,8.90697005,0.018567
0.25,218.0,9.08333,0.0,0.12874131,0.9539402,8.9173185,0.018392
0.25,219.0,9.125,0.0,0.12752243,0.9449086,8.92756897,0.018217
0.25,220.0,9.16667,0.0,0.12631509,0.93596252,8.93772239,0.018045
0.25,221.0,9.20833,0.0,0.12511918,0.92710114,8.94777969,0.017874
0.25,222.0,9.25,0.0,0.12393459,0.91832365,8.95774176,0.017705
0.25,223.0,9.29167,0.0,0.12276122,0.90962926,8.96760952,0.017537
0.25,224.0,9.33333,0.0,0.12159896,0.90101719,8.97738385,0.017371
0.25,225.0,9.375,0.0,0.1204477,0.89248666,8.98706565,0.017207
0.25,226.0,9.41667,0.0,0.11930734,0.88403689,8.99665578,0.017044
0.25,227.0,9.45833,0.0,0.11817777,0.87566712,9.00615511,0.016883
0.25,228.0,9.5,0.0,0.11705891,0.86737659,9.01556451,0.016723
0.25,229.0,9.54167,0.0,0.11595063,0.85916455,9.02488482,0.016564
0.25,230.0,9.58333,0.0,0.11485285,0.85103027,9.03411689,0.016408
0.25,231.0,9.625,0.0,0.11376546,0.84297299,9.04326155,0.016252
0.25,232.0,9.66667,0.0,0.11268837,0.834992,9.05231963,0.016098
0.25,233.0,9.70833,0.0,0.11162147,0.82708657,9.06129196,0.015946
0.25,234.0,9.75,0.0,0.11056467,0.81925599,9.07017934,0.015795
0.25,235.0,9.79167,0.0,0.10951788,0.81149954,9.07898257,0.015645
0.25,236.0,9.83333,0.0,0.108481,0.80381653,9.08770246,0.015497
0.25,237.0,9.875,0.0,0.10745394,0.79620626,9.0963398,0.015351
0.25,238.0,9.91667,0.0,0.1064366,0.78866804,9.10489535,0.015205
0.25,239.0,9.95833,0.0,0.1054289,0.78120119,9.11336991,0.015061
0.25,240.0,10.0,0.0,0.10443073,0.77380504,9.12176423,0.014919
0.25,241.0,10.04167,0.0,0.10344202,0.76647891,9.13007908,0.014777
0.25,242.0,10.08333,0.0,0.10246266,0.75922214,9.1383152,0.014638
0.25,243.0,10.125,0.0,0.10149258,0.75203407,9.14647335,0.014499
0.25,244.0,10.16667,0.0,0.10053168,0.74491406,9.15455426,0.014362
0.25,245.0,10.20833,0.0,0.09957988,0.73786146,9.16255866,0.014226
0.25,246.0,10.25,0.0,0.09863709,0.73087563,9.17048728,0.014091
0.25,247.0,10.29167,0.0,0.09770323,0.72395594,9.17834084,0.013958
0.25,248.0,10.33333,0.0,0.0967782,0.71710176,9.18612003,0.013825
0.25,249.0,10.375,0.0,0.09586194,0.71031248,9.19382558,0.013695
0.25,250.0,10.41667,0.0,0.09495435,0.70358747,9.20145818,0.013565
0.25,251.0,10.45833,0.0,0.09405535,0.69692614,9.20901851,0.013436
0.25,252.0,10.5,0.0,0.09316487,0.69032787,9.21650726,0.013309
0.25,253.0,10.54167,0.0,0.09228281,0.68379208,9.22392511,0.013183
0.25,254.0,10.58333,0.0,0.09140911,0.67731816,9.23127273,0.013058
0.25,255.0,10.625,0.0,0.09054368,0.67090553,9.23855079,0.012935
0.25,256.0,10.66667,0.0,0.08968644,0.66455362,9.24575994,0.012812
0.25,257.0,10.70833,0.0,0.08883732,0.65826184,9.25290084,0.012691
0.25,258.0,10.75,0.0,0.08799624,0.65202964,9.25997413,0.012571
0.25,259.0,10.79167,0.0,0.08716312,0.64585644,9.26698045,0.012452
0.25,260.0,10.83333,0.0,0.08633789,0.63974168,9.27392043,0.012334
0.25,261.0,10.875,0.0,0.08552047,0.63368482,9.28079472,0.012217
0.25,262.0,10.91667,0.0,0.08471079,0.6276853,9.28760392,0.012102
0.25,263.0,10.95833,0.0,0.08390877,0.62174258,9.29434865,0.011987
0.25,264.0,11.0,0.0,0.08311435,0.61585612,9.30102952,0.011873
0.25,265.0,11.04167,0.0,0.08232745,0.6100254,9.30764714,0.011761
0.25,266.0,11.08333,0.0,0.081548,0.60424988,9.31420211,0.01165
0.25,267.0,11.125,0.0,0.08077594,0.59852904,9.32069502,0.011539
0.25,268.0,11.16667,0.0,0.08001118,0.59286237,9.32712646,0.01143
0.25,269.0,11.20833,0.0,0.07925366,0.58724934,9.333497,0.011322
0.25,270.0,11.25,0.0,0.07850331,0.58168946,9.33980723,0.011215
0.25,271.0,11.29167,0.0,0.07776006,0.57618221,9.34605772,0.011109
0.25,272.0,11.33333,0.0,0.07702386,0.57072711,9.35224903,0.011003
0.25,273.0,11.375,0.0,0.07629462,0.56532365,9.35838173,0.010899
0.25,274.0,11.41667,0.0,0.07557229,0.55997136,9.36445636,0.010796
0.25,275.0,11.45833,0.0,0.0748568,0.55466973,9.37047347,0.010694
0.25,276.0,11.5,0.0,0.07414808,0.5494183,9.37643362,0.010593
0.25,277.0,11.54167,0.0,0.07344607,0.54421659,9.38233734,0.010492
0.25,278.0,11.58333,0.0,0.0727507,0.53906413,9.38818517,0.010393
0.25,279.0,11.625,0.0,0.07206192,0.53396044,9.39397763,0.010295
0.25,280.0,11.66667,0.0,0.07137967,0.52890508,9.39971525,0.010197
0.25,281.0,11.70833,0.0,0.07070387,0.52389758,9.40539855,0.010101
0.25,282.0,11.75,0.0,0.07003446,0.51893749,9.41102804,0.010005
0.25,283.0,11.79167,0.0,0.0693714,0.51402436,9.41660423,0.00991
0.25,284.0,11.83333,0.0,0.06871462,0.50915775,9.42212763,0.009816
0.25,285.0,11.875,0.0,0.06806405,0.50433721,9.42759874,0.009723
0.25,286.0,11.91667,0.0,0.06741964,0.49956231,9.43301805,0.009631
0.25,287.0,11.95833,0.0,0.06678133,0.49483262,9.43838604,0.00954
0.25,288.0,12.0,0.0,0.06614907,0.49014771,9.44370322,0.00945
0.25,289.0,12.04167,0.0,0.06552279,0.48550715,9.44897006,0.00936
0.25,290.0,12.08333,0.0,0.06490244,0.48091053,9.45418703,0.009272
0.25,291.0,12.125,0.0,0.06428797,0.47635743,9.4593546,0.009184
0.25,292.0,12.16667,0.0,0.06367931,0.47184743,9.46447326,0.009097
0.25,293.0,12.20833,0.0,0.06307642,0.46738014,9.46954345,0.009011
0.25,294.0,12.25,0.0,0.06247923,0.46295513,9.47456563,0.008926
0.25,295.0,12.29167,0.0,0.0618877,0.45857203,9.47954027,0.008841
0.25,296.0,12.33333,0.0,0.06130177,0.45423042,9.48446782,0.008757
0.25,297.0,12.375,0.0,0.06072138,0.44992992,9.4893487,0.008674
0.25,298.0,12.41667,0.0,0.06014649,0.44567013,9.49418338,0.008592
0.25,299.0,12.45833,0.0,0.05957704,0.44145067,9.49897229,0.008511
0.25,300.0,12.5,0.0,0.05901299,0.43727116,9.50371585,0.00843
0.25,301.0,12.54167,0.0,0.05845427,0.43313122,9.50841451,0.008351
0.25,302.0,12.58333,0.0,0.05790085,0.42903048,9.51306868,0.008272
0.25,303.0,12.625,0.0,0.05735266,0.42496856,9.51767878,0.008193
0.25,304.0,12.66667,0.0,0.05680966,0.42094509,9.52224524,0.008116
0.25,305.0,12.70833,0.0,0.05627181,0.41695972,9.52676847,0.008039
0.25,306.0,12.75,0.0,0.05573905,0.41301209,9.53124887,0.007963
0.25,307.0,12.79167,0.0,0.05521133,0.40910182,9.53568685,0.007887
0.25,308.0,12.83333,0.0,0.0546886,0.40522858,9.54008281,0.007813
0.25,309.0,12.875,0.0,0.05417083,0.40139201,9.54443716,0.007739
0.25,310.0,12.91667,0.0,0.05365796,0.39759176,9.54875028,0.007665
0.25,311.0,12.95833,0.0,0.05314994,0.3938275,9.55302256,0.007593
0.25,312.0,13.0,0.0,0.05264674,0.39009887,9.5572544,0.007521
0.25,313.0,13.04167,0.0,0.05214829,0.38640554,9.56144617,0.00745
0.25,314.0,13.08333,0.0,0.05165457,0.38274718,9.56559825,0.007379
0.25,315.0,13.125,0.0,0.05116552,0.37912346,9.56971102,0.007309
0.25,316.0,13.16667,0.0,0.0506811,0.37553404,9.57378486,0.00724
0.25,317.0,13.20833,0.0,0.05020127,0.37197861,9.57782012,0.007172
0.25,318.0,13.25,0.0,0.04972598,0.36845684,9.58181718,0.007104
0.25,319.0,13.29167,0.0,0.04925519,0.36496841,9.5857764,0.007036
0.25,320.0,13.33333,0.0,0.04878886,0.36151301,9.58969813,0.00697
0.25,321.0,13.375,0.0,0.04832695,0.35809032,9.59358273,0.006904
0.25,322.0,13.41667,0.0,0.0478694,0.35470004,9.59743056,0.006838
0.25,323.0,13.45833,0.0,0.04741619,0.35134186,9.60124195,0.006774
0.25,324.0,13.5,0.0,0.04696727,0.34801547,9.60501726,0.00671
0.25,325.0,13.54167,0.0,0.0465226,0.34472057,9.60875683,0.006646
0.25,326.0,13.58333,0.0,0.04608214,0.34145687,9.61246099,0.006583
0.25,327.0,13.625,0.0,0.04564585,0.33822407,9.61613008,0.006521
0.25,328.0,13.66667,0.0,0.04521369,0.33502188,9.61976444,0.006459
0.25,329.0,13.70833,0.0,0.04478562,0.33185,9.62336438,0.006398
0.25,330.0,13.75,0.0,0.0443616,0.32870815,9.62693024,0.006337
0.25,331.0,13.79167,0.0,0.0439416,0.32559605,9.63046235,0.006277
0.25,332.0,13.83333,0.0,0.04352558,0.32251341,9.63396101,0.006218
0.25,333.0,13.875,0.0,0.04311349,0.31945996,9.63742654,0.006159
0.25,334.0,13.91667,0.0,0.04270531,0.31643542,9.64085927,0.006101
0.25,335.0,13.95833,0.0,0.04230099,0.31343952,9.6442595,0.006043
0.25,336.0,14.0,0.0,0.0419005,0.31047197,9.64762753,0.005986
0.25,337.0,14.04167,0.0,0.0415038,0.30753253,9.65096368,0.005929
0.25,338.0,14.08333,0.0,0.04111085,0.30462091,9.65426824,0.005873
0.25,339.0,14.125,0.0,0.04072163,0.30173686,9.65754151,0.005817
0.25,340.0,14.16667,0.0,0.04033609,0.29888011,9.6607838,0.005762
0.25,341.0,14.20833,0.0,0.0399542,0.29605042,9.66399538,0.005708
0.25,342.0,14.25,0.0,0.03957593,0.29324751,9.66717656,0.005654
0.25,343.0,14.29167,0.0,0.03920124,0.29047114,9.67032763,0.0056
0.25,344.0,14.33333,0.0,0.03883009,0.28772105,9.67344886,0.005547
0.25,345.0,14.375,0.0,0.03846246,0.284997,9.67654054,0.005495
0.25,346.0,14.41667,0.0,0.03809831,0.28229875,9.67960294,0.005443
0.25,347.0,14.45833,0.0,0.03773761,0.27962603,9.68263636,0.005391
0.25,348.0,14.5,0.0,0.03738032,0.27697863,9.68564105,0.00534
0.25,349.0,14.54167,0.0,0.03702642,0.27435629,9.6886173,0.005289
0.25,350.0,14.58333,0.0,0.03667586,0.27175877,9.69156537,0.005239
0.25,351.0,14.625,0.0,0.03632863,0.26918585,9.69448553,0.00519
0.25,352.0,14.66667,0.0,0.03598468,0.26663728,9.69737804,0.005141
0.25,353.0,14.70833,0.0,0.03564399,0.26411285,9.70024316,0.005092
0.25,354.0,14.75,0.0,0.03530652,0.26161232,9.70308116,0.005044
0.25,355.0,14.79167,0.0,0.03497225,0.25913546,9.70589229,0.004996
0.25,356.0,14.83333,0.0,0.03464115,0.25668205,9.7086768,0.004949
0.25,357.0,14.875,0.0,0.03431318,0.25425187,9.71143496,0.004902
0.25,358.0,14.91667,0.0,0.03398831,0.25184469,9.714167,0.004855
0.25,359.0,14.95833,0.0,0.03366652,0.24946031,9.71687317,0.00481
0.25,360.0,15.0,0.0,0.03334778,0.2470985,9.71955372,0.004764
0.25,361.0,15.04167,0.0,0.03303205,0.24475906,9.72220889,0.004719
0.25,362.0,15.08333,0.0,0.03271931,0.24244176,9.72483893,0.004674
0.25,363.0,15.125,0.0,0.03240954,0.2401464,9.72744406,0.00463
0.25,364.0,15.16667,0.0,0.0321027,0.23787277,9.73002453,0.004586
0.25,365.0,15.20833,0.0,0.03179876,0.23562067,9.73258057,0.004543
0.25,366.0,15.25,0.0,0.0314977,0.23338989,9.73511241,0.0045
0.25,367.0,15.29167,0.0,0.03119949,0.23118023,9.73762028,0.004457
0.25,368.0,15.33333,0.0,0.0309041,0.2289915,9.7401044,0.004415
0.25,369.0,15.375,0.0,0.03061151,0.22682348,9.74256501,0.004373
0.25,370.0,15.41667,0.0,0.03032169,0.22467599,9.74500232,0.004332
0.25,371.0,15.45833,0.0,0.03003462,0.22254883,9.74741655,0.004291
0.25,372.0,15.5,0.0,0.02975026,0.22044181,9.74980793,0.00425
0.25,373.0,15.54167,0.0,0.02946859,0.21835474,9.75217667,0.00421
0.25,374.0,15.58333,0.0,0.02918959,0.21628743,9.75452298,0.00417
0.25,375.0,15.625,0.0,0.02891324,0.21423969,9.75684707,0.00413
0.25,376.0,15.66667,0.0,0.0286395,0.21221134,9.75914916,0.004091
0.25,377.0,15.70833,0.0,0.02836835,0.21020219,9.76142946,0.004053
0.25,378.0,15.75,0.0,0.02809976,0.20821207,9.76368817,0.004014
0.25,379.0,15.79167,0.0,0.02783372,0.20624079,9.76592549,0.003976
0.25,380.0,15.83333,0.0,0.0275702,0.20428817,9.76814163,0.003939
0.25,381.0,15.875,0.0,0.02730918,0.20235403,9.77033679,0.003901
0.25,382.0,15.91667,0.0,0.02705062,0.20043821,9.77251116,0.003864
0.25,383.0,15.95833,0.0,0.02679452,0.19854053,9.77466495,0.003828
0.25,384.0,16.0,0.0,0.02654084,0.19666081,9.77679835,0.003792
0.25,385.0,16.04167,0.0,0.02628956,0.19479889,9.77891155,0.003756
0.25,386.0,16.08333,0.0,0.02604065,0.1929546,9.78100474,0.00372
0.25,387.0,16.125,0.0,0.02579411,0.19112777,9.78307812,0.003685
0.25,388.0,16.16667,0.0,0.0255499,0.18931823,9.78513186,0.00365
0.25,389.0,16.20833,0.0,0.025308,0.18752583,9.78716617,0.003615
0.25,390.0,16.25,0.0,0.02506839,0.1857504,9.78918121,0.003581
0.25,391.0,16.29167,0.0,0.02483106,0.18399178,9.79117717,0.003547
0.25,392.0,16.33333,0.0,0.02459596,0.1822498,9.79315423,0.003514
0.25,393.0,16.375,0.0,0.0243631,0.18052432,9.79511258,0.00348
0.25,394.0,16.41667,0.0,0.02413243,0.17881518,9.79705239,0.003447
0.25,395.0,16.45833,0.0,0.02390396,0.17712221,9.79897383,0.003415
0.25,396.0,16.5,0.0,0.02367764,0.17544528,9.80087708,0.003383
0.25,397.0,16.54167,0.0,0.02345347,0.17378422,9.80276231,0.00335
0.25,398.0,16.58333,0.0,0.02323142,0.17213889,9.80462969,0.003319
0.25,399.0,16.625,0.0,0.02301147,0.17050913,9.80647939,0.003287
0.25,400.0,16.66667,0.0,0.02279361,0.16889481,9.80831158,0.003256
0.25,401.0,16.70833,0.0,0.02257781,0.16729577,9.81012643,0.003225
0.25,402.0,16.75,0.0,0.02236405,0.16571187,9.81192409,0.003195
0.25,403.0,16.79167,0.0,0.02215231,0.16414296,9.81370473,0.003165
0.25,404.0,16.83333,0.0,0.02194258,0.16258891,9.81546851,0.003135
0.25,405.0,16.875,0.0,0.02173483,0.16104957,9.81721559,0.003105
0.25,406.0,16.91667,0.0,0.02152906,0.15952481,9.81894614,0.003076
0.25,407.0,16.95833,0.0,0.02132523,0.15801448,9.82066029,0.003046
0.25,408.0,17.0,0.0,0.02112333,0.15651845,9.82235822,0.003018
0.25,409.0,17.04167,0.0,0.02092334,0.15503659,9.82404008,0.002989
0.25,410.0,17.08333,0.0,0.02072524,0.15356875,9.82570601,0.002961
0.25,411.0,17.125,0.0,0.02052902,0.15211481,9.82735617,0.002933
0.25,412.0,17.16667,0.0,0.02033466,0.15067464,9.8289907,0.002905
0.25,413.0,17.20833,0.0,0.02014214,0.1492481,9.83060976,0.002877
0.25,414.0,17.25,0.0,0.01995144,0.14783507,9.83221349,0.00285
0.25,415.0,17.29167,0.0,0.01976255,0.14643542,9.83380204,0.002823
0.25,416.0,17.33333,0.0,0.01957544,0.14504901,9.83537555,0.002796
0.25,417.0,17.375,0.0,0.01939011,0.14367574,9.83693416,0.00277
0.25,418.0,17.41667,0.0,0.01920653,0.14231546,9.83847801,0.002744
0.25,419.0,17.45833,0.0,0.01902469,0.14096807,9.84000725,0.002718
0.25,420.0,17.5,0.0,0.01884457,0.13963343,9.84152201,0.002692
0.25,421.0,17.54167,0.0,0.01866615,0.13831142,9.84302242,0.002667
0.25,422.0,17.58333,0.0,0.01848943,0.13700194,9.84450864,0.002641
0.25,423.0,17.625,0.0,0.01831438,0.13570485,9.84598078,0.002616
0.25,424.0,17.66667,0.0,0.01814098,0.13442004,9.84743898,0.002592
0.25,425.0,17.70833,0.0,0.01796923,0.13314739,9.84888338,0.002567
0.25,426.0,17.75,0.0,0.0177991,0.1318868,9.8503141,0.002543
0.25,427.0,17.79167,0.0,0.01763059,0.13063814,9.85173128,0.002519
0.25,428.0,17.83333,0.0,0.01746367,0.1294013,9.85313504,0.002495
0.25,429.0,17.875,0.0,0.01729833,0.12817617,9.85452551,0.002471
0.25,430.0,17.91667,0.0,0.01713455,0.12696264,9.85590281,0.002448
0.25,431.0,17.95833,0.0,0.01697233,0.1257606,9.85726707,0.002425
0.25,432.0,18.0,0.0,0.01681164,0.12456994,9.85861842,0.002402
0.25,433.0,18.04167,0.0,0.01665247,0.12339055,9.85995698,0.002379
0.25,434.0,18.08333,0.0,0.01649481,0.12222233,9.86128286,0.002356
0.25,435.0,18.125,0.0,0.01633864,0.12106517,9.86259619,0.002334
0.25,436.0,18.16667,0.0,0.01618395,0.11991897,9.86389708,0.002312
0.25,437.0,18.20833,0.0,0.01603073,0.11878361,9.86518566,0.00229
0.25,438.0,18.25,0.0,0.01587896,0.11765901,9.86646204,0.002268
0.25,439.0,18.29167,0.0,0.01572862,0.11654505,9.86772633,0.002247
0.25,440.0,18.33333,0.0,0.01557971,0.11544164,9.86897865,0.002226
0.25,441.0,18.375,0.0,0.0154322,0.11434868,9.87021912,0.002205
0.25,442.0,18.41667,0.0,0.0152861,0.11326606,9.87144784,0.002184
0.25,443.0,18.45833,0.0,0.01514137,0.1121937,9.87266493,0.002163
0.25,444.0,18.5,0.0,0.01499802,0.11113148,9.8738705,0.002143
0.25,445.0,18.54167,0.0,0.01485602,0.11007933,9.87506465,0.002122
0.25,446.0,18.58333,0.0,0.01471537,0.10903713,9.8762475,0.002102
0.25,447.0,18.625,0.0,0.01457605,0.1080048,9.87741915,0.002082
0.25,448.0,18.66667,0.0,0.01443805,0.10698225,9.8785797,0.002063
0.25,449.0,18.70833,0.0,0.01430135,0.10596938,9.87972927,0.002043
0.25,450.0,18.75,0.0,0.01416595,0.10496609,9.88086795,0.002024
0.25,451.0,18.79167,0.0,0.01403183,0.10397231,9.88199586,0.002005
0.25,452.0,18.83333,0.0,0.01389899,0.10298793,9.88311308,0.001986
0.25,453.0,18.875,0.0,0.01376739,0.10201288,9.88421973,0.001967
0.25,454.0,18.91667,0.0,0.01363705,0.10104705,9.8853159,0.001948
0.25,455.0,18.95833,0.0,0.01350794,0.10009037,9.88640169,0.00193
0.25,456.0,19.0,0.0,0.01338005,0.09914275,9.8874772,0.001911
0.25,457.0,19.04167,0.0,0.01325337,0.0982041,9.88854253,0.001893
0.25,458.0,19.08333,0.0,0.01312789,0.09727434,9.88959777,0.001875
0.25,459.0,19.125,0.0,0.0130036,0.09635337,9.89064302,0.001858
0.25,460.0,19.16667,0.0,0.01288049,0.09544113,9.89167838,0.00184
0.25,461.0,19.20833,0.0,0.01275854,0.09453753,9.89270393,0.001823
0.25,462.0,19.25,0.0,0.01263775,0.09364248,9.89371978,0.001805
0.25,463.0,19.29167,0.0,0.0125181,0.0927559,9.894726,0.001788
0.25,464.0,19.33333,0.0,0.01239958,0.09187772,9.8957227,0.001771
0.25,465.0,19.375,0.0,0.01228218,0.09100785,9.89670996,0.001755
0.25,466.0,19.41667,0.0,0.0121659,0.09014622,9.89768788,0.001738
0.25,467.0,19.45833,0.0,0.01205072,0.08929274,9.89865654,0.001722
0.25,468.0,19.5,0.0,0.01193663,0.08844735,9.89961602,0.001705
0.25,469.0,19.54167,0.0,0.01182361,0.08760996,9.90056643,0.001689
0.25,470.0,19.58333,0.0,0.01171167,0.0867805,9.90150783,0.001673
0.25,471.0,19.625,0.0,0.01160079,0.08595889,9.90244032,0.001657
0.25,472.0,19.66667,0.0,0.01149096,0.08514506,9.90336399,0.001642
0.25,473.0,19.70833,0.0,0.01138216,0.08433893,9.9042789,0.001626
0.25,474.0,19.75,0.0,0.0112744,0.08354044,9.90518516,0.001611
0.25,475.0,19.79167,0.0,0.01116766,0.08274951,9.90608284,0.001595
0.25,476.0,19.83333,0.0,0.01106193,0.08196606,9.90697201,0.00158
0.25,477.0,19.875,0.0,0.0109572,0.08119003,9.90785277,0.001565
0.25,478.0,19.91667,0.0,0.01085346,0.08042135,9.90872519,0.00155
0.25,479.0,19.95833,0.0,0.0107507,0.07965995,9.90958935,0.001536
0.25,480.0,20.0,0.0,0.01064892,0.07890575,9.91044533,0.001521
0.25,481.0,20.04167,0.0,0.0105481,0.0781587,9.9112932,0.001507
0.25,482.0,20.08333,0.0,0.01044823,0.07741872,9.91213305,0.001493
0.25,483.0,20.125,0.0,0.01034931,0.07668575,9.91296494,0.001478
0.25,484.0,20.16667,0.0,0.01025133,0.07595971,9.91378896,0.001464
0.25,485.0,20.20833,0.0,0.01015427,0.07524055,9.91460518,0.001451
0.25,486.0,20.25,0.0,0.01005813,0.0745282,9.91541367,0.001437
0.25,487.0,20.29167,0.0,0.00996291,0.07382259,9.91621451,0.001423
0.25,488.0,20.33333,0.0,0.00986858,0.07312366,9.91700776,0.00141
0.25,489.0,20.375,0.0,0.00977515,0.07243135,9.9177935,0.001396
0.25,490.0,20.41667,0.0,0.0096826,0.07174559,9.91857181,0.001383
0.25,491.0,20.45833,0.0,0.00959093,0.07106633,9.91934274,0.00137
0.25,492.0,20.5,0.0,0.00950012,0.0703935,9.92010638,0.001357
0.25,493.0,20.54167,0.0,0.00941018,0.06972703,9.92086279,0.001344
0.25,494.0,20.58333,0.0,0.00932109,0.06906688,9.92161203,0.001332
0.25,495.0,20.625,0.0,0.00923284,0.06841298,9.92235418,0.001319
0.25,496.0,20.66667,0.0,0.00914543,0.06776527,9.92308931,0.001306
0.25,497.0,20.70833,0.0,0.00905884,0.06712369,9.92381747,0.001294
0.25,498.0,20.75,0.0,0.00897307,0.06648818,9.92453874,0.001282
0.25,499.0,20.79167,0.0,0.00888812,0.06585869,9.92525319,0.00127
0.25,500.0,20.83333,0.0,0.00880397,0.06523517,9.92596086,0.001258
0.25,501.0,20.875,0.0,0.00872062,0.06461754,9.92666184,0.001246
0.25,502.0,20.91667,0.0,0.00863805,0.06400576,9.92735618,0.001234
0.25,503.0,20.95833,0.0,0.00855627,0.06339978,9.92804395,0.001222
0.25,504.0,21.0,0.0,0.00855627,0.06339978,9.92804395,0.001222
0.25,504.0,21.0,10.0,0.00855627,0.06339978,9.92804395,0.001222
0.25,504.0,21.0,10.0,0.00855627,0.06339978,9.92804395,0.001222
0.25,505.0,21.04167,7.78800783,1.83903999,0.36281295,10.01013922,0.26272
0.25,506.0,21.08333,6.0653066,2.70860308,1.02921432,10.196876,0.386943
0.25,507.0,21.125,4.72366553,3.01997588,1.82759394,10.42876465,0.431425
0.25,508.0,21.16667,3.67879441,3.02152949,2.62778094,10.67189516,0.431647
0.25,509.0,21.20833,2.86504797,2.86382723,3.36310897,10.90801583,0.409118
0.25,510.0,21.25,2.2313016,2.63597511,4.00445335,11.12826994,0.376568
0.25,511.0,21.29167,1.73773943,2.38888019,4.54410143,11.32927895,0.341269
0.25,512.0,21.33333,1.35335283,2.1500468,4.98587715,11.51072321,0.30715
0.25,513.0,21.375,1.05399225,1.93292121,5.33921416,11.67387238,0.276132
0.25,514.0,21.41667,0.82084999,1.74273851,5.61569847,11.82071303,0.248963
0.25,515.0,21.45833,0.63927861,1.58013654,5.82713678,11.95344807,0.225734
0.25,516.0,21.5,0.49787068,1.44335332,5.98455171,12.07422429,0.206193
0.25,517.0,21.54167,0.38774208,1.32953323,6.09772747,12.18499722,0.189933
0.25,518.0,21.58333,0.30197383,1.23547805,6.17507153,12.28747659,0.176497
0.25,519.0,21.625,0.23517746,1.15805712,6.22364839,12.38311703,0.165437
0.25,520.0,21.66667,0.18315639,1.09441201,6.24929884,12.47313276,0.156345
0.25,521.0,21.70833,0.14264234,1.04204051,6.2567939,12.55852325,0.148863
0.25,522.0,21.75,0.11108997,0.99881253,6.24999475,12.64010275,0.142688
0.25,523.0,21.79167,0.08651695,0.96295003,6.23200363,12.71852939,0.137564
0.25,524.0,21.83333,0.06737947,0.93298993,6.20529868,12.79433191,0.133284
0.25,525.0,21.875,0.05247518,0.90774133,6.17185027,12.86793321,0.129677
0.25,526.0,21.91667,0.04086771,0.88624289,6.13321904,12.93967036,0.126606
0.25,527.0,21.95833,0.03182781,0.86772361,6.0906372,13.00981138,0.123961
0.25,528.0,22.0,0.02478752,0.85156838,6.04507503,13.07856907,0.121653
0.25,529.0,22.04167,0.01930454,0.83728843,5.99729479,13.14611224,0.119613
0.25,530.0,22.08333,0.01503439,0.82449668,5.94789409,13.21257483,0.117785
0.25,531.0,22.125,0.0117088,0.81288743,5.89734058,13.27806319,0.116127
0.25,532.0,22.16667,0.00911882,0.80221974,5.84599956,13.34266188,0.114603
0.25,533.0,22.20833,0.00710174,0.79230402,5.79415588,13.40643836,0.113186
0.25,534.0,22.25,0.00553084,0.78299134,5.74203124,13.46944658,0.111856
0.25,535.0,22.29167,0.00430743,0.77416478,5.68979787,13.53172992,0.110595
0.25,536.0,22.33333,0.00335463,0.76573266,5.63758927,13.59332345,0.10939
0.25,537.0,22.375,0.00261259,0.75762308,5.5855086,13.65425573,0.108232
0.25,538.0,22.41667,0.00203468,0.74977972,5.53363537,13.71455023,0.107111
0.25,539.0,22.45833,0.00158461,0.7421584,5.48203059,13.7742264,0.106023
0.25,540.0,22.5,0.0012341,0.73472452,5.43074082,13.83330056,0.104961
0.25,541.0,22.54167,0.00096112,0.72745091,5.37980138,13.89178659,0.103922
0.25,542.0,22.58333,0.00074852,0.72031625,5.32923882,13.94969641,0.102902
0.25,543.0,22.625,0.00058295,0.71330377,5.27907284,14.00704044,0.101901
0.25,544.0,22.66667,0.000454,0.70640025,5.22931783,14.06382792,0.100914
0.25,545.0,22.70833,0.00035358,0.69959528,5.17998404,14.12006711,0.099942
0.25,546.0,22.75,0.00027536,0.69288059,5.13107848,14.17576557,0.098983
0.25,547.0,22.79167,0.00021445,0.68624962,5.08260569,14.23093024,0.098036
0.25,548.0,22.83333,0.00016702,0.67969712,5.03456827,14.2855676,0.0971
0.25,549.0,22.875,0.00013007,0.67321889,4.98696729,14.33968375,0.096174
0.25,550.0,22.91667,0.0001013,0.66681151,4.93980268,14.39328451,0.095259
0.25,551.0,22.95833,7.889e-05,0.66047222,4.89307348,14.44637541,0.094353
0.25,552.0,23.0,6.144e-05,0.65419873,4.84677801,14.49896182,0.093457
0.25,553.0,23.04167,4.785e-05,0.64798913,4.80091411,14.55104891,0.09257
0.25,554.0,23.08333,3.727e-05,0.64184183,4.75547916,14.60264174,0.091692
0.25,555.0,23.125,2.902e-05,0.63575547,4.71047028,14.65374523,0.090822
0.25,556.0,23.16667,2.26e-05,0.62972885,4.66588434,14.70436421,0.089961
0.25,557.0,23.20833,1.76e-05,0.62376095,4.62171803,14.75450341,0.089109
0.25,558.0,23.25,1.371e-05,0.61785084,4.57796795,14.8041675,0.088264
0.25,559.0,23.29167,1.068e-05,0.61199769,4.53463056,14.85336106,0.087428
0.25,560.0,23.33333,8.32e-06,0.60620075,4.49170231,14.90208863,0.0866
0.25,561.0,23.375,6.48e-06,0.60045929,4.44917957,14.95035466,0.08578
0.25,562.0,23.41667,5.04e-06,0.59477267,4.40705871,14.99816358,0.084968
0.25,563.0,23.45833,3.93e-06,0.58914025,4.36533608,15.04551974,0.084163
0.25,564.0,23.5,3.06e-06,0.58356145,4.32400804,15.09242745,0.083366
0.25,565.0,23.54167,2.38e-06,0.5780357,4.28307094,15.13889098,0.082577
0.25,566.0,23.58333,1.86e-06,0.57256243,4.24252116,15.18491456,0.081795
0.25,567.0,23.625,1.44e-06,0.56714112,4.20235508,15.23050236,0.08102
0.25,568.0,23.66667,1.13e-06,0.56177124,4.16256913,15.27565851,0.080253
0.25,569.0,23.70833,8.8e-07,0.55645228,4.12315973,15.32038711,0.079493
0.25,570.0,23.75,6.8e-07,0.55118375,4.08412335,15.36469222,0.078741
0.25,571.0,23.79167,5.3e-07,0.54596515,4.04545648,15.40857784,0.077995
0.25,572.0,23.83333,4.1e-07,0.54079599,4.00715563,15.45204796,0.077257
0.25,573.0,23.875,3.2e-07,0.53567581,3.96921736,15.49510651,0.076525
0.25,574.0,23.91667,2.5e-07,0.53060412,3.93163824,15.53775738,0.075801
0.25,575.0,23.95833,2e-07,0.52558047,3.89441488,15.58000445,0.075083
0.25,576.0,24.0,1.5e-07,0.5206044,3.85754392,15.62185153,0.074372
0.25,577.0,24.04167,1.2e-07,0.51567545,3.82102203,15.66330241,0.073668
0.25,578.0,24.08333,9e-08,0.51079317,3.78484589,15.70436084,0.07297
0.25,579.0,24.125,7e-08,0.50595713,3.74901225,15.74503055,0.07228
0.25,580.0,24.16667,6e-08,0.50116687,3.71351787,15.78531521,0.071595
0.25,581.0,24.20833,4e-08,0.49642197,3.67835952,15.82521846,0.070917
0.25,582.0,24.25,3e-08,0.491722,3.64353404,15.86474392,0.070246
0.25,583.0,24.29167,3e-08,0.48706653,3.60903828,15.90389517,0.069581
0.25,584.0,24.33333,2e-08,0.48245514,3.5748691,15.94267574,0.068922
0.25,585.0,24.375,2e-08,0.47788741,3.54102342,15.98108915,0.06827
0.25,586.0,24.41667,1e-08,0.47336292,3.50749819,16.01913888,0.067623
0.25,587.0,24.45833,1e-08,0.46888128,3.47429035,16.05682836,0.066983
0.25,588.0,24.5,1e-08,0.46444206,3.44139692,16.09416101,0.066349
0.25,589.0,24.54167,1e-08,0.46004487,3.40881491,16.13114021,0.065721
0.25,590.0,24.58333,0.0,0.45568932,3.37654137,16.1677693,0.065098
0.25,591.0,24.625,0.0,0.451375,3.34457339,16.2040516,0.064482
0.25,592.0,24.66667,0.0,0.44710153,3.31290808,16.23999039,0.063872
0.25,593.0,24.70833,0.0,0.44286852,3.28154255,16.27558893,0.063267
0.25,594.0,24.75,0.0,0.43867558,3.25047399,16.31085042,0.062668
0.25,595.0,24.79167,0.0,0.43452235,3.21969957,16.34577808,0.062075
0.25,596.0,24.83333,0.0,0.43040843,3.18921652,16.38037505,0.061487
0.25,597.0,24.875,0.0,0.42633347,3.15902207,16.41464447,0.060905
0.25,598.0,24.91667,0.0,0.42229708,3.12911348,16.44858943,0.060328
0.25,599.0,24.95833,0.0,0.41829891,3.09948807,16.48221302,0.059757
0.25,600.0,25.0,0.0,0.4143386,3.07014314,16.51551827,0.059191
0.25,601.0,25.04167,0.0,0.41041577,3.04107603,16.54850819,0.058631
0.25,602.0,25.08333,0.0,0.40653009,3.01228412,16.58118578,0.058076
0.25,603.0,25.125,0.0,0.4026812,2.98376481,16.61355399,0.057526
0.25,604.0,25.16667,0.0,0.39886875,2.95551551,16.64561575,0.056981
0.25,605.0,25.20833,0.0,0.39509239,2.92753366,16.67737395,0.056442
0.25,606.0,25.25,0.0,0.39135178,2.89981673,16.70883148,0.055907
0.25,607.0,25.29167,0.0,0.38764659,2.87236222,16.73999118,0.055378
0.25,608.0,25.33333,0.0,0.38397648,2.84516764,16.77085587,0.054854
0.25,609.0,25.375,0.0,0.38034112,2.81823053,16.80142835,0.054334
0.25,610.0,25.41667,0.0,0.37674018,2.79154845,16.83171137,0.05382
0.25,611.0,25.45833,0.0,0.37317332,2.76511899,16.86170768,0.05331
0.25,612.0,25.5,0.0,0.36964024,2.73893976,16.89142,0.052806
0.25,613.0,25.54167,0.0,0.36614061,2.71300838,16.92085101,0.052306
0.25,614.0,25.58333,0.0,0.36267411,2.68732251,16.95000338,0.051811
0.25,615.0,25.625,0.0,0.35924043,2.66187982,16.97887975,0.05132
0.25,616.0,25.66667,0.0,0.35583926,2.63667802,17.00748272,0.050834
0.25,617.0,25.70833,0.0,0.35247029,2.61171482,17.03581489,0.050353
0.25,618.0,25.75,0.0,0.34913322,2.58698796,17.06387882,0.049876
0.25,619.0,25.79167,0.0,0.34582774,2.56249521,17.09167704,0.049404
0.25,620.0,25.83333,0.0,0.34255356,2.53823435,17.11921209,0.048936
0.25,621.0,25.875,0.0,0.33931037,2.51420318,17.14648644,0.048473
0.25,622.0,25.91667,0.0,0.3360979,2.49039954,17.17350257,0.048014
0.25,623.0,25.95833,0.0,0.33291583,2.46682125,17.20026292,0.047559
0.25,624.0,26.0,0.0,0.32976389,2.4434662,17.2267699,0.047109
0.25,625.0,26.04167,0.0,0.3266418,2.42033227,17.25302593,0.046663
0.25,626.0,26.08333,0.0,0.32354926,2.39741736,17.27903338,0.046221
0.25,627.0,26.125,0.0,0.320486,2.3747194,17.3047946,0.045784
0.25,628.0,26.16667,0.0,0.31745175,2.35223634,17.33031191,0.04535
0.25,629.0,26.20833,0.0,0.31444622,2.32996614,17.35558764,0.044921
0.25,630.0,26.25,0.0,0.31146914,2.30790679,17.38062407,0.044496
0.25,631.0,26.29167,0.0,0.30852026,2.28605629,17.40542346,0.044074
0.25,632.0,26.33333,0.0,0.30559929,2.26441266,17.42998805,0.043657
0.25,633.0,26.375,0.0,0.30270598,2.24297394,17.45432008,0.043244
0.25,634.0,26.41667,0.0,0.29984006,2.2217382,17.47842174,0.042834
0.25,635.0,26.45833,0.0,0.29700127,2.20070352,17.50229521,0.042429
0.25,636.0,26.5,0.0,0.29418936,2.17986798,17.52594266,0.042027
0.25,637.0,26.54167,0.0,0.29140407,2.15922971,17.54936622,0.041629
0.25,638.0,26.58333,0.0,0.28864515,2.13878683,17.57256801,0.041235
0.25,639.0,26.625,0.0,0.28591235,2.1185375,17.59555014,0.040845
0.25,640.0,26.66667,0.0,0.28320543,2.09847989,17.61831468,0.040458
0.25,641.0,26.70833,0.0,0.28052414,2.07861217,17.64086369,0.040075
0.25,642.0,26.75,0.0,0.27786822,2.05893256,17.66319922,0.039695
0.25,643.0,26.79167,0.0,0.27523746,2.03943926,17.68532328,0.03932
0.25,644.0,26.83333,0.0,0.2726316,2.02013052,17.70723788,0.038947
0.25,645.0,26.875,0.0,0.27005042,2.00100459,17.72894499,0.038579
0.25,646.0,26.91667,0.0,0.26749367,1.98205974,17.7504466,0.038213
0.25,647.0,26.95833,0.0,0.26496113,1.96329425,17.77174463,0.037852
0.25,648.0,27.0,0.0,0.26245256,1.94470642,17.79284101,0.037493
0.25,649.0,27.04167,0.0,0.25996775,1.92629458,17.81373767,0.037138
0.25,650.0,27.08333,0.0,0.25750646,1.90805706,17.83443648,0.036787
0.25,651.0,27.125,0.0,0.25506847,1.8899922,17.85493932,0.036438
0.25,652.0,27.16667,0.0,0.25265357,1.87209838,17.87524805,0.036093
0.25,653.0,27.20833,0.0,0.25026153,1.85437397,17.8953645,0.035752
0.25,654.0,27.25,0.0,0.24789213,1.83681737,17.9152905,0.035413
0.25,655.0,27.29167,0.0,0.24554517,1.81942699,17.93502784,0.035078
0.25,656.0,27.33333,0.0,0.24322043,1.80220125,17.95457832,0.034746
0.25,657.0,27.375,0.0,0.2409177,1.7851386,17.9739437,0.034417
0.25,658.0,27.41667,0.0,0.23863677,1.7682375,17.99312573,0.034091
0.25,659.0,27.45833,0.0,0.23637744,1.75149641,18.01212616,0.033768
0.25,660.0,27.5,0.0,0.23413949,1.73491381,18.03094669,0.033448
0.25,661.0,27.54167,0.0,0.23192274,1.71848822,18.04958904,0.033132
0.25,662.0,27.58333,0.0,0.22972697,1.70221814,18.06805489,0.032818
0.25,663.0,27.625,0.0,0.22755199,1.6861021,18.08634591,0.032507
0.25,664.0,27.66667,0.0,0.2253976,1.67013864,18.10446376,0.0322
0.25,665.0,27.70833,0.0,0.22326361,1.65432632,18.12241007,0.031895
0.25,666.0,27.75,0.0,0.22114982,1.6386637,18.14018648,0.031593
0.25,667.0,27.79167,0.0,0.21905605,1.62314937,18.15779458,0.031294
0.25,668.0,27.83333,0.0,0.2169821,1.60778193,18.17523597,0.030997
0.25,669.0,27.875,0.0,0.21492779,1.59255998,18.19251224,0.030704
0.25,670.0,27.91667,0.0,0.21289292,1.57748214,18.20962494,0.030413
0.25,671.0,27.95833,0.0,0.21087732,1.56254706,18.22657562,0.030125
0.25,672.0,28.0,0.0,0.2088808,1.54775338,18.24336582,0.02984
0.25,673.0,28.04167,0.0,0.20690319,1.53309976,18.25999705,0.029558
0.25,674.0,28.08333,0.0,0.2049443,1.51858488,18.27647083,0.029278
0.25,675.0,28.125,0.0,0.20300395,1.50420742,18.29278863,0.029001
0.25,676.0,28.16667,0.0,0.20108198,1.48996608,18.30895195,0.028726
0.25,677.0,28.20833,0.0,0.1991782,1.47585957,18.32496223,0.028454
0.25,678.0,28.25,0.0,0.19729245,1.46188661,18.34082094,0.028185
0.25,679.0,28.29167,0.0,0.19542455,1.44804595,18.3565295,0.027918
0.25,680.0,28.33333,0.0,0.19357433,1.43433633,18.37208934,0.027653
0.25,681.0,28.375,0.0,0.19174163,1.42075651,18.38750186,0.027392
0.25,682.0,28.41667,0.0,0.18992629,1.40730525,18.40276846,0.027132
0.25,683.0,28.45833,0.0,0.18812813,1.39398135,18.41789053,0.026875
0.25,684.0,28.5,0.0,0.18634699,1.38078359,18.43286942,0.026621
0.25,685.0,28.54167,0.0,0.18458272,1.36771079,18.44770649,0.026369
0.25,686.0,28.58333,0.0,0.18283515,1.35476175,18.4624031,0.026119
0.25,687.0,28.625,0.0,0.18110413,1.34193531,18.47696056,0.025872
0.25,688.0,28.66667,0.0,0.17938949,1.32923031,18.49138019,0.025627
0.25,689.0,28.70833,0.0,0.17769109,1.3166456,18.50566331,0.025384
0.25,690.0,28.75,0.0,0.17600877,1.30418003,18.5198112,0.025144
0.25,691.0,28.79167,0.0,0.17434238,1.29183248,18.53382514,0.024906
0.25,692.0,28.83333,0.0,0.17269176,1.27960184,18.5477064,0.02467
0.25,693.0,28.875,0.0,0.17105677,1.26748699,18.56145624,0.024437
0.25,694.0,28.91667,0.0,0.16943726,1.25548684,18.5750759,0.024205
0.25,695.0,28.95833,0.0,0.16783309,1.2436003,18.58856661,0.023976
0.25,696.0,29.0,0.0,0.1662441,1.23182631,18.6019296,0.023749
0.25,697.0,29.04167,0.0,0.16467016,1.22016378,18.61516607,0.023524
0.25,698.0,29.08333,0.0,0.16311111,1.20861167,18.62827722,0.023302
0.25,699.0,29.125,0.0,0.16156683,1.19716893,18.64126424,0.023081
0.25,700.0,29.16667,0.0,0.16003717,1.18583453,18.6541283,0.022862
0.25,701.0,29.20833,0.0,0.15852199,1.17460744,18.66687057,0.022646
0.25,702.0,29.25,0.0,0.15702116,1.16348664,18.6794922,0.022432
0.25,703.0,29.29167,0.0,0.15553453,1.15247114,18.69199433,0.022219
0.25,704.0,29.33333,0.0,0.15406198,1.14155992,18.7043781,0.022009
0.25,705.0,29.375,0.0,0.15260337,1.130752,18.71664462,0.0218
0.25,706.0,29.41667,0.0,0.15115857,1.12004642,18.72879501,0.021594
0.25,707.0,29.45833,0.0,0.14972745,1.10944219,18.74083036,0.02139
0.25,708.0,29.5,0.0,0.14830988,1.09893835,18.75275176,0.021187
0.25,709.0,29.54167,0.0,0.14690574,1.08853397,18.7645603,0.020987
0.25,710.0,29.58333,0.0,0.14551488,1.07822808,18.77625704,0.020788
0.25,711.0,29.625,0.0,0.14413719,1.06801978,18.78784303,0.020591
0.25,712.0,29.66667,0.0,0.14277255,1.05790812,18.79931933,0.020396
0.25,713.0,29.70833,0.0,0.14142083,1.04789219,18.81068698,0.020203
0.25,714.0,29.75,0.0,0.1400819,1.03797109,18.82194701,0.020012
0.25,715.0,29.79167,0.0,0.13875565,1.02814392,18.83310043,0.019822
0.25,716.0,29.83333,0.0,0.13744196,1.0184098,18.84414825,0.019635
0.25,717.0,29.875,0.0,0.1361407,1.00876783,18.85509147,0.019449
0.25,718.0,29.91667,0.0,0.13485177,0.99921715,18.86593109,0.019265
0.25,719.0,29.95833,0.0,0.13357504,0.98975689,18.87666808,0.019082
0.25,720.0,30.0,0.0,0.13231039,0.98038619,18.88730342,0.018901
0.25,721.0,30.04167,0.0,0.13105772,0.97110422,18.89783806,0.018723
0.25,722.0,30.08333,0.0,0.12981691,0.96191012,18.90827297,0.018545
0.25,723.0,30.125,0.0,0.12858784,0.95280308,18.91860908,0.01837
0.25,724.0,30.16667,0.0,0.12737042,0.94378225,18.92884733,0.018196
0.25,725.0,30.20833,0.0,0.12616452,0.93484683,18.93898865,0.018024
0.25,726.0,30.25,0.0,0.12497003,0.92599601,18.94903396,0.017853
0.25,727.0,30.29167,0.0,0.12378686,0.91722898,18.95898416,0.017684
0.25,728.0,30.33333,0.0,0.12261488,0.90854496,18.96884015,0.017516
0.25,729.0,30.375,0.0,0.12145401,0.89994316,18.97860284,0.017351
0.25,730.0,30.41667,0.0,0.12030412,0.89142279,18.98827309,0.017186
0.25,731.0,30.45833,0.0,0.11916512,0.88298309,18.99785179,0.017024
0.25,732.0,30.5,0.0,0.1180369,0.8746233,19.0073398,0.016862
0.25,733.0,30.54167,0.0,0.11691937,0.86634265,19.01673798,0.016703
0.25,734.0,30.58333,0.0,0.11581242,0.85814041,19.02604718,0.016545
0.25,735.0,30.625,0.0,0.11471594,0.85001582,19.03526824,0.016388
0.25,736.0,30.66667,0.0,0.11362985,0.84196815,19.044402,0.016233
0.25,737.0,30.70833,0.0,0.11255404,0.83399667,19.05344929,0.016079
0.25,738.0,30.75,0.0,0.11148841,0.82610066,19.06241092,0.015927
0.25,739.0,30.79167,0.0,0.11043288,0.81827941,19.07128771,0.015776
0.25,740.0,30.83333,0.0,0.10938734,0.81053221,19.08008045,0.015627
0.25,741.0,30.875,0.0,0.10835169,0.80285836,19.08878994,0.015479
0.25,742.0,30.91667,0.0,0.10732585,0.79525716,19.09741698,0.015332
0.25,743.0,30.95833,0.0,0.10630973,0.78772793,19.10596234,0.015187
0.25,744.0,31.0,0.0,0.10530322,0.78026998,19.11442679,0.015043
0.25,745.0,31.04167,0.0,0.10430625,0.77288264,19.12281111,0.014901
0.25,746.0,31.08333,0.0,0.10331871,0.76556524,19.13111605,0.01476
0.25,747.0,31.125,0.0,0.10234052,0.75831712,19.13934235,0.01462
0.25,748.0,31.16667,0.0,0.1013716,0.75113763,19.14749078,0.014482
0.25,749.0,31.20833,0.0,0.10041184,0.7440261,19.15556205,0.014345
0.25,750.0,31.25,0.0,0.09946118,0.73698191,19.16355691,0.014209
0.25,751.0,31.29167,0.0,0.09851951,0.73000441,19.17147608,0.014074
0.25,752.0,31.33333,0.0,0.09758676,0.72309297,19.17932027,0.013941
0.25,753.0,31.375,0.0,0.09666284,0.71624696,19.1870902,0.013809
0.25,754.0,31.41667,0.0,0.09574767,0.70946577,19.19478656,0.013678
0.25,755.0,31.45833,0.0,0.09484116,0.70274878,19.20241006,0.013549
0.25,756.0,31.5,0.0,0.09394324,0.69609539,19.20996138,0.01342
0.25,757.0,31.54167,0.0,0.09305381,0.68950498,19.2174412,0.013293
0.25,758.0,31.58333,0.0,0.09217281,0.68297698,19.22485021,0.013168
0.25,759.0,31.625,0.0,0.09130015,0.67651078,19.23218907,0.013043
0.25,760.0,31.66667,0.0,0.09043575,0.6701058,19.23945845,0.012919
0.25,761.0,31.70833,0.0,0.08957953,0.66376146,19.24665901,0.012797
0.25,762.0,31.75,0.0,0.08873142,0.65747718,19.2537914,0.012676
0.25,763.0,31.79167,0.0,0.08789134,0.6512524,19.26085625,0.012556
0.25,764.0,31.83333,0.0,0.08705922,0.64508656,19.26785422,0.012437
0.25,765.0,31.875,0.0,0.08623497,0.63897909,19.27478594,0.012319
0.25,766.0,31.91667,0.0,0.08541853,0.63292945,19.28165203,0.012203
0.25,767.0,31.95833,0.0,0.08460981,0.62693708,19.28845311,0.012087
0.25,768.0,32.0,0.0,0.08380875,0.62100145,19.2951898,0.011973
0.25,769.0,32.04167,0.0,0.08301528,0.61512201,19.30186271,0.011859
0.25,770.0,32.08333,0.0,0.08222932,0.60929824,19.30847245,0.011747
0.25,771.0,32.125,0.0,0.0814508,0.6035296,19.3150196,0.011636
0.25,772.0,32.16667,0.0,0.08067965,0.59781558,19.32150477,0.011526
0.25,773.0,32.20833,0.0,0.0799158,0.59215566,19.32792854,0.011417
0.25,774.0,32.25,0.0,0.07915918,0.58654933,19.33429149,0.011308
0.25,775.0,32.29167,0.0,0.07840973,0.58099607,19.3405942,0.011201
0.25,776.0,32.33333,0.0,0.07766737,0.57549539,19.34683724,0.011095
0.25,777.0,32.375,0.0,0.07693204,0.57004679,19.35302117,0.01099
0.25,778.0,32.41667,0.0,0.07620368,0.56464977,19.35914655,0.010886
0.25,779.0,32.45833,0.0,0.07548221,0.55930386,19.36521394,0.010783
0.25,780.0,32.5,0.0,0.07476756,0.55400855,19.37122388,0.010681
0.25,781.0,32.54167,0.0,0.07405969,0.54876338,19.37717693,0.01058
0.25,782.0,32.58333,0.0,0.07335852,0.54356787,19.38307361,0.01048
0.25,783.0,32.625,0.0,0.07266398,0.53842155,19.38891447,0.010381
0.25,784.0,32.66667,0.0,0.07197602,0.53332395,19.39470003,0.010282
0.25,785.0,32.70833,0.0,0.07129458,0.52827461,19.40043081,0.010185
0.25,786.0,32.75,0.0,0.07061959,0.52327308,19.40610733,0.010089
0.25,787.0,32.79167,0.0,0.06995098,0.51831891,19.41173011,0.009993
0.25,788.0,32.83333,0.0,0.06928871,0.51341163,19.41729966,0.009898
0.25,789.0,32.875,0.0,0.06863271,0.50855082,19.42281647,0.009805
0.25,790.0,32.91667,0.0,0.06798291,0.50373603,19.42828106,0.009712
0.25,791.0,32.95833,0.0,0.06733927,0.49896682,19.4336939,0.00962
0.25,792.0,33.0,0.0,0.06670173,0.49424277,19.4390555,0.009529
0.25,793.0,33.04167,0.0,0.06607022,0.48956344,19.44436634,0.009439
0.25,794.0,33.08333,0.0,0.06544469,0.48492842,19.4496269,0.009349
0.25,795.0,33.125,0.0,0.06482508,0.48033727,19.45483765,0.009261
0.25,796.0,33.16667,0.0,0.06421134,0.4757896,19.45999907,0.009173
0.25,797.0,33.20833,0.0,0.0636034,0.47128498,19.46511162,0.009086
0.25,798.0,33.25,0.0,0.06300123,0.46682301,19.47017576,0.009
0.25,799.0,33.29167,0.0,0.06240475,0.46240328,19.47519196,0.008915
0.25,800.0,33.33333,0.0,0.06181393,0.4580254,19.48016067,0.008831
0.25,801.0,33.375,0.0,0.06122869,0.45368897,19.48508234,0.008747
0.25,802.0,33.41667,0.0,0.060649,0.44939359,19.48995741,0.008664
0.25,803.0,33.45833,0.0,0.06007479,0.44513888,19.49478633,0.008582
0.25,804.0,33.5,0.0,0.05950603,0.44092445,19.49956953,0.008501
0.25,805.0,33.54167,0.0,0.05894264,0.43674992,19.50430744,0.00842
0.25,806.0,33.58333,0.0,0.05838459,0.43261492,19.50900049,0.008341
0.25,807.0,33.625,0.0,0.05783183,0.42851906,19.51364911,0.008262
0.25,808.0,33.66667,0.0,0.05728429,0.42446198,19.51825372,0.008183
0.25,809.0,33.70833,0.0,0.05674195,0.42044332,19.52281474,0.008106
0.25,810.0,33.75,0.0,0.05620473,0.4164627,19.52733257,0.008029
0.25,811.0,33.79167,0.0,0.0556726,0.41251977,19.53180763,0.007953
0.25,812.0,33.83333,0.0,0.05514551,0.40861417,19.53624032,0.007878
0.25,813.0,33.875,0.0,0.05462341,0.40474554,19.54063104,0.007803
0.25,814.0,33.91667,0.0,0.05410626,0.40091354,19.5449802,0.007729
0.25,815.0,33.95833,0.0,0.053594,0.39711783,19.54928818,0.007656
0.25,816.0,34.0,0.0,0.05308659,0.39335805,19.55355537,0.007584
0.25,817.0,34.04167,0.0,0.05258398,0.38963386,19.55778216,0.007512
0.25,818.0,34.08333,0.0,0.05208613,0.38594494,19.56196893,0.007441
0.25,819.0,34.125,0.0,0.051593,0.38229094,19.56611607,0.00737
0.25,820.0,34.16667,0.0,0.05110453,0.37867153,19.57022394,0.007301
0.25,821.0,34.20833,0.0,0.05062069,0.37508639,19.57429291,0.007232
0.25,822.0,34.25,0.0,0.05014143,0.3715352,19.57832337,0.007163
0.25,823.0,34.29167,0.0,0.04966671,0.36801763,19.58231566,0.007095
0.25,824.0,34.33333,0.0,0.04919648,0.36453336,19.58627016,0.007028
0.25,825.0,34.375,0.0,0.04873071,0.36108207,19.59018722,0.006962
0.25,826.0,34.41667,0.0,0.04826934,0.35766347,19.59406719,0.006896
0.25,827.0,34.45833,0.0,0.04781234,0.35427723,19.59791043,0.00683
0.25,828.0,34.5,0.0,0.04735967,0.35092305,19.60171728,0.006766
0.25,829.0,34.54167,0.0,0.04691128,0.34760062,19.60548809,0.006702
0.25,830.0,34.58333,0.0,0.04646714,0.34430966,19.6092232,0.006638
0.25,831.0,34.625,0.0,0.04602721,0.34104985,19.61292295,0.006575
0.25,832.0,34.66667,0.0,0.04559144,0.3378209,19.61658767,0.006513
0.25,833.0,34.70833,0.0,0.04515979,0.33462252,19.62021769,0.006451
0.25,834.0,34.75,0.0,0.04473223,0.33145443,19.62381334,0.00639
0.25,835.0,34.79167,0.0,0.04430872,0.32831632,19.62737495,0.00633
0.25,836.0,34.83333,0.0,0.04388922,0.32520793,19.63090284,0.00627
0.25,837.0,34.875,0.0,0.04347369,0.32212897,19.63439733,0.006211
0.25,838.0,34.91667,0.0,0.0430621,0.31907916,19.63785874,0.006152
0.25,839.0,34.95833,0.0,0.0426544,0.31605822,19.64128737,0.006093
0.25,840.0,35.0,0.0,0.04225056,0.31306589,19.64468355,0.006036
0.25,841.0,35.04167,0.0,0.04185055,0.31010188,19.64804757,0.005979
0.25,842.0,35.08333,0.0,0.04145432,0.30716594,19.65137974,0.005922
0.25,843.0,35.125,0.0,0.04106185,0.3042578,19.65468036,0.005866
0.25,844.0,35.16667,0.0,0.04067309,0.30137718,19.65794973,0.00581
0.25,845.0,35.20833,0.0,0.04028801,0.29852384,19.66118815,0.005755
0.25,846.0,35.25,0.0,0.03990657,0.29569752,19.66439591,0.005701
0.25,847.0,35.29167,0.0,0.03952875,0.29289795,19.6675733,0.005647
0.25,848.0,35.33333,0.0,0.03915451,0.29012489,19.6707206,0.005594
0.25,849.0,35.375,0.0,0.0387838,0.28737808,19.67383811,0.005541
0.25,850.0,35.41667,0.0,0.03841661,0.28465728,19.67692611,0.005488
0.25,851.0,35.45833,0.0,0.0380529,0.28196224,19.67998486,0.005436
0.25,852.0,35.5,0.0,0.03769262,0.27929271,19.68301466,0.005385
0.25,853.0,35.54167,0.0,0.03733576,0.27664846,19.68601577,0.005334
0.25,854.0,35.58333,0.0,0.03698228,0.27402925,19.68898847,0.005283
0.25,855.0,35.625,0.0,0.03663214,0.27143483,19.69193303,0.005233
0.25,856.0,35.66667,0.0,0.03628532,0.26886497,19.69484971,0.005184
0.25,857.0,35.70833,0.0,0.03594179,0.26631945,19.69773877,0.005135
0.25,858.0,35.75,0.0,0.0356015,0.26379802,19.70060048,0.005086
0.25,859.0,35.79167,0.0,0.03526444,0.26130047,19.70343509,0.005038
0.25,860.0,35.83333,0.0,0.03493056,0.25882656,19.70624287,0.00499
0.25,861.0,35.875,0.0,0.03459985,0.25637608,19.70902407,0.004943
0.25,862.0,35.91667,0.0,0.03427227,0.25394879,19.71177893,0.004896
0.25,863.0,35.95833,0.0,0.0339478,0.25154449,19.71450772,0.00485
0.25,864.0,36.0,0.0,0.03362639,0.24916295,19.71721066,0.004804
0.25,865.0,36.04167,0.0,0.03330803,0.24680396,19.71988802,0.004758
0.25,866.0,36.08333,0.0,0.03299268,0.2444673,19.72254003,0.004713
0.25,867.0,36.125,0.0,0.03268031,0.24215276,19.72516693,0.004669
0.25,868.0,36.16667,0.0,0.03237091,0.23986014,19.72776896,0.004624
0.25,869.0,36.20833,0.0,0.03206443,0.23758922,19.73034635,0.004581
0.25,870.0,36.25,0.0,0.03176085,0.23533981,19.73289934,0.004537
0.25,871.0,36.29167,0.0,0.03146015,0.23311169,19.73542816,0.004494
0.25,872.0,36.33333,0.0,0.0311623,0.23090466,19.73793304,0.004452
0.25,873.0,36.375,0.0,0.03086726,0.22871853,19.74041421,0.00441
0.25,874.0,36.41667,0.0,0.03057502,0.2265531,19.74287188,0.004368
0.25,875.0,36.45833,0.0,0.03028555,0.22440817,19.74530628,0.004327
0.25,876.0,36.5,0.0,0.02999881,0.22228355,19.74771764,0.004286
0.25,877.0,36.54167,0.0,0.0297148,0.22017904,19.75010617,0.004245
0.25,878.0,36.58333,0.0,0.02943347,0.21809446,19.75247208,0.004205
0.25,879.0,36.625,0.0,0.0291548,0.21602961,19.75481559,0.004165
0.25,880.0,36.66667,0.0,0.02887877,0.21398431,19.75713692,0.004126
0.25,881.0,36.70833,0.0,0.02860536,0.21195838,19.75943626,0.004086
0.25,882.0,36.75,0.0,0.02833453,0.20995163,19.76171384,0.004048
0.25,883.0,36.79167,0.0,0.02806627,0.20796388,19.76396986,0.004009
0.25,884.0,36.83333,0.0,0.02780055,0.20599494,19.76620451,0.003972
0.25,885.0,36.875,0.0,0.02753734,0.20404465,19.76841801,0.003934
0.25,886.0,36.91667,0.0,0.02727662,0.20211282,19.77061055,0.003897
0.25,887.0,36.95833,0.0,0.02701838,0.20019928,19.77278234,0.00386
0.25,888.0,37.0,0.0,0.02676258,0.19830386,19.77493356,0.003823
0.25,889.0,37.04167,0.0,0.0265092,0.19642639,19.77706441,0.003787
0.25,890.0,37.08333,0.0,0.02625822,0.19456669,19.77917509,0.003751
0.25,891.0,37.125,0.0,0.02600961,0.19272459,19.78126579,0.003716
0.25,892.0,37.16667,0.0,0.02576336,0.19089994,19.7833367,0.00368
0.25,893.0,37.20833,0.0,0.02551944,0.18909256,19.78538799,0.003646
0.25,894.0,37.25,0.0,0.02527783,0.1873023,19.78741987,0.003611
0.25,895.0,37.29167,0.0,0.02503851,0.18552898,19.78943251,0.003577
0.25,896.0,37.33333,0.0,0.02480146,0.18377245,19.79142609,0.003543
0.25,897.0,37.375,0.0,0.02456664,0.18203256,19.7934008,0.00351
0.25,898.0,37.41667,0.0,0.02433406,0.18030913,19.79535681,0.003476
0.25,899.0,37.45833,0.0,0.02410367,0.17860202,19.79729431,0.003443
0.25,900.0,37.5,0.0,0.02387546,0.17691108,19.79921346,0.003411
0.25,901.0,37.54167,0.0,0.02364942,0.17523614,19.80111444,0.003378
0.25,902.0,37.58333,0.0,0.02342551,0.17357707,19.80299742,0.003347
0.25,903.0,37.625,0.0,0.02320373,0.17193369,19.80486258,0.003315
0.25,904.0,37.66667,0.0,0.02298404,0.17030588,19.80671007,0.003283
0.25,905.0,37.70833,0.0,0.02276644,0.16869348,19.80854008,0.003252
0.25,906.0,37.75,0.0,0.02255089,0.16709635,19.81035276,0.003222
0.25,907.0,37.79167,0.0,0.02233739,0.16551434,19.81214828,0.003191
0.25,908.0,37.83333,0.0,0.0221259,0.1639473,19.8139268,0.003161
0.25,909.0,37.875,0.0,0.02191642,0.1623951,19.81568848,0.003131
0.25,910.0,37.91667,0.0,0.02170893,0.1608576,19.81743348,0.003101
0.25,911.0,37.95833,0.0,0.02150339,0.15933465,19.81916196,0.003072
0.25,912.0,38.0,0.0,0.02129981,0.15782612,19.82087407,0.003043
0.25,913.0,38.04167,0.0,0.02109815,0.15633188,19.82256998,0.003014
0.25,914.0,38.08333,0.0,0.0208984,0.15485178,19.82424983,0.002985
0.25,915.0,38.125,0.0,0.02070054,0.15338569,19.82591377,0.002957
0.25,916.0,38.16667,0.0,0.02050455,0.15193349,19.82756196,0.002929
0.25,917.0,38.20833,0.0,0.02031042,0.15049503,19.82919455,0.002901
0.25,918.0,38.25,0.0,0.02011813,0.14907019,19.83081168,0.002874
0.25,919.0,38.29167,0.0,0.01992766,0.14765885,19.8324135,0.002847
0.25,920.0,38.33333,0.0,0.01973899,0.14626086,19.83400015,0.00282
0.25,921.0,38.375,0.0,0.01955211,0.14487611,19.83557178,0.002793
0.25,922.0,38.41667,0.0,0.01936699,0.14350447,19.83712853,0.002767
0.25,923.0,38.45833,0.0,0.01918363,0.14214582,19.83867055,0.002741
0.25,924.0,38.5,0.0,0.01900201,0.14080003,19.84019796,0.002715
0.25,925.0,38.54167,0.0,0.0188221,0.13946698,19.84171092,0.002689
0.25,926.0,38.58333,0.0,0.0186439,0.13814655,19.84320954,0.002663
0.25,927.0,38.625,0.0,0.01846739,0.13683863,19.84469398,0.002638
0.25,928.0,38.66667,0.0,0.01829254,0.13554308,19.84616437,0.002613
0.25,929.0,38.70833,0.0,0.01811936,0.13425981,19.84762084,0.002588
0.25,930.0,38.75,0.0,0.01794781,0.13298868,19.84906351,0.002564
0.25,931.0,38.79167,0.0,0.01777789,0.13172959,19.85049253,0.00254
0.25,932.0,38.83333,0.0,0.01760957,0.13048241,19.85190802,0.002516
0.25,933.0,38.875,0.0,0.01744285,0.12924705,19.8533101,0.002492
0.25,934.0,38.91667,0.0,0.01727771,0.12802338,19.85469891,0.002468
0.25,935.0,38.95833,0.0,0.01711413,0.1268113,19.85607458,0.002445
0.25,936.0,39.0,0.0,0.01695209,0.12561069,19.85743722,0.002422
0.25,937.0,39.04167,0.0,0.0167916,0.12442145,19.85878695,0.002399
0.25,938.0,39.08333,0.0,0.01663262,0.12324347,19.86012391,0.002376
0.25,939.0,39.125,0.0,0.01647515,0.12207664,19.86144821,0.002354
0.25,940.0,39.16667,0.0,0.01631917,0.12092086,19.86275998,0.002331
0.25,941.0,39.20833,0.0,0.01616466,0.11977602,19.86405932,0.002309
0.25,942.0,39.25,0.0,0.01601162,0.11864202,19.86534636,0.002287
0.25,943.0,39.29167,0.0,0.01586003,0.11751876,19.86662122,0.002266
0.25,944.0,39.33333,0.0,0.01570987,0.11640613,19.867884,0.002244
0.25,945.0,39.375,0.0,0.01556113,0.11530403,19.86913483,0.002223
0.25,946.0,39.41667,0.0,0.01541381,0.11421237,19.87037382,0.002202
0.25,947.0,39.45833,0.0,0.01526787,0.11313105,19.87160108,0.002181
0.25,948.0,39.5,0.0,0.01512332,0.11205996,19.87281672,0.00216
0.25,949.0,39.54167,0.0,0.01498014,0.11099901,19.87402085,0.00214
0.25,950.0,39.58333,0.0,0.01483831,0.10994811,19.87521358,0.00212
0.25,951.0,39.625,0.0,0.01469783,0.10890716,19.87639501,0.0021
0.25,952.0,39.66667,0.0,0.01455867,0.10787606,19.87756527,0.00208
0.25,953.0,39.70833,0.0,0.01442084,0.10685472,19.87872444,0.00206
0.25,954.0,39.75,0.0,0.01428431,0.10584306,19.87987263,0.002041
0.25,955.0,39.79167,0.0,0.01414907,0.10484097,19.88100996,0.002021
0.25,956.0,39.83333,0.0,0.01401511,0.10384837,19.88213652,0.002002
0.25,957.0,39.875,0.0,0.01388242,0.10286517,19.88325241,0.001983
0.25,958.0,39.91667,0.0,0.01375098,0.10189128,19.88435774,0.001964
0.25,959.0,39.95833,0.0,0.01362079,0.1009266,19.8854526,0.001946
0.25,960.0,40.0,0.0,0.01349184,0.09997106,19.8865371,0.001927
0.25,961.0,40.04167,0.0,0.0133641,0.09902457,19.88761133,0.001909
0.25,962.0,40.08333,0.0,0.01323757,0.09808704,19.88867539,0.001891
0.25,963.0,40.125,0.0,0.01311224,0.09715838,19.88972937,0.001873
0.25,964.0,40.16667,0.0,0.0129881,0.09623852,19.89077338,0.001855
0.25,965.0,40.20833,0.0,0.01286514,0.09532736,19.8918075,0.001838
0.25,966.0,40.25,0.0,0.01274333,0.09442484,19.89283183,0.00182
0.25,967.0,40.29167,0.0,0.01262268,0.09353085,19.89384646,0.001803
0.25,968.0,40.33333,0.0,0.01250318,0.09264533,19.89485149,0.001786
0.25,969.0,40.375,0.0,0.0123848,0.0917682,19.895847,0.001769
0.25,970.0,40.41667,0.0,0.01226754,0.09089937,19.89683309,0.001753
0.25,971.0,40.45833,0.0,0.0121514,0.09003876,19.89780984,0.001736
0.25,972.0,40.5,0.0,0.01203635,0.0891863,19.89877734,0.001719
0.25,973.0,40.54167,0.0,0.0119224,0.08834192,19.89973568,0.001703
0.25,974.0,40.58333,0.0,0.01180952,0.08750553,19.90068495,0.001687
0.25,975.0,40.625,0.0,0.01169771,0.08667705,19.90162524,0.001671
0.25,976.0,40.66667,0.0,0.01158696,0.08585642,19.90255662,0.001655
0.25,977.0,40.70833,0.0,0.01147726,0.08504356,19.90347918,0.00164
0.25,978.0,40.75,0.0,0.0113686,0.0842384,19.90439301,0.001624
0.25,979.0,40.79167,0.0,0.01126096,0.08344086,19.90529818,0.001609
0.25,980.0,40.83333,0.0,0.01115435,0.08265087,19.90619479,0.001593
0.25,981.0,40.875,0.0,0.01104874,0.08186835,19.9070829,0.001578
0.25,982.0,40.91667,0.0,0.01094414,0.08109325,19.90796261,0.001563
0.25,983.0,40.95833,0.0,0.01084052,0.08032549,19.90883399,0.001549
0.25,984.0,41.0,0.0,0.01073789,0.07956499,19.90969712,0.001534
0.25,985.0,41.04167,0.0,0.01063622,0.0788117,19.91055208,0.001519
0.25,986.0,41.08333,0.0,0.01053552,0.07806553,19.91139894,0.001505
0.25,987.0,41.125,0.0,0.01043578,0.07732644,19.91223779,0.001491
0.25,988.0,41.16667,0.0,0.01033697,0.07659433,19.91306869,0.001477
0.25,989.0,41.20833,0.0,0.01023911,0.07586916,19.91389173,0.001463
0.25,990.0,41.25,0.0,0.01014217,0.07515086,19.91470697,0.001449
0.25,991.0,41.29167,0.0,0.01004614,0.07443936,19.9155145,0.001435
0.25,992.0,41.33333,0.0,0.00995103,0.07373459,19.91631438,0.001422
0.25,993.0,41.375,0.0,0.00985682,0.07303649,19.91710669,0.001408
0.25,994.0,41.41667,0.0,0.0097635,0.07234501,19.9178915,0.001395
0.25,995.0,41.45833,0.0,0.00967106,0.07166007,19.91866887,0.001382
0.25,996.0,41.5,0.0,0.0095795,0.07098162,19.91943889,0.001368
0.25,997.0,41.54167,0.0,0.0094888,0.07030959,19.92020161,0.001356
0.25,998.0,41.58333,0.0,0.00939896,0.06964392,19.92095712,0.001343
0.25,999.0,41.625,0.0,0.00930998,0.06898455,19.92170547,0.00133
0.25,1000.0,41.66667,0.0,0.00922183,0.06833143,19.92244674,0.001317
0.25,1001.0,41.70833,0.0,0.00913452,0.06768449,19.92318099,0.001305
0.25,1002.0,41.75,0.0,0.00904804,0.06704367,19.92390828,0.001293
0.25,1003.0,41.79167,0.0,0.00896238,0.06640893,19.9246287,0.00128
0.25,1004.0,41.83333,0.0,0.00887752,0.06578019,19.92534229,0.001268
0.25,1005.0,41.875,0.0,0.00879348,0.0651574,19.92604912,0.001256
0.25,1006.0,41.91667,0.0,0.00871022,0.06454052,19.92674926,0.001244
0.25,1007.0,41.95833,0.0,0.00862776,0.06392947,19.92744278,0.001233
0.25,1008.0,42.0,0.0,0.00854607,0.0633242,19.92812973,0.001221
0.25,1009.0,42.04167,0.0,0.00846516,0.06272467,19.92881017,0.001209
0.25,1010.0,42.08333,0.0,0.00838501,0.06213081,19.92948417,0.001198
0.25,1011.0,42.125,0.0,0.00830563,0.06154258,19.93015179,0.001187
0.25,1012.0,42.16667,0.0,0.00822699,0.06095992,19.93081309,0.001175
0.25,1013.0,42.20833,0.0,0.0081491,0.06038277,19.93146813,0.001164
0.25,1014.0,42.25,0.0,0.00807195,0.05981108,19.93211697,0.001153
0.25,1015.0,42.29167,0.0,0.00799553,0.05924481,19.93275966,0.001142
0.25,1016.0,42.33333,0.0,0.00791983,0.0586839,19.93339627,0.001131
0.25,1017.0,42.375,0.0,0.00784485,0.0581283,19.93402685,0.001121
0.25,1018.0,42.41667,0.0,0.00777057,0.05757796,19.93465147,0.00111
0.25,1019.0,42.45833,0.0,0.007697,0.05703283,19.93527016,0.0011
0.25,1020.0,42.5,0.0,0.00762413,0.05649286,19.935883,0.001089
0.25,1021.0,42.54167,0.0,0.00755195,0.05595801,19.93649004,0.001079
0.25,1022.0,42.58333,0.0,0.00748045,0.05542822,19.93709133,0.001069
0.25,1023.0,42.625,0.0,0.00740963,0.05490344,19.93768693,0.001059
0.25,1024.0,42.66667,0.0,0.00733947,0.05438363,19.93827689,0.001048
0.25,1025.0,42.70833,0.0,0.00726999,0.05386875,19.93886127,0.001039
0.25,1026.0,42.75,0.0,0.00720116,0.05335873,19.93944011,0.001029
0.25,1027.0,42.79167,0.0,0.00713298,0.05285355,19.94001347,0.001019
0.25,1028.0,42.83333,0.0,0.00706545,0.05235315,19.9405814,0.001009
0.25,1029.0,42.875,0.0,0.00699855,0.05185749,19.94114396,0.001
0.25,1030.0,42.91667,0.0,0.00693229,0.05136652,19.94170119,0.00099
0.25,1031.0,42.95833,0.0,0.00686666,0.0508802,19.94225314,0.000981
0.25,1032.0,43.0,0.0,0.00680165,0.05039848,19.94279987,0.000972
0.25,1033.0,43.04167,0.0,0.00673725,0.04992133,19.94334142,0.000962
0.25,1034.0,43.08333,0.0,0.00667347,0.04944869,19.94387785,0.000953
0.25,1035.0,43.125,0.0,0.00661028,0.04898052,19.94440919,0.000944
0.25,1036.0,43.16667,0.0,0.0065477,0.04851679,19.94493551,0.000935
0.25,1037.0,43.20833,0.0,0.00648571,0.04805745,19.94545684,0.000927
0.25,1038.0,43.25,0.0,0.0064243,0.04760246,19.94597324,0.000918
0.25,1039.0,43.29167,0.0,0.00636348,0.04715177,19.94648474,0.000909
0.25,1040.0,43.33333,0.0,0.00630323,0.04670536,19.94699141,0.0009
0.25,1041.0,43.375,0.0,0.00624356,0.04626317,19.94749328,0.000892
0.25,1042.0,43.41667,0.0,0.00618445,0.04582516,19.94799039,0.000883
0.25,1043.0,43.45833,0.0,0.00612589,0.0453913,19.9484828,0.000875
0.25,1044.0,43.5,0.0,0.0060679,0.04496155,19.94897055,0.000867
0.25,1045.0,43.54167,0.0,0.00601045,0.04453587,19.94945368,0.000859
0.25,1046.0,43.58333,0.0,0.00595354,0.04411422,19.94993224,0.000851
0.25,1047.0,43.625,0.0,0.00589718,0.04369656,19.95040626,0.000842
0.25,1048.0,43.66667,0.0,0.00584134,0.04328286,19.9508758,0.000834
0.25,1049.0,43.70833,0.0,0.00578604,0.04287307,19.95134089,0.000827
0.25,1050.0,43.75,0.0,0.00573126,0.04246716,19.95180158,0.000819
0.25,1051.0,43.79167,0.0,0.005677,0.0420651,19.95225791,0.000811
0.25,1052.0,43.83333,0.0,0.00562325,0.04166684,19.95270991,0.000803
0.25,1053.0,43.875,0.0,0.00557001,0.04127235,19.95315764,0.000796
0.25,1054.0,43.91667,0.0,0.00551727,0.0408816,19.95360113,0.000788
0.25,1055.0,43.95833,0.0,0.00546504,0.04049454,19.95404042,0.000781
0.25,1056.0,44.0,0.0,0.0054133,0.04011115,19.95447555,0.000773
0.25,1057.0,44.04167,0.0,0.00536205,0.0397314,19.95490656,0.000766
0.25,1058.0,44.08333,0.0,0.00531128,0.03935523,19.95533349,0.000759
0.25,1059.0,44.125,0.0,0.005261,0.03898263,19.95575638,0.000752
0.25,1060.0,44.16667,0.0,0.00521119,0.03861355,19.95617526,0.000744
0.25,1061.0,44.20833,0.0,0.00516185,0.03824797,19.95659018,0.000737
0.25,1062.0,44.25,0.0,0.00511298,0.03788585,19.95700117,0.00073
0.25,1063.0,44.29167,0.0,0.00506457,0.03752716,19.95740827,0.000724
0.25,1064.0,44.33333,0.0,0.00501662,0.03717187,19.95781151,0.000717
0.25,1065.0,44.375,0.0,0.00496912,0.03681994,19.95821094,0.00071
0.25,1066.0,44.41667,0.0,0.00492208,0.03647134,19.95860658,0.000703
0.25,1067.0,44.45833,0.0,0.00487548,0.03612604,19.95899848,0.000696
0.25,1068.0,44.5,0.0,0.00482932,0.03578401,19.95938667,0.00069
0.25,1069.0,44.54167,0.0,0.0047836,0.03544522,19.95977118,0.000683
0.25,1070.0,44.58333,0.0,0.00473831,0.03510964,19.96015206,0.000677
0.25,1071.0,44.625,0.0,0.00469345,0.03477723,19.96052933,0.00067
0.25,1072.0,44.66667,0.0,0.00464901,0.03444797,19.96090302,0.000664
0.25,1073.0,44.70833,0.0,0.00460499,0.03412183,19.96127318,0.000658
0.25,1074.0,44.75,0.0,0.0045614,0.03379877,19.96163983,0.000652
0.25,1075.0,44.79167,0.0,0.00451821,0.03347878,19.96200301,0.000645
0.25,1076.0,44.83333,0.0,0.00447543,0.03316181,19.96236276,0.000639
0.25,1077.0,44.875,0.0,0.00443306,0.03284785,19.96271909,0.000633
0.25,1078.0,44.91667,0.0,0.00439109,0.03253685,19.96307206,0.000627
0.25,1079.0,44.95833,0.0,0.00434952,0.03222881,19.96342168,0.000621
0.25,1080.0,45.0,0.0,0.00430834,0.03192367,19.96376799,0.000615
0.25,1081.0,45.04167,0.0,0.00426755,0.03162143,19.96411102,0.00061
0.25,1082.0,45.08333,0.0,0.00422714,0.03132205,19.96445081,0.000604
0.25,1083.0,45.125,0.0,0.00418712,0.0310255,19.96478737,0.000598
0.25,1084.0,45.16667,0.0,0.00414748,0.03073176,19.96512076,0.000592
0.25,1085.0,45.20833,0.0,0.00410821,0.03044081,19.96545098,0.000587
0.25,1086.0,45.25,0.0,0.00406932,0.0301526,19.96577808,0.000581
0.25,1087.0,45.29167,0.0,0.00403079,0.02986713,19.96610208,0.000576
0.25,1088.0,45.33333,0.0,0.00399263,0.02958436,19.96642302,0.00057
0.25,1089.0,45.375,0.0,0.00395483,0.02930426,19.96674091,0.000565
0.25,1090.0,45.41667,0.0,0.00391738,0.02902682,19.9670558,0.00056
0.25,1091.0,45.45833,0.0,0.0038803,0.028752,19.9673677,0.000554
0.25,1092.0,45.5,0.0,0.00384356,0.02847979,19.96767665,0.000549
0.25,1093.0,45.54167,0.0,0.00380717,0.02821015,19.96798268,0.000544
0.25,1094.0,45.58333,0.0,0.00377112,0.02794307,19.96828581,0.000539
0.25,1095.0,45.625,0.0,0.00373542,0.02767851,19.96858607,0.000534
0.25,1096.0,45.66667,0.0,0.00370005,0.02741646,19.96888349,0.000529
0.25,1097.0,45.70833,0.0,0.00366502,0.02715689,19.96917809,0.000524
0.25,1098.0,45.75,0.0,0.00363032,0.02689978,19.9694699,0.000519
0.25,1099.0,45.79167,0.0,0.00359595,0.0266451,19.96975895,0.000514
0.25,1100.0,45.83333,0.0,0.00356191,0.02639283,19.97004526,0.000509
0.25,1101.0,45.875,0.0,0.00352819,0.02614295,19.97032886,0.000504
0.25,1102.0,45.91667,0.0,0.00349478,0.02589544,19.97060978,0.000499
0.25,1103.0,45.95833,0.0,0.00346169,0.02565027,19.97088804,0.000495
0.25,1104.0,46.0,0.0,0.00342892,0.02540742,19.97116366,0.00049
0.25,1105.0,46.04167,0.0,0.00339646,0.02516687,19.97143667,0.000485
0.25,1106.0,46.08333,0.0,0.0033643,0.0249286,19.9717071,0.000481
0.25,1107.0,46.125,0.0,0.00333245,0.02469258,19.97197497,0.000476
0.25,1108.0,46.16667,0.0,0.0033009,0.0244588,19.9722403,0.000472
0.25,1109.0,46.20833,0.0,0.00326965,0.02422724,19.97250312,0.000467
0.25,1110.0,46.25,0.0,0.00323869,0.02399786,19.97276345,0.000463
0.25,1111.0,46.29167,0.0,0.00320803,0.02377066,19.97302132,0.000458
0.25,1112.0,46.33333,0.0,0.00317765,0.0235456,19.97327674,0.000454
0.25,1113.0,46.375,0.0,0.00314757,0.02332268,19.97352975,0.00045
0.25,1114.0,46.41667,0.0,0.00311777,0.02310187,19.97378036,0.000445
0.25,1115.0,46.45833,0.0,0.00308825,0.02288315,19.9740286,0.000441
0.25,1116.0,46.5,0.0,0.00305901,0.0226665,19.97427449,0.000437
0.25,1117.0,46.54167,0.0,0.00303005,0.0224519,19.97451805,0.000433
0.25,1118.0,46.58333,0.0,0.00300136,0.02223933,19.9747593,0.000429
0.25,1119.0,46.625,0.0,0.00297295,0.02202878,19.97499827,0.000425
0.25,1120.0,46.66667,0.0,0.0029448,0.02182022,19.97523498,0.000421
0.25,1121.0,46.70833,0.0,0.00291692,0.02161363,19.97546945,0.000417
0.25,1122.0,46.75,0.0,0.0028893,0.021409,19.9757017,0.000413
0.25,1123.0,46.79167,0.0,0.00286195,0.02120631,19.97593175,0.000409
0.25,1124.0,46.83333,0.0,0.00283485,0.02100553,19.97615962,0.000405
0.25,1125.0,46.875,0.0,0.00280801,0.02080666,19.97638533,0.000401
0.25,1126.0,46.91667,0.0,0.00278143,0.02060967,19.9766089,0.000397
0.25,1127.0,46.95833,0.0,0.00275509,0.02041454,19.97683036,0.000394
0.25,1128.0,47.0,0.0,0.00272901,0.02022126,19.97704973,0.00039
0.25,1129.0,47.04167,0.0,0.00270317,0.02002982,19.97726701,0.000386
0.25,1130.0,47.08333,0.0,0.00267758,0.01984018,19.97748224,0.000383
0.25,1131.0,47.125,0.0,0.00265223,0.01965234,19.97769543,0.000379
0.25,1132.0,47.16667,0.0,0.00262712,0.01946628,19.9779066,0.000375
0.25,1133.0,47.20833,0.0,0.00260225,0.01928198,19.97811578,0.000372
0.25,1134.0,47.25,0.0,0.00257761,0.01909942,19.97832297,0.000368
0.25,1135.0,47.29167,0.0,0.0025532,0.0189186,19.9785282,0.000365
0.25,1136.0,47.33333,0.0,0.00252903,0.01873948,19.97873149,0.000361
0.25,1137.0,47.375,0.0,0.00250509,0.01856206,19.97893285,0.000358
0.25,1138.0,47.41667,0.0,0.00248137,0.01838632,19.97913231,0.000354
0.25,1139.0,47.45833,0.0,0.00245788,0.01821225,19.97932988,0.000351
0.25,1140.0,47.5,0.0,0.00243461,0.01803982,19.97952557,0.000348
0.25,1141.0,47.54167,0.0,0.00241156,0.01786902,19.97971942,0.000345
0.25,1142.0,47.58333,0.0,0.00238873,0.01769985,19.97991143,0.000341
0.25,1143.0,47.625,0.0,0.00236611,0.01753227,19.98010162,0.000338
0.25,1144.0,47.66667,0.0,0.00234371,0.01736628,19.98029001,0.000335
0.25,1145.0,47.70833,0.0,0.00232152,0.01720186,19.98047662,0.000332
0.25,1146.0,47.75,0.0,0.00229954,0.017039,19.98066146,0.000329
0.25,1147.0,47.79167,0.0,0.00227777,0.01687768,19.98084455,0.000325
0.25,1148.0,47.83333,0.0,0.0022562,0.01671789,19.98102591,0.000322
0.25,1149.0,47.875,0.0,0.00223484,0.01655961,19.98120555,0.000319
0.25,1150.0,47.91667,0.0,0.00221368,0.01640283,19.98138349,0.000316
0.25,1151.0,47.95833,0.0,0.00219272,0.01624753,19.98155974,0.000313
0.25,1152.0,48.0,0.0,0.00217196,0.0160937,19.98173433,0.00031
0.25,1153.0,48.04167,0.0,0.0021514,0.01594133,19.98190726,0.000307
0.25,1154.0,48.08333,0.0,0.00213103,0.01579041,19.98207856,0.000304
0.25,1155.0,48.125,0.0,0.00211086,0.01564091,19.98224823,0.000302
0.25,1156.0,48.16667,0.0,0.00209087,0.01549283,19.9824163,0.000299
0.25,1157.0,48.20833,0.0,0.00207108,0.01534614,19.98258278,0.000296
0.25,1158.0,48.25,0.0,0.00205147,0.01520085,19.98274768,0.000293
0.25,1159.0,48.29167,0.0,0.00203205,0.01505694,19.98291102,0.00029
0.25,1160.0,48.33333,0.0,0.00201281,0.01491438,19.98307281,0.000288
0.25,1161.0,48.375,0.0,0.00199375,0.01477318,19.98323307,0.000285
0.25,1162.0,48.41667,0.0,0.00197487,0.01463331,19.98339182,0.000282
0.25,1163.0,48.45833,0.0,0.00195618,0.01449477,19.98354906,0.000279
0.25,1164.0,48.5,0.0,0.00193766,0.01435753,19.98370481,0.000277
0.25,1165.0,48.54167,0.0,0.00191931,0.0142216,19.98385909,0.000274
0.25,1166.0,48.58333,0.0,0.00190114,0.01408696,19.9840119,0.000272
0.25,1167.0,48.625,0.0,0.00188314,0.01395359,19.98416327,0.000269
0.25,1168.0,48.66667,0.0,0.00186531,0.01382148,19.98431321,0.000266
0.25,1169.0,48.70833,0.0,0.00184765,0.01369062,19.98446173,0.000264
0.25,1170.0,48.75,0.0,0.00183016,0.013561,19.98460884,0.000261
0.25,1171.0,48.79167,0.0,0.00181283,0.01343261,19.98475456,0.000259
0.25,1172.0,48.83333,0.0,0.00179567,0.01330544,19.9848989,0.000257
0.25,1173.0,48.875,0.0,0.00177867,0.01317946,19.98504187,0.000254
0.25,1174.0,48.91667,0.0,0.00176183,0.01305469,19.98518349,0.000252
0.25,1175.0,48.95833,0.0,0.00174515,0.01293109,19.98532377,0.000249
0.25,1176.0,49.0,0.0,0.00172862,0.01280866,19.98546272,0.000247
0.25,1177.0,49.04167,0.0,0.00171226,0.01268739,19.98560035,0.000245
0.25,1178.0,49.08333,0.0,0.00169605,0.01256727,19.98573668,0.000242
0.25,1179.0,49.125,0.0,0.00167999,0.01244829,19.98587172,0.00024
0.25,1180.0,49.16667,0.0,0.00166408,0.01233043,19.98600548,0.000238
0.25,1181.0,49.20833,0.0,0.00164833,0.01221369,19.98613798,0.000235
0.25,1182.0,49.25,0.0,0.00163272,0.01209806,19.98626922,0.000233
0.25,1183.0,49.29167,0.0,0.00161726,0.01198352,19.98639922,0.000231
0.25,1184.0,49.33333,0.0,0.00160195,0.01187006,19.98652799,0.000229
0.25,1185.0,49.375,0.0,0.00158679,0.01175768,19.98665553,0.000227
0.25,1186.0,49.41667,0.0,0.00157176,0.01164636,19.98678188,0.000225
0.25,1187.0,49.45833,0.0,0.00155688,0.0115361,19.98690702,0.000222
0.25,1188.0,49.5,0.0,0.00154214,0.01142688,19.98703098,0.00022
0.25,1189.0,49.54167,0.0,0.00152754,0.01131869,19.98715377,0.000218
0.25,1190.0,49.58333,0.0,0.00151308,0.01121153,19.98727539,0.000216
0.25,1191.0,49.625,0.0,0.00149875,0.01110538,19.98739586,0.000214
0.25,1192.0,49.66667,0.0,0.00148456,0.01100024,19.98751519,0.000212
0.25,1193.0,49.70833,0.0,0.00147051,0.01089609,19.9876334,0.00021
0.25,1194.0,49.75,0.0,0.00145659,0.01079293,19.98775048,0.000208
0.25,1195.0,49.79167,0.0,0.0014428,0.01069075,19.98786645,0.000206
0.25,1196.0,49.83333,0.0,0.00142914,0.01058953,19.98798133,0.000204
0.25,1197.0,49.875,0.0,0.00141561,0.01048928,19.98809512,0.000202
0.25,1198.0,49.91667,0.0,0.0014022,0.01038997,19.98820783,0.0002
0.25,1199.0,49.95833,0.0,0.00138893,0.0102916,19.98831948,0.000198
0.25,1200.0,50.0,0.0,0.00137578,0.01019416,19.98843006,0.000197
0.25,1201.0,50.04167,0.0,0.00136275,0.01009764,19.9885396,0.000195
0.25,1202.0,50.08333,0.0,0.00134985,0.01000204,19.98864811,0.000193
0.25,1203.0,50.125,0.0,0.00133707,0.00990735,19.98875558,0.000191
0.25,1204.0,50.16667,0.0,0.00132441,0.00981355,19.98886204,0.000189
0.25,1205.0,50.20833,0.0,0.00131187,0.00972064,19.98896749,0.000187
0.25,1206.0,50.25,0.0,0.00129945,0.0096286,19.98907194,0.000186
0.25,1207.0,50.29167,0.0,0.00128715,0.00953744,19.98917541,0.000184
0.25,1208.0,50.33333,0.0,0.00127496,0.00944715,19.98927789,0.000182
0.25,1209.0,50.375,0.0,0.00126289,0.0093577,19.9893794,0.00018
0.25,1210.0,50.41667,0.0,0.00125094,0.00926911,19.98947996,0.000179
0.25,1211.0,50.45833,0.0,0.00123909,0.00918135,19.98957956,0.000177
0.25,1212.0,50.5,0.0,0.00122736,0.00909443,19.98967821,0.000175
0.25,1213.0,50.54167,0.0,0.00121574,0.00900832,19.98977594,0.000174
0.25,1214.0,50.58333,0.0,0.00120423,0.00892304,19.98987274,0.000172
0.25,1215.0,50.625,0.0,0.00119283,0.00883855,19.98996862,0.00017
0.25,1216.0,50.66667,0.0,0.00118154,0.00875487,19.99006359,0.000169
0.25,1217.0,50.70833,0.0,0.00117035,0.00867199,19.99015767,0.000167
0.25,1218.0,50.75,0.0,0.00115927,0.00858988,19.99025085,0.000166
0.25,1219.0,50.79167,0.0,0.00114829,0.00850856,19.99034315,0.000164
0.25,1220.0,50.83333,0.0,0.00113742,0.008428,19.99043458,0.000162
0.25,1221.0,50.875,0.0,0.00112665,0.00834821,19.99052514,0.000161
0.25,1222.0,50.91667,0.0,0.00111599,0.00826917,19.99061485,0.000159
0.25,1223.0,50.95833,0.0,0.00110542,0.00819088,19.9907037,0.000158
0.25,1224.0,51.0,0.0,0.00109495,0.00811333,19.99079172,0.000156
0.25,1225.0,51.04167,0.0,0.00108459,0.00803652,19.9908789,0.000155
0.25,1226.0,51.08333,0.0,0.00107432,0.00796043,19.99096525,0.000153
0.25,1227.0,51.125,0.0,0.00106415,0.00788506,19.99105079,0.000152
0.25,1228.0,51.16667,0.0,0.00105407,0.00781041,19.99113552,0.000151
0.25,1229.0,51.20833,0.0,0.00104409,0.00773646,19.99121944,0.000149
0.25,1230.0,51.25,0.0,0.00103421,0.00766322,19.99130258,0.000148
0.25,1231.0,51.29167,0.0,0.00102442,0.00759066,19.99138492,0.000146
0.25,1232.0,51.33333,0.0,0.00101472,0.0075188,19.99146648,0.000145
0.25,1233.0,51.375,0.0,0.00100511,0.00744761,19.99154728,0.000144
0.25,1234.0,51.41667,0.0,0.00099559,0.0073771,19.99162731,0.000142
0.25,1235.0,51.45833,0.0,0.00098617,0.00730726,19.99170658,0.000141
0.25,1236.0,51.5,0.0,0.00097683,0.00723807,19.99178509,0.00014
0.25,1237.0,51.54167,0.0,0.00096758,0.00716955,19.99186287,0.000138
0.25,1238.0,51.58333,0.0,0.00095842,0.00710167,19.99193991,0.000137
0.25,1239.0,51.625,0.0,0.00094935,0.00703443,19.99201622,0.000136
0.25,1240.0,51.66667,0.0,0.00094036,0.00696783,19.99209181,0.000134
0.25,1241.0,51.70833,0.0,0.00093146,0.00690186,19.99216668,0.000133
0.25,1242.0,51.75,0.0,0.00092264,0.00683652,19.99224084,0.000132
0.25,1243.0,51.79167,0.0,0.0009139,0.00677179,19.9923143,0.000131
0.25,1244.0,51.83333,0.0,0.00090525,0.00670768,19.99238707,0.000129
0.25,1245.0,51.875,0.0,0.00089668,0.00664417,19.99245915,0.000128
0.25,1246.0,51.91667,0.0,0.00088819,0.00658127,19.99253054,0.000127
0.25,1247.0,51.95833,0.0,0.00087978,0.00651896,19.99260126,0.000126
0.25,1248.0,52.0,0.0,0.00087145,0.00645724,19.99267131,0.000124
0.25,1249.0,52.04167,0.0,0.0008632,0.0063961,19.99274069,0.000123
0.25,1250.0,52.08333,0.0,0.00085503,0.00633555,19.99280942,0.000122
0.25,1251.0,52.125,0.0,0.00084693,0.00627556,19.9928775,0.000121
0.25,1252.0,52.16667,0.0,0.00083892,0.00621615,19.99294493,0.00012
0.25,1253.0,52.20833,0.0,0.00083097,0.0061573,19.99301173,0.000119
0.25,1254.0,52.25,0.0,0.00082311,0.006099,19.99307789,0.000118
0.25,1255.0,52.29167,0.0,0.00081531,0.00604126,19.99314343,0.000116
0.25,1256.0,52.33333,0.0,0.00080759,0.00598406,19.99320834,0.000115
0.25,1257.0,52.375,0.0,0.00079995,0.00592741,19.99327265,0.000114
0.25,1258.0,52.41667,0.0,0.00079237,0.00587129,19.99333634,0.000113
0.25,1259.0,52.45833,0.0,0.00078487,0.0058157,19.99339943,0.000112
0.25,1260.0,52.5,0.0,0.00077744,0.00576064,19.99346192,0.000111
0.25,1261.0,52.54167,0.0,0.00077008,0.0057061,19.99352382,0.00011
0.25,1262.0,52.58333,0.0,0.00076279,0.00565208,19.99358513,0.000109
0.25,1263.0,52.625,0.0,0.00075557,0.00559856,19.99364587,0.000108
0.25,1264.0,52.66667,0.0,0.00074841,0.00554556,19.99370603,0.000107
0.25,1265.0,52.70833,0.0,0.00074133,0.00549306,19.99376562,0.000106
0.25,1266.0,52.75,0.0,0.00073431,0.00544105,19.99382464,0.000105
0.25,1267.0,52.79167,0.0,0.00072736,0.00538954,19.99388311,0.000104
0.25,1268.0,52.83333,0.0,0.00072047,0.00533851,19.99394102,0.000103
0.25,1269.0,52.875,0.0,0.00071365,0.00528797,19.99399838,0.000102
0.25,1270.0,52.91667,0.0,0.00070689,0.0052379,19.99405521,0.000101
0.25,1271.0,52.95833,0.0,0.0007002,0.00518831,19.99411149,0.0001
0.25,1272.0,53.0,0.0,0.00069357,0.00513919,19.99416724,9.9e-05
0.25,1273.0,53.04167,0.0,0.00068701,0.00509053,19.99422246,9.8e-05
0.25,1274.0,53.08333,0.0,0.0006805,0.00504234,19.99427716,9.7e-05
0.25,1275.0,53.125,0.0,0.00067406,0.0049946,19.99433134,9.6e-05
0.25,1276.0,53.16667,0.0,0.00066768,0.00494731,19.99438501,9.5e-05
0.25,1277.0,53.20833,0.0,0.00066135,0.00490047,19.99443817,9.4e-05
0.25,1278.0,53.25,0.0,0.00065509,0.00485408,19.99449083,9.4e-05
0.25,1279.0,53.29167,0.0,0.00064889,0.00480812,19.99454299,9.3e-05
0.25,1280.0,53.33333,0.0,0.00064275,0.0047626,19.99459466,9.2e-05
0.25,1281.0,53.375,0.0,0.00063666,0.00471751,19.99464583,9.1e-05
0.25,1282.0,53.41667,0.0,0.00063063,0.00467284,19.99469652,9e-05
0.25,1283.0,53.45833,0.0,0.00062466,0.0046286,19.99474673,8.9e-05
0.25,1284.0,53.5,0.0,0.00061875,0.00458478,19.99479647,8.8e-05
0.25,1285.0,53.54167,0.0,0.00061289,0.00454137,19.99484574,8.8e-05
0.25,1286.0,53.58333,0.0,0.00060709,0.00449838,19.99489453,8.7e-05
0.25,1287.0,53.625,0.0,0.00060134,0.00445579,19.99494287,8.6e-05
0.25,1288.0,53.66667,0.0,0.00059565,0.0044136,19.99499075,8.5e-05
0.25,1289.0,53.70833,0.0,0.00059001,0.00437181,19.99503818,8.4e-05
0.25,1290.0,53.75,0.0,0.00058442,0.00433042,19.99508515,8.3e-05
0.25,1291.0,53.79167,0.0,0.00057889,0.00428942,19.99513169,8.3e-05
0.25,1292.0,53.83333,0.0,0.00057341,0.00424881,19.99517778,8.2e-05
0.25,1293.0,53.875,0.0,0.00056798,0.00420859,19.99522343,8.1e-05
0.25,1294.0,53.91667,0.0,0.0005626,0.00416874,19.99526866,8e-05
0.25,1295.0,53.95833,0.0,0.00055728,0.00412927,19.99531345,8e-05
0.25,1296.0,54.0,0.0,0.000552,0.00409018,19.99535782,7.9e-05
0.25,1297.0,54.04167,0.0,0.00054677,0.00405145,19.99540177,7.8e-05
0.25,1298.0,54.08333,0.0,0.0005416,0.0040131,19.99544531,7.7e-05
0.25,1299.0,54.125,0.0,0.00053647,0.0039751,19.99548843,7.7e-05
0.25,1300.0,54.16667,0.0,0.00053139,0.00393747,19.99553114,7.6e-05
0.25,1301.0,54.20833,0.0,0.00052636,0.00390019,19.99557345,7.5e-05
0.25,1302.0,54.25,0.0,0.00052138,0.00386326,19.99561536,7.4e-05
0.25,1303.0,54.29167,0.0,0.00051644,0.00382669,19.99565687,7.4e-05
0.25,1304.0,54.33333,0.0,0.00051155,0.00379046,19.99569799,7.3e-05
0.25,1305.0,54.375,0.0,0.00050671,0.00375457,19.99573872,7.2e-05
0.25,1306.0,54.41667,0.0,0.00050191,0.00371902,19.99577907,7.2e-05
0.25,1307.0,54.45833,0.0,0.00049716,0.00368381,19.99581903,7.1e-05
0.25,1308.0,54.5,0.0,0.00049245,0.00364894,19.99585861,7e-05
0.25,1309.0,54.54167,0.0,0.00048779,0.00361439,19.99589782,7e-05
0.25,1310.0,54.58333,0.0,0.00048317,0.00358017,19.99593666,6.9e-05
0.25,1311.0,54.625,0.0,0.0004786,0.00354627,19.99597513,6.8e-05
0.25,1312.0,54.66667,0.0,0.00047406,0.0035127,19.99601324,6.8e-05
0.25,1313.0,54.70833,0.0,0.00046958,0.00347944,19.99605098,6.7e-05
0.25,1314.0,54.75,0.0,0.00046513,0.0034465,19.99608837,6.6e-05
0.25,1315.0,54.79167,0.0,0.00046073,0.00341387,19.99612541,6.6e-05
0.25,1316.0,54.83333,0.0,0.00045636,0.00338155,19.99616209,6.5e-05
0.25,1317.0,54.875,0.0,0.00045204,0.00334953,19.99619842,6.5e-05
0.25,1318.0,54.91667,0.0,0.00044776,0.00331782,19.99623442,6.4e-05
0.25,1319.0,54.95833,0.0,0.00044353,0.00328641,19.99627007,6.3e-05
0.25,1320.0,55.0,0.0,0.00043933,0.00325529,19.99630538,6.3e-05
0.25,1321.0,55.04167,0.0,0.00043517,0.00322447,19.99634036,6.2e-05
0.25,1322.0,55.08333,0.0,0.00043105,0.00319394,19.99637501,6.2e-05
0.25,1323.0,55.125,0.0,0.00042697,0.0031637,19.99640933,6.1e-05
0.25,1324.0,55.16667,0.0,0.00042292,0.00313375,19.99644332,6e-05
0.25,1325.0,55.20833,0.0,0.00041892,0.00310408,19.996477,6e-05
0.25,1326.0,55.25,0.0,0.00041495,0.00307469,19.99651035,5.9e-05
0.25,1327.0,55.29167,0.0,0.00041102,0.00304558,19.99654339,5.9e-05
0.25,1328.0,55.33333,0.0,0.00040713,0.00301675,19.99657612,5.8e-05
0.25,1329.0,55.375,0.0,0.00040328,0.00298819,19.99660853,5.8e-05
0.25,1330.0,55.41667,0.0,0.00039946,0.0029599,19.99664064,5.7e-05
0.25,1331.0,55.45833,0.0,0.00039568,0.00293187,19.99667245,5.7e-05
0.25,1332.0,55.5,0.0,0.00039193,0.00290412,19.99670395,5.6e-05
0.25,1333.0,55.54167,0.0,0.00038822,0.00287662,19.99673516,5.5e-05
0.25,1334.0,55.58333,0.0,0.00038455,0.00284939,19.99676607,5.5e-05
0.25,1335.0,55.625,0.0,0.0003809,0.00282241,19.99679669,5.4e-05
0.25,1336.0,55.66667,0.0,0.0003773,0.00279569,19.99682701,5.4e-05
0.25,1337.0,55.70833,0.0,0.00037373,0.00276922,19.99685706,5.3e-05
0.25,1338.0,55.75,0.0,0.00037019,0.002743,19.99688681,5.3e-05
0.25,1339.0,55.79167,0.0,0.00036668,0.00271703,19.99691629,5.2e-05
0.25,1340.0,55.83333,0.0,0.00036321,0.00269131,19.99694548,5.2e-05
0.25,1341.0,55.875,0.0,0.00035977,0.00266583,19.9969744,5.1e-05
0.25,1342.0,55.91667,0.0,0.00035637,0.00264059,19.99700305,5.1e-05
0.25,1343.0,55.95833,0.0,0.00035299,0.00261559,19.99703142,5e-05
0.25,1344.0,56.0,0.0,0.00035299,0.00261559,19.99703142,5e-05
0.25,1344.0,56.0,10.0,0.00035299,0.00261559,19.99703142,5e-05
0.25,1344.0,56.0,10.0,0.00035299,0.00261559,19.99703142,5e-05
0.25,1345.0015,56.04173,7.78510673,1.83280064,0.30340068,20.07869195,0.261829
0.25,1346.003,56.08346,6.06078868,2.70215733,0.9718465,20.26520749,0.386022
0.25,1347.0045,56.12519,4.71838867,3.01255827,1.77216447,20.49688858,0.430365
0.25,1348.006,56.16692,3.67331594,3.0130514,2.5738887,20.73974396,0.430436
0.25,1349.0075,56.20864,2.85971566,2.85448479,3.31029866,20.97550088,0.407784
0.25,1350.0089,56.25037,2.22631917,2.62604846,3.95232295,21.19530942,0.37515
0.25,1351.0104,56.2921,1.73321323,2.37863893,4.49233942,21.39580842,0.339806
0.25,1352.0119,56.33383,1.349325,2.13971225,4.9342652,21.57669755,0.305673
0.25,1353.0134,56.37556,1.05046391,1.92265755,5.28761475,21.73926379,0.274665
0.25,1354.0149,56.41729,0.81779737,1.73265719,5.56403776,21.88550767,0.247522
0.25,1355.0164,56.45902,0.63666398,1.57030576,5.77538773,22.01764253,0.224329
0.25,1356.0179,56.50075,0.4956497,1.4338084,5.93271948,22.13782241,0.20483
0.25,1357.0194,56.54247,0.38586858,1.32028595,6.04583786,22.24800761,0.188612
0.25,1358.0209,56.5842,0.30040281,1.22652432,6.12316223,22.34991064,0.175218
0.25,1359.0224,56.62593,0.23386679,1.14938292,6.17176272,22.44498757,0.164198
0.25,1360.0238,56.66766,0.1820678,1.08599771,6.19748146,22.53445303,0.155143
0.25,1361.0253,56.70939,0.14174172,1.03386393,6.20508804,22.61930631,0.147695
0.25,1362.0268,56.75112,0.11034744,0.99085101,6.1984405,22.70036105,0.14155
0.25,1363.0283,56.79285,0.08590666,0.95518167,6.18063709,22.77827458,0.136455
0.25,1364.0298,56.83458,0.06687925,0.92539441,6.1541516,22.85357473,0.132199
0.25,1365.0313,56.8763,0.05206621,0.90030029,6.12095002,22.92668348,0.128614
0.25,1366.0328,56.91803,0.0405341,0.87894004,6.08258885,22.997937,0.125563
0.25,1367.0343,56.95976,0.03155623,0.86054476,6.0402965,23.06760251,0.122935
0.25,1368.0358,57.00149,0.02456686,0.84450125,5.99503982,23.13589206,0.120643
0.25,1369.0373,57.04322,0.01912556,0.83032254,5.94757809,23.2029738,0.118618
0.25,1370.0387,57.08495,0.01488946,0.81762314,5.89850631,23.26898109,0.116803
0.25,1371.0402,57.12668,0.0115916,0.80609871,5.8482899,23.33401978,0.115157
0.25,1372.0417,57.16841,0.00902418,0.79550952,5.79729227,23.39817403,0.113644
0.25,1373.0432,57.21013,0.00702542,0.78566701,5.74579667,23.4615109,0.112238
0.25,1374.0447,57.25186,0.00546937,0.7764231,5.69402348,23.52408405,0.110918
0.25,1375.0462,57.29359,0.00425796,0.7676616,5.64214384,23.5859366,0.109666
0.25,1376.0477,57.33532,0.00331487,0.75929143,5.59029031,23.64710339,0.10847
0.25,1377.0492,57.37705,0.00258066,0.75124121,5.53856532,23.70761281,0.10732
0.25,1378.0507,57.41878,0.00200907,0.74345501,5.48704776,23.76748816,0.106208
0.25,1379.0522,57.46051,0.00156408,0.73588902,5.43579814,23.82674876,0.105127
0.25,1380.0537,57.50224,0.00121766,0.72850889,5.38486262,23.88541083,0.104073
0.25,1381.0551,57.54396,0.00094796,0.72128771,5.33427619,23.94348814,0.103041
0.25,1382.0566,57.58569,0.000738,0.71420434,5.28406514,24.00099253,0.102029
0.25,1383.0581,57.62742,0.00057454,0.70724214,5.23424895,24.05793437,0.101035
0.25,1384.0596,57.66915,0.00044728,0.70038806,5.18484186,24.1143228,0.100055
0.25,1385.0611,57.71088,0.00034821,0.69363175,5.13585396,24.17016607,0.09909
0.25,1386.0626,57.75261,0.00027109,0.68696504,5.0872922,24.22547167,0.098138
0.25,1387.0641,57.79434,0.00021105,0.68038144,5.03916101,24.2802465,0.097197
0.25,1388.0656,57.83607,0.0001643,0.67387575,4.99146293,24.33449702,0.096268
0.25,1389.0671,57.87779,0.00012791,0.66744382,4.94419899,24.38822928,0.095349
0.25,1390.0686,57.91952,9.958e-05,0.66108226,4.8973691,24.44144906,0.09444
0.25,1391.07,57.96125,7.752e-05,0.65478834,4.85097225,24.49416188,0.093541
0.25,1392.0715,58.00298,6.035e-05,0.64855979,4.80500678,24.54637307,0.092651
0.25,1393.073,58.04471,4.699e-05,0.64239474,4.75947048,24.59808779,0.091771
0.25,1394.0745,58.08644,3.658e-05,0.63629159,4.71436077,24.64931106,0.090899
0.25,1395.076,58.12817,2.848e-05,0.630249,4.66967473,24.70004779,0.090036
0.25,1396.0775,58.1699,2.217e-05,0.6242658,4.62540925,24.75030277,0.089181
0.25,1397.079,58.21162,1.726e-05,0.61834096,4.58156105,24.80008073,0.088334
0.25,1398.0805,58.25335,1.344e-05,0.61247357,4.53812669,24.8493863,0.087496
0.25,1399.082,58.29508,1.046e-05,0.6066628,4.49510268,24.89822406,0.086666
0.25,1400.0835,58.33681,8.14e-06,0.60090789,4.45248546,24.9465985,0.085844
0.25,1401.0849,58.37854,6.34e-06,0.59520815,4.41027143,24.99451408,0.08503
0.25,1402.0864,58.42027,4.94e-06,0.58956292,4.36845696,25.04197519,0.084223
0.25,1403.0879,58.462,3.84e-06,0.58397157,4.32703842,25.08898617,0.083425
0.25,1404.0894,58.50373,2.99e-06,0.57843353,4.28601217,25.13555131,0.082633
0.25,1405.0909,58.54545,2.33e-06,0.57294821,4.24537459,25.18167487,0.08185
0.25,1406.0924,58.58718,1.81e-06,0.56751508,4.20512206,25.22736104,0.081074
0.25,1407.0939,58.62891,1.41e-06,0.5621336,4.16525101,25.27261399,0.080305
0.25,1408.0954,58.67064,1.1e-06,0.55680324,4.12575784,25.31743782,0.079543
0.25,1409.0969,58.71237,8.6e-07,0.55152351,4.08663901,25.36183663,0.078789
0.25,1410.0984,58.7541,6.7e-07,0.5462939,4.047891,25.40581443,0.078042
0.25,1411.0999,58.79583,5.2e-07,0.54111393,4.00951032,25.44937524,0.077302
0.25,1412.1013,58.83756,4e-07,0.53598311,3.97149349,25.492523,0.076569
0.25,1413.1028,58.87928,3.1e-07,0.53090096,3.93383708,25.53526164,0.075843
0.25,1414.1043,58.92101,2.4e-07,0.52586703,3.89653769,25.57759504,0.075124
0.25,1415.1058,58.96274,1.9e-07,0.52088085,3.85959193,25.61952703,0.074412
0.25,1416.1073,59.00447,1.5e-07,0.51594195,3.82299646,25.66106144,0.073706
0.25,1417.1088,59.0462,1.2e-07,0.5110499,3.78674796,25.70220202,0.073007
0.25,1418.1103,59.08793,9e-08,0.50620424,3.75084314,25.74295252,0.072315
0.25,1419.1118,59.12966,7e-08,0.50140454,3.71527876,25.78331664,0.071629
0.25,1420.1133,59.17139,5e-08,0.49665034,3.68005158,25.82329802,0.07095
0.25,1421.1148,59.21311,4e-08,0.49194123,3.6451584,25.86290032,0.070277
0.25,1422.1162,59.25484,3e-08,0.48727678,3.61059607,25.90212712,0.069611
0.25,1423.1177,59.29657,3e-08,0.48265655,3.57636145,25.94098198,0.068951
0.25,1424.1192,59.3383,2e-08,0.47808013,3.54245142,25.97946843,0.068297
0.25,1425.1207,59.38003,2e-08,0.47354711,3.50886292,26.01758996,0.06765
0.25,1426.1222,59.42176,1e-08,0.46905707,3.47559289,26.05535003,0.067008
0.25,1427.1237,59.46349,1e-08,0.4646096,3.44263832,26.09275207,0.066373
0.25,1428.1252,59.50522,1e-08,0.4602043,3.40999622,26.12979948,0.065743
0.25,1429.1267,59.54694,1e-08,0.45584077,3.37766361,26.16649561,0.06512
0.25,1430.1282,59.58867,0.0,0.45151862,3.34563757,26.2028438,0.064503
0.25,1431.1297,59.6304,0.0,0.44723745,3.3139152,26.23884735,0.063891
0.25,1432.1311,59.67213,0.0,0.44299687,3.28249361,26.27450952,0.063285
0.25,1433.1326,59.71386,0.0,0.4387965,3.25136994,26.30983355,0.062685
0.25,1434.1341,59.75559,0.0,0.43463596,3.22054139,26.34482266,0.062091
0.25,1435.1356,59.79732,0.0,0.43051486,3.19000514,26.37948,0.061502
0.25,1436.1371,59.83905,0.0,0.42643284,3.15975842,26.41380873,0.060919
0.25,1437.1386,59.88077,0.0,0.42238953,3.1297985,26.44781197,0.060341
0.25,1438.1401,59.9225,0.0,0.41838455,3.10012265,26.4814928,0.059769
0.25,1439.1416,59.96423,0.0,0.41441755,3.07072817,26.51485428,0.059203
0.25,1440.1431,60.00596,0.0,0.41048816,3.04161241,26.54789943,0.058641
0.25,1441.1446,60.04769,0.0,0.40659603,3.01277271,26.58063126,0.058085
0.25,1442.1461,60.08942,0.0,0.4027408,2.98420646,26.61305273,0.057534
0.25,1443.1475,60.13115,0.0,0.39892213,2.95591107,26.6451668,0.056989
0.25,1444.149,60.17288,0.0,0.39513967,2.92788397,26.67697637,0.056449
0.25,1445.1505,60.21461,0.0,0.39139306,2.90012261,26.70848432,0.055913
0.25,1446.152,60.25633,0.0,0.38768199,2.87262448,26.73969353,0.055383
0.25,1447.1535,60.29806,0.0,0.3840061,2.84538708,26.77060682,0.054858
0.25,1448.155,60.33979,0.0,0.38036506,2.81840793,26.80122701,0.054338
0.25,1449.1565,60.38152,0.0,0.37675855,2.7916846,26.83155685,0.053823
0.25,1450.158,60.42325,0.0,0.37318623,2.76521464,26.86159912,0.053312
0.25,1451.1595,60.46498,0.0,0.36964779,2.73899567,26.89135654,0.052807
0.25,1452.161,60.50671,0.0,0.36614289,2.7130253,26.92083181,0.052306
0.25,1453.1624,60.54844,0.0,0.36267123,2.68730117,26.9500276,0.05181
0.25,1454.1639,60.59016,0.0,0.35923249,2.66182095,26.97894656,0.051319
0.25,1455.1654,60.63189,0.0,0.35582635,2.63658233,27.00759133,0.050832
0.25,1456.1669,60.67362,0.0,0.3524525,2.61158301,27.03596449,0.05035
0.25,1457.1684,60.71535,0.0,0.34911065,2.58682073,27.06406862,0.049873
0.25,1458.1699,60.75708,0.0,0.34580048,2.56229323,27.09190628,0.0494
0.25,1459.1714,60.79881,0.0,0.3425217,2.5379983,27.11948,0.048932
0.25,1460.1729,60.84054,0.0,0.33927401,2.51393373,27.14679226,0.048468
0.25,1461.1744,60.88227,0.0,0.33605711,2.49009733,27.17384556,0.048008
0.25,1462.1759,60.92399,0.0,0.33287071,2.46648694,27.20064235,0.047553
0.25,1463.1773,60.96572,0.0,0.32971453,2.44310042,27.22718505,0.047102
0.25,1464.1788,61.00745,0.0,0.32658827,2.41993564,27.25347609,0.046655
0.25,1465.1803,61.04918,0.0,0.32349165,2.3969905,27.27951784,0.046213
0.25,1466.1818,61.09091,0.0,0.3204244,2.37426293,27.30531268,0.045775
0.25,1467.1833,61.13264,0.0,0.31738623,2.35175085,27.33086293,0.045341
0.25,1468.1848,61.17437,0.0,0.31437686,2.32945222,27.35617092,0.044911
0.25,1469.1863,61.2161,0.0,0.31139603,2.30736502,27.38123895,0.044485
0.25,1470.1878,61.25782,0.0,0.30844346,2.28548724,27.40606929,0.044063
0.25,1471.1893,61.29955,0.0,0.30551889,2.26381691,27.4306642,0.043646
0.25,1472.1908,61.34128,0.0,0.30262205,2.24235205,27.45502591,0.043232
0.25,1473.1923,61.38301,0.0,0.29975267,2.22109071,27.47915662,0.042822
0.25,1474.1937,61.42474,0.0,0.2969105,2.20003096,27.50305854,0.042416
0.25,1475.1952,61.46647,0.0,0.29409528,2.1791709,27.52673382,0.042014
0.25,1476.1967,61.5082,0.0,0.29130675,2.15850862,27.55018462,0.041615
0.25,1477.1982,61.54993,0.0,0.28854467,2.13804226,27.57341307,0.041221
0.25,1478.1997,61.59165,0.0,0.28580877,2.11776996,27.59642127,0.04083
0.25,1479.2012,61.63338,0.0,0.28309881,2.09768987,27.61921132,0.040443
0.25,1480.2027,61.67511,0.0,0.28041455,2.07780018,27.64178527,0.040059
0.25,1481.2042,61.71684,0.0,0.27775574,2.05809907,27.66414519,0.039679
0.25,1482.2057,61.75857,0.0,0.27512214,2.03858476,27.6862931,0.039303
0.25,1483.2072,61.8003,0.0,0.27251351,2.01925549,27.708231,0.038931
0.25,1484.2086,61.84203,0.0,0.26992962,2.00010949,27.7299609,0.038561
0.25,1485.2101,61.88376,0.0,0.26737022,1.98114502,27.75148476,0.038196
0.25,1486.2116,61.92548,0.0,0.26483509,1.96236037,27.77280454,0.037834
0.25,1487.2131,61.96721,0.0,0.262324,1.94375383,27.79392217,0.037475
0.25,1488.2146,62.00894,0.0,0.25983672,1.92532372,27.81483956,0.03712
0.25,1489.2161,62.05067,0.0,0.25737302,1.90706835,27.83555863,0.036768
0.25,1490.2176,62.0924,0.0,0.25493269,1.88898607,27.85608124,0.036419
0.25,1491.2191,62.13413,0.0,0.25251549,1.87107525,27.87640927,0.036074
0.25,1492.2206,62.17586,0.0,0.25012121,1.85333425,27.89654454,0.035732
0.25,1493.2221,62.21759,0.0,0.24774963,1.83576146,27.91648891,0.035393
0.25,1494.2235,62.25931,0.0,0.24540054,1.8183553,27.93624416,0.035057
0.25,1495.225,62.30104,0.0,0.24307372,1.80111418,27.9558121,0.034725
0.25,1496.2265,62.34277,0.0,0.24076897,1.78403653,27.97519451,0.034396
0.25,1497.228,62.3845,0.0,0.23848606,1.7671208,27.99439313,0.034069
0.25,1498.2295,62.42623,0.0,0.23622481,1.75036547,28.01340972,0.033746
0.25,1499.231,62.46796,0.0,0.23398499,1.73376901,28.032246,0.033426
0.25,1500.2325,62.50969,0.0,0.23176641,1.71732991,28.05090368,0.033109
0.25,1501.234,62.55142,0.0,0.22956887,1.70104668,28.06938446,0.032796
0.25,1502.2355,62.59314,0.0,0.22739216,1.68491784,28.08769,0.032485
0.25,1503.237,62.63487,0.0,0.2252361,1.66894193,28.10582197,0.032177
0.25,1504.2385,62.6766,0.0,0.22310047,1.6531175,28.12378203,0.031871
0.25,1505.2399,62.71833,0.0,0.2209851,1.63744311,28.14157179,0.031569
0.25,1506.2414,62.76006,0.0,0.21888978,1.62191735,28.15919287,0.03127
0.25,1507.2429,62.80179,0.0,0.21681433,1.60653879,28.17664688,0.030973
0.25,1508.2444,62.84352,0.0,0.21475856,1.59130605,28.19393539,0.03068
0.25,1509.2459,62.88525,0.0,0.21272228,1.57621774,28.21105998,0.030389
0.25,1510.2474,62.92697,0.0,0.21070531,1.5612725,28.22802219,0.030101
0.25,1511.2489,62.9687,0.0,0.20870746,1.54646896,28.24482358,0.029815
0.25,1512.2504,63.01043,0.0,0.20672856,1.53180578,28.26146566,0.029533
0.25,1513.2519,63.05216,0.0,0.20476841,1.51728164,28.27794994,0.029253
0.25,1514.2534,63.09389,0.0,0.20282686,1.50289521,28.29427793,0.028975
0.25,1515.2548,63.13562,0.0,0.20090371,1.48864519,28.3104511,0.028701
0.25,1516.2563,63.17735,0.0,0.1989988,1.47453028,28.32647092,0.028428
0.25,1517.2578,63.21908,0.0,0.19711195,1.46054921,28.34233884,0.028159
0.25,1518.2593,63.2608,0.0,0.19524299,1.4467007,28.35805631,0.027892
0.25,1519.2608,63.30253,0.0,0.19339176,1.4329835,28.37362475,0.027627
0.25,1520.2623,63.34426,0.0,0.19155807,1.41939636,28.38904557,0.027365
0.25,1521.2638,63.38599,0.0,0.18974177,1.40593805,28.40432018,0.027106
0.25,1522.2653,63.42772,0.0,0.18794269,1.39260735,28.41944996,0.026849
0.25,1523.2668,63.46945,0.0,0.18616068,1.37940304,28.43443628,0.026594
0.25,1524.2683,63.51118,0.0,0.18439555,1.36632394,28.44928051,0.026342
0.25,1525.2697,63.55291,0.0,0.18264717,1.35336885,28.46398399,0.026092
0.25,1526.2712,63.59463,0.0,0.18091536,1.34053659,28.47854805,0.025845
0.25,1527.2727,63.63636,0.0,0.17919997,1.32782601,28.49297402,0.0256
0.25,1528.2742,63.67809,0.0,0.17750085,1.31523594,28.50726321,0.025357
0.25,1529.2757,63.71982,0.0,0.17581784,1.30276525,28.52141691,0.025117
0.25,1530.2772,63.76155,0.0,0.17415078,1.2904128,28.53543641,0.024879
0.25,1531.2787,63.80328,0.0,0.17249953,1.27817748,28.54932299,0.024643
0.25,1532.2802,63.84501,0.0,0.17086394,1.26605817,28.56307789,0.024409
0.25,1533.2817,63.88674,0.0,0.16924386,1.25405377,28.57670237,0.024178
0.25,1534.2832,63.92846,0.0,0.16763914,1.24216319,28.59019767,0.023948
0.25,1535.2846,63.97019,0.0,0.16604963,1.23038535,28.60356502,0.023721
0.25,1536.2861,64.01192,0.0,0.1644752,1.21871919,28.61680561,0.023496
0.25,1537.2876,64.05365,0.0,0.16291569,1.20716364,28.62992067,0.023274
0.25,1538.2891,64.09538,0.0,0.16137097,1.19571766,28.64291137,0.023053
0.25,1539.2906,64.13711,0.0,0.1598409,1.18438021,28.65577889,0.022834
0.25,1540.2921,64.17884,0.0,0.15832533,1.17315026,28.66852441,0.022618
0.25,1541.2936,64.22057,0.0,0.15682414,1.16202678,28.68114908,0.022403
0.25,1542.2951,64.2623,0.0,0.15533717,1.15100878,28.69365405,0.022191
0.25,1543.2966,64.30402,0.0,0.15386431,1.14009524,28.70604044,0.021981
0.25,1544.2981,64.34575,0.0,0.15240541,1.12928519,28.7183094,0.021772
0.25,1545.2996,64.38748,0.0,0.15096035,1.11857763,28.73046202,0.021566
0.25,1546.301,64.42921,0.0,0.14952899,1.1079716,28.74249942,0.021361
0.25,1547.3025,64.47094,0.0,0.1481112,1.09746613,28.75442268,0.021159
0.25,1548.304,64.51267,0.0,0.14670685,1.08706027,28.76623288,0.020958
0.25,1549.3055,64.5544,0.0,0.14531582,1.07675307,28.77793111,0.020759
0.25,1550.307,64.59613,0.0,0.14393797,1.06654361,28.78951842,0.020563
0.25,1551.3085,64.63785,0.0,0.14257319,1.05643095,28.80099586,0.020368
0.25,1552.31,64.67958,0.0,0.14122136,1.04641417,28.81236447,0.020174
0.25,1553.3115,64.72131,0.0,0.13988234,1.03649237,28.82362529,0.019983
0.25,1554.313,64.76304,0.0,0.13855601,1.02666465,28.83477934,0.019794
0.25,1555.3145,64.80477,0.0,0.13724226,1.01693011,28.84582763,0.019606
0.25,1556.3159,64.8465,0.0,0.13594097,1.00728787,28.85677116,0.01942
0.25,1557.3174,64.88823,0.0,0.13465202,0.99773705,28.86761093,0.019236
0.25,1558.3189,64.92996,0.0,0.13337529,0.9882768,28.87834792,0.019054
0.25,1559.3204,64.97168,0.0,0.13211066,0.97890624,28.8889831,0.018873
0.25,1560.3219,65.01341,0.0,0.13085802,0.96962453,28.89951744,0.018694
0.25,1561.3234,65.05514,0.0,0.12961727,0.96043083,28.9099519,0.018517
0.25,1562.3249,65.09687,0.0,0.12838827,0.9513243,28.92028743,0.018341
0.25,1563.3264,65.1386,0.0,0.12717093,0.94230411,28.93052495,0.018167
0.25,1564.3279,65.18033,0.0,0.12596513,0.93336946,28.94066541,0.017995
0.25,1565.3294,65.22206,0.0,0.12477077,0.92451952,28.95070972,0.017824
0.25,1566.3308,65.26379,0.0,0.12358773,0.91575349,28.96065879,0.017655
0.25,1567.3323,65.30551,0.0,0.1224159,0.90707057,28.97051352,0.017488
0.25,1568.3338,65.34724,0.0,0.12125519,0.89846999,28.98027482,0.017322
0.25,1569.3353,65.38897,0.0,0.12010548,0.88995096,28.98994356,0.017158
0.25,1570.3368,65.4307,0.0,0.11896668,0.8815127,28.99952063,0.016995
0.25,1571.3383,65.47243,0.0,0.11783867,0.87315444,29.00900688,0.016834
0.25,1572.3398,65.51416,0.0,0.11672136,0.86487544,29.0184032,0.016674
0.25,1573.3413,65.55589,0.0,0.11561464,0.85667494,29.02771042,0.016516
0.25,1574.3428,65.59762,0.0,0.11451841,0.8485522,29.03692939,0.01636
0.25,1575.3443,65.63934,0.0,0.11343258,0.84050647,29.04606095,0.016205
0.25,1576.3458,65.68107,0.0,0.11235705,0.83253703,29.05510592,0.016051
0.25,1577.3472,65.7228,0.0,0.11129171,0.82464315,29.06406514,0.015899
0.25,1578.3487,65.76453,0.0,0.11023648,0.81682412,29.07293941,0.015748
0.25,1579.3502,65.80626,0.0,0.10919124,0.80907923,29.08172953,0.015599
0.25,1580.3517,65.84799,0.0,0.10815592,0.80140777,29.09043631,0.015451
0.25,1581.3532,65.88972,0.0,0.10713042,0.79380905,29.09906053,0.015304
0.25,1582.3547,65.93145,0.0,0.10611464,0.78628238,29.10760298,0.015159
0.25,1583.3562,65.97317,0.0,0.10510849,0.77882708,29.11606443,0.015015
0.25,1584.3577,66.0149,0.0,0.10411188,0.77144246,29.12444566,0.014873
0.25,1585.3592,66.05663,0.0,0.10312472,0.76412786,29.13274741,0.014732
0.25,1586.3607,66.09836,0.0,0.10214693,0.75688262,29.14097045,0.014592
0.25,1587.3621,66.14009,0.0,0.1011784,0.74970608,29.14911552,0.014454
0.25,1588.3636,66.18182,0.0,0.10021905,0.74259758,29.15718337,0.014317
0.25,1589.3651,66.22355,0.0,0.0992688,0.73555648,29.16517471,0.014181
0.25,1590.3666,66.26528,0.0,0.09832757,0.72858215,29.17309029,0.014047
0.25,1591.3681,66.307,0.0,0.09739525,0.72167394,29.18093081,0.013914
0.25,1592.3696,66.34873,0.0,0.09647178,0.71483123,29.18869699,0.013782
0.25,1593.3711,66.39046,0.0,0.09555706,0.70805341,29.19638953,0.013651
0.25,1594.3726,66.43219,0.0,0.09465102,0.70133985,29.20400913,0.013522
0.25,1595.3741,66.47392,0.0,0.09375356,0.69468995,29.21155649,0.013393
0.25,1596.3756,66.51565,0.0,0.09286462,0.6881031,29.21903229,0.013266
0.25,1597.377,66.55738,0.0,0.0919841,0.6815787,29.2264372,0.013141
0.25,1598.3785,66.59911,0.0,0.09111194,0.67511616,29.2337719,0.013016
0.25,1599.38,66.64083,0.0,0.09024804,0.66871491,29.24103705,0.012893
0.25,1600.3815,66.68256,0.0,0.08939233,0.66237434,29.24823332,0.01277
0.25,1601.383,66.72429,0.0,0.08854474,0.6560939,29.25536136,0.012649
0.25,1602.3845,66.76602,0.0,0.08770518,0.64987301,29.26242181,0.012529
0.25,1603.386,66.80775,0.0,0.08687359,0.6437111,29.26941532,0.012411
0.25,1604.3875,66.84948,0.0,0.08604988,0.63760761,29.27634251,0.012293
0.25,1605.389,66.89121,0.0,0.08523398,0.631562,29.28320402,0.012176
0.25,1606.3905,66.93294,0.0,0.08442581,0.62557371,29.29000048,0.012061
0.25,1607.392,66.97466,0.0,0.08362531,0.6196422,29.29673249,0.011946
0.25,1608.3934,67.01639,0.0,0.0828324,0.61376693,29.30340067,0.011833
0.25,1609.3949,67.05812,0.0,0.08204701,0.60794737,29.31000563,0.011721
0.25,1610.3964,67.09985,0.0,0.08126906,0.60218298,29.31654795,0.01161
0.25,1611.3979,67.14158,0.0,0.08049849,0.59647326,29.32302825,0.0115
0.25,1612.3994,67.18331,0.0,0.07973523,0.59081767,29.3294471,0.011391
0.25,1613.4009,67.22504,0.0,0.0789792,0.5852157,29.33580509,0.011283
0.25,1614.4024,67.26677,0.0,0.07823034,0.57966686,29.3421028,0.011176
0.25,1615.4039,67.30849,0.0,0.07748859,0.57417062,29.34834079,0.01107
0.25,1616.4054,67.35022,0.0,0.07675386,0.5687265,29.35451964,0.010965
0.25,1617.4069,67.39195,0.0,0.0760261,0.563334,29.3606399,0.010861
0.25,1618.4083,67.43368,0.0,0.07530525,0.55799263,29.36670213,0.010758
0.25,1619.4098,67.47541,0.0,0.07459122,0.5527019,29.37270688,0.010656
0.25,1620.4113,67.51714,0.0,0.07388397,0.54746134,29.37865469,0.010555
0.25,1621.4128,67.55887,0.0,0.07318342,0.54227047,29.38454611,0.010455
0.25,1622.4143,67.6006,0.0,0.07248952,0.53712882,29.39038167,0.010356
0.25,1623.4158,67.64232,0.0,0.07180219,0.53203591,29.39616189,0.010257
0.25,1624.4173,67.68405,0.0,0.07112139,0.5269913,29.40188731,0.01016
0.25,1625.4188,67.72578,0.0,0.07044703,0.52199452,29.40755845,0.010064
0.25,1626.4203,67.76751,0.0,0.06977908,0.51704512,29.41317581,0.009968
0.25,1627.4218,67.80924,0.0,0.06911745,0.51214264,29.41873991,0.009874
0.25,1628.4232,67.85097,0.0,0.0684621,0.50728665,29.42425125,0.00978
0.25,1629.4247,67.8927,0.0,0.06781296,0.50247671,29.42971033,0.009688
0.25,1630.4262,67.93443,0.0,0.06716998,0.49771237,29.43511766,0.009596
0.25,1631.4277,67.97615,0.0,0.06653309,0.4929932,29.44047371,0.009505
0.25,1632.4292,68.01788,0.0,0.06590224,0.48831878,29.44577898,0.009415
0.25,1633.4307,68.05961,0.0,0.06527738,0.48368868,29.45103394,0.009325
0.25,1634.4322,68.10134,0.0,0.06465844,0.47910249,29.45623908,0.009237
0.25,1635.4337,68.14307,0.0,0.06404536,0.47455977,29.46139486,0.009149
0.25,1636.4352,68.1848,0.0,0.0634381,0.47006013,29.46650176,0.009063
0.25,1637.4367,68.22653,0.0,0.0628366,0.46560316,29.47156024,0.008977
0.25,1638.4382,68.26826,0.0,0.0622408,0.46118844,29.47657076,0.008892
0.25,1639.4396,68.30999,0.0,0.06165065,0.45681559,29.48153376,0.008807
0.25,1640.4411,68.35171,0.0,0.0610661,0.45248419,29.48644971,0.008724
0.25,1641.4426,68.39344,0.0,0.06048709,0.44819387,29.49131905,0.008641
0.25,1642.4441,68.43517,0.0,0.05991357,0.44394422,29.49614221,0.008559
0.25,1643.4456,68.4769,0.0,0.05934548,0.43973487,29.50091965,0.008478
0.25,1644.4471,68.51863,0.0,0.05878279,0.43556543,29.50565179,0.008398
0.25,1645.4486,68.56036,0.0,0.05822542,0.43143552,29.51033905,0.008318
0.25,1646.4501,68.60209,0.0,0.05767335,0.42734477,29.51498188,0.008239
0.25,1647.4516,68.64382,0.0,0.05712651,0.42329281,29.51958068,0.008161
0.25,1648.4531,68.68554,0.0,0.05658485,0.41927927,29.52413588,0.008084
0.25,1649.4545,68.72727,0.0,0.05604833,0.41530379,29.52864789,0.008007
0.25,1650.456,68.769,0.0,0.05551689,0.41136599,29.53311711,0.007931
0.25,1651.4575,68.81073,0.0,0.0549905,0.40746554,29.53754396,0.007856
0.25,1652.459,68.85246,0.0,0.05446909,0.40360207,29.54192884,0.007781
0.25,1653.4605,68.89419,0.0,0.05395263,0.39977523,29.54627214,0.007708
0.25,1654.462,68.93592,0.0,0.05344107,0.39598467,29.55057426,0.007634
0.25,1655.4635,68.97765,0.0,0.05293436,0.39223006,29.55483558,0.007562
0.25,1656.465,69.01937,0.0,0.05243245,0.38851105,29.5590565,0.00749
0.25,1657.4665,69.0611,0.0,0.0519353,0.3848273,29.5632374,0.007419
0.25,1658.468,69.10283,0.0,0.05144286,0.38117848,29.56737866,0.007349
0.25,1659.4694,69.14456,0.0,0.0509551,0.37756425,29.57148065,0.007279
0.25,1660.4709,69.18629,0.0,0.05047196,0.37398429,29.57554375,0.00721
0.25,1661.4724,69.22802,0.0,0.04999339,0.37043828,29.57956832,0.007142
0.25,1662.4739,69.26975,0.0,0.04951937,0.36692589,29.58355474,0.007074
0.25,1663.4754,69.31148,0.0,0.04904984,0.36344681,29.58750335,0.007007
0.25,1664.4769,69.3532,0.0,0.04858477,0.36000071,29.59141453,0.006941
0.25,1665.4784,69.39493,0.0,0.0481241,0.35658728,29.59528862,0.006875
0.25,1666.4799,69.43666,0.0,0.0476678,0.35320623,29.59912597,0.00681
0.25,1667.4814,69.47839,0.0,0.04721583,0.34985723,29.60292695,0.006745
0.25,1668.4829,69.52012,0.0,0.04676814,0.34653998,29.60669188,0.006681
0.25,1669.4844,69.56185,0.0,0.0463247,0.34325419,29.61042111,0.006618
0.25,1670.4858,69.60358,0.0,0.04588546,0.33999955,29.61411499,0.006555
0.25,1671.4873,69.64531,0.0,0.04545039,0.33677577,29.61777384,0.006493
0.25,1672.4888,69.68703,0.0,0.04501944,0.33358256,29.621398,0.006431
0.25,1673.4903,69.72876,0.0,0.04459258,0.33041962,29.6249878,0.00637
0.25,1674.4918,69.77049,0.0,0.04416977,0.32728668,29.62854355,0.00631
0.25,1675.4933,69.81222,0.0,0.04375096,0.32418344,29.6320656,0.00625
0.25,1676.4948,69.85395,0.0,0.04333613,0.32110963,29.63555425,0.006191
0.25,1677.4963,69.89568,0.0,0.04292523,0.31806496,29.63900982,0.006132
0.25,1678.4978,69.93741,0.0,0.04251822,0.31504916,29.64243262,0.006074
0.25,1679.4993,69.97914,0.0,0.04211508,0.31206195,29.64582297,0.006016
0.25,1680.5007,70.02086,0.0,0.04171575,0.30910307,29.64918118,0.005959
0.25,1681.5022,70.06259,0.0,0.04132022,0.30617224,29.65250754,0.005903
0.25,1682.5037,70.10432,0.0,0.04092843,0.30326921,29.65580237,0.005847
0.25,1683.5052,70.14605,0.0,0.04054036,0.30039369,29.65906595,0.005791
0.25,1684.5067,70.18778,0.0,0.04015597,0.29754545,29.66229859,0.005737
0.25,1685.5082,70.22951,0.0,0.03977522,0.29472421,29.66550058,0.005682
0.25,1686.5097,70.27124,0.0,0.03939808,0.29192972,29.6686722,0.005628
0.25,1687.5112,70.31297,0.0,0.03902452,0.28916172,29.67181376,0.005575
0.25,1688.5127,70.35469,0.0,0.0386545,0.28641997,29.67492553,0.005522
0.25,1689.5142,70.39642,0.0,0.03828799,0.28370422,29.67800779,0.00547
0.25,1690.5156,70.43815,0.0,0.03792495,0.28101422,29.68106083,0.005418
0.25,1691.5171,70.47988,0.0,0.03756536,0.27834972,29.68408492,0.005366
0.25,1692.5186,70.52161,0.0,0.03720918,0.27571049,29.68708033,0.005316
0.25,1693.5201,70.56334,0.0,0.03685637,0.27309628,29.69004735,0.005265
0.25,1694.5216,70.60507,0.0,0.03650691,0.27050686,29.69298623,0.005215
0.25,1695.5231,70.6468,0.0,0.03616076,0.26794199,29.69589725,0.005166
0.25,1696.5246,70.68852,0.0,0.03581789,0.26540144,29.69878066,0.005117
0.25,1697.5261,70.73025,0.0,0.03547828,0.26288498,29.70163674,0.005068
0.25,1698.5276,70.77198,0.0,0.03514188,0.26039238,29.70446573,0.00502
0.25,1699.5291,70.81371,0.0,0.03480868,0.25792342,29.7072679,0.004973
0.25,1700.5306,70.85544,0.0,0.03447863,0.25547786,29.71004351,0.004926
0.25,1701.532,70.89717,0.0,0.03415172,0.25305549,29.71279279,0.004879
0.25,1702.5335,70.9389,0.0,0.0338279,0.25065609,29.71551601,0.004833
0.25,1703.535,70.98063,0.0,0.03350715,0.24827944,29.7182134,0.004787
0.25,1704.5365,71.02235,0.0,0.03318945,0.24592533,29.72088522,0.004741
0.25,1705.538,71.06408,0.0,0.03287476,0.24359354,29.72353171,0.004696
0.25,1706.5395,71.10581,0.0,0.03256305,0.24128385,29.7261531,0.004652
0.25,1707.541,71.14754,0.0,0.03225429,0.23899607,29.72874964,0.004608
0.25,1708.5425,71.18927,0.0,0.03194847,0.23672998,29.73132156,0.004564
0.25,1709.544,71.231,0.0,0.03164554,0.23448537,29.73386909,0.004521
0.25,1710.5455,71.27273,0.0,0.03134549,0.23226205,29.73639247,0.004478
0.25,1711.5469,71.31446,0.0,0.03104828,0.2300598,29.73889192,0.004435
0.25,1712.5484,71.35618,0.0,0.03075389,0.22787844,29.74136767,0.004393
0.25,1713.5499,71.39791,0.0,0.03046229,0.22571777,29.74381995,0.004352
0.25,1714.5514,71.43964,0.0,0.03017345,0.22357757,29.74624897,0.00431
0.25,1715.5529,71.48137,0.0,0.02988736,0.22145768,29.74865497,0.00427
0.25,1716.5544,71.5231,0.0,0.02960397,0.21935788,29.75103815,0.004229
0.25,1717.5559,71.56483,0.0,0.02932328,0.21727799,29.75339873,0.004189
0.25,1718.5574,71.60656,0.0,0.02904524,0.21521782,29.75573694,0.004149
0.25,1719.5589,71.64829,0.0,0.02876984,0.21317719,29.75805297,0.00411
0.25,1720.5604,71.69001,0.0,0.02849706,0.2111559,29.76034704,0.004071
0.25,1721.5618,71.73174,0.0,0.02822685,0.20915378,29.76261936,0.004032
0.25,1722.5633,71.77347,0.0,0.02795922,0.20717065,29.76487014,0.003994
0.25,1723.5648,71.8152,0.0,0.02769411,0.20520631,29.76709957,0.003956
0.25,1724.5663,71.85693,0.0,0.02743153,0.20326061,29.76930787,0.003919
0.25,1725.5678,71.89866,0.0,0.02717143,0.20133335,29.77149522,0.003882
0.25,1726.5693,71.94039,0.0,0.0269138,0.19942436,29.77366184,0.003845
0.25,1727.5708,71.98212,0.0,0.02665861,0.19753348,29.77580791,0.003808
0.25,1728.5723,72.02385,0.0,0.02640584,0.19566052,29.77793364,0.003772
0.25,1729.5738,72.06557,0.0,0.02615547,0.19380532,29.78003921,0.003736
0.25,1730.5753,72.1073,0.0,0.02590747,0.19196772,29.78212481,0.003701
0.25,1731.5768,72.14903,0.0,0.02566182,0.19014754,29.78419064,0.003666
0.25,1732.5782,72.19076,0.0,0.0254185,0.18834461,29.78623689,0.003631
0.25,1733.5797,72.23249,0.0,0.02517749,0.18655878,29.78826373,0.003597
0.25,1734.5812,72.27422,0.0,0.02493877,0.18478988,29.79027135,0.003563
0.25,1735.5827,72.31595,0.0,0.0247023,0.18303776,29.79225994,0.003529
0.25,1736.5842,72.35768,0.0,0.02446808,0.18130225,29.79422967,0.003495
0.25,1737.5857,72.3994,0.0,0.02423608,0.17958319,29.79618072,0.003462
0.25,1738.5872,72.44113,0.0,0.02400628,0.17788044,29.79811328,0.003429
0.25,1739.5887,72.48286,0.0,0.02377866,0.17619382,29.80002751,0.003397
0.25,1740.5902,72.52459,0.0,0.0235532,0.1745232,29.80192359,0.003365
0.25,1741.5917,72.56632,0.0,0.02332988,0.17286843,29.8038017,0.003333
0.25,1742.5931,72.60805,0.0,0.02310867,0.17122934,29.80566199,0.003301
0.25,1743.5946,72.64978,0.0,0.02288956,0.16960579,29.80750465,0.00327
0.25,1744.5961,72.69151,0.0,0.02267253,0.16799764,29.80932984,0.003239
0.25,1745.5976,72.73323,0.0,0.02245755,0.16640473,29.81113772,0.003208
0.25,1746.5991,72.77496,0.0,0.02224462,0.16482693,29.81292845,0.003178
0.25,1747.6006,72.81669,0.0,0.0220337,0.16326409,29.81470221,0.003148
0.25,1748.6021,72.85842,0.0,0.02182478,0.16171606,29.81645915,0.003118
0.25,1749.6036,72.90015,0.0,0.02161785,0.16018272,29.81819944,0.003088
0.25,1750.6051,72.94188,0.0,0.02141287,0.15866391,29.81992322,0.003059
0.25,1751.6066,72.98361,0.0,0.02120984,0.15715951,29.82163065,0.00303
0.25,1752.608,73.02534,0.0,0.02100874,0.15566936,29.8233219,0.003001
0.25,1753.6095,73.06706,0.0,0.02080954,0.15419335,29.82499711,0.002973
0.25,1754.611,73.10879,0.0,0.02061223,0.15273133,29.82665644,0.002945
0.25,1755.6125,73.15052,0.0,0.02041679,0.15128318,29.82830003,0.002917
0.25,1756.614,73.19225,0.0,0.0202232,0.14984876,29.82992804,0.002889
0.25,1757.6155,73.23398,0.0,0.02003145,0.14842793,29.83154062,0.002862
0.25,1758.617,73.27571,0.0,0.01984152,0.14702058,29.8331379,0.002835
0.25,1759.6185,73.31744,0.0,0.01965339,0.14562658,29.83472004,0.002808
0.25,1760.62,73.35917,0.0,0.01946704,0.14424579,29.83628718,0.002781
0.25,1761.6215,73.40089,0.0,0.01928246,0.14287809,29.83783945,0.002755
0.25,1762.623,73.44262,0.0,0.01909963,0.14152336,29.83937701,0.002729
0.25,1763.6244,73.48435,0.0,0.01891853,0.14018148,29.84089999,0.002703
0.25,1764.6259,73.52608,0.0,0.01873915,0.13885231,29.84240854,0.002677
0.25,1765.6274,73.56781,0.0,0.01856147,0.13753576,29.84390277,0.002652
0.25,1766.6289,73.60954,0.0,0.01838548,0.13623168,29.84538284,0.002626
0.25,1767.6304,73.65127,0.0,0.01821115,0.13493997,29.84684888,0.002602
0.25,1768.6319,73.693,0.0,0.01803848,0.13366051,29.84830101,0.002577
0.25,1769.6334,73.73472,0.0,0.01786744,0.13239318,29.84973938,0.002552
0.25,1770.6349,73.77645,0.0,0.01769803,0.13113787,29.85116411,0.002528
0.25,1771.6364,73.81818,0.0,0.01753022,0.12989445,29.85257533,0.002504
0.25,1772.6379,73.85991,0.0,0.017364,0.12866283,29.85397316,0.002481
0.25,1773.6393,73.90164,0.0,0.01719936,0.12744289,29.85535775,0.002457
0.25,1774.6408,73.94337,0.0,0.01703628,0.12623451,29.85672921,0.002434
0.25,1775.6423,73.9851,0.0,0.01687475,0.12503759,29.85808766,0.002411
0.25,1776.6438,74.02683,0.0,0.01671475,0.12385202,29.85943323,0.002388
0.25,1777.6453,74.06855,0.0,0.01655626,0.12267769,29.86076604,0.002365
0.25,1778.6468,74.11028,0.0,0.01639928,0.1215145,29.86208622,0.002343
0.25,1779.6483,74.15201,0.0,0.01624379,0.12036233,29.86339388,0.002321
0.25,1780.6498,74.19374,0.0,0.01608977,0.11922109,29.86468914,0.002299
0.25,1781.6513,74.23547,0.0,0.01593721,0.11809067,29.86597212,0.002277
0.25,1782.6528,74.2772,0.0,0.0157861,0.11697097,29.86724293,0.002255
0.25,1783.6542,74.31893,0.0,0.01563642,0.11586188,29.8685017,0.002234
0.25,1784.6557,74.36066,0.0,0.01548816,0.11476331,29.86974853,0.002213
0.25,1785.6572,74.40238,0.0,0.01534131,0.11367516,29.87098353,0.002192
0.25,1786.6587,74.44411,0.0,0.01519584,0.11259733,29.87220683,0.002171
0.25,1787.6602,74.48584,0.0,0.01505176,0.11152971,29.87341853,0.00215
0.25,1788.6617,74.52757,0.0,0.01490905,0.11047222,29.87461874,0.00213
0.25,1789.6632,74.5693,0.0,0.01476768,0.10942475,29.87580757,0.00211
0.25,1790.6647,74.61103,0.0,0.01462766,0.10838722,29.87698512,0.00209
0.25,1791.6662,74.65276,0.0,0.01448896,0.10735952,29.87815152,0.00207
0.25,1792.6677,74.69449,0.0,0.01435158,0.10634157,29.87930685,0.00205
0.25,1793.6692,74.73621,0.0,0.01421551,0.10533327,29.88045123,0.002031
0.25,1794.6706,74.77794,0.0,0.01408072,0.10433453,29.88158475,0.002012
0.25,1795.6721,74.81967,0.0,0.01394721,0.10334526,29.88270753,0.001992
0.25,1796.6736,74.8614,0.0,0.01381497,0.10236537,29.88381967,0.001974
0.25,1797.6751,74.90313,0.0,0.01368398,0.10139477,29.88492126,0.001955
0.25,1798.6766,74.94486,0.0,0.01355423,0.10043337,29.8860124,0.001936
0.25,1799.6781,74.98659,0.0,0.01342571,0.09948109,29.8870932,0.001918
0.25,1800.6796,75.02832,0.0,0.01329841,0.09853784,29.88816375,0.0019
0.25,1801.6811,75.07004,0.0,0.01317232,0.09760353,29.88922415,0.001882
0.25,1802.6826,75.11177,0.0,0.01304742,0.09667808,29.89027449,0.001864
0.25,1803.6841,75.1535,0.0,0.01292371,0.09576141,29.89131488,0.001846
0.25,1804.6855,75.19523,0.0,0.01280117,0.09485343,29.8923454,0.001829
0.25,1805.687,75.23696,0.0,0.0126798,0.09395406,29.89336615,0.001811
0.25,1806.6885,75.27869,0.0,0.01255957,0.09306321,29.89437722,0.001794
0.25,1807.69,75.32042,0.0,0.01244048,0.09218081,29.8953787,0.001777
0.25,1808.6915,75.36215,0.0,0.01232253,0.09130678,29.89637069,0.00176
0.25,1809.693,75.40387,0.0,0.01220569,0.09044103,29.89735328,0.001744
0.25,1810.6945,75.4456,0.0,0.01208996,0.0895835,29.89832654,0.001727
0.25,1811.696,75.48733,0.0,0.01197532,0.08873409,29.89929058,0.001711
0.25,1812.6975,75.52906,0.0,0.01186178,0.08789274,29.90024548,0.001695
0.25,1813.699,75.57079,0.0,0.01174931,0.08705937,29.90119132,0.001678
0.25,1814.7004,75.61252,0.0,0.0116379,0.0862339,29.9021282,0.001663
0.25,1815.7019,75.65425,0.0,0.01152756,0.08541625,29.90305619,0.001647
0.25,1816.7034,75.69598,0.0,0.01141826,0.08460636,29.90397539,0.001631
0.25,1817.7049,75.7377,0.0,0.01130999,0.08380415,29.90488586,0.001616
0.25,1818.7064,75.77943,0.0,0.01120275,0.08300954,29.90578771,0.0016
0.25,1819.7079,75.82116,0.0,0.01109653,0.08222247,29.906681,0.001585
0.25,1820.7094,75.86289,0.0,0.01099132,0.08144286,29.90756583,0.00157
0.25,1821.7109,75.90462,0.0,0.0108871,0.08067064,29.90844226,0.001555
0.25,1822.7124,75.94635,0.0,0.01078387,0.07990574,29.90931038,0.001541
0.25,1823.7139,75.98808,0.0,0.01068162,0.0791481,29.91017028,0.001526
0.25,1824.7154,76.02981,0.0,0.01058034,0.07839764,29.91102202,0.001511
0.25,1825.7168,76.07154,0.0,0.01048002,0.0776543,29.91186568,0.001497
0.25,1826.7183,76.11326,0.0,0.01038065,0.076918,29.91270135,0.001483
0.25,1827.7198,76.15499,0.0,0.01028223,0.07618869,29.91352909,0.001469
0.25,1828.7213,76.19672,0.0,0.01018474,0.07546629,29.91434898,0.001455
0.25,1829.7228,76.23845,0.0,0.01008817,0.07475074,29.9151611,0.001441
0.25,1830.7243,76.28018,0.0,0.00999251,0.07404197,29.91596552,0.001428
0.25,1831.7258,76.32191,0.0,0.00989777,0.07333993,29.91676231,0.001414
0.25,1832.7273,76.36364,0.0,0.00980392,0.07264454,29.91755154,0.001401
0.25,1833.7288,76.40537,0.0,0.00971096,0.07195574,29.9183333,0.001387
0.25,1834.7303,76.44709,0.0,0.00961888,0.07127348,29.91910764,0.001374
0.25,1835.7317,76.48882,0.0,0.00952768,0.07059769,29.91987463,0.001361
0.25,1836.7332,76.53055,0.0,0.00943734,0.0699283,29.92063436,0.001348
0.25,1837.7347,76.57228,0.0,0.00934786,0.06926526,29.92138688,0.001335
0.25,1838.7362,76.61401,0.0,0.00925923,0.0686085,29.92213227,0.001323
0.25,1839.7377,76.65574,0.0,0.00917143,0.06795798,29.92287059,0.00131
0.25,1840.7392,76.69747,0.0,0.00908447,0.06731362,29.92360191,0.001298
0.25,1841.7407,76.7392,0.0,0.00899834,0.06667537,29.92432629,0.001285
0.25,1842.7422,76.78092,0.0,0.00891302,0.06604318,29.92504381,0.001273
0.25,1843.7437,76.82265,0.0,0.00882851,0.06541697,29.92575452,0.001261
0.25,1844.7452,76.86438,0.0,0.0087448,0.06479671,29.9264585,0.001249
0.25,1845.7466,76.90611,0.0,0.00866188,0.06418232,29.9271558,0.001237
0.25,1846.7481,76.94784,0.0,0.00857975,0.06357377,29.92784648,0.001226
0.25,1847.7496,76.98957,0.0,0.0084984,0.06297098,29.92853062,0.001214
0.25,1848.7511,77.0313,0.0,0.00841782,0.0623739,29.92920827,0.001203
0.25,1849.7526,77.07303,0.0,0.00833801,0.06178249,29.9298795,0.001191
0.25,1850.7541,77.11475,0.0,0.00825895,0.06119669,29.93054436,0.00118
0.25,1851.7556,77.15648,0.0,0.00818064,0.06061644,29.93120292,0.001169
0.25,1852.7571,77.19821,0.0,0.00810307,0.06004169,29.93185524,0.001158
0.25,1853.7586,77.23994,0.0,0.00802624,0.05947239,29.93250137,0.001147
0.25,1854.7601,77.28167,0.0,0.00795014,0.05890849,29.93314137,0.001136
0.25,1855.7615,77.3234,0.0,0.00787476,0.05834994,29.9337753,0.001125
0.25,1856.763,77.36513,0.0,0.00780009,0.05779668,29.93440323,0.001114
0.25,1857.7645,77.40686,0.0,0.00772613,0.05724867,29.9350252,0.001104
0.25,1858.766,77.44858,0.0,0.00765288,0.05670586,29.93564127,0.001093
0.25,1859.7675,77.49031,0.0,0.00758031,0.05616819,29.9362515,0.001083
0.25,1860.769,77.53204,0.0,0.00750844,0.05563562,29.93685594,0.001073
0.25,1861.7705,77.57377,0.0,0.00743725,0.0551081,29.93745466,0.001062
0.25,1862.772,77.6155,0.0,0.00736673,0.05458558,29.9380477,0.001052
0.25,1863.7735,77.65723,0.0,0.00729688,0.05406801,29.93863511,0.001042
0.25,1864.775,77.69896,0.0,0.00722769,0.05355535,29.93921695,0.001033
0.25,1865.7765,77.74069,0.0,0.00715916,0.05304756,29.93979328,0.001023
0.25,1866.7779,77.78241,0.0,0.00709128,0.05254458,29.94036414,0.001013
0.25,1867.7794,77.82414,0.0,0.00702404,0.05204636,29.94092959,0.001003
0.25,1868.7809,77.86587,0.0,0.00695744,0.05155287,29.94148968,0.000994
0.25,1869.7824,77.9076,0.0,0.00689147,0.05106406,29.94204446,0.000984
0.25,1870.7839,77.94933,0.0,0.00682613,0.05057989,29.94259398,0.000975
0.25,1871.7854,77.99106,0.0,0.00676141,0.05010031,29.94313829,0.000966
0.25,1872.7869,78.03279,0.0,0.0066973,0.04962527,29.94367743,0.000957
0.25,1873.7884,78.07452,0.0,0.0066338,0.04915474,29.94421147,0.000948
0.25,1874.7899,78.11624,0.0,0.0065709,0.04868867,29.94474044,0.000939
0.25,1875.7914,78.15797,0.0,0.00650859,0.04822701,29.94526439,0.00093
0.25,1876.7928,78.1997,0.0,0.00644688,0.04776974,29.94578338,0.000921
0.25,1877.7943,78.24143,0.0,0.00638575,0.0473168,29.94629745,0.000912
0.25,1878.7958,78.28316,0.0,0.00632521,0.04686816,29.94680664,0.000904
0.25,1879.7973,78.32489,0.0,0.00626523,0.04642376,29.947311,0.000895
0.25,1880.7988,78.36662,0.0,0.00620583,0.04598359,29.94781059,0.000887
0.25,1881.8003,78.40835,0.0,0.00614698,0.04554758,29.94830543,0.000878
0.25,1882.8018,78.45007,0.0,0.0060887,0.04511572,29.94879558,0.00087
0.25,1883.8033,78.4918,0.0,0.00603097,0.04468794,29.94928109,0.000862
0.25,1884.8048,78.53353,0.0,0.00597379,0.04426422,29.94976199,0.000853
0.25,1885.8063,78.57526,0.0,0.00591714,0.04384452,29.95023833,0.000845
0.25,1886.8077,78.61699,0.0,0.00586104,0.0434288,29.95071016,0.000837
0.25,1887.8092,78.65872,0.0,0.00580547,0.04301702,29.95117751,0.000829
0.25,1888.8107,78.70045,0.0,0.00575042,0.04260915,29.95164043,0.000821
0.25,1889.8122,78.74218,0.0,0.0056959,0.04220514,29.95209896,0.000814
0.25,1890.8137,78.7839,0.0,0.00564189,0.04180496,29.95255315,0.000806
0.25,1891.8152,78.82563,0.0,0.0055884,0.04140858,29.95300303,0.000798
0.25,1892.8167,78.86736,0.0,0.00553541,0.04101596,29.95344864,0.000791
0.25,1893.8182,78.90909,0.0,0.00548292,0.04062705,29.95389002,0.000783
0.25,1894.8197,78.95082,0.0,0.00543093,0.04024184,29.95432723,0.000776
0.25,1895.8212,78.99255,0.0,0.00537944,0.03986028,29.95476028,0.000768
0.25,1896.8227,79.03428,0.0,0.00532843,0.03948233,29.95518923,0.000761
0.25,1897.8241,79.07601,0.0,0.00527791,0.03910797,29.95561411,0.000754
0.25,1898.8256,79.11773,0.0,0.00522787,0.03873716,29.95603497,0.000747
0.25,1899.8271,79.15946,0.0,0.0051783,0.03836987,29.95645183,0.00074
0.25,1900.8286,79.20119,0.0,0.0051292,0.03800606,29.95686474,0.000733
0.25,1901.8301,79.24292,0.0,0.00508057,0.03764569,29.95727374,0.000726
0.25,1902.8316,79.28465,0.0,0.00503239,0.03728875,29.95767886,0.000719
0.25,1903.8331,79.32638,0.0,0.00498468,0.03693519,29.95808014,0.000712
0.25,1904.8346,79.36811,0.0,0.00493741,0.03658498,29.95847761,0.000705
0.25,1905.8361,79.40984,0.0,0.0048906,0.03623809,29.95887131,0.000699
0.25,1906.8376,79.45156,0.0,0.00484423,0.03589449,29.95926128,0.000692
0.25,1907.839,79.49329,0.0,0.0047983,0.03555415,29.95964755,0.000685
0.25,1908.8405,79.53502,0.0,0.0047528,0.03521704,29.96003016,0.000679
0.25,1909.842,79.57675,0.0,0.00470774,0.03488312,29.96040915,0.000673
0.25,1910.8435,79.61848,0.0,0.0046631,0.03455237,29.96078454,0.000666
0.25,1911.845,79.66021,0.0,0.00461888,0.03422475,29.96115637,0.00066
0.25,1912.8465,79.70194,0.0,0.00457509,0.03390024,29.96152467,0.000654
0.25,1913.848,79.74367,0.0,0.00453171,0.03357881,29.96188948,0.000647
0.25,1914.8495,79.78539,0.0,0.00448874,0.03326042,29.96225084,0.000641
0.25,1915.851,79.82712,0.0,0.00444618,0.03294506,29.96260876,0.000635
0.25,1916.8525,79.86885,0.0,0.00440402,0.03263268,29.9629633,0.000629
0.25,1917.8539,79.91058,0.0,0.00436226,0.03232327,29.96331447,0.000623
0.25,1918.8554,79.95231,0.0,0.0043209,0.03201679,29.96366231,0.000617
0.25,1919.8569,79.99404,0.0,0.00427993,0.03171321,29.96400685,0.000611
0.25,1920.8584,80.03577,0.0,0.00423935,0.03141252,29.96434813,0.000606
0.25,1921.8599,80.0775,0.0,0.00419916,0.03111467,29.96468617,0.0006
0.25,1922.8614,80.11923,0.0,0.00415934,0.03081965,29.965021,0.000594
0.25,1923.8629,80.16095,0.0,0.0041199,0.03052743,29.96535267,0.000589
0.25,1924.8644,80.20268,0.0,0.00408084,0.03023798,29.96568118,0.000583
0.25,1925.8659,80.24441,0.0,0.00404215,0.02995127,29.96600658,0.000577
0.25,1926.8674,80.28614,0.0,0.00400382,0.02966728,29.9663289,0.000572
0.25,1927.8689,80.32787,0.0,0.00396586,0.02938598,29.96664816,0.000567
0.25,1928.8703,80.3696,0.0,0.00392825,0.02910736,29.96696439,0.000561
0.25,1929.8718,80.41133,0.0,0.00389101,0.02883137,29.96727763,0.000556
0.25,1930.8733,80.45306,0.0,0.00385411,0.028558,29.96758789,0.000551
0.25,1931.8748,80.49478,0.0,0.00381757,0.02828722,29.96789521,0.000545
0.25,1932.8763,80.53651,0.0,0.00378137,0.02801901,29.96819962,0.00054
0.25,1933.8778,80.57824,0.0,0.00374552,0.02775334,29.96850114,0.000535
0.25,1934.8793,80.61997,0.0,0.00371001,0.02749019,29.96879981,0.00053
0.25,1935.8808,80.6617,0.0,0.00367483,0.02722954,29.96909564,0.000525
0.25,1936.8823,80.70343,0.0,0.00363998,0.02697135,29.96938866,0.00052
0.25,1937.8838,80.74516,0.0,0.00360547,0.02671562,29.96967891,0.000515
0.25,1938.8852,80.78689,0.0,0.00357128,0.02646231,29.96996641,0.00051
0.25,1939.8867,80.82861,0.0,0.00353742,0.0262114,29.97025118,0.000505
0.25,1940.8882,80.87034,0.0,0.00350388,0.02596287,29.97053325,0.000501
0.25,1941.8897,80.91207,0.0,0.00347066,0.0257167,29.97081264,0.000496
0.25,1942.8912,80.9538,0.0,0.00343775,0.02547286,29.97108939,0.000491
0.25,1943.8927,80.99553,0.0,0.00340516,0.02523133,29.97136351,0.000486
0.25,1944.8942,81.03726,0.0,0.00337287,0.0249921,29.97163503,0.000482
0.25,1945.8957,81.07899,0.0,0.00334089,0.02475513,29.97190398,0.000477
0.25,1946.8972,81.12072,0.0,0.00330921,0.02452041,29.97217038,0.000473
0.25,1947.8987,81.16244,0.0,0.00327783,0.02428791,29.97243425,0.000468
0.25,1948.9001,81.20417,0.0,0.00324675,0.02405762,29.97269562,0.000464
0.25,1949.9016,81.2459,0.0,0.00321597,0.02382951,29.97295452,0.000459
0.25,1950.9031,81.28763,0.0,0.00318548,0.02360357,29.97321095,0.000455
0.25,1951.9046,81.32936,0.0,0.00315527,0.02337977,29.97346496,0.000451
0.25,1952.9061,81.37109,0.0,0.00312536,0.02315809,29.97371656,0.000446
0.25,1953.9076,81.41282,0.0,0.00309572,0.02293851,29.97396577,0.000442
0.25,1954.9091,81.45455,0.0,0.00306637,0.02272101,29.97421262,0.000438
0.25,1955.9106,81.49627,0.0,0.00303729,0.02250558,29.97445713,0.000434
0.25,1956.9121,81.538,0.0,0.0030085,0.02229219,29.97469932,0.00043
0.25,1957.9136,81.57973,0.0,0.00297997,0.02208082,29.97493921,0.000426
0.25,1958.9151,81.62146,0.0,0.00295172,0.02187146,29.97517683,0.000422
0.25,1959.9165,81.66319,0.0,0.00292373,0.02166408,29.9754122,0.000418
0.25,1960.918,81.70492,0.0,0.00289601,0.02145866,29.97564533,0.000414
0.25,1961.9195,81.74665,0.0,0.00286855,0.0212552,29.97587625,0.00041
0.25,1962.921,81.78838,0.0,0.00284135,0.02105366,29.97610499,0.000406
0.25,1963.9225,81.8301,0.0,0.00281441,0.02085404,29.97633155,0.000402
0.25,1964.924,81.87183,0.0,0.00278772,0.02065631,29.97655597,0.000398
0.25,1965.9255,81.91356,0.0,0.00276129,0.02046045,29.97677826,0.000394
0.25,1966.927,81.95529,0.0,0.00273511,0.02026645,29.97699844,0.000391
0.25,1967.9285,81.99702,0.0,0.00270917,0.02007429,29.97721654,0.000387
0.25,1968.93,82.03875,0.0,0.00268349,0.01988395,29.97743256,0.000383
0.25,1969.9314,82.08048,0.0,0.00265804,0.01969542,29.97764654,0.00038
0.25,1970.9329,82.12221,0.0,0.00263284,0.01950867,29.97785849,0.000376
0.25,1971.9344,82.16393,0.0,0.00260788,0.01932369,29.97806843,0.000373
0.25,1972.9359,82.20566,0.0,0.00258315,0.01914047,29.97827638,0.000369
0.25,1973.9374,82.24739,0.0,0.00255866,0.01895899,29.97848236,0.000366
0.25,1974.9389,82.28912,0.0,0.0025344,0.01877922,29.97868638,0.000362
0.25,1975.9404,82.33085,0.0,0.00251037,0.01860116,29.97888847,0.000359
0.25,1976.9419,82.37258,0.0,0.00248656,0.01842479,29.97908864,0.000355
0.25,1977.9434,82.41431,0.0,0.00246299,0.0182501,29.97928692,0.000352
0.25,1978.9449,82.45604,0.0,0.00243963,0.01807705,29.97948331,0.000349
0.25,1979.9463,82.49776,0.0,0.0024165,0.01790565,29.97967785,0.000345
0.25,1980.9478,82.53949,0.0,0.00239359,0.01773588,29.97987054,0.000342
0.25,1981.9493,82.58122,0.0,0.00237089,0.01756771,29.9800614,0.000339
0.25,1982.9508,82.62295,0.0,0.00234841,0.01740114,29.98025045,0.000335
0.25,1983.9523,82.66468,0.0,0.00232615,0.01723614,29.98043771,0.000332
0.25,1984.9538,82.70641,0.0,0.00230409,0.01707272,29.98062319,0.000329
0.25,1985.9553,82.74814,0.0,0.00228224,0.01691084,29.98080692,0.000326
0.25,1986.9568,82.78987,0.0,0.0022606,0.01675049,29.9809889,0.000323
0.25,1987.9583,82.83159,0.0,0.00223917,0.01659167,29.98116916,0.00032
0.25,1988.9598,82.87332,0.0,0.00221794,0.01643435,29.98134771,0.000317
0.25,1989.9613,82.91505,0.0,0.00219691,0.01627853,29.98152456,0.000314
0.25,1990.9627,82.95678,0.0,0.00217608,0.01612418,29.98169974,0.000311
0.25,1991.9642,82.99851,0.0,0.00215544,0.01597129,29.98187326,0.000308
0.25,1992.9657,83.04024,0.0,0.00213501,0.01581986,29.98204513,0.000305
0.25,1993.9672,83.08197,0.0,0.00211476,0.01566986,29.98221538,0.000302
0.25,1994.9687,83.1237,0.0,0.00209471,0.01552128,29.98238401,0.000299
0.25,1995.9702,83.16542,0.0,0.00207485,0.01537411,29.98255104,0.000296
0.25,1996.9717,83.20715,0.0,0.00205518,0.01522834,29.98271648,0.000294
0.25,1997.9732,83.24888,0.0,0.00203569,0.01508395,29.98288036,0.000291
0.25,1998.9747,83.29061,0.0,0.00201639,0.01494093,29.98304268,0.000288
0.25,1999.9762,83.33234,0.0,0.00199727,0.01479926,29.98320347,0.000285
0.25,2000.9776,83.37407,0.0,0.00197833,0.01465894,29.98336273,0.000283
0.25,2001.9791,83.4158,0.0,0.00195957,0.01451995,29.98352048,0.00028
0.25,2002.9806,83.45753,0.0,0.00194099,0.01438227,29.98367673,0.000277
0.25,2003.9821,83.49925,0.0,0.00192259,0.01424591,29.9838315,0.000275
0.25,2004.9836,83.54098,0.0,0.00190436,0.01411083,29.98398481,0.000272
0.25,2005.9851,83.58271,0.0,0.0018863,0.01397704,29.98413666,0.000269
0.25,2006.9866,83.62444,0.0,0.00186842,0.01384451,29.98428707,0.000267
0.25,2007.9881,83.66617,0.0,0.0018507,0.01371324,29.98443606,0.000264
0.25,2008.9896,83.7079,0.0,0.00183316,0.01358321,29.98458363,0.000262
0.25,2009.9911,83.74963,0.0,0.00181577,0.01345442,29.9847298,0.000259
0.25,2010.9925,83.79136,0.0,0.00179856,0.01332685,29.98487459,0.000257
0.25,2011.994,83.83308,0.0,0.0017815,0.01320049,29.98501801,0.000255
0.25,2012.9955,83.87481,0.0,0.00176461,0.01307533,29.98516006,0.000252
0.25,2013.997,83.91654,0.0,0.00174788,0.01295135,29.98530077,0.00025
0.25,2014.9985,83.95827,0.0,0.00173131,0.01282855,29.98544014,0.000247
0.25,2016.0,84.0,0.0,0.00171489,0.01270691,29.9855782,0.000245
