mhc,pep,tgt
HLA-A*01:01,AADPGNSSK,0
HLA-A*01:01,AADTGNSSH,0
HLA-A*01:01,AASTGCSQNY,0
HLA-A*01:01,ADGKVSQNY,0
HLA-A*01:01,ADKKVSQNY,0
HLA-A*01:01,AEEEIIISY,0
HLA-A*01:01,AGAGSSSQNY,0
HLA-A*01:01,ALDHWASLW,0
HLA-A*01:01,ALDQWASLW,0
HLA-A*01:01,ALDSWKNLW,0
HLA-A*01:01,ARIGPGQVFY,0
HLA-A*01:01,ASDAKAQEA,0
HLA-A*01:01,ASDAKAQIK,0
HLA-A*01:01,ASDAKAYER,0
HLA-A*01:01,ASTGCSQNY,0
HLA-A*01:01,AVCETDKWKY,0
HLA-A*01:01,AVLNANLTY,0
HLA-A*01:01,AVLSAATETY,0
HLA-A*01:01,CDIEIGNFY,0
HLA-A*01:01,CSCDKNNDQY,0
HLA-A*01:01,CSCDKNNVQY,0
HLA-A*01:01,CTDAKFTKI,0
HLA-A*01:01,CTDATLTHA,0
HLA-A*01:01,CTDTECGQEH,0
HLA-A*01:01,CTEANVTNF,0
HLA-A*01:01,DIVQINGSEY,0
HLA-A*01:01,DIVQISENQY,0
HLA-A*01:01,DLEIITHHF,0
HLA-A*01:01,DLEITTHHF,0
HLA-A*01:01,DLETTMHHF,0
HLA-A*01:01,DLETTTHSF,0
HLA-A*01:01,DLRDKRQKVY,0
HLA-A*01:01,DSEVVMHSF,0
HLA-A*01:01,DSSNNNSSY,0
HLA-A*01:01,DSSSNYSEY,0
HLA-A*01:01,DSTNNTNNSY,0
HLA-A*01:01,DTVQVSNNTY,0
HLA-A*01:01,DVEITTHHF,0
HLA-A*01:01,DVETIMHHF,0
HLA-A*01:01,DVSQEVRKY,0
HLA-A*01:01,EADGKVSQNY,0
HLA-A*01:01,EADKKVSQNY,0
HLA-A*01:01,EAHNIWATY,0
HLA-A*01:01,EAKNINITY,0
HLA-A*01:01,EIESLEATY,0
HLA-A*01:01,EIGNYSSQIY,0
HLA-A*01:01,EIRDKKQETY,0
HLA-A*01:01,EIRDKKQRVY,0
HLA-A*01:01,EIRDKQQEVY,0
HLA-A*01:01,EIRDRKKQFY,0
HLA-A*01:01,EISDKQQKAY,0
HLA-A*01:01,EISNYTDQIY,0
HLA-A*01:01,EISNYTDTIY,0
HLA-A*01:01,EISNYTGLIY,0
HLA-A*01:01,EISNYTHQIY,0
HLA-A*01:01,EISNYTNIIY,0
HLA-A*01:01,EISNYTNQIY,0
HLA-A*01:01,EISNYTSKIY,0
HLA-A*01:01,EISNYTSQIY,0
HLA-A*01:01,EITGNIRQAY,0
HLA-A*01:01,ELDIVSTNY,0
HLA-A*01:01,ELDIVSTNYG,0
HLA-A*01:01,ELDKWANLW,0
HLA-A*01:01,ELDKWASLW,0
HLA-A*01:01,ELDKWTNLW,0
HLA-A*01:01,ELDKWTSLW,0
HLA-A*01:01,ELDRWASLW,0
HLA-A*01:01,ELIDKKQKFY,0
HLA-A*01:01,ELILENVTEY,0
HLA-A*01:01,ELKDRKKQVY,0
HLA-A*01:01,ELRDKKKMAY,0
HLA-A*01:01,ELRDKKQQVY,0
HLA-A*01:01,ELRDKQQKAY,0
HLA-A*01:01,EMGNYTSQIY,0
HLA-A*01:01,ENNSSNREY,0
HLA-A*01:01,EQKVYALFY,0
HLA-A*01:01,EQQKVQALFY,0
HLA-A*01:01,ESSTLPNKF,0
HLA-A*01:01,ETDLSKLSK,0
HLA-A*01:01,EVRDRQREAY,0
HLA-A*01:01,FCASDAKAY,0
HLA-A*01:01,FNCGGEFFY,0
HLA-A*01:01,FNCKGEFFY,0
HLA-A*01:01,FNCRGEFFY,0
HLA-A*01:01,FNDKQKVTF,0
HLA-A*01:01,FNDNKTIIF,0
HLA-A*01:01,FNGTENATY,0
HLA-A*01:01,FNSTYNSTY,0
HLA-A*01:01,FRDYVDRFY,0
HLA-A*01:01,FRIGPGQVFY,0
HLA-A*01:01,FSISNWLWY,0
HLA-A*01:01,FSITNWLWY,0
HLA-A*01:01,FSITSWLWY,0
HLA-A*01:01,FTCDSGYHSL,0
HLA-A*01:01,FTCDSGYYSL,0
HLA-A*01:01,FTCGGEFFY,0
HLA-A*01:01,FTCRGEFFY,0
HLA-A*01:01,GAGSSSQNY,0
HLA-A*01:01,GDSNSSNEY,0
HLA-A*01:01,GITGDIRQAY,0
HLA-A*01:01,GLNKIVRMY,0
HLA-A*01:01,GLNKVVRMY,0
HLA-A*01:01,GLTPEQKAY,0
HLA-A*01:01,GLYYQGSCY,0
HLA-A*01:01,GNSSKISQNY,0
HLA-A*01:01,GNSSKVSHNY,0
HLA-A*01:01,GNSSKVSQNY,0
HLA-A*01:01,GNSSQVSQNY,0
HLA-A*01:01,GNSSTVSHNY,0
HLA-A*01:01,GSAELKSLY,0
HLA-A*01:01,GSCQPVKEKY,0
HLA-A*01:01,GSCYILHLDY,0
HLA-A*01:01,GSDGNPITK,0
HLA-A*01:01,GSEEFRSLF,0
HLA-A*01:01,GSEEIKSLY,0
HLA-A*01:01,GSEEIKSLYN,0
HLA-A*01:01,GSEELKSLF,0
HLA-A*01:01,GSEELKSLY,0
HLA-A*01:01,GSEELRSLF,0
HLA-A*01:01,GSEELRSLY,0
HLA-A*01:01,GSEELTSLF,0
HLA-A*01:01,GSEEVKSLF,0
HLA-A*01:01,GSEEVKSLW,0
HLA-A*01:01,GSEEVKSLY,0
HLA-A*01:01,GSEEVKSLYN,0
HLA-A*01:01,GSEGFRSLF,0
HLA-A*01:01,GSKELKSLY,0
HLA-A*01:01,GSNSKVSLNY,0
HLA-A*01:01,GSNSKVSYNY,0
HLA-A*01:01,GSNSNVSQNY,0
HLA-A*01:01,GSSGEISHNY,0
HLA-A*01:01,GSSNKVSQNY,0
HLA-A*01:01,GSSRTVSQNY,0
HLA-A*01:01,GSSSKVSHNY,0
HLA-A*01:01,GSSSKVSQNY,0
HLA-A*01:01,GSSSQVSHNY,0
HLA-A*01:01,GSSSTVSQNY,0
HLA-A*01:01,GTEELRSLF,0
HLA-A*01:01,GTEELRSLY,0
HLA-A*01:01,GTEELRSLYN,0
HLA-A*01:01,GTGSNSKVSY,0
HLA-A*01:01,GTSGNDSTEY,0
HLA-A*01:01,HFGPGQALY,0
HLA-A*01:01,HFTCRGEFFY,0
HLA-A*01:01,HIGPGQAFY,0
HLA-A*01:01,HIGPGQVFY,0
HLA-A*01:01,HIGPGQVWY,0
HLA-A*01:01,HSLDPNAVCK,0
HLA-A*01:01,HSSQVSHNY,0
HLA-A*01:01,IDEENNTNY,0
HLA-A*01:01,IENNKSSEY,0
HLA-A*01:01,IGEKNNSDEY,0
HLA-A*01:01,IGNYSSQIY,0
HLA-A*01:01,IGPGQMLFY,0
HLA-A*01:01,IGPGQVLFY,0
HLA-A*01:01,IHIGPGQAFY,0
HLA-A*01:01,IHIGPGQVFY,0
HLA-A*01:01,IIGDIKNAY,0
HLA-A*01:01,IIGDIRQAY,0
HLA-A*01:01,IIGDIRSAY,0
HLA-A*01:01,IKDNWRSELY,0
HLA-A*01:01,ILAALFMYY,0
HLA-A*01:01,ILENVTEYF,0
HLA-A*01:01,ILTALFMYY,0
HLA-A*01:01,INNEANSSEY,0
HLA-A*01:01,IPIGPGQVFY,0
HLA-A*01:01,IRDKKQETY,0
HLA-A*01:01,IRDKQQEVY,0
HLA-A*01:01,IRDNWRSELY,0
HLA-A*01:01,IRIGPGQTFY,0
HLA-A*01:01,ISDKQQKAY,0
HLA-A*01:01,ISDKQQKAYA,0
HLA-A*01:01,ISFDPIPIHY,0
HLA-A*01:01,ISFEPIPIHY,0
HLA-A*01:01,ISIGPGQVFY,0
HLA-A*01:01,ISNYTDQIY,0
HLA-A*01:01,ISNYTDTIY,0
HLA-A*01:01,ISNYTGLIY,0
HLA-A*01:01,ISNYTHQIY,0
HLA-A*01:01,ISNYTNIIY,0
HLA-A*01:01,ISNYTNQIY,0
HLA-A*01:01,ISNYTSKIY,0
HLA-A*01:01,ISNYTSQIY,0
HLA-A*01:01,ITDDIRNCTF,0
HLA-A*01:01,ITDDMRNCSF,0
HLA-A*01:01,ITDEIKSCTF,0
HLA-A*01:01,ITDEIRENI,0
HLA-A*01:01,ITDEIRNCTF,0
HLA-A*01:01,ITDELRNCSF,0
HLA-A*01:01,ITDEMKNCSF,0
HLA-A*01:01,ITDEMRNCSF,0
HLA-A*01:01,ITDEVKNCTF,0
HLA-A*01:01,ITDEVRNCSF,0
HLA-A*01:01,ITDEVRNCTF,0
HLA-A*01:01,ITDSAVAVA,0
HLA-A*01:01,ITEDMRNCSF,0
HLA-A*01:01,ITEDVRNCSF,0
HLA-A*01:01,ITFDPIPIHY,0
HLA-A*01:01,ITGDIRQAY,0
HLA-A*01:01,ITGDRRKAY,0
HLA-A*01:01,ITGNIRQAY,0
HLA-A*01:01,ITIGPGQVFY,0
HLA-A*01:01,ITINCDVGY,0
HLA-A*01:01,ITMGPGQAF,0
HLA-A*01:01,ITMGPGQAFY,0
HLA-A*01:01,ITTDGNIILH,0
HLA-A*01:01,IVNRVRQGY,0
HLA-A*01:01,IVQINGSEY,0
HLA-A*01:01,IVQISENQY,0
HLA-A*01:01,KADGKVSQNY,0
HLA-A*01:01,KCDIEIGNFY,0
HLA-A*01:01,KDNWKNELY,0
HLA-A*01:01,KDNWRNELY,0
HLA-A*01:01,KDNWRSELY,0
HLA-A*01:01,KDSSNNNSSY,0
HLA-A*01:01,KESCNGLYY,0
HLA-A*01:01,KKQETYALFY,0
HLA-A*01:01,KLDKWSSLW,0
HLA-A*01:01,KLDQWASLW,0
HLA-A*01:01,KLSKDVVQY,0
HLA-A*01:01,KLSKNVVQY,0
HLA-A*01:01,KLTPLCVTLY,0
HLA-A*01:01,KMNNDNKTY,0
HLA-A*01:01,KMQQVHALFY,0
HLA-A*01:01,KQETYALFY,0
HLA-A*01:01,KQKFHALFY,0
HLA-A*01:01,KQKVHALFY,0
HLA-A*01:01,KQQEVYALFY,0
HLA-A*01:01,KQQISALFY,0
HLA-A*01:01,KQQVYALFY,0
HLA-A*01:01,KTENETMEGF,0
HLA-A*01:01,KVASSTTQY,0
HLA-A*01:01,KVSQVSQNY,0
HLA-A*01:01,KVTFTCDLGY,0
HLA-A*01:01,KVTRKLNEY,0
HLA-A*01:01,KVVSSTTQY,0
HLA-A*01:01,LAEEEIIISY,0
HLA-A*01:01,LDWGNNMTY,0
HLA-A*01:01,LFNAVATLY,0
HLA-A*01:01,LFNLVATLY,0
HLA-A*01:01,LFNTVATLY,0
HLA-A*01:01,LFNTVAVLY,0
HLA-A*01:01,LIDKKQKFY,0
HLA-A*01:01,LILENVTEY,0
HLA-A*01:01,LNNDSSSNY,0
HLA-A*01:01,LRDKKQQVY,0
HLA-A*01:01,LSCNGETKY,0
HLA-A*01:01,LSCNGVTKY,0
HLA-A*01:01,LSDQKFLGI,0
HLA-A*01:01,LSDQKFLGL,0
HLA-A*01:01,LTPLCVTLY,0
HLA-A*01:01,LTVGPGQAIY,0
HLA-A*01:01,LTYTNITNY,0
HLA-A*01:01,LVDYVEDTW,0
HLA-A*01:01,LWQEVGQAMY,0
HLA-A*01:01,LYNTVSVLY,0
HLA-A*01:01,MDKNNNSEY,0
HLA-A*01:01,MGNNNSSEY,0
HLA-A*01:01,MGNSNSSEY,0
HLA-A*01:01,MGNYTSQIY,0
HLA-A*01:01,MKDNWRNELY,0
HLA-A*01:01,MKDNWRSELY,0
HLA-A*01:01,MNDSNNDTEY,0
HLA-A*01:01,MQQVHALFY,0
HLA-A*01:01,MQWDKEISNY,0
HLA-A*01:01,MRDNWRNELY,0
HLA-A*01:01,MRDNWRSELY,0
HLA-A*01:01,MSFDPIPIHY,0
HLA-A*01:01,MTEEVKNCSF,0
HLA-A*01:01,MTEEVRNCSF,0
HLA-A*01:01,MTIGPGQVFY,0
HLA-A*01:01,MTINCDVGY,0
HLA-A*01:01,MTMGLGHVFY,0
HLA-A*01:01,MWQEVGKAMY,0
HLA-A*01:01,MWQEVGQAMY,0
HLA-A*01:01,MWQEVGRAMY,0
HLA-A*01:01,MWQGVGQTLY,0
HLA-A*01:01,NDSNNDTEY,0
HLA-A*01:01,NDSSSNYSEY,0
HLA-A*01:01,NGDSNSSNEY,0
HLA-A*01:01,NIGPGQMLFY,0
HLA-A*01:01,NIGPGQVLFY,0
HLA-A*01:01,NLTYTNITNY,0
HLA-A*01:01,NNEANSSEY,0
HLA-A*01:01,NNESSSKNNY,0
HLA-A*01:01,NNSNSTSREY,0
HLA-A*01:01,NNSSNYSEY,0
HLA-A*01:01,NNTNNSYSEY,0
HLA-A*01:01,NPSIPVGDIY,0
HLA-A*01:01,NQSNIKNITY,0
HLA-A*01:01,NSNSNSSSEY,0
HLA-A*01:01,NSNSTSREY,0
HLA-A*01:01,NSSHPVSQNY,0
HLA-A*01:01,NSSKISQNY,0
HLA-A*01:01,NSSKVSHNY,0
HLA-A*01:01,NSSKVSQNY,0
HLA-A*01:01,NSSQVSQNY,0
HLA-A*01:01,NSSTVSHNY,0
HLA-A*01:01,NSSWSNKSY,0
HLA-A*01:01,NSTWSNKSY,0
HLA-A*01:01,NSTWSNKTY,0
HLA-A*01:01,NSTWSNRSY,0
HLA-A*01:01,NTNNSYSEY,0
HLA-A*01:01,NTSKLFNKTY,0
HLA-A*01:01,NTSKLFNSTY,0
HLA-A*01:01,NTTKLFNITY,0
HLA-A*01:01,NTTNLFNYTY,0
HLA-A*01:01,NTTWSNKSY,0
HLA-A*01:01,NTVVRDFENY,0
HLA-A*01:01,NTVVRDFKNY,0
HLA-A*01:01,PAIPVGDIY,0
HLA-A*01:01,PIDEENNTNY,0
HLA-A*01:01,PIDNDTTSY,0
HLA-A*01:01,PIENNKSSEY,0
HLA-A*01:01,PIGPGQVFY,0
HLA-A*01:01,PLNNDSSSNY,0
HLA-A*01:01,PSIPVGDIY,0
HLA-A*01:01,PTDPDPQEI,0
HLA-A*01:01,PTDPDPQEIH,0
HLA-A*01:01,PTDPNPQEI,0
HLA-A*01:01,PTDPNPQEIF,0
HLA-A*01:01,PTDPNPQEIH,0
HLA-A*01:01,PTDPNPQEIK,0
HLA-A*01:01,PTDPNPQEIY,0
HLA-A*01:01,PTDPNPQEL,0
HLA-A*01:01,PTDPNPQELV,0
HLA-A*01:01,PTDPNPQELY,0
HLA-A*01:01,PTDPNPQEM,0
HLA-A*01:01,PTDPNPQEML,0
HLA-A*01:01,PTDPNPQEMR,0
HLA-A*01:01,PTDPNPQEMY,0
HLA-A*01:01,PTDPNPQEV,0
HLA-A*01:01,QEIESLEATY,0
HLA-A*01:01,QIGKDNNSY,0
HLA-A*01:01,QMDKNNNSEY,0
HLA-A*01:01,QMGNNNSSEY,0
HLA-A*01:01,QNHQGQMVY,0
HLA-A*01:01,QQEVYALFY,0
HLA-A*01:01,QQKAYALFY,0
HLA-A*01:01,QQKVHALFY,0
HLA-A*01:01,QQKVQALFY,0
HLA-A*01:01,QSEEVHNIW,0
HLA-A*01:01,QSNIKNITY,0
HLA-A*01:01,QTRVLAIERY,0
HLA-A*01:01,QTSVFSATVY,0
HLA-A*01:01,QVAGTGVQFY,0
HLA-A*01:01,QWDKEISNY,0
HLA-A*01:01,RDNWRNELY,0
HLA-A*01:01,RDNWRSELY,0
HLA-A*01:01,RIGPGQMFY,0
HLA-A*01:01,RIGPGQTFY,0
HLA-A*01:01,RIGPGQVFY,0
HLA-A*01:01,RIGPGSVFY,0
HLA-A*01:01,RKVASSTTQY,0
HLA-A*01:01,RKVVSSTTQY,0
HLA-A*01:01,RLGWEGIKY,0
HLA-A*01:01,RLGWEGLKY,0
HLA-A*01:01,RQGWEGLKY,0
HLA-A*01:01,RQQVHALFY,0
HLA-A*01:01,RSRNGSFQEY,0
HLA-A*01:01,SCDKNNDQY,0
HLA-A*01:01,SCDKNNVQY,0
HLA-A*01:01,SCQPVKEKY,0
HLA-A*01:01,SDVSQEVRKY,0
HLA-A*01:01,SFDPIPIHY,0
HLA-A*01:01,SFDPIPIHYC,0
HLA-A*01:01,SFEPIPIHY,0
HLA-A*01:01,SFTCGGEFFY,0
HLA-A*01:01,SHSSQVSHNY,0
HLA-A*01:01,SIGPGQVFY,0
HLA-A*01:01,SIKDKIRKEY,0
HLA-A*01:01,SKLSKDVVQY,0
HLA-A*01:01,SKLSKNVVQY,0
HLA-A*01:01,SKVSQVSQNY,0
HLA-A*01:01,SLDPNAVCK,0
HLA-A*01:01,SLFNAVATLY,0
HLA-A*01:01,SLFNLVATLY,0
HLA-A*01:01,SLFNLVAVLY,0
HLA-A*01:01,SLFNTVATLY,0
HLA-A*01:01,SLFNTVAVLY,0
HLA-A*01:01,SLYNTIAVLY,0
HLA-A*01:01,SLYNTVSVLY,0
HLA-A*01:01,SNNSSNYSEY,0
HLA-A*01:01,SNSKVSLNY,0
HLA-A*01:01,SNSKVSYNY,0
HLA-A*01:01,SNSNSSSEY,0
HLA-A*01:01,SNSNVSQNY,0
HLA-A*01:01,SSGEISHNY,0
HLA-A*01:01,SSHPVSQNY,0
HLA-A*01:01,SSKNNYSDY,0
HLA-A*01:01,SSNKVSQNY,0
HLA-A*01:01,SSRTVSQNY,0
HLA-A*01:01,SSSKNNYSDY,0
HLA-A*01:01,SSSKVSHNY,0
HLA-A*01:01,SSSKVSQNY,0
HLA-A*01:01,SSSQVSHNY,0
HLA-A*01:01,SSSTVSQNY,0
HLA-A*01:01,STEIKNCTF,0
HLA-A*01:01,STEVKNCTF,0
HLA-A*01:01,STNNTNNSY,0
HLA-A*01:01,SVEINCTRPY,0
HLA-A*01:01,TDPNPQEIY,0
HLA-A*01:01,TDPNPQELY,0
HLA-A*01:01,TDPNPQEMY,0
HLA-A*01:01,TFDPIPIHY,0
HLA-A*01:01,TFDPIPIHYC,0
HLA-A*01:01,TGSAELKSLY,0
HLA-A*01:01,TGSEEIKSLY,0
HLA-A*01:01,TGSEELKSLY,0
HLA-A*01:01,TGSEELRSLY,0
HLA-A*01:01,TGSEELTSLF,0
HLA-A*01:01,TGSEEVKSLF,0
HLA-A*01:01,TGSEEVKSLY,0
HLA-A*01:01,TGSKELKSLY,0
HLA-A*01:01,TGSNSKVSY,0
HLA-A*01:01,TGTEELRSLF,0
HLA-A*01:01,TGTEELRSLY,0
HLA-A*01:01,TIGPGQVFY,0
HLA-A*01:01,TKDNWRSELY,0
HLA-A*01:01,TLDCADIKF,0
HLA-A*01:01,TLDWGNNMTY,0
HLA-A*01:01,TLSCNGETKY,0
HLA-A*01:01,TLSCNGVTKY,0
HLA-A*01:01,TMGLGHVFY,0
HLA-A*01:01,TMGPGQAFY,0
HLA-A*01:01,TQIGKDNNSY,0
HLA-A*01:01,TQWEKEIGNY,0
HLA-A*01:01,TQWEREISNY,0
HLA-A*01:01,TRIGPGQTFY,0
HLA-A*01:01,TRIGPGSVFY,0
HLA-A*01:01,TSDPSNGTI,0
HLA-A*01:01,TSGNDSTEY,0
HLA-A*01:01,TSKLFNKTY,0
HLA-A*01:01,TSKLFNSTY,0
HLA-A*01:01,TSVFSATVY,0
HLA-A*01:01,TTDANSTKEM,0
HLA-A*01:01,TTDGNIILH,0
HLA-A*01:01,TTDNSTKDH,0
HLA-A*01:01,TTKLFNITY,0
HLA-A*01:01,TTNLFNYTY,0
HLA-A*01:01,TVGPGQAIY,0
HLA-A*01:01,TVQVSNNTY,0
HLA-A*01:01,TVSDYVFELY,0
HLA-A*01:01,TVSDYVSELY,0
HLA-A*01:01,TVVRDFENY,0
HLA-A*01:01,VADTGSSSK,0
HLA-A*01:01,VAGTGVQFY,0
HLA-A*01:01,VANKTIETRY,0
HLA-A*01:01,VCETDKWKY,0
HLA-A*01:01,VGYEVIGVLY,0
HLA-A*01:01,VHIGPGQVFY,0
HLA-A*01:01,VLSAATETY,0
HLA-A*01:01,VPIDNDTTSY,0
HLA-A*01:01,VPTDPDPQEI,0
HLA-A*01:01,VPTDPNPQEI,0
HLA-A*01:01,VPTDPNPQEL,0
HLA-A*01:01,VPTDPNPQEM,0
HLA-A*01:01,VPTDPNPQEV,0
HLA-A*01:01,VQNHQGQMVY,0
HLA-A*01:01,VRIGPGQMFY,0
HLA-A*01:01,VSDYVFELY,0
HLA-A*01:01,VSDYVFELYD,0
HLA-A*01:01,VSDYVSELY,0
HLA-A*01:01,VSDYVSELYD,0
HLA-A*01:01,VSELYDKPLY,0
HLA-A*01:01,VSFDPIPIHY,0
HLA-A*01:01,VSFEPIPIHY,0
HLA-A*01:01,VTDDVRNCTF,0
HLA-A*01:01,VTDEVRNCTF,0
HLA-A*01:01,VTDEVTNCT,0
HLA-A*01:01,VTDEVTNCTF,0
HLA-A*01:01,VTEKLKGHF,0
HLA-A*01:01,VTEPFNMWK,0
HLA-A*01:01,VTFTCDLGY,0
HLA-A*01:01,VTFTCDSGY,0
HLA-A*01:01,VTFTCDSGYY,0
HLA-A*01:01,VTIGPGQVFY,0
HLA-A*01:01,VVNRVRQGY,0
HLA-A*01:01,VVRDREQKVY,0
HLA-A*01:01,WFDISKWLWY,0
HLA-A*01:01,WFDISNWLWY,0
HLA-A*01:01,WFDISRWLWY,0
HLA-A*01:01,WFDITKWLWY,0
HLA-A*01:01,WFDITNWLWY,0
HLA-A*01:01,WFDITQWLWY,0
HLA-A*01:01,WFDITRWLWY,0
HLA-A*01:01,WGSDGNPITK,0
HLA-A*01:01,WNSSWSNKSY,0
HLA-A*01:01,WQAVGQAMY,0
HLA-A*01:01,WQEVGKAMY,0
HLA-A*01:01,WQEVGQAMY,0
HLA-A*01:01,WQEVGRAMY,0
HLA-A*01:01,WQGAGQAMY,0
HLA-A*01:01,WQGTGQAMY,0
HLA-A*01:01,WQGVGQTLY,0
HLA-A*01:01,WTDRIIEAV,0
HLA-A*01:01,WTDRIIEVA,0
HLA-A*01:01,WTDRVIEAA,0
HLA-A*01:01,WTDRVIELA,0
HLA-A*01:01,WTDRVIEVV,0
HLA-A*01:01,WTDTVIEVA,0
HLA-A*01:01,YCEINGTAWY,0
HLA-A*01:01,YCNTTNLFNY,0
HLA-A*01:01,YCNVNGTKWY,0
HLA-A*01:01,YELDIVSTNY,0
HLA-A*01:01,YITINCDVGY,0
HLA-A*01:01,YLENVTENF,0
HLA-A*01:01,YMTINCDVGY,0
HLA-A*01:01,YTDQIYALI,0
HLA-A*01:01,YTDQIYDIL,0
HLA-A*01:01,YTDQIYDILI,0
HLA-A*01:01,YTDQIYEIL,0
HLA-A*01:01,YTDQIYELL,0
HLA-A*01:01,YTDQIYELLT,0
HLA-A*01:01,YTDTIYTLL,0
HLA-A*01:01,YTDTIYTLLE,0
HLA-A*01:01,YTNQIYDLL,0
HLA-A*01:01,YTNQIYQLL,0
HLA-A*02:01,AAASIQTTV,0
HLA-A*02:01,AALNIQTSV,0
HLA-A*02:01,AIAGWTDRV,0
HLA-A*02:01,AIAWDDLRSL,0
HLA-A*02:01,AIFSIVNRV,0
HLA-A*02:01,AIFWDDLRSL,0
HLA-A*02:01,AITDFAVAV,0
HLA-A*02:01,AITDSAVAV,0
HLA-A*02:01,AIYNIPRRI,0
HLA-A*02:01,ALAWDDIRNL,0
HLA-A*02:01,ALAWDDLRNL,0
HLA-A*02:01,ALAWDDLRSL,0
HLA-A*02:01,ALAWNDLRSL,0
HLA-A*02:01,ALDPGLLET,0
HLA-A*02:01,ALDPGLLETA,0
HLA-A*02:01,ALFLGFLGA,0
HLA-A*02:01,ALFWDDLRSL,0
HLA-A*02:01,ALFWEDLRSL,0
HLA-A*02:01,ALFYELDIV,0
HLA-A*02:01,ALFYKLDII,0
HLA-A*02:01,ALFYKLDIV,0
HLA-A*02:01,ALFYKLDLV,0
HLA-A*02:01,ALFYKLDTV,0
HLA-A*02:01,ALFYKLDVV,0
HLA-A*02:01,ALFYKVDIV,0
HLA-A*02:01,ALFYMLDIV,0
HLA-A*02:01,ALFYNLDIV,0
HLA-A*02:01,ALFYRLDIV,0
HLA-A*02:01,ALFYRLDLA,0
HLA-A*02:01,ALFYRVNIV,0
HLA-A*02:01,ALFYTLDIV,0
HLA-A*02:01,ALIFGFLGA,0
HLA-A*02:01,ALIWDDLRSL,0
HLA-A*02:01,ALKTGSAEL,0
HLA-A*02:01,ALKTGSEEL,0
HLA-A*02:01,ALKYLGNLLL,0
HLA-A*02:01,ALLFGFLGA,0
HLA-A*02:01,ALLHIPRRI,0
HLA-A*02:01,ALLHVPRRI,0
HLA-A*02:01,ALLWDDLRSL,0
HLA-A*02:01,ALMQLTTKA,0
HLA-A*02:01,ALNPELLES,0
HLA-A*02:01,ALNPELLESA,0
HLA-A*02:01,ALNPGLLES,0
HLA-A*02:01,ALNPGLLESA,0
HLA-A*02:01,ALNPGLLET,0
HLA-A*02:01,ALNPGLLETA,0
HLA-A*02:01,ALNPSLLET,0
HLA-A*02:01,ALNPSLLETA,0
HLA-A*02:01,ALNSGLLET,0
HLA-A*02:01,ALNSGLLETA,0
HLA-A*02:01,ALNTGTEEL,0
HLA-A*02:01,ALQTGTEEL,0
HLA-A*02:01,ALSPRTLNA,0
HLA-A*02:01,ALTWDDLRSL,0
HLA-A*02:01,ALVWDDLRSL,0
HLA-A*02:01,ALWGCSGKI,0
HLA-A*02:01,AMFTAALNI,0
HLA-A*02:01,AMIFGFLGA,0
HLA-A*02:01,AMTPRTLNA,0
HLA-A*02:01,AMYAPPIEGV,0
HLA-A*02:01,AMYAPPIKGI,0
HLA-A*02:01,AMYAPPIRGI,0
HLA-A*02:01,AMYAPPIRGL,0
HLA-A*02:01,AMYAPPISGI,0
HLA-A*02:01,AMYAPPVRGI,0
HLA-A*02:01,AQIKEVHNI,0
HLA-A*02:01,AQLDAVLSA,0
HLA-A*02:01,AQSEEVHNI,0
HLA-A*02:01,ATLEEMMTA,0
HLA-A*02:01,AVAEWTDTV,0
HLA-A*02:01,AVAGGTDRV,0
HLA-A*02:01,AVAGWTDRV,0
HLA-A*02:01,AVFLGFLGV,0
HLA-A*02:01,AVFSIVNRV,0
HLA-A*02:01,AVISIVNRV,0
HLA-A*02:01,AVLAIVNRV,0
HLA-A*02:01,AVLSIVKRV,0
HLA-A*02:01,AVLSIVNRV,0
HLA-A*02:01,AVLSVVNRV,0
HLA-A*02:01,AWYEVLNQV,0
HLA-A*02:01,DLNTHVNTV,0
HLA-A*02:01,EIWDNMTWV,0
HLA-A*02:01,ELRDKMQQV,0
HLA-A*02:01,ELYDKPLYEV,0
HLA-A*02:01,ELYDKPLYKV,0
HLA-A*02:01,FALDPGLLET,0
HLA-A*02:01,FALNPGLLET,0
HLA-A*02:01,FALNPSLLET,0
HLA-A*02:01,FIFVTTRTV,0
HLA-A*02:01,FILIATRTV,0
HLA-A*02:01,FILIVTRTV,0
HLA-A*02:01,FKLGNITDEV,0
HLA-A*02:01,FLGAAGSTM,0
HLA-A*02:01,FLISIIVLV,0
HLA-A*02:01,FLIVRLNQC,0
HLA-A*02:01,FLLIATRAA,0
HLA-A*02:01,FLYRQLRDFV,0
HLA-A*02:01,FLYRRLRDL,0
HLA-A*02:01,FSIGGVIHL,0
HLA-A*02:01,FVLIATRTV,0
HLA-A*02:01,FVLSIVNRV,0
HLA-A*02:01,FVTTRTVEL,0
HLA-A*02:01,GAASITLTV,0
HLA-A*02:01,GAASVTLTV,0
HLA-A*02:01,GITKWLWYI,0
HLA-A*02:01,GLCRNVSSV,0
HLA-A*02:01,GLFNGTENA,0
HLA-A*02:01,GLIGLRIIFA,0
HLA-A*02:01,GLIGLRIIL,0
HLA-A*02:01,GLIGLRIVFA,0
HLA-A*02:01,GLINCISNI,0
HLA-A*02:01,GLINCVSNI,0
HLA-A*02:01,GLISGSTFSI,0
HLA-A*02:01,GLKFLGNLLL,0
HLA-A*02:01,GLKYLGNLLL,0
HLA-A*02:01,GLKYLGNLLV,0
HLA-A*02:01,GLKYLGSLLV,0
HLA-A*02:01,GLLESSEGC,0
HLA-A*02:01,GLLETSEGC,0
HLA-A*02:01,GLLETTEGC,0
HLA-A*02:01,GLLGRRGWEL,0
HLA-A*02:01,GLTPEQKAYV,0
HLA-A*02:01,GLWGCSGKL,0
HLA-A*02:01,GLWGCSGKTV,0
HLA-A*02:01,GLWGCSGKV,0
HLA-A*02:01,GLWGCSNKI,0
HLA-A*02:01,GSLAEEEIIV,0
HLA-A*02:01,GSLAEEEIMI,0
HLA-A*02:01,GSLAEEEVIV,0
HLA-A*02:01,HLIWASREV,0
HLA-A*02:01,HLLRDFTLV,0
HLA-A*02:01,HLLRDLLSI,0
HLA-A*02:01,HLMWASKEL,0
HLA-A*02:01,HLNKSVEIV,0
HLA-A*02:01,HLRDFILIA,0
HLA-A*02:01,IIAQLQPAL,0
HLA-A*02:01,IIEQLQPTL,0
HLA-A*02:01,IIGQLQPAL,0
HLA-A*02:01,IIIGNITEDV,0
HLA-A*02:01,IIIHLNKSV,0
HLA-A*02:01,IITQLQPTL,0
HLA-A*02:01,IIVGGLIGL,0
HLA-A*02:01,IIVGSLIGL,0
HLA-A*02:01,IIVHLNESV,0
HLA-A*02:01,IIVHLNETV,0
HLA-A*02:01,IIVHLNTSV,0
HLA-A*02:01,IIVQLNESV,0
HLA-A*02:01,IIYDILTES,0
HLA-A*02:01,ILEQLQPSL,0
HLA-A*02:01,ILGLNKIVRV,0
HLA-A*02:01,ILGQLQPSL,0
HLA-A*02:01,ILGQLQPTL,0
HLA-A*02:01,ILIAARTVEL,0
HLA-A*02:01,ILIAARTVKL,0
HLA-A*02:01,ILIATRTVEL,0
HLA-A*02:01,ILISCNASV,0
HLA-A*02:01,ILKNCNTSV,0
HLA-A*02:01,ILQQLQPAL,0
HLA-A*02:01,IMALTIMGV,0
HLA-A*02:01,IMDQLQSAL,0
HLA-A*02:01,IMEQLQPAL,0
HLA-A*02:01,IMEQLQPTL,0
HLA-A*02:01,IMEQLQSTL,0
HLA-A*02:01,IMIIGGLIGL,0
HLA-A*02:01,IMILGGLIGL,0
HLA-A*02:01,IMIVGGLIGL,0
HLA-A*02:01,IMIVGGLVGL,0
HLA-A*02:01,ISLFDAIAVA,0
HLA-A*02:01,ISLFDTTAIV,0
HLA-A*02:01,ISLLDTIAVA,0
HLA-A*02:01,IVFAVLSVV,0
HLA-A*02:01,IVIGVIILA,0
HLA-A*02:01,KAIEAQHRL,0
HLA-A*02:01,KAYDTEVHNV,0
HLA-A*02:01,KAYEREVHNV,0
HLA-A*02:01,KIWNNMTWI,0
HLA-A*02:01,KIYELLLES,0
HLA-A*02:01,KLDAWEKIRL,0
HLA-A*02:01,KLDAWERIRL,0
HLA-A*02:01,KLDKWEKIRL,0
HLA-A*02:01,KLDQWEKIRL,0
HLA-A*02:01,KLDSWEKIRL,0
HLA-A*02:01,KLDTWEKIQL,0
HLA-A*02:01,KLDTWEKIRL,0
HLA-A*02:01,KLDTWERIRL,0
HLA-A*02:01,KLEEEQNKI,0
HLA-A*02:01,KLGNITDEV,0
HLA-A*02:01,KLKEHFNET,0
HLA-A*02:01,KLNEYFNGT,0
HLA-A*02:01,KLTHLCVTL,0
HLA-A*02:01,KLTPFCVTL,0
HLA-A*02:01,KLTPLCVIL,0
HLA-A*02:01,KLTPLCVTL,0
HLA-A*02:01,KLWVTVHYGV,0
HLA-A*02:01,KMAEQMQEDV,0
HLA-A*02:01,KMCTVSDYV,0
HLA-A*02:01,KMGHALFYM,0
HLA-A*02:01,KMSFDPIPI,0
HLA-A*02:01,KMVDQMQEDV,0
HLA-A*02:01,KMVEQMQEDV,0
HLA-A*02:01,KMWQGVGQA,0
HLA-A*02:01,KMWQGVGQAM,0
HLA-A*02:01,KPLYEVNSTM,0
HLA-A*02:01,KQIINMWQA,0
HLA-A*02:01,KQYKIKHLV,0
HLA-A*02:01,KQYRLKHLV,0
HLA-A*02:01,KSLFNAVATL,0
HLA-A*02:01,KSLFNLVAVL,0
HLA-A*02:01,KSLFNTIATL,0
HLA-A*02:01,KSLFNTIAVL,0
HLA-A*02:01,KSLFNTIVVL,0
HLA-A*02:01,KSLFNTVATL,0
HLA-A*02:01,KSLFNTVAVL,0
HLA-A*02:01,KSLFNTVVTL,0
HLA-A*02:01,KSLWNTIATL,0
HLA-A*02:01,KSLYNTIAVL,0
HLA-A*02:01,KSLYNTVATL,0
HLA-A*02:01,KSLYNTVVTL,0
HLA-A*02:01,KTIEFRPPV,0
HLA-A*02:01,KTIETRYNV,0
HLA-A*02:01,KTISVVTLL,0
HLA-A*02:01,KTWKETLNKV,0
HLA-A*02:01,KTYPGNETM,0
HLA-A*02:01,KVHALFYKL,0
HLA-A*02:01,KVHALFYTL,0
HLA-A*02:01,KVIQIEPLGV,0
HLA-A*02:01,KVQALFYEL,0
HLA-A*02:01,KVQALFYRL,0
HLA-A*02:01,KVSALFYKL,0
HLA-A*02:01,KVTPLCVTL,0
HLA-A*02:01,KVVEIKPLGV,0
HLA-A*02:01,KVYALFYKL,0
HLA-A*02:01,KVYALFYNL,0
HLA-A*02:01,LIAAKAVEL,0
HLA-A*02:01,LIAARTVEL,0
HLA-A*02:01,LIAKRTVEL,0
HLA-A*02:01,LIATRIVGL,0
HLA-A*02:01,LIATRTVEL,0
HLA-A*02:01,LIDQLQPTL,0
HLA-A*02:01,LIVARIVEI,0
HLA-A*02:01,LIVARTVEL,0
HLA-A*02:01,LIVTRIVEL,0
HLA-A*02:01,LIWDDLRSL,0
HLA-A*02:01,LLALDHWASL,0
HLA-A*02:01,LLALDQWASL,0
HLA-A*02:01,LLAYWSQEL,0
HLA-A*02:01,LLDAIAIAV,0
HLA-A*02:01,LLDAIAITV,0
HLA-A*02:01,LLDATAIAV,0
HLA-A*02:01,LLDATAITI,0
HLA-A*02:01,LLDTIAIAV,0
HLA-A*02:01,LLDTIAVAV,0
HLA-A*02:01,LLDTLAIAV,0
HLA-A*02:01,LLDTTAVAV,0
HLA-A*02:01,LLELDKWTSL,0
HLA-A*02:01,LLEQLQSNL,0
HLA-A*02:01,LLEQLQVTL,0
HLA-A*02:01,LLFGFLGAA,0
HLA-A*02:01,LLGRRGWEL,0
HLA-A*02:01,LLGYWSQEL,0
HLA-A*02:01,LLIAKRTVEL,0
HLA-A*02:01,LLIYWGQEL,0
HLA-A*02:01,LLIYWIQEL,0
HLA-A*02:01,LLIYWLQEL,0
HLA-A*02:01,LLIYWSQEL,0
HLA-A*02:01,LLLIATRTV,0
HLA-A*02:01,LLLYWGQEL,0
HLA-A*02:01,LLLYWIQEL,0
HLA-A*02:01,LLLYWSQEL,0
HLA-A*02:01,LLLYWSREL,0
HLA-A*02:01,LLNAIAITV,0
HLA-A*02:01,LLNATAIAV,0
HLA-A*02:01,LLNATAITV,0
HLA-A*02:01,LLNTTAIAV,0
HLA-A*02:01,LLSMITMSA,0
HLA-A*02:01,LLSMITMSV,0
HLA-A*02:01,LLVYWAQEL,0
HLA-A*02:01,LLVYWGQEL,0
HLA-A*02:01,LLVYWSQEL,0
HLA-A*02:01,LLVYWVQEL,0
HLA-A*02:01,LLWDDLRSL,0
HLA-A*02:01,LLWDDLRSLC,0
HLA-A*02:01,LLYWGQELKI,0
HLA-A*02:01,LMAIEAQQHL,0
HLA-A*02:01,LQDQKFLGL,0
HLA-A*02:01,LTWDDLRSL,0
HLA-A*02:01,LVAARTVEL,0
HLA-A*02:01,LVDATAIAV,0
HLA-A*02:01,LVDGFLALI,0
HLA-A*02:01,LVSGFLALV,0
HLA-A*02:01,LVSGFLSLV,0
HLA-A*02:01,LVWDDLRSL,0
HLA-A*02:01,LVWDDLRSLV,0
HLA-A*02:01,MIIGGLIGL,0
HLA-A*02:01,MIINCNTSV,0
HLA-A*02:01,MILGGLIGL,0
HLA-A*02:01,MIVGGLIGL,0
HLA-A*02:01,MIVGGLVGL,0
HLA-A*02:01,MIVGSLIGL,0
HLA-A*02:01,MLINCNTSV,0
HLA-A*02:01,MLQLTVWGI,0
HLA-A*02:01,MTNNPPIPV,0
HLA-A*02:01,MVVGGLIGL,0
HLA-A*02:01,NIIYELLTV,0
HLA-A*02:01,NITNWLWYI,0
HLA-A*02:01,NLFDRNETT,0
HLA-A*02:01,NLGNITQEM,0
HLA-A*02:01,NLIGNITDEL,0
HLA-A*02:01,NLLGYWSQEL,0
HLA-A*02:01,NLQEQIAWM,0
HLA-A*02:01,NLVATLYCV,0
HLA-A*02:01,NLVAVLYCV,0
HLA-A*02:01,NLWQEVGQA,0
HLA-A*02:01,NMVEQMHEDV,0
HLA-A*02:01,NMWQEVGQA,0
HLA-A*02:01,NMWQGVGQA,0
HLA-A*02:01,NQMHEDVISL,0
HLA-A*02:01,NTIATLWCV,0
HLA-A*02:01,NTIAVLWCV,0
HLA-A*02:01,NVWATHTCV,0
HLA-A*02:01,QIIEQLQPA,0
HLA-A*02:01,QIIEQLQPTL,0
HLA-A*02:01,QILEQLQPSL,0
HLA-A*02:01,QIMDQLQSA,0
HLA-A*02:01,QIMEQLQPA,0
HLA-A*02:01,QIMEQLQPAL,0
HLA-A*02:01,QIMEQLQPTL,0
HLA-A*02:01,QISENQYRL,0
HLA-A*02:01,QIYDILTET,0
HLA-A*02:01,QLIDQLQPT,0
HLA-A*02:01,QLIDQLQPTL,0
HLA-A*02:01,QLIEQLQPT,0
HLA-A*02:01,QLIEQLQPTL,0
HLA-A*02:01,QLIEQLQSA,0
HLA-A*02:01,QLIEQLQSAL,0
HLA-A*02:01,QLIEQLQST,0
HLA-A*02:01,QLIEQLQSTL,0
HLA-A*02:01,QLIEQLQTT,0
HLA-A*02:01,QLIEQLQTTL,0
HLA-A*02:01,QLLEQLQSNL,0
HLA-A*02:01,QLLEQLQVT,0
HLA-A*02:01,QLLEQLQVTL,0
HLA-A*02:01,QLQARILAV,0
HLA-A*02:01,QLQARVLAI,0
HLA-A*02:01,QLQARVLAL,0
HLA-A*02:01,QLQARVLAV,0
HLA-A*02:01,QMHEDIISL,0
HLA-A*02:01,QMHEDVINL,0
HLA-A*02:01,QMHEDVISL,0
HLA-A*02:01,QMQEDIISL,0
HLA-A*02:01,QMQEDVISL,0
HLA-A*02:01,QQLIEQLQSA,0
HLA-A*02:01,QQLLEQLQV,0
HLA-A*02:01,QVYALFYRV,0
HLA-A*02:01,RIIEAVQGA,0
HLA-A*02:01,RIIEIAQRA,0
HLA-A*02:01,RIIEVAQEV,0
HLA-A*02:01,RIIEVAQRV,0
HLA-A*02:01,RIIEVGQRL,0
HLA-A*02:01,RIINCNTSV,0
HLA-A*02:01,RIVFAVLSV,0
HLA-A*02:01,RLGWEGIKYL,0
HLA-A*02:01,RLGWEGLKYL,0
HLA-A*02:01,RLHPVQAGPV,0
HLA-A*02:01,RLIHCNSSV,0
HLA-A*02:01,RLINCNTSV,0
HLA-A*02:01,RLRDFIFVT,0
HLA-A*02:01,RLRDFILIA,0
HLA-A*02:01,RLRDFILIV,0
HLA-A*02:01,RLRDFILVA,0
HLA-A*02:01,RLRDFISVTA,0
HLA-A*02:01,RLRDFLLIA,0
HLA-A*02:01,RLRDFSLIV,0
HLA-A*02:01,RLRDFVLIV,0
HLA-A*02:01,RLRDFVLVTA,0
HLA-A*02:01,RLRDLILIA,0
HLA-A*02:01,RLRDLLLIA,0
HLA-A*02:01,RLRDLTLIV,0
HLA-A*02:01,RLSDFILIA,0
HLA-A*02:01,RLSDLLLIA,0
HLA-A*02:01,RLTPLCVSL,0
HLA-A*02:01,RLVDGFLAL,0
HLA-A*02:01,RLVDGFLALI,0
HLA-A*02:01,RLVNGFLAL,0
HLA-A*02:01,RLVSGFFAL,0
HLA-A*02:01,RLVSGFLAI,0
HLA-A*02:01,RLVSGFLAL,0
HLA-A*02:01,RLVSGFLALV,0
HLA-A*02:01,RLVSGFLSL,0
HLA-A*02:01,RLVSGFLSLV,0
HLA-A*02:01,RLVTGFLAL,0
HLA-A*02:01,RMWQGAGQA,0
HLA-A*02:01,RMWQGTGQA,0
HLA-A*02:01,RMWQGVGQA,0
HLA-A*02:01,RMWQGVGQAI,0
HLA-A*02:01,RMWQGVGQTL,0
HLA-A*02:01,RMWQRVGQA,0
HLA-A*02:01,RMYNPVSIL,0
HLA-A*02:01,RMYQPVGIL,0
HLA-A*02:01,RMYQPVSIL,0
HLA-A*02:01,RMYRPVSIL,0
HLA-A*02:01,RMYSPISIL,0
HLA-A*02:01,RMYSPSSIL,0
HLA-A*02:01,RMYSPTSIL,0
HLA-A*02:01,RMYSPVGIL,0
HLA-A*02:01,RMYSPVNIL,0
HLA-A*02:01,RMYSPVSIL,0
HLA-A*02:01,RQGWEGLKYL,0
HLA-A*02:01,RRVWEGLKYL,0
HLA-A*02:01,RSLFNLVATL,0
HLA-A*02:01,RSLFNTIATL,0
HLA-A*02:01,RSLFNTIAVL,0
HLA-A*02:01,RSLFNTLVTL,0
HLA-A*02:01,RSLFNTVATL,0
HLA-A*02:01,RSLFNTVAVL,0
HLA-A*02:01,RSLYNTIVTL,0
HLA-A*02:01,RVIEIVQRV,0
HLA-A*02:01,RVIEVTQRA,0
HLA-A*02:01,RVIEVTQRI,0
HLA-A*02:01,RVIEVVQRA,0
HLA-A*02:01,RVVKKLETL,0
HLA-A*02:01,RVWEGLKYL,0
HLA-A*02:01,RVWRAILHI,0
HLA-A*02:01,RVWRGILHI,0
HLA-A*02:01,RVYALFYKL,0
HLA-A*02:01,RVYSPVSIL,0
HLA-A*02:01,RWLILGLNKV,0
HLA-A*02:01,SIATRAVEL,0
HLA-A*02:01,SIGNITDEV,0
HLA-A*02:01,SIIGDIRKA,0
HLA-A*02:01,SIQTTVNTL,0
HLA-A*02:01,SISNWLWYI,0
HLA-A*02:01,SITNWLWYI,0
HLA-A*02:01,SITSWLWYI,0
HLA-A*02:01,SLAEDEIII,0
HLA-A*02:01,SLAEDEIVI,0
HLA-A*02:01,SLAEDKIII,0
HLA-A*02:01,SLAEEDIII,0
HLA-A*02:01,SLAEEDIVI,0
HLA-A*02:01,SLAEEEIII,0
HLA-A*02:01,SLAEEEIIV,0
HLA-A*02:01,SLAEEEIMI,0
HLA-A*02:01,SLAEEEIVI,0
HLA-A*02:01,SLAEEEVIV,0
HLA-A*02:01,SLAEGEIII,0
HLA-A*02:01,SLAEGEIVI,0
HLA-A*02:01,SLAEKEIII,0
HLA-A*02:01,SLAKDEIVI,0
HLA-A*02:01,SLAKEEIII,0
HLA-A*02:01,SLAWDDLRSL,0
HLA-A*02:01,SLCLFSYHL,0
HLA-A*02:01,SLEEIWNNM,0
HLA-A*02:01,SLFDAIAIA,0
HLA-A*02:01,SLFDAIAIAV,0
HLA-A*02:01,SLFDAIAVA,0
HLA-A*02:01,SLFDAIAVAV,0
HLA-A*02:01,SLFDASAIA,0
HLA-A*02:01,SLFDASAIAV,0
HLA-A*02:01,SLFDATAIA,0
HLA-A*02:01,SLFDATAIAI,0
HLA-A*02:01,SLFDTIAIA,0
HLA-A*02:01,SLFDTIAIAV,0
HLA-A*02:01,SLFDTTAIV,0
HLA-A*02:01,SLFDTTAIVV,0
HLA-A*02:01,SLFNATAIA,0
HLA-A*02:01,SLFNATAIAV,0
HLA-A*02:01,SLFNATAITI,0
HLA-A*02:01,SLFNAVAIA,0
HLA-A*02:01,SLFNAVAIAV,0
HLA-A*02:01,SLFNAVATL,0
HLA-A*02:01,SLFNLVATL,0
HLA-A*02:01,SLFNLVAVL,0
HLA-A*02:01,SLFNSVATL,0
HLA-A*02:01,SLFNTIATL,0
HLA-A*02:01,SLFNTIAVL,0
HLA-A*02:01,SLFNTIVVL,0
HLA-A*02:01,SLFNTLVTL,0
HLA-A*02:01,SLFNTLVTLW,0
HLA-A*02:01,SLFNTVATL,0
HLA-A*02:01,SLFNTVAVL,0
HLA-A*02:01,SLFNTVVTL,0
HLA-A*02:01,SLFNTVVTLW,0
HLA-A*02:01,SLFYKIDIV,0
HLA-A*02:01,SLIAARTVEL,0
HLA-A*02:01,SLIGLRIIFA,0
HLA-A*02:01,SLIGLRIVYA,0
HLA-A*02:01,SLIVTRTVEL,0
HLA-A*02:01,SLLDAIAIA,0
HLA-A*02:01,SLLDAIAIAV,0
HLA-A*02:01,SLLDAIAIT,0
HLA-A*02:01,SLLDAIAITT,0
HLA-A*02:01,SLLDAIAITV,0
HLA-A*02:01,SLLDALAIT,0
HLA-A*02:01,SLLDALAITT,0
HLA-A*02:01,SLLDATAIA,0
HLA-A*02:01,SLLDATAIAA,0
HLA-A*02:01,SLLDATAIAV,0
HLA-A*02:01,SLLDATAITI,0
HLA-A*02:01,SLLDTIAIA,0
HLA-A*02:01,SLLDTIAIAV,0
HLA-A*02:01,SLLDTIAVA,0
HLA-A*02:01,SLLDTIAVAV,0
HLA-A*02:01,SLLDTLAIA,0
HLA-A*02:01,SLLDTLAIAV,0
HLA-A*02:01,SLLDTTAVA,0
HLA-A*02:01,SLLDTTAVAV,0
HLA-A*02:01,SLLNAIAITV,0
HLA-A*02:01,SLLNATAIAV,0
HLA-A*02:01,SLLNATAITV,0
HLA-A*02:01,SLLNTTAIA,0
HLA-A*02:01,SLLNTTAIAV,0
HLA-A*02:01,SLLSMITMSA,0
HLA-A*02:01,SLLSMITMSV,0
HLA-A*02:01,SLNEIWENM,0
HLA-A*02:01,SLQEQIAWM,0
HLA-A*02:01,SLQTGSEEL,0
HLA-A*02:01,SLSEGEIII,0
HLA-A*02:01,SLSPRTLNA,0
HLA-A*02:01,SLTNAIAIAV,0
HLA-A*02:01,SLVDATAIA,0
HLA-A*02:01,SLVDATAIAV,0
HLA-A*02:01,SLVWDDLRSL,0
HLA-A*02:01,SLWDESLKP,0
HLA-A*02:01,SLWDESLKPC,0
HLA-A*02:01,SLWDQGLKP,0
HLA-A*02:01,SLWDQGLKPC,0
HLA-A*02:01,SLWDQSLKP,0
HLA-A*02:01,SLWDQSLKPC,0
HLA-A*02:01,SLWDQSLQP,0
HLA-A*02:01,SLWDQSLQPC,0
HLA-A*02:01,SLWEEGLKP,0
HLA-A*02:01,SLWEEGLKPC,0
HLA-A*02:01,SLWEQSLKP,0
HLA-A*02:01,SLWEQSLKPC,0
HLA-A*02:01,SLWEQSLQP,0
HLA-A*02:01,SLWEQSLQPC,0
HLA-A*02:01,SLWNTIATL,0
HLA-A*02:01,SLYDTAAIA,0
HLA-A*02:01,SLYDTAAIAI,0
HLA-A*02:01,SLYNTIAVL,0
HLA-A*02:01,SLYNTIVTL,0
HLA-A*02:01,SLYNTIVTLW,0
HLA-A*02:01,SLYNTVATL,0
HLA-A*02:01,SLYNTVSVL,0
HLA-A*02:01,SLYNTVVTL,0
HLA-A*02:01,SLYNTVVTLL,0
HLA-A*02:01,SLYNTVVTLW,0
HLA-A*02:01,SMAEQMQEDV,0
HLA-A*02:01,SMGFHLPSI,0
HLA-A*02:01,SMITMSAFL,0
HLA-A*02:01,SMITMSVFL,0
HLA-A*02:01,SMVEQMQEDV,0
HLA-A*02:01,SQVSHSSQV,0
HLA-A*02:01,TAWDGVMKRV,0
HLA-A*02:01,TIAGWTDRV,0
HLA-A*02:01,TIGDLTNEV,0
HLA-A*02:01,TIGNLTNEV,0
HLA-A*02:01,TIMGVIFLI,0
HLA-A*02:01,TLAEQIRWM,0
HLA-A*02:01,TLAKVTRKL,0
HLA-A*02:01,TLASGFLTV,0
HLA-A*02:01,TLASGFLTVV,0
HLA-A*02:01,TLDQVKREL,0
HLA-A*02:01,TLEGVANKL,0
HLA-A*02:01,TLEQVTEKL,0
HLA-A*02:01,TLETGSEEV,0
HLA-A*02:01,TLFNDKQKV,0
HLA-A*02:01,TLHNVSKKL,0
HLA-A*02:01,TLIAARTVEL,0
HLA-A*02:01,TLIPNPEGL,0
HLA-A*02:01,TLISCNTSV,0
HLA-A*02:01,TLKQVAEKL,0
HLA-A*02:01,TLKQVSEKL,0
HLA-A*02:01,TLKTGSEEL,0
HLA-A*02:01,TLKTGSEEV,0
HLA-A*02:01,TLLCVHQRV,0
HLA-A*02:01,TLLCVLPAV,0
HLA-A*02:01,TLNAWVKVV,0
HLA-A*02:01,TLNCDNKVTV,0
HLA-A*02:01,TLNCINATL,0
HLA-A*02:01,TLNCSDVTV,0
HLA-A*02:01,TLNCTDVQV,0
HLA-A*02:01,TLNKVATKL,0
HLA-A*02:01,TLNQVIKKL,0
HLA-A*02:01,TLQEQIAWM,0
HLA-A*02:01,TLQEQITWM,0
HLA-A*02:01,TLQTGSKEL,0
HLA-A*02:01,TLSERISSKL,0
HLA-A*02:01,TLWCVHQKI,0
HLA-A*02:01,TLWCVHQRI,0
HLA-A*02:01,TLYAPPISGV,0
HLA-A*02:01,TMGAASITL,0
HLA-A*02:01,TMGAASLTL,0
HLA-A*02:01,TMGAASMTL,0
HLA-A*02:01,TMGAASVTL,0
HLA-A*02:01,TQWNETLKQV,0
HLA-A*02:01,TRLVDGFLAL,0
HLA-A*02:01,TSLFNSVATL,0
HLA-A*02:01,TVAEGTDRV,0
HLA-A*02:01,TVAGWTDRV,0
HLA-A*02:01,TVLSIVNRV,0
HLA-A*02:01,TVMSIVNRV,0
HLA-A*02:01,TVSDYVFEL,0
HLA-A*02:01,TVSDYVSEL,0
HLA-A*02:01,VLDQVEEKL,0
HLA-A*02:01,VLEQVTAKL,0
HLA-A*02:01,VLIATRTVEL,0
HLA-A*02:01,VLIVTRIVEL,0
HLA-A*02:01,VLNQVAKKL,0
HLA-A*02:01,VLPAVVYST,0
HLA-A*02:01,VLTQVAKKL,0
HLA-A*02:01,VLTQVAVKL,0
HLA-A*02:01,VLWCVHHRI,0
HLA-A*02:01,VLWCVHQRI,0
HLA-A*02:01,VLWCVHQRL,0
HLA-A*02:01,VQLNKSVEI,0
HLA-A*02:01,VQLNKTVGI,0
HLA-A*02:01,VQYEQEIESL,0
HLA-A*02:01,VTLASGFLTV,0
HLA-A*02:01,VVAGWTDRV,0
HLA-A*02:01,WLILGLNKV,0
HLA-A*02:01,YALFYKLDLV,0
HLA-A*02:01,YALFYKLDTV,0
HLA-A*02:01,YHLLRDFTLV,0
HLA-A*02:01,YHLLRDLLSI,0
HLA-A*02:01,YLEDQKFLGL,0
HLA-A*02:01,YLGNLLIYWL,0
HLA-A*02:01,YLGNLLVYWV,0
HLA-A*02:01,YLKDQKFLA,0
HLA-A*02:01,YLKDQKFLAL,0
HLA-A*02:01,YLKDQKFLGL,0
HLA-A*02:01,YLKDQQFLGL,0
HLA-A*02:01,YLKDQQLLGI,0
HLA-A*02:01,YLKDQQLLGL,0
HLA-A*02:01,YLKDQRFLGL,0
HLA-A*02:01,YLKDQRLLGL,0
HLA-A*02:01,YLKDQTFLGL,0
HLA-A*02:01,YLKDQTLLGL,0
HLA-A*02:01,YLQDQKFLGL,0
HLA-A*02:01,YLRDQQLLGI,0
HLA-A*02:01,YLRDQRLLGL,0
HLA-A*02:01,YLSDQKFLGI,0
HLA-A*02:01,YLSDQKFLGL,0
HLA-A*02:01,YMLINCNTSV,0
HLA-A*02:01,YMLKHLVWA,0
HLA-A*02:01,YQDSDVSQEV,0
HLA-A*02:01,YQLKHIVWA,0
HLA-A*02:01,YRLINCNTSV,0
HLA-A*02:01,YTDQIYELL,0
HLA-A*02:01,YTDTIYTLL,0
HLA-A*02:01,YTLISCNTSV,0
HLA-A*02:01,YTSKIYELL,0
HLA-A*02:01,YVDRFFKTL,0
HLA-A*02:01,YVDRFYKTL,0
HLA-A*24:02,AFCEINGTKW,0
HLA-A*24:02,AFCEVNGTRW,0
HLA-A*24:02,AFIHIPRRI,0
HLA-A*24:02,AFLHIPRRI,0
HLA-A*24:02,AFNPEVIPMF,0
HLA-A*24:02,AFSPEIIPM,0
HLA-A*24:02,AFSPEIIPMF,0
HLA-A*24:02,AFSPEVIPMF,0
HLA-A*24:02,AHDPEVHNVW,0
HLA-A*24:02,AHSPEVHNI,0
HLA-A*24:02,AHSPEVHNIW,0
HLA-A*24:02,ALDSWKNLW,0
HLA-A*24:02,AMYAPPIKGI,0
HLA-A*24:02,AMYAPPIRGI,0
HLA-A*24:02,AMYAPPIRGL,0
HLA-A*24:02,AMYAPPISGI,0
HLA-A*24:02,AMYAPPVRGI,0
HLA-A*24:02,AWDDLRSLW,0
HLA-A*24:02,AWRDADTTL,0
HLA-A*24:02,AWRDADTTLF,0
HLA-A*24:02,AWYEVLNQV,0
HLA-A*24:02,AYCEINATKW,0
HLA-A*24:02,AYCEINGTAW,0
HLA-A*24:02,AYCEINGTKW,0
HLA-A*24:02,AYCEINGTQW,0
HLA-A*24:02,AYCEINGTRW,0
HLA-A*24:02,AYCEINRTAW,0
HLA-A*24:02,AYCEINRTEW,0
HLA-A*24:02,AYCEINVTKW,0
HLA-A*24:02,AYCEVDGEKW,0
HLA-A*24:02,AYCKINRTKW,0
HLA-A*24:02,AYCLINGTI,0
HLA-A*24:02,AYCLINGTIW,0
HLA-A*24:02,AYCNLSEEQW,0
HLA-A*24:02,AYCNVNGTKW,0
HLA-A*24:02,AYCNVSRATW,0
HLA-A*24:02,AYDTEVHNV,0
HLA-A*24:02,AYDTEVHNVW,0
HLA-A*24:02,AYEREVHNV,0
HLA-A*24:02,AYEREVHNVW,0
HLA-A*24:02,AYETEKHNV,0
HLA-A*24:02,AYETEKHNVW,0
HLA-A*24:02,AYVPAMFTA,0
HLA-A*24:02,CAPAGFAIF,0
HLA-A*24:02,CTPAGYAIF,0
HLA-A*24:02,DHWASLWNW,0
HLA-A*24:02,DLEIITHHF,0
HLA-A*24:02,DYVDRFFKCL,0
HLA-A*24:02,DYVDRFFKTL,0
HLA-A*24:02,DYVDRFYKTL,0
HLA-A*24:02,DYVDRFYKV,0
HLA-A*24:02,DYVDRFYKVL,0
HLA-A*24:02,EHFNETIRF,0
HLA-A*24:02,EHFNGSITF,0
HLA-A*24:02,EHFNKTIEF,0
HLA-A*24:02,EHFNKTIIF,0
HLA-A*24:02,EHFNKTIVF,0
HLA-A*24:02,EHFNNKTIVF,0
HLA-A*24:02,EHFPNKTITF,0
HLA-A*24:02,EHFQNKTINF,0
HLA-A*24:02,EHFSNKTIIF,0
HLA-A*24:02,ELFNITTISF,0
HLA-A*24:02,ELIDKKQKF,0
HLA-A*24:02,EQFLKNITF,0
HLA-A*24:02,EQFNRTIVF,0
HLA-A*24:02,EQIWHNMTW,0
HLA-A*24:02,EQQKVQALF,0
HLA-A*24:02,ERYLEDQKFL,0
HLA-A*24:02,ERYLKDQKFL,0
HLA-A*24:02,ERYLKDQQFL,0
HLA-A*24:02,ERYLKDQQLL,0
HLA-A*24:02,ERYLKDQRFL,0
HLA-A*24:02,ERYLKDQRLL,0
HLA-A*24:02,ERYLKDQTFL,0
HLA-A*24:02,ERYLKDQTLL,0
HLA-A*24:02,ERYLQDQKFL,0
HLA-A*24:02,ERYLRDQQLL,0
HLA-A*24:02,ERYLRDQRLL,0
HLA-A*24:02,ERYLSDQKFL,0
HLA-A*24:02,EWASLWNWF,0
HLA-A*24:02,EYFNGTIQF,0
HLA-A*24:02,EYFNGTIQFQ,0
HLA-A*24:02,EYVDRFYKTL,0
HLA-A*24:02,FFKTSPMII,0
HLA-A*24:02,FFYCDTSQLF,0
HLA-A*24:02,FFYCNSTPLF,0
HLA-A*24:02,FFYCNTSGLF,0
HLA-A*24:02,FFYCNTSKL,0
HLA-A*24:02,FFYCNTSKLF,0
HLA-A*24:02,FFYCNTSNLF,0
HLA-A*24:02,FFYCNTSQL,0
HLA-A*24:02,FFYCNTSQLF,0
HLA-A*24:02,FFYCNTSRLF,0
HLA-A*24:02,FFYCNTTGLF,0
HLA-A*24:02,FFYCNTTKL,0
HLA-A*24:02,FFYCNTTKLF,0
HLA-A*24:02,FFYCNTTNLF,0
HLA-A*24:02,FFYCNTTQL,0
HLA-A*24:02,FFYCNTTQLF,0
HLA-A*24:02,FMENVTENF,0
HLA-A*24:02,FMYYAKRMLF,0
HLA-A*24:02,FMYYAKRMLL,0
HLA-A*24:02,FNPEVIPMF,0
HLA-A*24:02,FSPEIIPMF,0
HLA-A*24:02,FSPEVIPMF,0
HLA-A*24:02,FYCDTSQLF,0
HLA-A*24:02,FYCDTSQLFN,0
HLA-A*24:02,FYCNSTPLF,0
HLA-A*24:02,FYCNSTPLFN,0
HLA-A*24:02,FYCNTSGLF,0
HLA-A*24:02,FYCNTSKLF,0
HLA-A*24:02,FYCNTSNLF,0
HLA-A*24:02,FYCNTSQLF,0
HLA-A*24:02,FYCNTSQLFN,0
HLA-A*24:02,FYCNTSRLF,0
HLA-A*24:02,FYCNTTGLF,0
HLA-A*24:02,FYCNTTKLF,0
HLA-A*24:02,FYCNTTNLF,0
HLA-A*24:02,FYCNTTNLFN,0
HLA-A*24:02,FYCNTTQLF,0
HLA-A*24:02,FYCNTTQLFN,0
HLA-A*24:02,FYKIDIVPI,0
HLA-A*24:02,FYKLDIIQI,0
HLA-A*24:02,FYKLDIVPI,0
HLA-A*24:02,FYKLDIVPL,0
HLA-A*24:02,FYKLDIVQI,0
HLA-A*24:02,FYKLDIVQM,0
HLA-A*24:02,FYKLDIVSL,0
HLA-A*24:02,FYKLDLTQI,0
HLA-A*24:02,FYKLDLVKM,0
HLA-A*24:02,FYKLDTVQV,0
HLA-A*24:02,FYKLDVVPI,0
HLA-A*24:02,FYKVDIVPI,0
HLA-A*24:02,FYMIVIGVI,0
HLA-A*24:02,FYMLDIVPI,0
HLA-A*24:02,FYNLDIVQI,0
HLA-A*24:02,FYRLDIEQI,0
HLA-A*24:02,FYRLDIVPI,0
HLA-A*24:02,FYRLDIVPM,0
HLA-A*24:02,FYRVNIVPL,0
HLA-A*24:02,FYTLDIVKM,0
HLA-A*24:02,GFNPEVIPMF,0
HLA-A*24:02,GFSPEVIPMF,0
HLA-A*24:02,GHFNKTIVF,0
HLA-A*24:02,GHFNNTTITF,0
HLA-A*24:02,GNYTNIIYEL,0
HLA-A*24:02,GWEGLKYLW,0
HLA-A*24:02,GWMTGNPSI,0
HLA-A*24:02,GWTDRVIEI,0
HLA-A*24:02,GWTDRVIEL,0
HLA-A*24:02,GYETEVHNV,0
HLA-A*24:02,GYETEVHNVW,0
HLA-A*24:02,GYEVIGVLY,0
HLA-A*24:02,GYSPLSFQI,0
HLA-A*24:02,GYSPLSFQIL,0
HLA-A*24:02,GYSPLSFQTL,0
HLA-A*24:02,GYSPLSLQI,0
HLA-A*24:02,GYSPLSLQTL,0
HLA-A*24:02,GYSPVSFQI,0
HLA-A*24:02,GYWSQELKI,0
HLA-A*24:02,HFINKNITF,0
HLA-A*24:02,HFKNSSIIF,0
HLA-A*24:02,HFNCKGEFF,0
HLA-A*24:02,HFNCRGEFF,0
HLA-A*24:02,HFNDNKTIIF,0
HLA-A*24:02,HFNNKTIIF,0
HLA-A*24:02,HFNNKTIVF,0
HLA-A*24:02,HFNNTTITF,0
HLA-A*24:02,HFPNKTITF,0
HLA-A*24:02,HFPNKTITFQ,0
HLA-A*24:02,HFQNKTINF,0
HLA-A*24:02,HFSNKTIIF,0
HLA-A*24:02,HFTCRGEFF,0
HLA-A*24:02,HFTNKNISF,0
HLA-A*24:02,HHLLQLTVW,0
HLA-A*24:02,HLVNVTENF,0
HLA-A*24:02,HMENVTENF,0
HLA-A*24:02,HMGPGRTFF,0
HLA-A*24:02,HQPFSPRTL,0
HLA-A*24:02,HQPIAPRTL,0
HLA-A*24:02,HQPISPRTL,0
HLA-A*24:02,HQPISPTTL,0
HLA-A*24:02,HQPLSPRTL,0
HLA-A*24:02,HQPVSPRTL,0
HLA-A*24:02,HSPEVHNIW,0
HLA-A*24:02,HWASLWNWF,0
HLA-A*24:02,HWMTETLLV,0
HLA-A*24:02,HWTTYMDTF,0
HLA-A*24:02,HWTTYMDTFF,0
HLA-A*24:02,HYCAPAGFAI,0
HLA-A*24:02,HYCAPAGYAI,0
HLA-A*24:02,HYCTPAGFAI,0
HLA-A*24:02,HYCTPAGYAI,0
HLA-A*24:02,HYCTPAGYAL,0
HLA-A*24:02,HYCTPAGYTI,0
HLA-A*24:02,HYCTPAGYVI,0
HLA-A*24:02,HYMLKHLVW,0
HLA-A*24:02,IAIKLQEQF,0
HLA-A*24:02,IFKCNDKKF,0
HLA-A*24:02,IFKCNDKNF,0
HLA-A*24:02,IFLISIIVL,0
HLA-A*24:02,IFMENVTENF,0
HLA-A*24:02,IFWDDLRSL,0
HLA-A*24:02,IHIGPGQAF,0
HLA-A*24:02,IHIGPGQAFF,0
HLA-A*24:02,IHIGPGQVF,0
HLA-A*24:02,IHMENVTENF,0
HLA-A*24:02,IHMGPGRTF,0
HLA-A*24:02,IHMGPGRTFF,0
HLA-A*24:02,IIGDPRQAF,0
HLA-A*24:02,IKPVVSTHF,0
HLA-A*24:02,IKYLGNLLLY,0
HLA-A*24:02,ILENVTEYF,0
HLA-A*24:02,ILHLDYKSF,0
HLA-A*24:02,ILHSDYKSF,0
HLA-A*24:02,ILPCRIKQF,0
HLA-A*24:02,IRIGPGQTF,0
HLA-A*24:02,ISFDPIPIHY,0
HLA-A*24:02,ISIGPGQVF,0
HLA-A*24:02,ITFDPIPIHY,0
HLA-A*24:02,ITIGPGQVF,0
HLA-A*24:02,ITIGPGRAF,0
HLA-A*24:02,ITMGPGQAF,0
HLA-A*24:02,IWAGRELERF,0
HLA-A*24:02,IWASREVERF,0
HLA-A*24:02,IWDDLRSLF,0
HLA-A*24:02,IWDDLRSLFL,0
HLA-A*24:02,IWDKMTWAEW,0
HLA-A*24:02,IWDNMTWIEW,0
HLA-A*24:02,IWDNMTWTEW,0
HLA-A*24:02,IWDNMTWTQW,0
HLA-A*24:02,IWDNMTWVEW,0
HLA-A*24:02,IWENMTWIEW,0
HLA-A*24:02,IWENMTWIQW,0
HLA-A*24:02,IWENMTWMEW,0
HLA-A*24:02,IWGNMTWIEW,0
HLA-A*24:02,IWGNMTWIQW,0
HLA-A*24:02,IWGNMTWTQW,0
HLA-A*24:02,IWHNMTWIEW,0
HLA-A*24:02,IWKNMTWIEW,0
HLA-A*24:02,IWNNLTWVEW,0
HLA-A*24:02,IWNNMTWIEW,0
HLA-A*24:02,IWNNMTWIQW,0
HLA-A*24:02,IWNNMTWMQW,0
HLA-A*24:02,IWNNMTWTEW,0
HLA-A*24:02,IWNNMTWVEW,0
HLA-A*24:02,IWQRMTWIQW,0
HLA-A*24:02,IYAPPISGKI,0
HLA-A*24:02,IYAPPISGNI,0
HLA-A*24:02,IYDILTESQI,0
HLA-A*24:02,IYELLTVSQI,0
HLA-A*24:02,IYHRLRDFI,0
HLA-A*24:02,IYHRLRDFIL,0
HLA-A*24:02,IYKRWIILGL,0
HLA-A*24:02,IYKRWIIMGL,0
HLA-A*24:02,IYKRWIVLGL,0
HLA-A*24:02,IYKRWLILGL,0
HLA-A*24:02,IYLENVTENF,0
HLA-A*24:02,IYMENVTEDF,0
HLA-A*24:02,IYSLLEESQI,0
HLA-A*24:02,IYWGQELKI,0
HLA-A*24:02,IYWIQELKI,0
HLA-A*24:02,KAYALFYKL,0
HLA-A*24:02,KEHFNGSITF,0
HLA-A*24:02,KFHALFYKL,0
HLA-A*24:02,KFLGNLLLY,0
HLA-A*24:02,KFLGNLLLYW,0
HLA-A*24:02,KFYALFYKL,0
HLA-A*24:02,KHFINKNITF,0
HLA-A*24:02,KHFNKTIVF,0
HLA-A*24:02,KHFTGNISF,0
HLA-A*24:02,KHYMLKHLVW,0
HLA-A*24:02,KIKQIINLW,0
HLA-A*24:02,KKYHMKHLVW,0
HLA-A*24:02,KKYQLKHIVW,0
HLA-A*24:02,KLDKWSSLW,0
HLA-A*24:02,KLDQWASLW,0
HLA-A*24:02,KLENVTVNF,0
HLA-A*24:02,KLTSTETLF,0
HLA-A*24:02,KMQQVHALF,0
HLA-A*24:02,KQACPKISF,0
HLA-A*24:02,KQACPKITF,0
HLA-A*24:02,KQACPKMSF,0
HLA-A*24:02,KQACPKVSF,0
HLA-A*24:02,KQHKVHALF,0
HLA-A*24:02,KQIWDNMTW,0
HLA-A*24:02,KQKKVHALF,0
HLA-A*24:02,KQQEVYALF,0
HLA-A*24:02,KQQKAYALF,0
HLA-A*24:02,KQQKVHALF,0
HLA-A*24:02,KQRKVQALF,0
HLA-A*24:02,KQRNVHALF,0
HLA-A*24:02,KQYKIKHLVW,0
HLA-A*24:02,KRFNKETVKF,0
HLA-A*24:02,KRQKVYALF,0
HLA-A*24:02,KRQQVHALF,0
HLA-A*24:02,KRYKLKHIVW,0
HLA-A*24:02,KSYDEIWKNM,0
HLA-A*24:02,KSYDEIWNNM,0
HLA-A*24:02,KSYEEIWENM,0
HLA-A*24:02,KSYEEIWNNM,0
HLA-A*24:02,KSYKEIWDNM,0
HLA-A*24:02,KTISVVTLL,0
HLA-A*24:02,KTYEDIWNNM,0
HLA-A*24:02,KTYKDIWENM,0
HLA-A*24:02,KTYKLKHIVW,0
HLA-A*24:02,KTYQEIWDNM,0
HLA-A*24:02,KVHALFYTL,0
HLA-A*24:02,KVQALFYRL,0
HLA-A*24:02,KVSALFYKL,0
HLA-A*24:02,KVYALFYKL,0
HLA-A*24:02,KWANLWNWF,0
HLA-A*24:02,KWASLWNWF,0
HLA-A*24:02,KWASLWSWF,0
HLA-A*24:02,KWASLWTWF,0
HLA-A*24:02,KWKEVLEQV,0
HLA-A*24:02,KWKEVLTQV,0
HLA-A*24:02,KWKKTLDQV,0
HLA-A*24:02,KWLWYIKIF,0
HLA-A*24:02,KWLWYIRIF,0
HLA-A*24:02,KWNDVLTQV,0
HLA-A*24:02,KWNETINQV,0
HLA-A*24:02,KWNETLKQV,0
HLA-A*24:02,KWNKTLEQV,0
HLA-A*24:02,KWNKTLKQV,0
HLA-A*24:02,KWNPILPTC,0
HLA-A*24:02,KWSSLWSWF,0
HLA-A*24:02,KWTNLWNWF,0
HLA-A*24:02,KWTSLWNWF,0
HLA-A*24:02,KWTSLWSWF,0
HLA-A*24:02,KWTTVLEQV,0
HLA-A*24:02,KWYEVLRNV,0
HLA-A*24:02,KYENPCKKM,0
HLA-A*24:02,KYHMKHLVW,0
HLA-A*24:02,KYKIKHLVW,0
HLA-A*24:02,KYKLKHIVW,0
HLA-A*24:02,KYKMKHLIW,0
HLA-A*24:02,KYKMKHLVW,0
HLA-A*24:02,KYKMRHLVW,0
HLA-A*24:02,KYKNPCKKM,0
HLA-A*24:02,KYKVIQIEPL,0
HLA-A*24:02,KYKVVEIEPL,0
HLA-A*24:02,KYKVVEIKPL,0
HLA-A*24:02,KYKVVQIEPL,0
HLA-A*24:02,KYLGNLLAY,0
HLA-A*24:02,KYLGNLLAYW,0
HLA-A*24:02,KYLGNLLGY,0
HLA-A*24:02,KYLGNLLGYW,0
HLA-A*24:02,KYLGNLLIY,0
HLA-A*24:02,KYLGNLLIYW,0
HLA-A*24:02,KYLGNLLLY,0
HLA-A*24:02,KYLGNLLLYW,0
HLA-A*24:02,KYLGNLLVY,0
HLA-A*24:02,KYLGNLLVYW,0
HLA-A*24:02,KYLGSLLVY,0
HLA-A*24:02,KYLGSLLVYW,0
HLA-A*24:02,KYLGSLVQY,0
HLA-A*24:02,KYLGSLVQYW,0
HLA-A*24:02,KYLWNLLLY,0
HLA-A*24:02,KYLWNLLLYW,0
HLA-A*24:02,KYQLKHIVW,0
HLA-A*24:02,KYRIKHLVW,0
HLA-A*24:02,KYRLKHLIW,0
HLA-A*24:02,KYRLKHLVW,0
HLA-A*24:02,KYRLKHVVW,0
HLA-A*24:02,KYRMKHIVW,0
HLA-A*24:02,KYRMKHLMW,0
HLA-A*24:02,KYRMKHLVW,0
HLA-A*24:02,KYSFGEYITI,0
HLA-A*24:02,KYSFGEYMTI,0
HLA-A*24:02,KYWGNLLQY,0
HLA-A*24:02,KYWGNLLQYW,0
HLA-A*24:02,LAWDDLRSLW,0
HLA-A*24:02,LFLFSYHRL,0
HLA-A*24:02,LFNATAITI,0
HLA-A*24:02,LFNDKQKVTF,0
HLA-A*24:02,LFNITTISF,0
HLA-A*24:02,LFNSVATLW,0
HLA-A*24:02,LFNTIATLW,0
HLA-A*24:02,LFNTIAVLW,0
HLA-A*24:02,LFNTIVVLW,0
HLA-A*24:02,LFNTLVTLW,0
HLA-A*24:02,LFNTTNITF,0
HLA-A*24:02,LFNTVATLW,0
HLA-A*24:02,LFNTVVTLW,0
HLA-A*24:02,LFWDDLRSL,0
HLA-A*24:02,LFWEDLRSL,0
HLA-A*24:02,LFYKLDIVSL,0
HLA-A*24:02,LFYKPGDII,0
HLA-A*24:02,LIWDDLRSLF,0
HLA-A*24:02,LLANVTENF,0
HLA-A*24:02,LWLFSYHRL,0
HLA-A*24:02,LWNTIATLW,0
HLA-A*24:02,LWQEVGQAM,0
HLA-A*24:02,LWYIKIFII,0
HLA-A*24:02,LYAPPISGV,0
HLA-A*24:02,LYAPPISGVI,0
HLA-A*24:02,LYDKPLYEV,0
HLA-A*24:02,LYDKPLYKV,0
HLA-A*24:02,LYDTAAIAI,0
HLA-A*24:02,LYEVNSTMTL,0
HLA-A*24:02,LYHRLRDFI,0
HLA-A*24:02,LYHRLRDFIF,0
HLA-A*24:02,LYHRLRDFTL,0
HLA-A*24:02,LYISCTANSW,0
HLA-A*24:02,LYKVNSTMTL,0
HLA-A*24:02,LYKYKVIQI,0
HLA-A*24:02,LYKYKVVEI,0
HLA-A*24:02,LYKYKVVKI,0
HLA-A*24:02,LYKYKVVKL,0
HLA-A*24:02,LYKYKVVQI,0
HLA-A*24:02,LYLENVTENF,0
HLA-A*24:02,LYNTIAVLW,0
HLA-A*24:02,LYNTIAVLY,0
HLA-A*24:02,LYNTIVTLW,0
HLA-A*24:02,LYNTVATLW,0
HLA-A*24:02,LYNTVSVLY,0
HLA-A*24:02,LYNTVVTLL,0
HLA-A*24:02,LYNTVVTLW,0
HLA-A*24:02,LYRRLRDLI,0
HLA-A*24:02,LYRRLSDFI,0
HLA-A*24:02,LYWGQELKI,0
HLA-A*24:02,LYWGRELKI,0
HLA-A*24:02,LYWSRELKI,0
HLA-A*24:02,LYYQGSCYI,0
HLA-A*24:02,LYYQGSCYIL,0
HLA-A*24:02,MHEDIISLW,0
HLA-A*24:02,MHEDVINLW,0
HLA-A*24:02,MHEDVISLW,0
HLA-A*24:02,MQEDIISLW,0
HLA-A*24:02,MQEDVISLW,0
HLA-A*24:02,MSFDPIPIHY,0
HLA-A*24:02,MTIGPGQVF,0
HLA-A*24:02,MTMGLGHVF,0
HLA-A*24:02,MWASKELERF,0
HLA-A*24:02,MWQAVGQAM,0
HLA-A*24:02,MWQEVGQAM,0
HLA-A*24:02,MWQEVGRAM,0
HLA-A*24:02,MWQGVGQAI,0
HLA-A*24:02,MWQGVGQAM,0
HLA-A*24:02,MWQGVGQTL,0
HLA-A*24:02,MWQRAGQAI,0
HLA-A*24:02,MWQRTGQAM,0
HLA-A*24:02,MWQRVGQAM,0
HLA-A*24:02,MYAPPIAGNI,0
HLA-A*24:02,MYAPPIEGKI,0
HLA-A*24:02,MYAPPIEGV,0
HLA-A*24:02,MYAPPIEGVI,0
HLA-A*24:02,MYAPPIKGI,0
HLA-A*24:02,MYAPPIKGII,0
HLA-A*24:02,MYAPPIQGSI,0
HLA-A*24:02,MYAPPIRGI,0
HLA-A*24:02,MYAPPIRGIV,0
HLA-A*24:02,MYAPPIRGL,0
HLA-A*24:02,MYAPPIRGLI,0
HLA-A*24:02,MYAPPIRGQI,0
HLA-A*24:02,MYAPPIRGRI,0
HLA-A*24:02,MYAPPISGHI,0
HLA-A*24:02,MYAPPISGI,0
HLA-A*24:02,MYAPPISGII,0
HLA-A*24:02,MYAPPISGKI,0
HLA-A*24:02,MYAPPISGNI,0
HLA-A*24:02,MYAPPISGQI,0
HLA-A*24:02,MYAPPISGRI,0
HLA-A*24:02,MYAPPISGRL,0
HLA-A*24:02,MYAPPISGSI,0
HLA-A*24:02,MYAPPISGTI,0
HLA-A*24:02,MYAPPVEGKI,0
HLA-A*24:02,MYAPPVRGI,0
HLA-A*24:02,MYAPPVRGII,0
HLA-A*24:02,MYAPPVSGNI,0
HLA-A*24:02,MYAPPVSGQI,0
HLA-A*24:02,MYLENVTENF,0
HLA-A*24:02,MYNPPVQGHI,0
HLA-A*24:02,MYNPVSILDI,0
HLA-A*24:02,MYNQQGKMV,0
HLA-A*24:02,MYQPVGILDI,0
HLA-A*24:02,MYQPVSILDI,0
HLA-A*24:02,MYRPVGILDI,0
HLA-A*24:02,MYRPVSILDI,0
HLA-A*24:02,MYSPISILDI,0
HLA-A*24:02,MYSPSSILDI,0
HLA-A*24:02,MYSPTSILDI,0
HLA-A*24:02,MYSPVGILDI,0
HLA-A*24:02,MYSPVNILDI,0
HLA-A*24:02,MYSPVSILDI,0
HLA-A*24:02,MYTPPSKGPI,0
HLA-A*24:02,MYYAKRMLF,0
HLA-A*24:02,MYYAKRMLFT,0
HLA-A*24:02,MYYAKRMLL,0
HLA-A*24:02,NEYFNGTIQF,0
HLA-A*24:02,NIGPGQMLF,0
HLA-A*24:02,NIGPGQVLF,0
HLA-A*24:02,NLFNTTNLF,0
HLA-A*24:02,NWFDISKWL,0
HLA-A*24:02,NWFDISKWLW,0
HLA-A*24:02,NWFDISNWL,0
HLA-A*24:02,NWFDISNWLW,0
HLA-A*24:02,NWFDISRWL,0
HLA-A*24:02,NWFDISRWLW,0
HLA-A*24:02,NWFDITKWL,0
HLA-A*24:02,NWFDITKWLW,0
HLA-A*24:02,NWFDITNWL,0
HLA-A*24:02,NWFDITNWLW,0
HLA-A*24:02,NWFDITQWL,0
HLA-A*24:02,NWFDITQWLW,0
HLA-A*24:02,NWFDITRWL,0
HLA-A*24:02,NWFDITRWLW,0
HLA-A*24:02,NWFEITNWL,0
HLA-A*24:02,NWFEITNWLW,0
HLA-A*24:02,NWFGITKWLW,0
HLA-A*24:02,NWFNITNWL,0
HLA-A*24:02,NWFNITNWLW,0
HLA-A*24:02,NWFSISNWL,0
HLA-A*24:02,NWFSISNWLW,0
HLA-A*24:02,NWFSITNWL,0
HLA-A*24:02,NWFSITNWLW,0
HLA-A*24:02,NWFSITSWL,0
HLA-A*24:02,NWFSITSWLW,0
HLA-A*24:02,NWLWYIKIF,0
HLA-A*24:02,NWLWYIKLF,0
HLA-A*24:02,NWLWYIRIF,0
HLA-A*24:02,NWMTETLLV,0
HLA-A*24:02,NYNNSIGNI,0
HLA-A*24:02,NYNNTKNVM,0
HLA-A*24:02,NYSSQIYDI,0
HLA-A*24:02,NYSSQIYDIL,0
HLA-A*24:02,NYTAQIYEI,0
HLA-A*24:02,NYTAQIYEIL,0
HLA-A*24:02,NYTDQIYAL,0
HLA-A*24:02,NYTDQIYALI,0
HLA-A*24:02,NYTDQIYDI,0
HLA-A*24:02,NYTDQIYDIL,0
HLA-A*24:02,NYTDQIYEI,0
HLA-A*24:02,NYTDQIYEIL,0
HLA-A*24:02,NYTDQIYEL,0
HLA-A*24:02,NYTDQIYELL,0
HLA-A*24:02,NYTDTIYTL,0
HLA-A*24:02,NYTDTIYTLL,0
HLA-A*24:02,NYTGLIYEI,0
HLA-A*24:02,NYTGLIYEIL,0
HLA-A*24:02,NYTHQIYEI,0
HLA-A*24:02,NYTHQIYEIL,0
HLA-A*24:02,NYTNIIYDI,0
HLA-A*24:02,NYTNIIYDIL,0
HLA-A*24:02,NYTNIIYDL,0
HLA-A*24:02,NYTNIIYDLL,0
HLA-A*24:02,NYTNIIYEL,0
HLA-A*24:02,NYTNIIYELL,0
HLA-A*24:02,NYTNQIYAI,0
HLA-A*24:02,NYTNQIYAIL,0
HLA-A*24:02,NYTNQIYDI,0
HLA-A*24:02,NYTNQIYDIL,0
HLA-A*24:02,NYTNQIYDL,0
HLA-A*24:02,NYTNQIYDLI,0
HLA-A*24:02,NYTNQIYDLL,0
HLA-A*24:02,NYTNQIYEI,0
HLA-A*24:02,NYTNQIYEIL,0
HLA-A*24:02,NYTNQIYGI,0
HLA-A*24:02,NYTNQIYGIL,0
HLA-A*24:02,NYTNQIYQL,0
HLA-A*24:02,NYTNQIYQLL,0
HLA-A*24:02,NYTSKIYDL,0
HLA-A*24:02,NYTSKIYDLL,0
HLA-A*24:02,NYTSKIYEL,0
HLA-A*24:02,NYTSKIYELL,0
HLA-A*24:02,NYTSQIYDI,0
HLA-A*24:02,NYTSQIYDIL,0
HLA-A*24:02,NYTSQIYEI,0
HLA-A*24:02,NYTSQIYEIL,0
HLA-A*24:02,NYTSQIYEL,0
HLA-A*24:02,NYTSQIYELI,0
HLA-A*24:02,NYTYKIYSL,0
HLA-A*24:02,NYTYKIYSLL,0
HLA-A*24:02,PFRDYVDRF,0
HLA-A*24:02,PFREYVDRF,0
HLA-A*24:02,PFSPRTLNAW,0
HLA-A*24:02,PVWKEATTTL,0
HLA-A*24:02,PYNNTRTSI,0
HLA-A*24:02,QFENKTIRF,0
HLA-A*24:02,QFYSLFYKI,0
HLA-A*24:02,QGYSPLSFQI,0
HLA-A*24:02,QGYSPLSLQI,0
HLA-A*24:02,QGYSPVSFQI,0
HLA-A*24:02,QHLLQLTVW,0
HLA-A*24:02,QHMLQLTVW,0
HLA-A*24:02,QLNKTTIIF,0
HLA-A*24:02,QLSEWASLW,0
HLA-A*24:02,QVAGTGVQF,0
HLA-A*24:02,QWASLWNWF,0
HLA-A*24:02,QWLWYIKIF,0
HLA-A*24:02,QWNNTLKRI,0
HLA-A*24:02,QYEQEIESL,0
HLA-A*24:02,QYKIKHLVW,0
HLA-A*24:02,QYRLKHLVW,0
HLA-A*24:02,RDYVDRFYKV,0
HLA-A*24:02,REQKVYALF,0
HLA-A*24:02,RFAINPGLL,0
HLA-A*24:02,RFALDPGLL,0
HLA-A*24:02,RFALNPELL,0
HLA-A*24:02,RFALNPGLL,0
HLA-A*24:02,RFALNPSLL,0
HLA-A*24:02,RFAVDPGLL,0
HLA-A*24:02,RFAVNPGLL,0
HLA-A*24:02,RFGRALLHI,0
HLA-A*24:02,RFNKETVKF,0
HLA-A*24:02,RGWEGLKYLW,0
HLA-A*24:02,RHLRDFILI,0
HLA-A*24:02,RIKQIINLW,0
HLA-A*24:02,RLENVTENF,0
HLA-A*24:02,RLVSGFLALF,0
HLA-A*24:02,RMTMGLGHVF,0
HLA-A*24:02,RMWQGVGQTL,0
HLA-A*24:02,RMYSPVNIL,0
HLA-A*24:02,RQACPKMSF,0
HLA-A*24:02,RQACPKVSF,0
HLA-A*24:02,RQGYSPLFF,0
HLA-A*24:02,RQGYSPLSF,0
HLA-A*24:02,RQGYSPVSF,0
HLA-A*24:02,RQREAYALF,0
HLA-A*24:02,RSYEEIWNNL,0
HLA-A*24:02,RVIEAAQRF,0
HLA-A*24:02,RVIEVTQRI,0
HLA-A*24:02,RVIEVVQRTW,0
HLA-A*24:02,RVYALFYKL,0
HLA-A*24:02,RWASLWNWF,0
HLA-A*24:02,RWLWYIKIF,0
HLA-A*24:02,RWMTSNPPI,0
HLA-A*24:02,RYKLKHIVW,0
HLA-A*24:02,RYLEDQKFL,0
HLA-A*24:02,RYLKDQKFL,0
HLA-A*24:02,RYLKDQQFL,0
HLA-A*24:02,RYLKDQQLL,0
HLA-A*24:02,RYLKDQRFL,0
HLA-A*24:02,RYLKDQRLL,0
HLA-A*24:02,RYLKDQTFL,0
HLA-A*24:02,RYLKDQTLL,0
HLA-A*24:02,RYLQDQKFL,0
HLA-A*24:02,RYLRDQQLL,0
HLA-A*24:02,RYLRDQRLL,0
HLA-A*24:02,RYLSDQKFL,0
HLA-A*24:02,RYRLKHIVW,0
HLA-A*24:02,SEWASLWNWF,0
HLA-A*24:02,SFDDIWNNM,0
HLA-A*24:02,SFDPIPIHY,0
HLA-A*24:02,SFEPIPIHY,0
HLA-A*24:02,SFNCGGEFF,0
HLA-A*24:02,SFNDKQKVTF,0
HLA-A*24:02,SFNMTTELI,0
HLA-A*24:02,SFRIGPGQVF,0
HLA-A*24:02,SFSPEVIPM,0
HLA-A*24:02,SFSPEVIPMF,0
HLA-A*24:02,SFTCGGEFF,0
HLA-A*24:02,SIHMGPGRTF,0
HLA-A*24:02,SIPIGPGQVF,0
HLA-A*24:02,SLFNSVATLW,0
HLA-A*24:02,SLFNTIATLW,0
HLA-A*24:02,SLFNTIAVLW,0
HLA-A*24:02,SLFNTIVVLW,0
HLA-A*24:02,SLFNTLVTLW,0
HLA-A*24:02,SLFNTVATLW,0
HLA-A*24:02,SLFNTVVTLW,0
HLA-A*24:02,SLWNTIATLW,0
HLA-A*24:02,SLYNTIAVLW,0
HLA-A*24:02,SLYNTIVTLW,0
HLA-A*24:02,SLYNTVATLW,0
HLA-A*24:02,SLYNTVSVLY,0
HLA-A*24:02,SLYNTVVTLL,0
HLA-A*24:02,SLYNTVVTLW,0
HLA-A*24:02,SNYTDQIYAL,0
HLA-A*24:02,SNYTDQIYEI,0
HLA-A*24:02,SNYTDQIYEL,0
HLA-A*24:02,SNYTDTIYTL,0
HLA-A*24:02,SNYTGLIYEI,0
HLA-A*24:02,SNYTHQIYEI,0
HLA-A*24:02,SNYTNIIYDL,0
HLA-A*24:02,SNYTNQIYAI,0
HLA-A*24:02,SNYTNQIYEI,0
HLA-A*24:02,SNYTNQIYQL,0
HLA-A*24:02,SNYTSKIYDL,0
HLA-A*24:02,SNYTSKIYEL,0
HLA-A*24:02,SNYTSQIYEI,0
HLA-A*24:02,SNYTSQIYEL,0
HLA-A*24:02,STLQEQITW,0
HLA-A*24:02,STRIGPGQTF,0
HLA-A*24:02,SWEQIWHNM,0
HLA-A*24:02,SWFDITKWL,0
HLA-A*24:02,SWFDITKWLW,0
HLA-A*24:02,SWFDITNWL,0
HLA-A*24:02,SWFDITNWLW,0
HLA-A*24:02,SWFEITKWL,0
HLA-A*24:02,SWFEITKWLW,0
HLA-A*24:02,SWFSISNWL,0
HLA-A*24:02,SWFSISNWLW,0
HLA-A*24:02,SWFSITNWL,0
HLA-A*24:02,SWFSITNWLW,0
HLA-A*24:02,SWKNLWNWF,0
HLA-A*24:02,SWLWYIKIF,0
HLA-A*24:02,SYDDIWGNM,0
HLA-A*24:02,SYDEIWGNM,0
HLA-A*24:02,SYDEIWKNM,0
HLA-A*24:02,SYDEIWNNM,0
HLA-A*24:02,SYEDIWDKM,0
HLA-A*24:02,SYEEIWENM,0
HLA-A*24:02,SYEEIWGNM,0
HLA-A*24:02,SYEEIWNNL,0
HLA-A*24:02,SYEEIWNNM,0
HLA-A*24:02,SYEKIWNNM,0
HLA-A*24:02,SYHLLRDFTL,0
HLA-A*24:02,SYHLLRDLL,0
HLA-A*24:02,SYHRLRDFI,0
HLA-A*24:02,SYHRLRDFIL,0
HLA-A*24:02,SYHRLRDFL,0
HLA-A*24:02,SYHRLRDFLL,0
HLA-A*24:02,SYHRLRDFSL,0
HLA-A*24:02,SYHRLRDFV,0
HLA-A*24:02,SYHRLRDFVL,0
HLA-A*24:02,SYHRLRDLL,0
HLA-A*24:02,SYHRLRDLLL,0
HLA-A*24:02,SYHRLRDLTL,0
HLA-A*24:02,SYHRLSDLL,0
HLA-A*24:02,SYHRLSDLLL,0
HLA-A*24:02,SYISCTANSW,0
HLA-A*24:02,SYISCTDNSW,0
HLA-A*24:02,SYKEIWDNM,0
HLA-A*24:02,SYKQIWDNM,0
HLA-A*24:02,SYRHLRDFI,0
HLA-A*24:02,TAVPWNTTW,0
HLA-A*24:02,TFDPIPIHY,0
HLA-A*24:02,TFFAHGEII,0
HLA-A*24:02,TFFKTSPMI,0
HLA-A*24:02,TFFRTSPII,0
HLA-A*24:02,TFFRTSPMI,0
HLA-A*24:02,TFSIGGVIHL,0
HLA-A*24:02,TFYATGEII,0
HLA-A*24:02,TFYRTGEII,0
HLA-A*24:02,THIGPGQVW,0
HLA-A*24:02,TLFNTTNITF,0
HLA-A*24:02,TLYAPPISGV,0
HLA-A*24:02,TRIGPGQTF,0
HLA-A*24:02,TWAEWEKEI,0
HLA-A*24:02,TWFDITNWL,0
HLA-A*24:02,TWFDITNWLW,0
HLA-A*24:02,TWIEWEKEI,0
HLA-A*24:02,TWIEWEREI,0
HLA-A*24:02,TWIEWEREM,0
HLA-A*24:02,TWIQWEREI,0
HLA-A*24:02,TWKETLNKV,0
HLA-A*24:02,TWMEWEKEI,0
HLA-A*24:02,TWMQWDKEI,0
HLA-A*24:02,TWTEWEREI,0
HLA-A*24:02,TWTQWEREI,0
HLA-A*24:02,TWVEWEREI,0
HLA-A*24:02,TYANRAVENI,0
HLA-A*24:02,TYEAGIGNI,0
HLA-A*24:02,TYEDIWNNM,0
HLA-A*24:02,TYENITDKI,0
HLA-A*24:02,TYHIIIMAL,0
HLA-A*24:02,TYKDIWENM,0
HLA-A*24:02,TYKLKHIVW,0
HLA-A*24:02,TYMDTFFKT,0
HLA-A*24:02,TYMDTFFRT,0
HLA-A*24:02,TYNSTYNGI,0
HLA-A*24:02,TYQEIWDNM,0
HLA-A*24:02,TYTQENNGTI,0
HLA-A*24:02,VANKLKEHF,0
HLA-A*24:02,VFYKTGDII,0
HLA-A*24:02,VFYKTGEII,0
HLA-A*24:02,VFYKTGSII,0
HLA-A*24:02,VFYQTGDII,0
HLA-A*24:02,VFYRTGDII,0
HLA-A*24:02,VFYRTGEII,0
HLA-A*24:02,VFYSRGEII,0
HLA-A*24:02,VHIGPGQVF,0
HLA-A*24:02,VHLNKSVTI,0
HLA-A*24:02,VHWTTYMDTF,0
HLA-A*24:02,VIKKLKEHF,0
HLA-A*24:02,VINASNETF,0
HLA-A*24:02,VLANVTENF,0
HLA-A*24:02,VQYEQEIESL,0
HLA-A*24:02,VQYKFHKLL,0
HLA-A*24:02,VRQGYSPLF,0
HLA-A*24:02,VSFDPIPIHY,0
HLA-A*24:02,VSKKLAEHF,0
HLA-A*24:02,VSKKLQEHF,0
HLA-A*24:02,VTAKLKEHF,0
HLA-A*24:02,VTIGPGQVF,0
HLA-A*24:02,VVGKLGEHF,0
HLA-A*24:02,VVGKLKEHF,0
HLA-A*24:02,VVKKLETLF,0
HLA-A*24:02,VWASRELDRF,0
HLA-A*24:02,VWASRELERF,0
HLA-A*24:02,VWDDLRSLV,0
HLA-A*24:02,VWDDLRSLVL,0
HLA-A*24:02,VWKDADTTL,0
HLA-A*24:02,VWKDADTTLF,0
HLA-A*24:02,VWKDAETTL,0
HLA-A*24:02,VWKDAETTLF,0
HLA-A*24:02,VWKDAKTTL,0
HLA-A*24:02,VWKDAKTTLF,0
HLA-A*24:02,VWKDANTTL,0
HLA-A*24:02,VWKDANTTLF,0
HLA-A*24:02,VWKEATTTL,0
HLA-A*24:02,VWKEATTTLF,0
HLA-A*24:02,VWRDADTTL,0
HLA-A*24:02,VWRDADTTLF,0
HLA-A*24:02,VWRDAETTL,0
HLA-A*24:02,VWRDAETTLF,0
HLA-A*24:02,VWRDANTTL,0
HLA-A*24:02,VWRDANTTLF,0
HLA-A*24:02,VWRDVVTTL,0
HLA-A*24:02,VWRDVVTTLF,0
HLA-A*24:02,VWREANTTL,0
HLA-A*24:02,VWREANTTLF,0
HLA-A*24:02,VWRNAQTTL,0
HLA-A*24:02,VWRNAQTTLF,0
HLA-A*24:02,VWYRTGEII,0
HLA-A*24:02,VYALFYKLDL,0
HLA-A*24:02,VYALFYRVNI,0
HLA-A*24:02,VYQALSPRTL,0
HLA-A*24:02,VYSPVSILDI,0
HLA-A*24:02,VYSTCTVPTM,0
HLA-A*24:02,VYWAQELKI,0
HLA-A*24:02,VYWGQELKI,0
HLA-A*24:02,VYWSQELKI,0
HLA-A*24:02,WFDISKWLW,0
HLA-A*24:02,WFDISNWLW,0
HLA-A*24:02,WFDISRWLW,0
HLA-A*24:02,WFDITKWLW,0
HLA-A*24:02,WFDITNWLW,0
HLA-A*24:02,WFDITQWLW,0
HLA-A*24:02,WFDITRWLW,0
HLA-A*24:02,WFEITKWLW,0
HLA-A*24:02,WFEITNWLW,0
HLA-A*24:02,WFGITKWLW,0
HLA-A*24:02,WFNITNWLW,0
HLA-A*24:02,WFSISNWLW,0
HLA-A*24:02,WFSITNWLW,0
HLA-A*24:02,WFSITSWLW,0
HLA-A*24:02,WYIKIFIII,0
HLA-A*24:02,WYIKIFIMI,0
HLA-A*24:02,WYIKLFIMI,0
HLA-A*24:02,WYIRIFIII,0
HLA-A*24:02,WYIRIFIMI,0
HLA-A*24:02,YFNVWKNNM,0
HLA-A*24:02,YHLLRDFTL,0
HLA-A*24:02,YLENVTENF,0
HLA-A*24:02,YLGNLLLYW,0
HLA-A*24:02,YLGNLLVYW,0
HLA-A*24:02,YLGSLLVYW,0
HLA-A*24:02,YLGSLVQYW,0
HLA-A*24:02,YSPLFFQTPF,0
HLA-A*24:02,YSPLSFQTHF,0
HLA-A*24:02,YSPLSFQTL,0
HLA-A*24:02,YSPLSFQTPF,0
HLA-A*24:02,YSPLSLQTL,0
HLA-A*24:02,YTNQIYQLL,0
HLA-A*24:02,YTSKIYELL,0
HLA-A*24:02,YTYKIYSLL,0
HLA-A*24:02,YWGNLLQYW,0
HLA-A*24:02,YYQGSCYIL,0
HLA-A*24:02,YYSLDPNAV,0
HLA-B*07:02,AAPQDLNMML,0
HLA-B*07:02,AAQRFGRAL,0
HLA-B*07:02,ALKTGSAEL,0
HLA-B*07:02,APGQIRDPT,0
HLA-B*07:02,APGSPTNLEF,0
HLA-B*07:02,APKQVAGTG,0
HLA-B*07:02,APKQVAGTGV,0
HLA-B*07:02,APPISGHISC,0
HLA-B*07:02,APQDLNMML,0
HLA-B*07:02,APRQVAGTG,0
HLA-B*07:02,APRQVAGTGV,0
HLA-B*07:02,APRTLNAWV,0
HLA-B*07:02,APSGGDLEI,0
HLA-B*07:02,APSKAKRRV,0
HLA-B*07:02,APSKAKRRVV,0
HLA-B*07:02,APSRAKRRV,0
HLA-B*07:02,APSRAKRRVV,0
HLA-B*07:02,APTEAKRRV,0
HLA-B*07:02,APTEAKRRVV,0
HLA-B*07:02,APTKAKRRV,0
HLA-B*07:02,APTKAKRRVV,0
HLA-B*07:02,APTKARRRV,0
HLA-B*07:02,APTKARRRVV,0
HLA-B*07:02,APTRAKRRV,0
HLA-B*07:02,APTRAKRRVV,0
HLA-B*07:02,APTRAQRRV,0
HLA-B*07:02,APTRAQRRVV,0
HLA-B*07:02,APTRARRRV,0
HLA-B*07:02,APTRARRRVV,0
HLA-B*07:02,APVLSGGKL,0
HLA-B*07:02,AQRAGRAIL,0
HLA-B*07:02,AQRAGRGVL,0
HLA-B*07:02,AQRFGRALL,0
HLA-B*07:02,ATPQDLNMML,0
HLA-B*07:02,ATPQDLNSML,0
HLA-B*07:02,ATPQDLNTML,0
HLA-B*07:02,ATPSDLNMML,0
HLA-B*07:02,AVQGAGRAI,0
HLA-B*07:02,AVQGAGRAIL,0
HLA-B*07:02,CPNAECQPL,0
HLA-B*07:02,CPNAKCQPL,0
HLA-B*07:02,CPNVECQPL,0
HLA-B*07:02,DPDPQEIHM,0
HLA-B*07:02,DPNPQEIEL,0
HLA-B*07:02,DPNPQEIHL,0
HLA-B*07:02,DPNPQEIHM,0
HLA-B*07:02,DPNPQEIKL,0
HLA-B*07:02,DPNPQEILL,0
HLA-B*07:02,DPNPQEIPL,0
HLA-B*07:02,DPNPQEIPM,0
HLA-B*07:02,DPNPQEIYL,0
HLA-B*07:02,DPNPQELIL,0
HLA-B*07:02,DPNPQELVL,0
HLA-B*07:02,DPNPQELYL,0
HLA-B*07:02,DPNPQEMLL,0
HLA-B*07:02,DPNPQEMRL,0
HLA-B*07:02,DPNPQEMYL,0
HLA-B*07:02,DPNPQEVVL,0
HLA-B*07:02,DPRQAFCEI,0
HLA-B*07:02,DVRDTKEAL,0
HLA-B*07:02,EIKDTKEAL,0
HLA-B*07:02,EIKRTRMTM,0
HLA-B*07:02,ELRNSAISL,0
HLA-B*07:02,ELRSLFNTL,0
HLA-B*07:02,EPGRDRSVRL,0
HLA-B*07:02,EVKDTKEAL,0
HLA-B*07:02,EVRDTKEAL,0
HLA-B*07:02,FKPPSPGGDL,0
HLA-B*07:02,FVTTRTVEL,0
HLA-B*07:02,GDPRQAFCEI,0
HLA-B*07:02,GGPGHKARVL,0
HLA-B*07:02,GGPNRTNETF,0
HLA-B*07:02,GGPSHKARIL,0
HLA-B*07:02,GGPSHKARVL,0
HLA-B*07:02,GIRPVVSTQL,0
HLA-B*07:02,GPAASLEEM,0
HLA-B*07:02,GPAATLEEM,0
HLA-B*07:02,GPCHNVSSV,0
HLA-B*07:02,GPCKNVSSI,0
HLA-B*07:02,GPCKNVSSV,0
HLA-B*07:02,GPCKNVSTV,0
HLA-B*07:02,GPCNNVSSGL,0
HLA-B*07:02,GPCNNVSSV,0
HLA-B*07:02,GPCRNVSSV,0
HLA-B*07:02,GPCSNVSTV,0
HLA-B*07:02,GPCTNVSSV,0
HLA-B*07:02,GPCTNVSTV,0
HLA-B*07:02,GPGASIEEM,0
HLA-B*07:02,GPGASLEEM,0
HLA-B*07:02,GPGATLEEM,0
HLA-B*07:02,GPGHKARVL,0
HLA-B*07:02,GPIRCSSNI,0
HLA-B*07:02,GPKEPFRDY,0
HLA-B*07:02,GPKEPFRDYV,0
HLA-B*07:02,GPKEPFREY,0
HLA-B*07:02,GPKEPFREYV,0
HLA-B*07:02,GPNNDTEIF,0
HLA-B*07:02,GPNRTNETF,0
HLA-B*07:02,GPSHKARIL,0
HLA-B*07:02,GPSHKARVL,0
HLA-B*07:02,GVKDTKEAL,0
HLA-B*07:02,HIPRRIRQGF,0
HLA-B*07:02,HIPRRIRQGL,0
HLA-B*07:02,HPAQAGPIP,0
HLA-B*07:02,HPQQAGPIA,0
HLA-B*07:02,HPVHAGPIA,0
HLA-B*07:02,HPVHAGPVA,0
HLA-B*07:02,HPVQAGPIA,0
HLA-B*07:02,HPVQAGPVA,0
HLA-B*07:02,HVPRRIRQGL,0
HLA-B*07:02,HVVWASREL,0
HLA-B*07:02,IDVRDTKEAL,0
HLA-B*07:02,IEVRDTKEAL,0
HLA-B*07:02,IIAQLQPAL,0
HLA-B*07:02,IIGDPRQAF,0
HLA-B*07:02,IIKQLQPAL,0
HLA-B*07:02,IKPMVSTQLL,0
HLA-B*07:02,IKPVISTQLL,0
HLA-B*07:02,IKPVVSTHFL,0
HLA-B*07:02,IKPVVSTQLL,0
HLA-B*07:02,IPCKIKQIV,0
HLA-B*07:02,IPCKIKQVV,0
HLA-B*07:02,IPCRIKQII,0
HLA-B*07:02,IPCRIKQIV,0
HLA-B*07:02,IPIGPGQVF,0
HLA-B*07:02,IPIGPGQVFY,0
HLA-B*07:02,IPITIPCRI,0
HLA-B*07:02,IPLDNVTENF,0
HLA-B*07:02,IPLENVTENF,0
HLA-B*07:02,IPMENVTENF,0
HLA-B*07:02,IPNPEGLDRL,0
HLA-B*07:02,IPRGPDRPE,0
HLA-B*07:02,IPRRIRQGF,0
HLA-B*07:02,IPRRIRQGL,0
HLA-B*07:02,IPRRIRQGLE,0
HLA-B*07:02,IPSHHQREA,0
HLA-B*07:02,IPSHQQREL,0
HLA-B*07:02,IPSLSNGLI,0
HLA-B*07:02,IRPVVSTQLL,0
HLA-B*07:02,ITMGPGQAF,0
HLA-B*07:02,KALGAGATL,0
HLA-B*07:02,KALGMGATL,0
HLA-B*07:02,KALGPAASL,0
HLA-B*07:02,KALGPAATL,0
HLA-B*07:02,KALGSGATL,0
HLA-B*07:02,KALGTGATL,0
HLA-B*07:02,KPCIKVTPL,0
HLA-B*07:02,KPCVELTPL,0
HLA-B*07:02,KPCVKLTHL,0
HLA-B*07:02,KPCVKLTPF,0
HLA-B*07:02,KPCVKLTPL,0
HLA-B*07:02,KPCVRLTPL,0
HLA-B*07:02,KPGDIIGDI,0
HLA-B*07:02,KPGGKKKYHM,0
HLA-B*07:02,KPGGKKKYKM,0
HLA-B*07:02,KPHSGGDIEV,0
HLA-B*07:02,KPHSGGDLEI,0
HLA-B*07:02,KPLGVAPTEA,0
HLA-B*07:02,KPLYEVNSTM,0
HLA-B*07:02,KPLYKVNST,0
HLA-B*07:02,KPLYKVNSTM,0
HLA-B*07:02,KPMVSTQLL,0
HLA-B*07:02,KPMVSTQLLL,0
HLA-B*07:02,KPPSGGDLEI,0
HLA-B*07:02,KPPSPGGDL,0
HLA-B*07:02,KPQSPSGGDL,0
HLA-B*07:02,KPVISTQLL,0
HLA-B*07:02,KPVISTQLLL,0
HLA-B*07:02,KPVVSTHFL,0
HLA-B*07:02,KPVVSTHFLL,0
HLA-B*07:02,KPVVSTQLL,0
HLA-B*07:02,KPVVSTQLLL,0
HLA-B*07:02,KPVVTTQLL,0
HLA-B*07:02,KPVVTTQLLL,0
HLA-B*07:02,KRVRQGYSPL,0
HLA-B*07:02,KVAKKLKEL,0
HLA-B*07:02,LAQRAWRAL,0
HLA-B*07:02,LIAARTVEL,0
HLA-B*07:02,LIAARTVKL,0
HLA-B*07:02,LIAKRTVEL,0
HLA-B*07:02,LIATRTVEL,0
HLA-B*07:02,LIVARTVEL,0
HLA-B*07:02,LPCKIKQII,0
HLA-B*07:02,LPCKIKQIV,0
HLA-B*07:02,LPCRIKQII,0
HLA-B*07:02,LPCRIKQIV,0
HLA-B*07:02,LPCRIRQII,0
HLA-B*07:02,LPCRIRQIV,0
HLA-B*07:02,LRPGGKKHYM,0
HLA-B*07:02,LVAARTVEL,0
HLA-B*07:02,MPNVSIGNI,0
HLA-B*07:02,NIPRRIRQGF,0
HLA-B*07:02,NIPRRIRQGL,0
HLA-B*07:02,NPAIPVGDI,0
HLA-B*07:02,NPCKKMCTV,0
HLA-B*07:02,NPMSPRTLNA,0
HLA-B*07:02,NPPIPVGEI,0
HLA-B*07:02,NPPVPVGEI,0
HLA-B*07:02,QIPSHQQREL,0
HLA-B*07:02,QPALKTGSA,0
HLA-B*07:02,QPASGGDLEI,0
HLA-B*07:02,QPCVKLTPL,0
HLA-B*07:02,QPFSPRTLNA,0
HLA-B*07:02,QPHSGGDLEI,0
HLA-B*07:02,QPHSGGDPEV,0
HLA-B*07:02,QPIAPRTLNA,0
HLA-B*07:02,QPISPRTLNA,0
HLA-B*07:02,QPLSPRTLNA,0
HLA-B*07:02,QPPPGGDLEI,0
HLA-B*07:02,QPSGGDLEV,0
HLA-B*07:02,QPSSGGDPEI,0
HLA-B*07:02,QPVKEKYSF,0
HLA-B*07:02,QPVSPRTLNA,0
HLA-B*07:02,QVNDTKEAL,0
HLA-B*07:02,RAIEAQHHL,0
HLA-B*07:02,RAIEAQQHL,0
HLA-B*07:02,RAKRRVVEM,0
HLA-B*07:02,RALGAGATL,0
HLA-B*07:02,RALGPGASI,0
HLA-B*07:02,RALGPGASL,0
HLA-B*07:02,RALGPGATL,0
HLA-B*07:02,RALGSGASL,0
HLA-B*07:02,RALGSGATL,0
HLA-B*07:02,RALGTGATL,0
HLA-B*07:02,RAPVLSGGKL,0
HLA-B*07:02,RGLGPGASL,0
HLA-B*07:02,RIIEVGQRL,0
HLA-B*07:02,RIRQGFERAL,0
HLA-B*07:02,RIRQGFERSL,0
HLA-B*07:02,RIRQGLERAL,0
HLA-B*07:02,RIRQGLERF,0
HLA-B*07:02,RIRQGLERSL,0
HLA-B*07:02,RIRQGLERTL,0
HLA-B*07:02,RIRQGYSPL,0
HLA-B*07:02,RMYNPVSIL,0
HLA-B*07:02,RMYQPVSIL,0
HLA-B*07:02,RMYRPVSIL,0
HLA-B*07:02,RMYSPISIL,0
HLA-B*07:02,RMYSPSSIL,0
HLA-B*07:02,RMYSPTSIL,0
HLA-B*07:02,RMYSPVSIL,0
HLA-B*07:02,RPANDSIII,0
HLA-B*07:02,RPANNTRTS,0
HLA-B*07:02,RPANNTRTSI,0
HLA-B*07:02,RPANNTRTSV,0
HLA-B*07:02,RPFNNTRTG,0
HLA-B*07:02,RPFNNTRTGI,0
HLA-B*07:02,RPFNNTRTS,0
HLA-B*07:02,RPFNNTRTSV,0
HLA-B*07:02,RPGGKKHYM,0
HLA-B*07:02,RPGGKKHYML,0
HLA-B*07:02,RPGGKKKYKI,0
HLA-B*07:02,RPGGKKKYKL,0
HLA-B*07:02,RPGGKKKYKM,0
HLA-B*07:02,RPGGKKKYQL,0
HLA-B*07:02,RPGGKKKYRI,0
HLA-B*07:02,RPGGKKKYRL,0
HLA-B*07:02,RPGGKKKYRM,0
HLA-B*07:02,RPGGKKQYKI,0
HLA-B*07:02,RPGGKKQYRL,0
HLA-B*07:02,RPGGKKTYKL,0
HLA-B*07:02,RPGGNKRYKL,0
HLA-B*07:02,RPGGNKRYRL,0
HLA-B*07:02,RPGGRKKYRM,0
HLA-B*07:02,RPGNNTRKSI,0
HLA-B*07:02,RPGNNTRTST,0
HLA-B*07:02,RPNNNTITS,0
HLA-B*07:02,RPNNNTITSI,0
HLA-B*07:02,RPNNNTRKS,0
HLA-B*07:02,RPNNNTRKSI,0
HLA-B*07:02,RPNNNTRTG,0
HLA-B*07:02,RPNNNTRTGV,0
HLA-B*07:02,RPPVGGDPEI,0
HLA-B*07:02,RPSEIKRTR,0
HLA-B*07:02,RPSEIKRTRM,0
HLA-B*07:02,RPSNKIRTS,0
HLA-B*07:02,RPSNKIRTSL,0
HLA-B*07:02,RPSNNIRTS,0
HLA-B*07:02,RPSNNIRTSF,0
HLA-B*07:02,RPSNNTRKGV,0
HLA-B*07:02,RPSNNTRKSL,0
HLA-B*07:02,RPSNNTRKST,0
HLA-B*07:02,RPSNNTRQS,0
HLA-B*07:02,RPSNNTRQST,0
HLA-B*07:02,RPSNNTRRSI,0
HLA-B*07:02,RPSNNTRTG,0
HLA-B*07:02,RPSNNTRTGV,0
HLA-B*07:02,RPSNNTRTS,0
HLA-B*07:02,RPSNNTRTSI,0
HLA-B*07:02,RPSNNTRTSM,0
HLA-B*07:02,RPSNNTRTST,0
HLA-B*07:02,RPSNNTVKSI,0
HLA-B*07:02,RPSNNVRTS,0
HLA-B*07:02,RPSNNVRTSA,0
HLA-B*07:02,RPVVSTQLL,0
HLA-B*07:02,RPVVSTQLLL,0
HLA-B*07:02,RPYNNTRKS,0
HLA-B*07:02,RPYNNTRKSV,0
HLA-B*07:02,RPYNNTRTS,0
HLA-B*07:02,RPYNNTRTSI,0
HLA-B*07:02,RVRKGYSPL,0
HLA-B*07:02,RVRQGYSPL,0
HLA-B*07:02,RVRQGYSPV,0
HLA-B*07:02,RVVKKLETL,0
HLA-B*07:02,RVYSPVSIL,0
HLA-B*07:02,SARIGPGQV,0
HLA-B*07:02,SARIGPGQVF,0
HLA-B*07:02,SIATRAVEL,0
HLA-B*07:02,SIHFGPGQAL,0
HLA-B*07:02,SIPIGPGQVF,0
HLA-B*07:02,SIRIGPGQTF,0
HLA-B*07:02,SIRLVNGFL,0
HLA-B*07:02,SIRLVSGFL,0
HLA-B*07:02,SIRPANDSI,0
HLA-B*07:02,SPGGDLEITM,0
HLA-B*07:02,SPLFFQTPF,0
HLA-B*07:02,SPLSFQTHF,0
HLA-B*07:02,SPLSFQTLI,0
HLA-B*07:02,SPLSFQTPF,0
HLA-B*07:02,SPLSFQTPTL,0
HLA-B*07:02,SPLSFQTRL,0
HLA-B*07:02,SPLSLQTLI,0
HLA-B*07:02,SPLSLQTPA,0
HLA-B*07:02,SPMIIATTDI,0
HLA-B*07:02,SPRTLNAWV,0
HLA-B*07:02,SPSGGDLEI,0
HLA-B*07:02,STRIGPGQTF,0
HLA-B*07:02,STRIGPGSV,0
HLA-B*07:02,STRIGPGSVF,0
HLA-B*07:02,SVRIGPGQM,0
HLA-B*07:02,SVRIGPGQMF,0
HLA-B*07:02,SVRLVNGFL,0
HLA-B*07:02,SVRLVSGFL,0
HLA-B*07:02,SVRLVTGFL,0
HLA-B*07:02,SVTARTVEL,0
HLA-B*07:02,TCPNAKCQPL,0
HLA-B*07:02,TDPDPQEIHM,0
HLA-B*07:02,TDPNPQEIEL,0
HLA-B*07:02,TDPNPQEIHL,0
HLA-B*07:02,TDPNPQEIHM,0
HLA-B*07:02,TDPNPQEIKL,0
HLA-B*07:02,TDPNPQEILL,0
HLA-B*07:02,TDPNPQEIPL,0
HLA-B*07:02,TDPNPQEIPM,0
HLA-B*07:02,TDPNPQEIYL,0
HLA-B*07:02,TDPNPQEIYM,0
HLA-B*07:02,TDPNPQELIL,0
HLA-B*07:02,TDPNPQELVL,0
HLA-B*07:02,TDPNPQELYL,0
HLA-B*07:02,TDPNPQEMLL,0
HLA-B*07:02,TDPNPQEMRL,0
HLA-B*07:02,TDPNPQEMYL,0
HLA-B*07:02,TDPNPQEVVL,0
HLA-B*07:02,TGRDNNITL,0
HLA-B*07:02,TIKKVSTKL,0
HLA-B*07:02,TLRTGSEEL,0
HLA-B*07:02,TPNPHQREP,0
HLA-B*07:02,TPQDLNMML,0
HLA-B*07:02,TPQDLNSML,0
HLA-B*07:02,TPQDLNTHV,0
HLA-B*07:02,TPQDLNTML,0
HLA-B*07:02,TPRTLNAWV,0
HLA-B*07:02,TPSDLNMML,0
HLA-B*07:02,TPVPWNSTW,0
HLA-B*07:02,VAQRAGRGVL,0
HLA-B*07:02,VAQRAWRAL,0
HLA-B*07:02,VLRNVTKKL,0
HLA-B*07:02,VPAMFTAAL,0
HLA-B*07:02,VPINNKSEY,0
HLA-B*07:02,VPINNKSEYM,0
HLA-B*07:02,VPMGNSNSS,0
HLA-B*07:02,VPRRIRQGL,0
HLA-B*07:02,VPRRIRQGLE,0
HLA-B*07:02,VPTDPDPQEI,0
HLA-B*07:02,VPTDPNPQEI,0
HLA-B*07:02,VPTDPNPQEL,0
HLA-B*07:02,VPTDPNPQEM,0
HLA-B*07:02,VPTDPNPQEV,0
HLA-B*07:02,VPTMNNAKL,0
HLA-B*07:02,VPVWRNAQT,0
HLA-B*07:02,YSPLSFQTPF,0
HLA-B*07:02,YSPLSFQTRL,0
HLA-B*07:02,YVPAMFTAAL,0
HLA-B*08:01,ALFYRVNIV,0
HLA-B*08:01,ALKTGSAEL,0
HLA-B*08:01,ALKTGSEEL,0
HLA-B*08:01,AQELKISAI,0
HLA-B*08:01,CPNAKCQPL,0
HLA-B*08:01,DAKAHDPEV,0
HLA-B*08:01,DAKAHDTEV,0
HLA-B*08:01,DAKAHETEA,0
HLA-B*08:01,DAKAHETEM,0
HLA-B*08:01,DAKAHETEV,0
HLA-B*08:01,DAKAHKTEV,0
HLA-B*08:01,DAKAHSTEV,0
HLA-B*08:01,DAKAHSTGV,0
HLA-B*08:01,DAKAHVTEV,0
HLA-B*08:01,DAKAQEREV,0
HLA-B*08:01,DAKAQETEV,0
HLA-B*08:01,DAKAQIKEV,0
HLA-B*08:01,DAKAQSEEV,0
HLA-B*08:01,DAKAYEREV,0
HLA-B*08:01,DAKGYETEV,0
HLA-B*08:01,DAQAHSPEV,0
HLA-B*08:01,DAQAHVTEV,0
HLA-B*08:01,DARAHETEV,0
HLA-B*08:01,DASNKSDTF,0
HLA-B*08:01,DCKAILKAL,0
HLA-B*08:01,DCKAILRAL,0
HLA-B*08:01,DCKNILRAL,0
HLA-B*08:01,DCKSILKAL,0
HLA-B*08:01,DCKSILRAL,0
HLA-B*08:01,DCKTILKAL,0
HLA-B*08:01,DCKTILRAL,0
HLA-B*08:01,DIIIKSENI,0
HLA-B*08:01,DIKDTKEAL,0
HLA-B*08:01,DIKDTKEAV,0
HLA-B*08:01,DIRKAFCTI,0
HLA-B*08:01,DIRKAHCIV,0
HLA-B*08:01,DIRKAHCNV,0
HLA-B*08:01,DIRKAYCEI,0
HLA-B*08:01,DIRKAYCEV,0
HLA-B*08:01,DIRKAYCNL,0
HLA-B*08:01,DIRQAFCEV,0
HLA-B*08:01,DIVIRSEDL,0
HLA-B*08:01,DIYKRWIIL,0
HLA-B*08:01,DKIRKEYAL,0
HLA-B*08:01,DKKKMAYAL,0
HLA-B*08:01,DKKKMGHAL,0
HLA-B*08:01,DKKKQVHAL,0
HLA-B*08:01,DKKQETYAL,0
HLA-B*08:01,DKKQKFHAL,0
HLA-B*08:01,DKKQKFHALF,0
HLA-B*08:01,DKKQKFYAL,0
HLA-B*08:01,DKKQKFYALF,0
HLA-B*08:01,DKKQKVHAL,0
HLA-B*08:01,DKKQKVHALF,0
HLA-B*08:01,DKKQQVYAL,0
HLA-B*08:01,DKKQRVYAL,0
HLA-B*08:01,DKKQRVYALF,0
HLA-B*08:01,DKMQQVHAL,0
HLA-B*08:01,DKQHKVHAL,0
HLA-B*08:01,DKQKKVHAL,0
HLA-B*08:01,DKQQEVYAL,0
HLA-B*08:01,DKQQKAYAL,0
HLA-B*08:01,DKQQKVHAL,0
HLA-B*08:01,DKQRKVQAL,0
HLA-B*08:01,DKQRNVHAL,0
HLA-B*08:01,DKRQKVYAL,0
HLA-B*08:01,DKRQKVYALF,0
HLA-B*08:01,DKRQQVHAL,0
HLA-B*08:01,DLEIITHHF,0
HLA-B*08:01,DLEIMTHHF,0
HLA-B*08:01,DLEITTHHF,0
HLA-B*08:01,DLETTTHSF,0
HLA-B*08:01,DLKDNTKTI,0
HLA-B*08:01,DLNTHVNTV,0
HLA-B*08:01,DLRDKRQKV,0
HLA-B*08:01,DLRNLCIFL,0
HLA-B*08:01,DLRSLCLFL,0
HLA-B*08:01,DMKDNWRSEL,0
HLA-B*08:01,DMRDNWRNEL,0
HLA-B*08:01,DMRDNWRSEL,0
HLA-B*08:01,DNKLKIQNV,0
HLA-B*08:01,DPDPQEIHM,0
HLA-B*08:01,DPEITLHHF,0
HLA-B*08:01,DPIPIHYCA,0
HLA-B*08:01,DPNPQEIEL,0
HLA-B*08:01,DPNPQEIHL,0
HLA-B*08:01,DPNPQEIHM,0
HLA-B*08:01,DPNPQEIKL,0
HLA-B*08:01,DPNPQEILL,0
HLA-B*08:01,DPNPQEIPL,0
HLA-B*08:01,DPNPQEIPM,0
HLA-B*08:01,DPNPQEIYL,0
HLA-B*08:01,DPNPQEIYM,0
HLA-B*08:01,DPNPQELIL,0
HLA-B*08:01,DPNPQELVL,0
HLA-B*08:01,DPNPQELYL,0
HLA-B*08:01,DPNPQEMLL,0
HLA-B*08:01,DPNPQEMRL,0
HLA-B*08:01,DPNPQEMYL,0
HLA-B*08:01,DPNPQEVVL,0
HLA-B*08:01,DPRQAFCEI,0
HLA-B*08:01,DQYKFHKLL,0
HLA-B*08:01,DREQKVYAL,0
HLA-B*08:01,DRKKQFYSL,0
HLA-B*08:01,DRKKQVYAL,0
HLA-B*08:01,DRKQKVSAL,0
HLA-B*08:01,DRKQKVSALF,0
HLA-B*08:01,DRKQQISAL,0
HLA-B*08:01,DRQREAYAL,0
HLA-B*08:01,DTFFKTSPM,0
HLA-B*08:01,DTFFRTSPM,0
HLA-B*08:01,DTKEALEKL,0
HLA-B*08:01,DVKDTKEAL,0
HLA-B*08:01,DVRDTKEAL,0
HLA-B*08:01,DVTVKKENI,0
HLA-B*08:01,DYVDRFYKV,0
HLA-B*08:01,EAAQRFGRAL,0
HLA-B*08:01,EAIDKVKEA,0
HLA-B*08:01,EALDKIEEI,0
HLA-B*08:01,EALDKIEEL,0
HLA-B*08:01,EALDKIEEV,0
HLA-B*08:01,EALDKLEEV,0
HLA-B*08:01,EALDKMEEV,0
HLA-B*08:01,EALEKIEEM,0
HLA-B*08:01,EALEKLEEA,0
HLA-B*08:01,EALEKVEEA,0
HLA-B*08:01,EAQHHLLQL,0
HLA-B*08:01,EAQHRLLQL,0
HLA-B*08:01,EAQQHLLQL,0
HLA-B*08:01,EAQQHMLQL,0
HLA-B*08:01,EAYALFYKL,0
HLA-B*08:01,EEAQRKSQL,0
HLA-B*08:01,EGLKYLGSL,0
HLA-B*08:01,EGLKYLWNL,0
HLA-B*08:01,EGTDRIIEV,0
HLA-B*08:01,EGTDRVIEI,0
HLA-B*08:01,EHFNKTIEF,0
HLA-B*08:01,EHFNKTIIF,0
HLA-B*08:01,EHFNKTIVF,0
HLA-B*08:01,EIIDKKQKF,0
HLA-B*08:01,EIIIKSKNI,0
HLA-B*08:01,EIIIRSEDL,0
HLA-B*08:01,EIIIRSENI,0
HLA-B*08:01,EIIIRSENL,0
HLA-B*08:01,EIIPMFTAL,0
HLA-B*08:01,EIIVRSENL,0
HLA-B*08:01,EIKDRKQQI,0
HLA-B*08:01,EIKDTKEAL,0
HLA-B*08:01,EIKLENVTV,0
HLA-B*08:01,EIKPVVSTQL,0
HLA-B*08:01,EIKRTRMTM,0
HLA-B*08:01,EIKSLYNTV,0
HLA-B*08:01,EIMIRSENL,0
HLA-B*08:01,EIQNSAVSL,0
HLA-B*08:01,EIRDKKQET,0
HLA-B*08:01,EIRDKKQKV,0
HLA-B*08:01,EIRDKKQRV,0
HLA-B*08:01,EIRDKQHKV,0
HLA-B*08:01,EIRDKQQEV,0
HLA-B*08:01,EIRDKQRNV,0
HLA-B*08:01,EIRDRKKQF,0
HLA-B*08:01,EIVIRSENL,0
HLA-B*08:01,EIYKRWIIL,0
HLA-B*08:01,EIYKRWIIM,0
HLA-B*08:01,EIYKRWIVL,0
HLA-B*08:01,EIYKRWLIL,0
HLA-B*08:01,ELAQRAWRAL,0
HLA-B*08:01,ELGRDRSVRL,0
HLA-B*08:01,ELHKYKVVQI,0
HLA-B*08:01,ELIDKKQKF,0
HLA-B*08:01,ELKDKKKQV,0
HLA-B*08:01,ELKDRKKQV,0
HLA-B*08:01,ELKISAISL,0
HLA-B*08:01,ELKISAISLL,0
HLA-B*08:01,ELKISASSL,0
HLA-B*08:01,ELKISASSLL,0
HLA-B*08:01,ELKISAVSL,0
HLA-B*08:01,ELKISAVSLL,0
HLA-B*08:01,ELKKSAISL,0
HLA-B*08:01,ELKNSAISL,0
HLA-B*08:01,ELKNSAISLL,0
HLA-B*08:01,ELKNVTENF,0
HLA-B*08:01,ELKSLFNAV,0
HLA-B*08:01,ELKSLFNLV,0
HLA-B*08:01,ELKSLFNTI,0
HLA-B*08:01,ELKSLFNTV,0
HLA-B*08:01,ELKSLYNTI,0
HLA-B*08:01,ELKSLYNTV,0
HLA-B*08:01,ELKSSAISL,0
HLA-B*08:01,ELKSSAISLL,0
HLA-B*08:01,ELKTSAISL,0
HLA-B*08:01,ELKTSAISLL,0
HLA-B*08:01,ELRDKKKMA,0
HLA-B*08:01,ELRDKKQKV,0
HLA-B*08:01,ELRDKKQQV,0
HLA-B*08:01,ELRDKMQQV,0
HLA-B*08:01,ELRDKQKKV,0
HLA-B*08:01,ELRDKQQKA,0
HLA-B*08:01,ELRDKQQKV,0
HLA-B*08:01,ELRDKQRKV,0
HLA-B*08:01,ELRNSAISL,0
HLA-B*08:01,ELRSLFNTI,0
HLA-B*08:01,ELRSLFNTL,0
HLA-B*08:01,ELRSLFNTV,0
HLA-B*08:01,ELRSLYNTI,0
HLA-B*08:01,ELRSLYNTV,0
HLA-B*08:01,ELTDRKQKV,0
HLA-B*08:01,ELTPLCVTL,0
HLA-B*08:01,ELYKYKVVEI,0
HLA-B*08:01,ELYKYKVVKL,0
HLA-B*08:01,ELYKYKVVQI,0
HLA-B*08:01,ENRSRNGSF,0
HLA-B*08:01,EPGRDRSVRL,0
HLA-B*08:01,EPIPIHYCA,0
HLA-B*08:01,EPPDRPERI,0
HLA-B*08:01,EQDRDRSVRL,0
HLA-B*08:01,EQDRGRSVTL,0
HLA-B*08:01,EQFLKNITF,0
HLA-B*08:01,EQFNRTIVF,0
HLA-B*08:01,EQGKDRSVRL,0
HLA-B*08:01,EQGRDKSVRL,0
HLA-B*08:01,EQGRDRSIRL,0
HLA-B*08:01,EQGRDRSVRL,0
HLA-B*08:01,EQKAYVPAM,0
HLA-B*08:01,EQLNKTTII,0
HLA-B*08:01,ERYLKDQKF,0
HLA-B*08:01,ERYLKDQQF,0
HLA-B*08:01,ERYLKDQQL,0
HLA-B*08:01,ERYLKDQRL,0
HLA-B*08:01,ERYLKDQTF,0
HLA-B*08:01,ERYLKDQTL,0
HLA-B*08:01,ERYLRDQQL,0
HLA-B*08:01,ERYLRDQRL,0
HLA-B*08:01,ETLNKTIIL,0
HLA-B*08:01,EVAQRAWRAL,0
HLA-B*08:01,EVAQRVWRA,0
HLA-B*08:01,EVELKNCSF,0
HLA-B*08:01,EVIPMFSAL,0
HLA-B*08:01,EVIPMFTAL,0
HLA-B*08:01,EVIVRSRNF,0
HLA-B*08:01,EVKDTKEAL,0
HLA-B*08:01,EVKSLFNTI,0
HLA-B*08:01,EVKSLYNTV,0
HLA-B*08:01,EVLKYLGSL,0
HLA-B*08:01,EVRDRQREA,0
HLA-B*08:01,EVRDTKEAL,0
HLA-B*08:01,EVYALFYKL,0
HLA-B*08:01,FCYHRLRDL,0
HLA-B*08:01,FFKTSPMII,0
HLA-B*08:01,FFRTSPMII,0
HLA-B*08:01,FFYCNTSQL,0
HLA-B*08:01,FFYCNTTKL,0
HLA-B*08:01,FFYCNTTQL,0
HLA-B*08:01,FIYHRLRDF,0
HLA-B*08:01,FLIVRLNQC,0
HLA-B*08:01,FLIVRQNQC,0
HLA-B*08:01,FLIVRQNQCM,0
HLA-B*08:01,FLYHRLRDF,0
HLA-B*08:01,FLYRRLRDL,0
HLA-B*08:01,FLYRRLSDF,0
HLA-B*08:01,FMYYAKRML,0
HLA-B*08:01,FMYYAKRMLL,0
HLA-B*08:01,FNDKQKVTF,0
HLA-B*08:01,FNMTQLETL,0
HLA-B*08:01,FSYHRLRDL,0
HLA-B*08:01,FSYHRLSDL,0
HLA-B*08:01,FSYRRLRDF,0
HLA-B*08:01,FTSIKNETM,0
HLA-B*08:01,FVTTRTVEL,0
HLA-B*08:01,FWDDLRSLCL,0
HLA-B*08:01,FYKLDIIQI,0
HLA-B*08:01,FYKLDIVPL,0
HLA-B*08:01,FYKLDIVQI,0
HLA-B*08:01,FYKLDIVQM,0
HLA-B*08:01,FYKLDIVSL,0
HLA-B*08:01,FYKLDLVKM,0
HLA-B*08:01,FYKLDTVQV,0
HLA-B*08:01,FYRVNIVPL,0
HLA-B*08:01,GEQQKVQAL,0
HLA-B*08:01,GLRIIFAVL,0
HLA-B*08:01,GLRIIFTVL,0
HLA-B*08:01,GLRIIFTVM,0
HLA-B*08:01,GLRIVFAVL,0
HLA-B*08:01,GLRIVFTVL,0
HLA-B*08:01,GPGHKARVL,0
HLA-B*08:01,GPSHKARIL,0
HLA-B*08:01,GPSHKARVL,0
HLA-B*08:01,GVKDTKEAL,0
HLA-B*08:01,GWTDRVIEL,0
HLA-B*08:01,HFINKNITF,0
HLA-B*08:01,HFNNKTIIF,0
HLA-B*08:01,HFNNKTIVF,0
HLA-B*08:01,HFNNTTITF,0
HLA-B*08:01,HFPNKTITF,0
HLA-B*08:01,HFQNKTINF,0
HLA-B*08:01,HFSNKTIIF,0
HLA-B*08:01,HFTNKNISF,0
HLA-B*08:01,HIPRRIRQGL,0
HLA-B*08:01,HLMWASKEL,0
HLA-B*08:01,HQAISPRTL,0
HLA-B*08:01,HQALSPRTL,0
HLA-B*08:01,HQAMTPRTL,0
HLA-B*08:01,HQAVSPRTL,0
HLA-B*08:01,HQNMSPRTL,0
HLA-B*08:01,HQPISPRTL,0
HLA-B*08:01,HQPISPTTL,0
HLA-B*08:01,HQPLSPRTL,0
HLA-B*08:01,HQSLSPRTL,0
HLA-B*08:01,HSSLKGLRL,0
HLA-B*08:01,HVFYKTGEI,0
HLA-B*08:01,HVPRRIRQGL,0
HLA-B*08:01,HYMLKHLVW,0
HLA-B*08:01,IAKRTVELL,0
HLA-B*08:01,IDKKQKFHAL,0
HLA-B*08:01,IDKKQKFYAL,0
HLA-B*08:01,IIKQLQPAL,0
HLA-B*08:01,ILEQLQPSL,0
HLA-B*08:01,ILGQLQPSL,0
HLA-B*08:01,ILHCRIKQI,0
HLA-B*08:01,ILHLDYKSF,0
HLA-B*08:01,ILIATRTVEL,0
HLA-B*08:01,ILIVARTVEL,0
HLA-B*08:01,ILIVTRTVEL,0
HLA-B*08:01,ILKCKDKKF,0
HLA-B*08:01,ILKCRDKNF,0
HLA-B*08:01,ILKYLGNLL,0
HLA-B*08:01,ILPCRIKQF,0
HLA-B*08:01,ILQCRIKQI,0
HLA-B*08:01,ILQQLQPAL,0
HLA-B*08:01,IMDQLQSAL,0
HLA-B*08:01,IMEQLQPAL,0
HLA-B*08:01,IMEQLQPTL,0
HLA-B*08:01,IMEQLQSTL,0
HLA-B*08:01,INKTKWTTV,0
HLA-B*08:01,INKTKWTTVL,0
HLA-B*08:01,IPCKIKQVV,0
HLA-B*08:01,IPIGPGQVF,0
HLA-B*08:01,IPRRIRQGF,0
HLA-B*08:01,IPRRIRQGL,0
HLA-B*08:01,IPSHQQREL,0
HLA-B*08:01,IQELKISAI,0
HLA-B*08:01,IQELKSSAI,0
HLA-B*08:01,IWDDLRSLF,0
HLA-B*08:01,KAILKALGM,0
HLA-B*08:01,KIIIRSENL,0
HLA-B*08:01,KKKYKIKHL,0
HLA-B*08:01,KKKYKMKHL,0
HLA-B*08:01,KKKYRIKHL,0
HLA-B*08:01,KKKYRLKHL,0
HLA-B*08:01,KLKEHFNET,0
HLA-B*08:01,KPCIKVTPL,0
HLA-B*08:01,KPCVKLTHL,0
HLA-B*08:01,KPCVKLTPF,0
HLA-B*08:01,KPCVKLTPL,0
HLA-B*08:01,KPCVRLTPL,0
HLA-B*08:01,KPLYKVNST,0
HLA-B*08:01,KPLYKVNSTM,0
HLA-B*08:01,KPMVSTQLL,0
HLA-B*08:01,KSKKKAQQA,0
HLA-B*08:01,KSKKKTQQA,0
HLA-B*08:01,KSKQKVQQA,0
HLA-B*08:01,KVAKKLKEL,0
HLA-B*08:01,KVHALFYTL,0
HLA-B*08:01,LALDHWASL,0
HLA-B*08:01,LALDQWASL,0
HLA-B*08:01,LEDQKFLGL,0
HLA-B*08:01,LELDKWASL,0
HLA-B*08:01,LELDKWTSL,0
HLA-B*08:01,LELDRWASL,0
HLA-B*08:01,LELNKWASL,0
HLA-B*08:01,LFNDKQKVTF,0
HLA-B*08:01,LFNITTISF,0
HLA-B*08:01,LGLNKIVRM,0
HLA-B*08:01,LGLNKIVRV,0
HLA-B*08:01,LGLNKVVRM,0
HLA-B*08:01,LGRDRSVRL,0
HLA-B*08:01,LHKYKVVQI,0
HLA-B*08:01,LIAAKAVEL,0
HLA-B*08:01,LIAARTVEI,0
HLA-B*08:01,LIAARTVEL,0
HLA-B*08:01,LIAARTVKL,0
HLA-B*08:01,LIAKRTVEL,0
HLA-B*08:01,LIATRAAEL,0
HLA-B*08:01,LIATRIVGL,0
HLA-B*08:01,LIATRTVEL,0
HLA-B*08:01,LIDQLQPTL,0
HLA-B*08:01,LIGLRIILF,0
HLA-B*08:01,LIVARIVEI,0
HLA-B*08:01,LIVARTVEL,0
HLA-B*08:01,LIVTRIVEL,0
HLA-B*08:01,LIVTRTVEL,0
HLA-B*08:01,LKDQKFLAL,0
HLA-B*08:01,LKDQKFLGL,0
HLA-B*08:01,LKDQRFLGL,0
HLA-B*08:01,LKDQRLLGL,0
HLA-B*08:01,LKLDKWSSL,0
HLA-B*08:01,LLELDKWTSL,0
HLA-B*08:01,LLEQLQVTL,0
HLA-B*08:01,LLGRRGWEL,0
HLA-B*08:01,LLIAKRTVEL,0
HLA-B*08:01,LLIATRTVEL,0
HLA-B*08:01,LLKLDKWSSL,0
HLA-B*08:01,LLKLDQWASL,0
HLA-B*08:01,LLKNVTEPF,0
HLA-B*08:01,LQDQKFLGL,0
HLA-B*08:01,LQELKTSAI,0
HLA-B*08:01,LRDQRLLGL,0
HLA-B*08:01,LSDQKFLGL,0
HLA-B*08:01,LVAARTVEL,0
HLA-B*08:01,LVTARVVEL,0
HLA-B*08:01,LYDKPLYEV,0
HLA-B*08:01,LYKYKVIQI,0
HLA-B*08:01,LYKYKVVEI,0
HLA-B*08:01,LYKYKVVKI,0
HLA-B*08:01,LYKYKVVKL,0
HLA-B*08:01,LYKYKVVQI,0
HLA-B*08:01,MAIEAQQHL,0
HLA-B*08:01,MAYALFYKL,0
HLA-B*08:01,MGLNKIVRM,0
HLA-B*08:01,MWQEVGQAM,0
HLA-B*08:01,MYYAKRMLF,0
HLA-B*08:01,MYYAKRMLL,0
HLA-B*08:01,NAKAIIVHL,0
HLA-B*08:01,NAKCQPLQL,0
HLA-B*08:01,NAKIIIVHL,0
HLA-B*08:01,NAKNIIVHL,0
HLA-B*08:01,NAKNIIVQL,0
HLA-B*08:01,NAKPSCKSI,0
HLA-B*08:01,NAKTIIIHL,0
HLA-B*08:01,NAKTIIVHL,0
HLA-B*08:01,NAKTIIVQL,0
HLA-B*08:01,NAKTITVHL,0
HLA-B*08:01,NDQYKFHKL,0
HLA-B*08:01,NFDMWRNSM,0
HLA-B*08:01,NFNMWKNSM,0
HLA-B*08:01,NGTKWKKTL,0
HLA-B*08:01,NIKDNWRNEL,0
HLA-B*08:01,NIKDNWRSEL,0
HLA-B*08:01,NITDKIREL,0
HLA-B*08:01,NKRKRVIGL,0
HLA-B*08:01,NLKTGSEEI,0
HLA-B*08:01,NLKTGSEEL,0
HLA-B*08:01,NMKDNWRNEL,0
HLA-B*08:01,NMKDNWRSEL,0
HLA-B*08:01,NMRDNWRNEL,0
HLA-B*08:01,NMRDNWRSEL,0
HLA-B*08:01,NMSPRTLNA,0
HLA-B*08:01,NMWQKVGKAM,0
HLA-B*08:01,NMWQRVGQA,0
HLA-B*08:01,NMWQRVGQAM,0
HLA-B*08:01,NNDNKTYIL,0
HLA-B*08:01,NNDSREYRL,0
HLA-B*08:01,NNKLKIQNV,0
HLA-B*08:01,NNKTNTTAF,0
HLA-B*08:01,NNTLKRIAI,0
HLA-B*08:01,NNTRKSIHM,0
HLA-B*08:01,NNTRKSLTV,0
HLA-B*08:01,NNTRKSVTI,0
HLA-B*08:01,NNTRRSITI,0
HLA-B*08:01,NPCKKMCTV,0
HLA-B*08:01,NSKNIIVHL,0
HLA-B*08:01,NSNNKNITF,0
HLA-B*08:01,NSSNREYRL,0
HLA-B*08:01,NSTSREYRL,0
HLA-B*08:01,NTKTIIVHL,0
HLA-B*08:01,NVHALFYKL,0
HLA-B*08:01,NVQYKFHKL,0
HLA-B*08:01,NYTDQIYAL,0
HLA-B*08:01,NYTDQIYEL,0
HLA-B*08:01,NYTDTIYTL,0
HLA-B*08:01,NYTSKIYDL,0
HLA-B*08:01,NYTSKIYEL,0
HLA-B*08:01,NYTSQIYEL,0
HLA-B*08:01,NYTYKIYSL,0
HLA-B*08:01,QDRDRSVRL,0
HLA-B*08:01,QDRGRSVRL,0
HLA-B*08:01,QDRGRSVTL,0
HLA-B*08:01,QDRVRSVRL,0
HLA-B*08:01,QELKKSAISL,0
HLA-B*08:01,QFENKTIRF,0
HLA-B*08:01,QGKDRSVRL,0
HLA-B*08:01,QGKMVHQPI,0
HLA-B*08:01,QGKNKRKRV,0
HLA-B*08:01,QGNGRSVRL,0
HLA-B*08:01,QGQAVHQAL,0
HLA-B*08:01,QGQMVHQAM,0
HLA-B*08:01,QGQMVHQSL,0
HLA-B*08:01,QGQMVYQAL,0
HLA-B*08:01,QGQPMHQSL,0
HLA-B*08:01,QGRDKSVRL,0
HLA-B*08:01,QGRDRSIRL,0
HLA-B*08:01,QGRDRSVRL,0
HLA-B*08:01,QGRGRSIRL,0
HLA-B*08:01,QLKTQQGAV,0
HLA-B*08:01,QLQARILAV,0
HLA-B*08:01,QLQARVLAI,0
HLA-B*08:01,QLQARVLAL,0
HLA-B*08:01,QLQARVLAV,0
HLA-B*08:01,QLQTRVLAI,0
HLA-B*08:01,QMHEDIISL,0
HLA-B*08:01,QMHEDVINL,0
HLA-B*08:01,QMHEDVISL,0
HLA-B*08:01,QMQEDIISL,0
HLA-B*08:01,QMQEDVISL,0
HLA-B*08:01,QPALKTGSA,0
HLA-B*08:01,QPCVKLTPL,0
HLA-B*08:01,QPVKEKYSF,0
HLA-B*08:01,QQKCDIPSL,0
HLA-B*08:01,QQKTQQAAM,0
HLA-B*08:01,QVFYKTGSI,0
HLA-B*08:01,QVHALFYKL,0
HLA-B*08:01,QYKIKHLVW,0
HLA-B*08:01,RAKRRVVEM,0
HLA-B*08:01,RDKKQKVHAL,0
HLA-B*08:01,RDKKQRVYAL,0
HLA-B*08:01,RDKQKKVHAL,0
HLA-B*08:01,RDKQQKVHAL,0
HLA-B*08:01,RDKRQKVYAL,0
HLA-B*08:01,RIRQGYSPL,0
HLA-B*08:01,RKKYRMKHL,0
HLA-B*08:01,RLVSGFLSL,0
HLA-B*08:01,RPGGKKHYM,0
HLA-B*08:01,RPGGKKHYML,0
HLA-B*08:01,RPGGKKKYKL,0
HLA-B*08:01,RPGGKKKYQL,0
HLA-B*08:01,RPGGKKQYRL,0
HLA-B*08:01,RPGGKKTYKL,0
HLA-B*08:01,RPSEIKRTRM,0
HLA-B*08:01,RPSNKIRTSL,0
HLA-B*08:01,RVRKGYSPL,0
HLA-B*08:01,RVRQGYSPL,0
HLA-B*08:01,RVVKKLETL,0
HLA-B*08:01,SCKSILRAL,0
HLA-B*08:01,SFDDIWNNM,0
HLA-B*08:01,SFDPIPIHY,0
HLA-B*08:01,SFNDKQKVTF,0
HLA-B*08:01,SGGKKHYML,0
HLA-B*08:01,SGKTWKETL,0
HLA-B*08:01,SIATRAVEL,0
HLA-B*08:01,SIQTTVNTL,0
HLA-B*08:01,SKKKTQQAV,0
HLA-B*08:01,SLAEKEIII,0
HLA-B*08:01,SLFNLVATL,0
HLA-B*08:01,SLFNSVATL,0
HLA-B*08:01,SLFNTIATL,0
HLA-B*08:01,SLFNTIVVL,0
HLA-B*08:01,SLFNTLVTL,0
HLA-B*08:01,SLFNTVATL,0
HLA-B*08:01,SLFNTVVTL,0
HLA-B*08:01,SLIAARTVEL,0
HLA-B*08:01,SLIVTRTVEL,0
HLA-B*08:01,SLSPRTLNA,0
HLA-B*08:01,SLYNTIAVL,0
HLA-B*08:01,SLYNTIVTL,0
HLA-B*08:01,SLYNTVATL,0
HLA-B*08:01,SLYNTVSVL,0
HLA-B*08:01,SLYNTVVTL,0
HLA-B*08:01,SPLSFQTHF,0
HLA-B*08:01,SPLSFQTPF,0
HLA-B*08:01,SPLSFQTRL,0
HLA-B*08:01,SQELKISAI,0
HLA-B*08:01,SQELKTSAI,0
HLA-B*08:01,SQELRNSAI,0
HLA-B*08:01,SQQKKQQAA,0
HLA-B*08:01,SRAKRRVVEM,0
HLA-B*08:01,SRELKISAI,0
HLA-B*08:01,SVTARTVEL,0
HLA-B*08:01,SYDEIWKNM,0
HLA-B*08:01,SYDEIWNNM,0
HLA-B*08:01,TCDLGYHSL,0
HLA-B*08:01,TDRKQKVSAL,0
HLA-B*08:01,TELRDKKQQV,0
HLA-B*08:01,TFDPIPIHY,0
HLA-B*08:01,TGRDNNITL,0
HLA-B*08:01,TGSEGFRSL,0
HLA-B*08:01,TIETRYNVL,0
HLA-B*08:01,TIKKVSTKL,0
HLA-B*08:01,TIQCRIKQI,0
HLA-B*08:01,TLAKVTRKL,0
HLA-B*08:01,TLDQVKREL,0
HLA-B*08:01,TLHNVSKKL,0
HLA-B*08:01,TLIAARTVEL,0
HLA-B*08:01,TLIVARTVEL,0
HLA-B*08:01,TLKKVAKKL,0
HLA-B*08:01,TLKQVAEKL,0
HLA-B*08:01,TLKQVARKL,0
HLA-B*08:01,TLKQVSEKL,0
HLA-B*08:01,TLKQVSKKL,0
HLA-B*08:01,TLKRIAIKL,0
HLA-B*08:01,TLKTGSEEL,0
HLA-B*08:01,TLNKVATKL,0
HLA-B*08:01,TLNQVIKKL,0
HLA-B*08:01,TLPCRIKQI,0
HLA-B*08:01,TLPNKFDVL,0
HLA-B*08:01,TLPNKSDVL,0
HLA-B*08:01,TLPNKSNVL,0
HLA-B*08:01,TLRRVTEKL,0
HLA-B*08:01,TLRTGSEEL,0
HLA-B*08:01,TLSERISSKL,0
HLA-B*08:01,TLTVHARQL,0
HLA-B*08:01,TLTVKARQL,0
HLA-B*08:01,TLTVQTRQL,0
HLA-B*08:01,TMQQVREKL,0
HLA-B*08:01,TPQDLNMML,0
HLA-B*08:01,TPQDLNTML,0
HLA-B*08:01,TVLRDKRQQV,0
HLA-B*08:01,TYHIIIMAL,0
HLA-B*08:01,TYKLKHIVW,0
HLA-B*08:01,VAKKLKEHF,0
HLA-B*08:01,VAKKLKELF,0
HLA-B*08:01,VARKLKEHF,0
HLA-B*08:01,VIKKLKEHF,0
HLA-B*08:01,VLIATRTVEL,0
HLA-B*08:01,VLIVTRIVEL,0
HLA-B*08:01,VLKNITDEM,0
HLA-B*08:01,VLKQVVGKL,0
HLA-B*08:01,VLKRVVKKL,0
HLA-B*08:01,VLRDKRQQV,0
HLA-B*08:01,VLRNVTKKL,0
HLA-B*08:01,VMKRVAKKL,0
HLA-B*08:01,VPAMFTAAL,0
HLA-B*08:01,VPRRIRQGL,0
HLA-B*08:01,VPTDPNPQEL,0
HLA-B*08:01,VPTDPNPQEM,0
HLA-B*08:01,VQELKTSAI,0
HLA-B*08:01,VRMYRPVSI,0
HLA-B*08:01,VVKIEPLGL,0
HLA-B*08:01,VVRDREQKV,0
HLA-B*08:01,VWDDLRSLVL,0
HLA-B*08:01,VWKDADTTL,0
HLA-B*08:01,VWKDAETTL,0
HLA-B*08:01,VWKDAKTTL,0
HLA-B*08:01,VWKDANTTL,0
HLA-B*08:01,VWKEATTTL,0
HLA-B*08:01,VWRDAETTL,0
HLA-B*08:01,VWRDANTTL,0
HLA-B*08:01,VWRDVVTTL,0
HLA-B*08:01,VWREANTTL,0
HLA-B*08:01,VWRNAQTTL,0
HLA-B*08:01,YHLLRDFTL,0
HLA-B*08:01,YHRLRDFIF,0
HLA-B*08:01,YHRLRDFIL,0
HLA-B*08:01,YHRLRDFLL,0
HLA-B*08:01,YHRLRDFSL,0
HLA-B*08:01,YHRLRDFTL,0
HLA-B*08:01,YHRLRDFVL,0
HLA-B*08:01,YHRLRDLLL,0
HLA-B*08:01,YHRLRDLTL,0
HLA-B*08:01,YIKIFIMIL,0
HLA-B*08:01,YIKLFIMIV,0
HLA-B*08:01,YINKTKWTTV,0
HLA-B*08:01,YIRIFIMVV,0
HLA-B*08:01,YKVVKIEPL,0
HLA-B*08:01,YKVVKLEPL,0
HLA-B*08:01,YLKDQKFLAL,0
HLA-B*08:01,YLKDQKFLGL,0
HLA-B*08:01,YLKDQQFLGL,0
HLA-B*08:01,YLKDQQLLGL,0
HLA-B*08:01,YLKDQRFLGL,0
HLA-B*08:01,YLKDQRLLGL,0
HLA-B*08:01,YLKDQTFLGL,0
HLA-B*08:01,YLKDQTLLGL,0
HLA-B*08:01,YLQDQKFLGL,0
HLA-B*08:01,YLRDQRLLGL,0
HLA-B*08:01,YLSDQKFLGL,0
HLA-B*08:01,YQALSPRTL,0
HLA-B*08:01,YRHLRDFIL,0
HLA-B*08:01,YRQLRDFVL,0
HLA-B*08:01,YRRLRDFSL,0
HLA-B*08:01,YRRLRDLIL,0
HLA-B*08:01,YSPLSFQTL,0
HLA-B*08:01,YVDRFFKCL,0
HLA-B*08:01,YVDRFFKTL,0
HLA-B*08:01,YVDRFYKTL,0
HLA-B*08:01,YVDRFYKVL,0
HLA-B*15:02,AEEEIIISY,0
HLA-B*15:02,AFNPEVIPM,0
HLA-B*15:02,AKFDSNKTY,0
HLA-B*15:02,ALKTGSEEF,0
HLA-B*15:02,APGSPTNLEF,0
HLA-B*15:02,AVLNANLTY,0
HLA-B*15:02,AVLSAATETY,0
HLA-B*15:02,DAKAHETEM,0
HLA-B*15:02,DAKFDSNKTY,0
HLA-B*15:02,DIAGSTSTL,0
HLA-B*15:02,DIAGTTSSL,0
HLA-B*15:02,DIAGTTSTL,0
HLA-B*15:02,DIEVTMHHF,0
HLA-B*15:02,DIIGDIRKAY,0
HLA-B*15:02,DIIGDIRQAY,0
HLA-B*15:02,DIIGDIRRAF,0
HLA-B*15:02,DIIGDIRRAY,0
HLA-B*15:02,DIIGNIRKAY,0
HLA-B*15:02,DIRGDIRQAF,0
HLA-B*15:02,DIVGDIRRAY,0
HLA-B*15:02,DIVQINGSEY,0
HLA-B*15:02,DIVQISENQY,0
HLA-B*15:02,DLEIITHHF,0
HLA-B*15:02,DLEIMTHHF,0
HLA-B*15:02,DLEITMHHF,0
HLA-B*15:02,DLEITMLHF,0
HLA-B*15:02,DLEITTHHF,0
HLA-B*15:02,DLETTMHHF,0
HLA-B*15:02,DLETTTHSF,0
HLA-B*15:02,DLEVTMHHF,0
HLA-B*15:02,DLQNVTENF,0
HLA-B*15:02,DLRDKRQKVY,0
HLA-B*15:02,DLRNLCLFSY,0
HLA-B*15:02,DLRSLCIFSY,0
HLA-B*15:02,DLRSLCLFSY,0
HLA-B*15:02,DLRSLFLFSY,0
HLA-B*15:02,DLRSLVLFSY,0
HLA-B*15:02,DLRSLWLFSY,0
HLA-B*15:02,DSEVVMHSF,0
HLA-B*15:02,DSSNNNSSY,0
HLA-B*15:02,DSSSNYSEY,0
HLA-B*15:02,DSTNNTNNSY,0
HLA-B*15:02,DTFFKTSPM,0
HLA-B*15:02,DTFFRTSPM,0
HLA-B*15:02,DTVQVSNNTY,0
HLA-B*15:02,DVEITTHHF,0
HLA-B*15:02,DVETIMHHF,0
HLA-B*15:02,DVIGDIRKAY,0
HLA-B*15:02,DVSQEVRKY,0
HLA-B*15:02,EADGKVSQNY,0
HLA-B*15:02,EADKKVSQNY,0
HLA-B*15:02,EAHNIWATY,0
HLA-B*15:02,EAKNINITY,0
HLA-B*15:02,EALEKIEEM,0
HLA-B*15:02,EEQFLKNITF,0
HLA-B*15:02,EHFNGSITF,0
HLA-B*15:02,EHFNKTIEF,0
HLA-B*15:02,EIESLEATY,0
HLA-B*15:02,EIGNYSSQIY,0
HLA-B*15:02,EIGNYTAQIY,0
HLA-B*15:02,EIIDKKQKF,0
HLA-B*15:02,EIIGDIKNAY,0
HLA-B*15:02,EIIGDIRKAF,0
HLA-B*15:02,EIIGDIRKAY,0
HLA-B*15:02,EIIGDIRRAY,0
HLA-B*15:02,EIIGDIRSAY,0
HLA-B*15:02,EIIGDPRQAF,0
HLA-B*15:02,EIIPMFTAL,0
HLA-B*15:02,EIKRTRMTM,0
HLA-B*15:02,EIRDKKQETY,0
HLA-B*15:02,EIRDKKQRVY,0
HLA-B*15:02,EIRDKQQEVY,0
HLA-B*15:02,EISDKQQKAY,0
HLA-B*15:02,EISNYTDQIY,0
HLA-B*15:02,EISNYTDTIY,0
HLA-B*15:02,EISNYTGLIY,0
HLA-B*15:02,EISNYTHQIY,0
HLA-B*15:02,EISNYTNIIY,0
HLA-B*15:02,EISNYTNQIY,0
HLA-B*15:02,EISNYTSKIY,0
HLA-B*15:02,EISNYTSQIY,0
HLA-B*15:02,EITGNIRQAY,0
HLA-B*15:02,ELDIVSTNY,0
HLA-B*15:02,ELFNITTISF,0
HLA-B*15:02,ELIDKKQKF,0
HLA-B*15:02,ELIDKKQKFY,0
HLA-B*15:02,ELILENVTEY,0
HLA-B*15:02,ELKDRKKQVY,0
HLA-B*15:02,ELKISAISL,0
HLA-B*15:02,ELKISAISLF,0
HLA-B*15:02,ELKISAISLY,0
HLA-B*15:02,ELKISASSL,0
HLA-B*15:02,ELKISAVSL,0
HLA-B*15:02,ELKISAVSLF,0
HLA-B*15:02,ELKKSAISL,0
HLA-B*15:02,ELKKSAISLF,0
HLA-B*15:02,ELKNSAISL,0
HLA-B*15:02,ELKNVTENF,0
HLA-B*15:02,ELKSSAISL,0
HLA-B*15:02,ELKTSAISL,0
HLA-B*15:02,ELKTSAISLF,0
HLA-B*15:02,ELRDKKKMAY,0
HLA-B*15:02,ELRDKKQQVY,0
HLA-B*15:02,ELRDKQQKAY,0
HLA-B*15:02,ELRNSAISL,0
HLA-B*15:02,ELRSLFNTL,0
HLA-B*15:02,EMGNYTSQIY,0
HLA-B*15:02,EMHNVWATH,0
HLA-B*15:02,ENNSSNREY,0
HLA-B*15:02,EQFENKTIRF,0
HLA-B*15:02,EQFLKNITF,0
HLA-B*15:02,EQFNRTIVF,0
HLA-B*15:02,EQIWHNMTW,0
HLA-B*15:02,EQKAYVPAM,0
HLA-B*15:02,EQKAYVPAMF,0
HLA-B*15:02,EQKVYALFY,0
HLA-B*15:02,EQLNKTTIIF,0
HLA-B*15:02,EQQKVQALF,0
HLA-B*15:02,EQQKVQALFY,0
HLA-B*15:02,EVELKNCSF,0
HLA-B*15:02,EVIPMFSAL,0
HLA-B*15:02,EVIPMFTAL,0
HLA-B*15:02,EVIVRSRNF,0
HLA-B*15:02,EVRDRQREAY,0
HLA-B*15:02,EYFNGTIQF,0
HLA-B*15:02,FCASDAKAY,0
HLA-B*15:02,FELYDKPLY,0
HLA-B*15:02,FFYCDTSQLF,0
HLA-B*15:02,FIYHRLRDF,0
HLA-B*15:02,FLGAAGSTM,0
HLA-B*15:02,FLGVAGSTM,0
HLA-B*15:02,FLYHRLRDF,0
HLA-B*15:02,FLYRQLRDF,0
HLA-B*15:02,FLYRRLSDF,0
HLA-B*15:02,FMENVTENF,0
HLA-B*15:02,FNSTYNSTY,0
HLA-B*15:02,FRIGPGQVFY,0
HLA-B*15:02,FSISNWLWY,0
HLA-B*15:02,FSITSWLWY,0
HLA-B*15:02,FSPEVIPMF,0
HLA-B*15:02,GAGSSSQNY,0
HLA-B*15:02,GIHIGPGQVF,0
HLA-B*15:02,GITGDIRQAY,0
HLA-B*15:02,GLIGLRIIF,0
HLA-B*15:02,GLIGLRIVF,0
HLA-B*15:02,GLNKIVRMY,0
HLA-B*15:02,GLNKIVRVY,0
HLA-B*15:02,GLNKVVRMY,0
HLA-B*15:02,GLTPEQKAY,0
HLA-B*15:02,GLYYQGSCY,0
HLA-B*15:02,GPKEPFRDY,0
HLA-B*15:02,GPKEPFREY,0
HLA-B*15:02,GQRGWEGLKY,0
HLA-B*15:02,GSAELKSLY,0
HLA-B*15:02,GSKELKSLY,0
HLA-B*15:02,GSLIGLRIVY,0
HLA-B*15:02,GTEELRSLY,0
HLA-B*15:02,GVHIGPGQVF,0
HLA-B*15:02,GYEVIGVSY,0
HLA-B*15:02,HFGPGQALY,0
HLA-B*15:02,HFINKNITF,0
HLA-B*15:02,HFKNSSIIF,0
HLA-B*15:02,HFNNKTIIF,0
HLA-B*15:02,HFNNKTIVF,0
HLA-B*15:02,HFNNTTITF,0
HLA-B*15:02,HFPNKTITF,0
HLA-B*15:02,HFQNKTINF,0
HLA-B*15:02,HFSNKTIIF,0
HLA-B*15:02,HFTNKNISF,0
HLA-B*15:02,HIGPGQAFF,0
HLA-B*15:02,HIGPGQAFY,0
HLA-B*15:02,HIGPGQVFY,0
HLA-B*15:02,HIGPGQVWY,0
HLA-B*15:02,HLIWAGREL,0
HLA-B*15:02,HLKNVTEDF,0
HLA-B*15:02,HLMWASKEL,0
HLA-B*15:02,HLVNVTENF,0
HLA-B*15:02,HMENVTENF,0
HLA-B*15:02,HMGPGRTFF,0
HLA-B*15:02,HQAISPRTL,0
HLA-B*15:02,HQALSPRTL,0
HLA-B*15:02,HQAMTPRTL,0
HLA-B*15:02,HQAVSPRTL,0
HLA-B*15:02,HQNMSPRTL,0
HLA-B*15:02,HQSLSPRTL,0
HLA-B*15:02,HSFNCGGEF,0
HLA-B*15:02,HSFTCGGEF,0
HLA-B*15:02,HSSQVSHNY,0
HLA-B*15:02,HVTEVHNVW,0
HLA-B*15:02,IAIKLQEQF,0
HLA-B*15:02,IAQRAWRAF,0
HLA-B*15:02,IENNKSSEY,0
HLA-B*15:02,IGNYSSQIY,0
HLA-B*15:02,IGNYTAQIY,0
HLA-B*15:02,IHFGPGQALY,0
HLA-B*15:02,IHIGPGQAF,0
HLA-B*15:02,IHIGPGQAFY,0
HLA-B*15:02,IHIGPGQVF,0
HLA-B*15:02,IHIGPGQVFY,0
HLA-B*15:02,IHMGPGRTF,0
HLA-B*15:02,IIGDIKNAY,0
HLA-B*15:02,IIGDIRKAF,0
HLA-B*15:02,IIGDIRKAY,0
HLA-B*15:02,IIGDIRQAY,0
HLA-B*15:02,IIGDIRRAF,0
HLA-B*15:02,IIGDIRRAY,0
HLA-B*15:02,IIGDIRSAY,0
HLA-B*15:02,IIGDPRQAF,0
HLA-B*15:02,IIGNIRKAY,0
HLA-B*15:02,ILAALFMYY,0
HLA-B*15:02,ILENVTEYF,0
HLA-B*15:02,ILHLDYKSF,0
HLA-B*15:02,ILHSDYKSF,0
HLA-B*15:02,ILKCNDKEF,0
HLA-B*15:02,ILTALFMYY,0
HLA-B*15:02,IMDQLQSAL,0
HLA-B*15:02,IMYNQQGKM,0
HLA-B*15:02,IPIGPGQVF,0
HLA-B*15:02,IPIGPGQVFY,0
HLA-B*15:02,IPMENVTENF,0
HLA-B*15:02,IPRRIRQGF,0
HLA-B*15:02,IQWEREISNY,0
HLA-B*15:02,ISDKQQKAY,0
HLA-B*15:02,ISFDPIPIHY,0
HLA-B*15:02,ISFEPIPIHY,0
HLA-B*15:02,ISIGPGQVF,0
HLA-B*15:02,ISIGPGQVFY,0
HLA-B*15:02,ISNYTDQIY,0
HLA-B*15:02,ISNYTDTIY,0
HLA-B*15:02,ISNYTGLIY,0
HLA-B*15:02,ISNYTHQIY,0
HLA-B*15:02,ISNYTNIIY,0
HLA-B*15:02,ISNYTNQIY,0
HLA-B*15:02,ISNYTSKIY,0
HLA-B*15:02,ISNYTSQIY,0
HLA-B*15:02,ITFDPIPIHY,0
HLA-B*15:02,ITFEDKQEM,0
HLA-B*15:02,ITGDIRQAY,0
HLA-B*15:02,ITGDRRKAY,0
HLA-B*15:02,ITGNIRQAY,0
HLA-B*15:02,ITIGPGQVF,0
HLA-B*15:02,ITIGPGQVFY,0
HLA-B*15:02,ITIGPGRAF,0
HLA-B*15:02,ITIGPGRAFF,0
HLA-B*15:02,ITMGPGQAF,0
HLA-B*15:02,ITMGPGQAFY,0
HLA-B*15:02,IVGDHQAAM,0
HLA-B*15:02,IVGDIRRAY,0
HLA-B*15:02,IVGGHQAAM,0
HLA-B*15:02,IVKRIRQGY,0
HLA-B*15:02,IVKRVRQGY,0
HLA-B*15:02,IVNRVRKGY,0
HLA-B*15:02,IVNRVRQGY,0
HLA-B*15:02,IVPINNKSEY,0
HLA-B*15:02,IVQINGSEY,0
HLA-B*15:02,IVQISENQY,0
HLA-B*15:02,IVQNPQGQM,0
HLA-B*15:02,IWDDLRSLF,0
HLA-B*15:02,KAVLNANLTY,0
HLA-B*15:02,KLSKDVVQY,0
HLA-B*15:02,KLSKNVVQY,0
HLA-B*15:02,KLTSTETSF,0
HLA-B*15:02,KMNNDNKTY,0
HLA-B*15:02,KMQQVHALF,0
HLA-B*15:02,KMWQGVGQAM,0
HLA-B*15:02,KQACPKISF,0
HLA-B*15:02,KQACPKITF,0
HLA-B*15:02,KQACPKMSF,0
HLA-B*15:02,KQACPKVSF,0
HLA-B*15:02,KQHKVHALF,0
HLA-B*15:02,KQKFHALFY,0
HLA-B*15:02,KQKFYALFY,0
HLA-B*15:02,KQKKVHALF,0
HLA-B*15:02,KQKVHALFY,0
HLA-B*15:02,KQKVSALFY,0
HLA-B*15:02,KQQEVYALF,0
HLA-B*15:02,KQQISALFY,0
HLA-B*15:02,KQRKVQALF,0
HLA-B*15:02,KQRNVHALF,0
HLA-B*15:02,KQRVYALFY,0
HLA-B*15:02,KQVAGTGVQF,0
HLA-B*15:02,KTYPGNETM,0
HLA-B*15:02,KVASSTTQY,0
HLA-B*15:02,KVSQVSQNY,0
HLA-B*15:02,KVVSSTTQY,0
HLA-B*15:02,KYLGNLLAY,0
HLA-B*15:02,KYLGSLLVY,0
HLA-B*15:02,KYLGSLVQY,0
HLA-B*15:02,KYWGNLLQY,0
HLA-B*15:02,LAEEEIIISY,0
HLA-B*15:02,LCVLPAVVY,0
HLA-B*15:02,LDWGNNMTY,0
HLA-B*15:02,LFNAVATLY,0
HLA-B*15:02,LFNGTENATY,0
HLA-B*15:02,LFNITTISF,0
HLA-B*15:02,LFNLVATLY,0
HLA-B*15:02,LFNLVAVLY,0
HLA-B*15:02,LFNSTYNSTY,0
HLA-B*15:02,LFNTTNITF,0
HLA-B*15:02,LFNTVATLY,0
HLA-B*15:02,LFNTVAVLY,0
HLA-B*15:02,LIDKKQKFY,0
HLA-B*15:02,LILENVTEY,0
HLA-B*15:02,LKISAISLY,0
HLA-B*15:02,LLANVTENF,0
HLA-B*15:02,LLCVLPAVVY,0
HLA-B*15:02,LLENVTENF,0
HLA-B*15:02,LLKNVTEPF,0
HLA-B*15:02,LNNDSSSNY,0
HLA-B*15:02,LQRGWEVLKY,0
HLA-B*15:02,LSCNGVTKY,0
HLA-B*15:02,LSMITMSAF,0
HLA-B*15:02,LSMITMSVF,0
HLA-B*15:02,LTVGPGQAIY,0
HLA-B*15:02,LTYTNITNY,0
HLA-B*15:02,LVSGFLAIF,0
HLA-B*15:02,LVSGFLALF,0
HLA-B*15:02,LWQEVGQAM,0
HLA-B*15:02,LWQEVGQAMY,0
HLA-B*15:02,LWQEVGRAM,0
HLA-B*15:02,LYNTIAVLY,0
HLA-B*15:02,LYNTVSVLY,0
HLA-B*15:02,MAIEAQQHL,0
HLA-B*15:02,MDKNNNSEY,0
HLA-B*15:02,MEWEKEISNY,0
HLA-B*15:02,MGNNNSSEY,0
HLA-B*15:02,MGNSNSSEY,0
HLA-B*15:02,MGNYTSQIY,0
HLA-B*15:02,MQEDIISLW,0
HLA-B*15:02,MQEDVISLW,0
HLA-B*15:02,MQQVHALFY,0
HLA-B*15:02,MQWDKEISNY,0
HLA-B*15:02,MSFDPIPIH,0
HLA-B*15:02,MSFDPIPIHY,0
HLA-B*15:02,MTIGPGQVF,0
HLA-B*15:02,MTIGPGQVFY,0
HLA-B*15:02,MTINCDVGY,0
HLA-B*15:02,MTMGLGHVF,0
HLA-B*15:02,MTMGLGHVFY,0
HLA-B*15:02,MWQAVGQAM,0
HLA-B*15:02,MWQAVGQAMY,0
HLA-B*15:02,MWQEVGKAM,0
HLA-B*15:02,MWQEVGKAMY,0
HLA-B*15:02,MWQEVGQAM,0
HLA-B*15:02,MWQEVGQAMY,0
HLA-B*15:02,MWQEVGRAM,0
HLA-B*15:02,MWQEVGRAMY,0
HLA-B*15:02,MWQGAGQAM,0
HLA-B*15:02,MWQGAGQAMY,0
HLA-B*15:02,MWQGTGQAM,0
HLA-B*15:02,MWQGTGQAMY,0
HLA-B*15:02,MWQGVGQAIY,0
HLA-B*15:02,MWQGVGQAM,0
HLA-B*15:02,MWQGVGQAMY,0
HLA-B*15:02,MWQGVGQTLY,0
HLA-B*15:02,MWQKVGKAMY,0
HLA-B*15:02,MWQRAGQAIY,0
HLA-B*15:02,MWQRTGQAM,0
HLA-B*15:02,MWQRTGQAMY,0
HLA-B*15:02,MWQRVGQAM,0
HLA-B*15:02,MWQRVGQAMY,0
HLA-B*15:02,NATNETETF,0
HLA-B*15:02,NGLYYQGSCY,0
HLA-B*15:02,NIGPGQMLF,0
HLA-B*15:02,NIGPGQMLFY,0
HLA-B*15:02,NIGPGQVLF,0
HLA-B*15:02,NIGPGQVLFY,0
HLA-B*15:02,NISNITANF,0
HLA-B*15:02,NKNSNYSEY,0
HLA-B*15:02,NLFNTTNLF,0
HLA-B*15:02,NLGNITQEM,0
HLA-B*15:02,NLTYTNITNY,0
HLA-B*15:02,NLWQEVGQAM,0
HLA-B*15:02,NLWQEVGRAM,0
HLA-B*15:02,NMWQAVGQAM,0
HLA-B*15:02,NMWQEVGKAM,0
HLA-B*15:02,NMWQEVGQAM,0
HLA-B*15:02,NMWQEVGRAM,0
HLA-B*15:02,NMWQGAGQAM,0
HLA-B*15:02,NMWQGTGQAM,0
HLA-B*15:02,NMWQGVGQAM,0
HLA-B*15:02,NMWQRVGQAM,0
HLA-B*15:02,NNKTNTTAF,0
HLA-B*15:02,NNSSNYSEY,0
HLA-B*15:02,NPAIPVGDIY,0
HLA-B*15:02,NPITKTTSDY,0
HLA-B*15:02,NPITKTTSNY,0
HLA-B*15:02,NPPIPVGDIY,0
HLA-B*15:02,NPPIPVGEIY,0
HLA-B*15:02,NPPVPVGDIY,0
HLA-B*15:02,NPPVPVGEIY,0
HLA-B*15:02,NPSIPVGDIY,0
HLA-B*15:02,NQSNIKNITY,0
HLA-B*15:02,NSNNKNITF,0
HLA-B*15:02,NSNSNSSSEY,0
HLA-B*15:02,NSNSTSREY,0
HLA-B*15:02,NSSHPVSQNY,0
HLA-B*15:02,NSSKISQNY,0
HLA-B*15:02,NSSKVSHNY,0
HLA-B*15:02,NSSKVSQNY,0
HLA-B*15:02,NSSNPNETF,0
HLA-B*15:02,NSSQVSQNY,0
HLA-B*15:02,NSSTVSHNY,0
HLA-B*15:02,NSSWSNKSY,0
HLA-B*15:02,NSTWSNKSY,0
HLA-B*15:02,NSTWSNKTY,0
HLA-B*15:02,NSTWSNRSY,0
HLA-B*15:02,NTNNSYSEY,0
HLA-B*15:02,NTSKLFNSTY,0
HLA-B*15:02,NTTKLFNITY,0
HLA-B*15:02,NTTWSNKSY,0
HLA-B*15:02,NVMKDTMNM,0
HLA-B*15:02,NVTSTNETF,0
HLA-B*15:02,NVVGGHQAAM,0
HLA-B*15:02,PAIPVGDIY,0
HLA-B*15:02,PLYEVNSTM,0
HLA-B*15:02,PPIPVGDIY,0
HLA-B*15:02,PPIPVGEIY,0
HLA-B*15:02,PPVPVGEIY,0
HLA-B*15:02,QEIESLEATY,0
HLA-B*15:02,QGPKEPFREY,0
HLA-B*15:02,QHKVHALFY,0
HLA-B*15:02,QIGKDNNSY,0
HLA-B*15:02,QLNKTTIIF,0
HLA-B*15:02,QLRPGGKKKY,0
HLA-B*15:02,QMDKNNNSEY,0
HLA-B*15:02,QMGNNNSSEY,0
HLA-B*15:02,QMHEDIISL,0
HLA-B*15:02,QMHEDVINL,0
HLA-B*15:02,QMHEDVISL,0
HLA-B*15:02,QMQEDIISL,0
HLA-B*15:02,QMQEDVISL,0
HLA-B*15:02,QNHQGQMVY,0
HLA-B*15:02,QPVKEKYSF,0
HLA-B*15:02,QQEVYALFY,0
HLA-B*15:02,QQKAYALFY,0
HLA-B*15:02,QQKTQQAAM,0
HLA-B*15:02,QQKVHALFY,0
HLA-B*15:02,QQKVQALFY,0
HLA-B*15:02,QSNIKNITY,0
HLA-B*15:02,QTSVFSATVY,0
HLA-B*15:02,QVAGTGVQF,0
HLA-B*15:02,QVAGTGVQFY,0
HLA-B*15:02,QWDKEISNY,0
HLA-B*15:02,RAIEAQQHM,0
HLA-B*15:02,RIGPGQMFY,0
HLA-B*15:02,RIGPGQTFY,0
HLA-B*15:02,RIGPGQVFY,0
HLA-B*15:02,RIGPGSVFY,0
HLA-B*15:02,RIRQGLERF,0
HLA-B*15:02,RKVASSTTQY,0
HLA-B*15:02,RKVVSSTTQY,0
HLA-B*15:02,RLGWEGIKY,0
HLA-B*15:02,RLGWEGLKY,0
HLA-B*15:02,RLKPGGKKKY,0
HLA-B*15:02,RLRPGGKKHY,0
HLA-B*15:02,RLRPGGKKKY,0
HLA-B*15:02,RLRPGGKKQY,0
HLA-B*15:02,RLRPGGKKTY,0
HLA-B*15:02,RLRPGGNKRY,0
HLA-B*15:02,RLRPGGRKKY,0
HLA-B*15:02,RLVDGFLAL,0
HLA-B*15:02,RMTMGLGHVF,0
HLA-B*15:02,RMWQGAGQAM,0
HLA-B*15:02,RMWQGTGQAM,0
HLA-B*15:02,RMWQGVGQAM,0
HLA-B*15:02,RMWQRTGQAM,0
HLA-B*15:02,RMYNPVSIL,0
HLA-B*15:02,RMYQPVSIL,0
HLA-B*15:02,RMYSPISIL,0
HLA-B*15:02,RMYSPSSIL,0
HLA-B*15:02,RMYSPTSIL,0
HLA-B*15:02,RMYSPVNIL,0
HLA-B*15:02,RMYSPVSIL,0
HLA-B*15:02,RQACPKMSF,0
HLA-B*15:02,RQACPKVSF,0
HLA-B*15:02,RQGWEGLKY,0
HLA-B*15:02,RQGYSPLSF,0
HLA-B*15:02,RQGYSPVSF,0
HLA-B*15:02,RQKVYALFY,0
HLA-B*15:02,RQQVHALFY,0
HLA-B*15:02,RQREAYALF,0
HLA-B*15:02,RQREAYALFY,0
HLA-B*15:02,RQVAGTGVQF,0
HLA-B*15:02,RVIEAAQRF,0
HLA-B*15:02,SARIGPGQVF,0
HLA-B*15:02,SCDKNNVQY,0
HLA-B*15:02,SCQPVKEKY,0
HLA-B*15:02,SCYILHSDY,0
HLA-B*15:02,SFDPIPIHY,0
HLA-B*15:02,SFEPIPIHY,0
HLA-B*15:02,SFRIGPGQVF,0
HLA-B*15:02,SFSPEVIPM,0
HLA-B*15:02,SGLTPEQKAY,0
HLA-B*15:02,SIGPGQVFY,0
HLA-B*15:02,SIHFGPGQAL,0
HLA-B*15:02,SIHIGPGQAF,0
HLA-B*15:02,SIHMGPGRTF,0
HLA-B*15:02,SIIGDIRKAY,0
HLA-B*15:02,SIKDKIRKEY,0
HLA-B*15:02,SIPIGPGQVF,0
HLA-B*15:02,SIRIGPGQTF,0
HLA-B*15:02,SISIGPGQVF,0
HLA-B*15:02,SITIGPGQVF,0
HLA-B*15:02,SITIGPGRAF,0
HLA-B*15:02,SITMGPGQAF,0
HLA-B*15:02,SIVNRVRQGY,0
HLA-B*15:02,SKLSKDVVQY,0
HLA-B*15:02,SKLSKNVVQY,0
HLA-B*15:02,SKVSQVSQNY,0
HLA-B*15:02,SLFNAVATL,0
HLA-B*15:02,SLFNAVATLY,0
HLA-B*15:02,SLFNLVATL,0
HLA-B*15:02,SLFNLVATLY,0
HLA-B*15:02,SLFNLVAVL,0
HLA-B*15:02,SLFNLVAVLY,0
HLA-B*15:02,SLFNSVATL,0
HLA-B*15:02,SLFNTIATL,0
HLA-B*15:02,SLFNTIAVL,0
HLA-B*15:02,SLFNTIVVL,0
HLA-B*15:02,SLFNTLVTL,0
HLA-B*15:02,SLFNTVATL,0
HLA-B*15:02,SLFNTVATLY,0
HLA-B*15:02,SLFNTVAVL,0
HLA-B*15:02,SLFNTVAVLY,0
HLA-B*15:02,SLFNTVVTL,0
HLA-B*15:02,SLIGLRIIF,0
HLA-B*15:02,SLIGLRIVY,0
HLA-B*15:02,SLRIGPGRVF,0
HLA-B*15:02,SLWNTIATL,0
HLA-B*15:02,SLYNTIAVL,0
HLA-B*15:02,SLYNTIAVLY,0
HLA-B*15:02,SLYNTIVTL,0
HLA-B*15:02,SLYNTVATL,0
HLA-B*15:02,SLYNTVSVL,0
HLA-B*15:02,SLYNTVSVLY,0
HLA-B*15:02,SLYNTVVTL,0
HLA-B*15:02,SMTIGPGQVF,0
HLA-B*15:02,SMVISLLSM,0
HLA-B*15:02,SNSKVSLNY,0
HLA-B*15:02,SNSKVSYNY,0
HLA-B*15:02,SNSNSSSEY,0
HLA-B*15:02,SNSNVSQNY,0
HLA-B*15:02,SPLFFQTPF,0
HLA-B*15:02,SPLSFQTHF,0
HLA-B*15:02,SPLSFQTPF,0
HLA-B*15:02,SQTEIWNNM,0
HLA-B*15:02,SSGEISHNY,0
HLA-B*15:02,SSHPVSQNY,0
HLA-B*15:02,SSNKVSQNY,0
HLA-B*15:02,SSRTVSQNY,0
HLA-B*15:02,SSSKVSHNY,0
HLA-B*15:02,SSSKVSQNY,0
HLA-B*15:02,SSSQVSHNY,0
HLA-B*15:02,SSSTVSQNY,0
HLA-B*15:02,STNNTNNSY,0
HLA-B*15:02,STRIGPGQTF,0
HLA-B*15:02,STRIGPGSVF,0
HLA-B*15:02,SVNTVVRDF,0
HLA-B*15:02,SVRIGPGQM,0
HLA-B*15:02,SVRIGPGQMF,0
HLA-B*15:02,SVRLVSGFF,0
HLA-B*15:02,SVTIGPGQVF,0
HLA-B*15:02,SVVNRVRQGY,0
HLA-B*15:02,TEWEREISNY,0
HLA-B*15:02,TFDPIPIHY,0
HLA-B*15:02,TFRPAGGNM,0
HLA-B*15:02,TGSNSKVSY,0
HLA-B*15:02,THIGPGQVWY,0
HLA-B*15:02,TIGPGQVFY,0
HLA-B*15:02,TIGPGRAFF,0
HLA-B*15:02,TLDWGNNMTY,0
HLA-B*15:02,TLFNTTNITF,0
HLA-B*15:02,TLNCTDAKF,0
HLA-B*15:02,TLNCTNANF,0
HLA-B*15:02,TLNCTTAEF,0
HLA-B*15:02,TLRTGSEEL,0
HLA-B*15:02,TLSCNGETKY,0
HLA-B*15:02,TLSCNGVTKY,0
HLA-B*15:02,TMEGSNETM,0
HLA-B*15:02,TMGLGHVFY,0
HLA-B*15:02,TMGPGQAFY,0
HLA-B*15:02,TNLFNTTNLF,0
HLA-B*15:02,TPVPWNSTW,0
HLA-B*15:02,TQACPKVSF,0
HLA-B*15:02,TQEMKNCSF,0
HLA-B*15:02,TQIGKDNNSY,0
HLA-B*15:02,TQWEKEIGNY,0
HLA-B*15:02,TQWEREISNY,0
HLA-B*15:02,TRIGPGQTFY,0
HLA-B*15:02,TRIGPGSVFY,0
HLA-B*15:02,TSKLFNKTY,0
HLA-B*15:02,TSKLFNSTY,0
HLA-B*15:02,TSVFSATVY,0
HLA-B*15:02,TTKLFNITY,0
HLA-B*15:02,TTNLFNYTY,0
HLA-B*15:02,TVGGHQAAM,0
HLA-B*15:02,TVGPGQAIY,0
HLA-B*15:02,TVQVSNNTY,0
HLA-B*15:02,TVSDYVFELY,0
HLA-B*15:02,TVSDYVSELY,0
HLA-B*15:02,TVVRDFENY,0
HLA-B*15:02,TVVRDFKNY,0
HLA-B*15:02,TVYYGVPAW,0
HLA-B*15:02,VAGTGVQFY,0
HLA-B*15:02,VAKKLEEQF,0
HLA-B*15:02,VANKTIETRY,0
HLA-B*15:02,VAQVAWRAF,0
HLA-B*15:02,VEAKNINITY,0
HLA-B*15:02,VGYEVIGVSY,0
HLA-B*15:02,VHIGPGQVF,0
HLA-B*15:02,VHIGPGQVFY,0
HLA-B*15:02,VIGDIRKAY,0
HLA-B*15:02,VIISCTRPF,0
HLA-B*15:02,VINASNETF,0
HLA-B*15:02,VKMNNDNKTY,0
HLA-B*15:02,VLANVTENF,0
HLA-B*15:02,VLKNITDEM,0
HLA-B*15:02,VLSAATETY,0
HLA-B*15:02,VMKDTMNMTM,0
HLA-B*15:02,VPIDNDTTSY,0
HLA-B*15:02,VPINNKSEY,0
HLA-B*15:02,VQNAQGQPM,0
HLA-B*15:02,VQNHQGQMVY,0
HLA-B*15:02,VSDYVSELY,0
HLA-B*15:02,VSFDPIPIHY,0
HLA-B*15:02,VSFEPIPIHY,0
HLA-B*15:02,VTIGPGQVF,0
HLA-B*15:02,VTIGPGQVFY,0
HLA-B*15:02,VVGGHQAAM,0
HLA-B*15:02,VVKKLETLF,0
HLA-B*15:02,VVNRVRQGY,0
HLA-B*15:02,VVRDREQKVY,0
HLA-B*15:02,WEKEIGNYTY,0
HLA-B*15:02,WLRPGGKKKY,0
HLA-B*15:02,WQAVGQAMY,0
HLA-B*15:02,WQEVGKAMY,0
HLA-B*15:02,WQEVGQAMY,0
HLA-B*15:02,WQEVGRAMY,0
HLA-B*15:02,WQGAGQAMY,0
HLA-B*15:02,WQGTGQAMY,0
HLA-B*15:02,WQGVGQAIY,0
HLA-B*15:02,WQGVGQAMY,0
HLA-B*15:02,WQGVGQTLY,0
HLA-B*15:02,WQKVGKAMY,0
HLA-B*15:02,WQRAGQAIY,0
HLA-B*15:02,WQRTGQAMY,0
HLA-B*15:02,WQRVGQAMY,0
HLA-B*15:02,YELDIVSTNY,0
HLA-B*15:02,YEREVHNVW,0
HLA-B*15:02,YILHSDYKSF,0
HLA-B*15:02,YLENVTENF,0
HLA-B*15:02,YMENVTEDF,0
HLA-B*15:02,YQALSPRTL,0
HLA-B*40:01,AAELLGHSSL,0
HLA-B*40:01,AAEWDRLHPV,0
HLA-B*40:01,AAEWDRTHPV,0
HLA-B*40:01,AAEWDRVHPI,0
HLA-B*40:01,AAEWDRVHPV,0
HLA-B*40:01,ADAQLDAVL,0
HLA-B*40:01,AEAHNIWAT,0
HLA-B*40:01,AEDEIIIRS,0
HLA-B*40:01,AEDEIVIRS,0
HLA-B*40:01,AEEEIIISS,0
HLA-B*40:01,AEEEIIISY,0
HLA-B*40:01,AEFNASSPNI,0
HLA-B*40:01,AEGTDRIIEV,0
HLA-B*40:01,AEGTDRVIEI,0
HLA-B*40:01,AEHFQNKTI,0
HLA-B*40:01,AEIINGTNV,0
HLA-B*40:01,AELKSLYNTV,0
HLA-B*40:01,AELLGHSSL,0
HLA-B*40:01,AELLGHSSLK,0
HLA-B*40:01,AEQMQEDVI,0
HLA-B*40:01,AESSTLPNKF,0
HLA-B*40:01,AEWDRLHPV,0
HLA-B*40:01,AEWDRTHPV,0
HLA-B*40:01,AEWDRVHPA,0
HLA-B*40:01,AEWDRVHPI,0
HLA-B*40:01,AEWDRVHPV,0
HLA-B*40:01,AEWEKEISNY,0
HLA-B*40:01,AEWTDTVIEV,0
HLA-B*40:01,ANETNGTETF,0
HLA-B*40:01,AQAAGRAIL,0
HLA-B*40:01,AQDTEAHNI,0
HLA-B*40:01,AQEVGRAIL,0
HLA-B*40:01,AQIKEVHNI,0
HLA-B*40:01,AQSEEVHNI,0
HLA-B*40:01,AVELLGHSSL,0
HLA-B*40:01,AVELLGQSSL,0
HLA-B*40:01,CESNITGIL,0
HLA-B*40:01,CESNITGILL,0
HLA-B*40:01,DEAAEWDRL,0
HLA-B*40:01,EEAADWDRL,0
HLA-B*40:01,EEAAEWDRL,0
HLA-B*40:01,EEAQRKSQL,0
HLA-B*40:01,EEFRSLFNL,0
HLA-B*40:01,EEGLKPCVKL,0
HLA-B*40:01,EEHFKNSSI,0
HLA-B*40:01,EEIIIRSEDL,0
HLA-B*40:01,EEIIIRSENL,0
HLA-B*40:01,EEIIISSENL,0
HLA-B*40:01,EEIIISYENL,0
HLA-B*40:01,EEIIVRSENL,0
HLA-B*40:01,EEIMIRSENL,0
HLA-B*40:01,EEIVIRSENL,0
HLA-B*40:01,EEIWENMTWM,0
HLA-B*40:01,EEIWGNMTW,0
HLA-B*40:01,EEIWGNMTWI,0
HLA-B*40:01,EEIWNNLTW,0
HLA-B*40:01,EEIWNNMTW,0
HLA-B*40:01,EEKAFNPEV,0
HLA-B*40:01,EEKAFSPEI,0
HLA-B*40:01,EEKAFSPEV,0
HLA-B*40:01,EEKGFNPEV,0
HLA-B*40:01,EEKGFSPEV,0
HLA-B*40:01,EEKSFSPEV,0
HLA-B*40:01,EELKSLFNL,0
HLA-B*40:01,EELRSLFNTL,0
HLA-B*40:01,EENNTNYRL,0
HLA-B*40:01,EENSNTTII,0
HLA-B*40:01,EENSNTTIIL,0
HLA-B*40:01,EEQFLKNITF,0
HLA-B*40:01,EEVELKNCSF,0
HLA-B*40:01,EQFLKNITF,0
HLA-B*40:01,EQFNRTIVF,0
HLA-B*40:01,EQMHEDIISL,0
HLA-B*40:01,EQMHEDVISL,0
HLA-B*40:01,EQMQEDIISL,0
HLA-B*40:01,EREISNYTGL,0
HLA-B*40:01,ETECNGTIIL,0
HLA-B*40:01,FEDAKANCV,0
HLA-B*40:01,FELYDKPLY,0
HLA-B*40:01,FENYVKQTC,0
HLA-B*40:01,FEPHSGGDL,0
HLA-B*40:01,GDHQAAMQM,0
HLA-B*40:01,GEHFPNKTI,0
HLA-B*40:01,GEHFTNKNI,0
HLA-B*40:01,GEIIIRSENL,0
HLA-B*40:01,GEIIISSENI,0
HLA-B*40:01,GEIVIRSENI,0
HLA-B*40:01,GEIVIRSENL,0
HLA-B*40:01,GEIYKRWII,0
HLA-B*40:01,GEIYKRWIIL,0
HLA-B*40:01,GEIYKRWIIM,0
HLA-B*40:01,GEIYKRWIV,0
HLA-B*40:01,GEIYKRWIVL,0
HLA-B*40:01,GEIYKRWLI,0
HLA-B*40:01,GEIYKRWLIL,0
HLA-B*40:01,GEKDRDRSV,0
HLA-B*40:01,GEKNNSDEY,0
HLA-B*40:01,GELDRWEKI,0
HLA-B*40:01,GELGRDRSV,0
HLA-B*40:01,GEPGRDRSV,0
HLA-B*40:01,GEQDRDRSV,0
HLA-B*40:01,GEQDRGRSV,0
HLA-B*40:01,GEQDRVRSV,0
HLA-B*40:01,GEQGKDRSV,0
HLA-B*40:01,GEQGNGRSV,0
HLA-B*40:01,GEQGRDKSV,0
HLA-B*40:01,GEQGRDRSI,0
HLA-B*40:01,GEQGRDRSV,0
HLA-B*40:01,GEQGRGRSI,0
HLA-B*40:01,GEQQKVQAL,0
HLA-B*40:01,GEQQKVQALF,0
HLA-B*40:01,GQEHNGTITL,0
HLA-B*40:01,HEIKPVVST,0
HLA-B*40:01,HETEAHNVW,0
HLA-B*40:01,HETEMHNVW,0
HLA-B*40:01,HETEVHNIW,0
HLA-B*40:01,HETEVHNVW,0
HLA-B*40:01,HQAISPRTL,0
HLA-B*40:01,HQALSPRTL,0
HLA-B*40:01,HQAMTPRTL,0
HLA-B*40:01,HQAVSPRTL,0
HLA-B*40:01,HQNMSPRTL,0
HLA-B*40:01,HQPFSPRTL,0
HLA-B*40:01,HQPIAPRTL,0
HLA-B*40:01,HQPISPRTL,0
HLA-B*40:01,HQPISPTTL,0
HLA-B*40:01,HQPLSPRTL,0
HLA-B*40:01,HQPVSPRTL,0
HLA-B*40:01,HQSLSPRTL,0
HLA-B*40:01,IEAQHHLLQL,0
HLA-B*40:01,IEAQHRLLQL,0
HLA-B*40:01,IEAQQHLLQL,0
HLA-B*40:01,IEAQQHMLQL,0
HLA-B*40:01,IEIKDTKEAL,0
HLA-B*40:01,IEIKDTQEA,0
HLA-B*40:01,IEIKDTQEAI,0
HLA-B*40:01,IELKNVTENF,0
HLA-B*40:01,IENNITIPI,0
HLA-B*40:01,IENNKSSEY,0
HLA-B*40:01,IERYLKDQQL,0
HLA-B*40:01,IESLEATYHI,0
HLA-B*40:01,IEVKDTKEAL,0
HLA-B*40:01,IEVKDTQEAI,0
HLA-B*40:01,IEVRDTKEAL,0
HLA-B*40:01,IVELLGRSSL,0
HLA-B*40:01,IWENNMVEQM,0
HLA-B*40:01,KCESNITGIL,0
HLA-B*40:01,KDANGTITL,0
HLA-B*40:01,KEALDKIEEI,0
HLA-B*40:01,KEALDKIEEL,0
HLA-B*40:01,KEALDKIEEV,0
HLA-B*40:01,KEALDKLEEV,0
HLA-B*40:01,KEALDKMEEV,0
HLA-B*40:01,KEALEEVEKM,0
HLA-B*40:01,KEALEKIEEM,0
HLA-B*40:01,KEFNGTGQC,0
HLA-B*40:01,KEHFNETIRF,0
HLA-B*40:01,KEHFNGSITF,0
HLA-B*40:01,KEHFNKTIEF,0
HLA-B*40:01,KEHFNKTII,0
HLA-B*40:01,KEHFNKTIIF,0
HLA-B*40:01,KEHFNKTIV,0
HLA-B*40:01,KEHFNKTIVF,0
HLA-B*40:01,KEHFNNKTI,0
HLA-B*40:01,KEHFNNKTII,0
HLA-B*40:01,KEHFNNKTIV,0
HLA-B*40:01,KEIGNYTYKI,0
HLA-B*40:01,KEISNYTDQI,0
HLA-B*40:01,KEISNYTDTI,0
HLA-B*40:01,KEISNYTNI,0
HLA-B*40:01,KEISNYTNII,0
HLA-B*40:01,KEISNYTNQI,0
HLA-B*40:01,KEISNYTSKI,0
HLA-B*40:01,KEIWDNMTW,0
HLA-B*40:01,KEIWDNMTWI,0
HLA-B*40:01,KEKYSFGEYI,0
HLA-B*40:01,KEKYSFGEYM,0
HLA-B*40:01,KELFNITTI,0
HLA-B*40:01,KELKSLYNTV,0
HLA-B*40:01,KENDTIILP,0
HLA-B*40:01,KENVHWTTY,0
HLA-B*40:01,KENVHWTTYM,0
HLA-B*40:01,KEQFNRTIV,0
HLA-B*40:01,KEQFNRTIVF,0
HLA-B*40:01,KEQLNKTTI,0
HLA-B*40:01,KEQLNKTTII,0
HLA-B*40:01,KEQPDRPEGI,0
HLA-B*40:01,KEQTSVFSA,0
HLA-B*40:01,KEVHNIWAT,0
HLA-B*40:01,KEVLEQVTA,0
HLA-B*40:01,KEVLTQVAV,0
HLA-B*40:01,KEYALFYKV,0
HLA-B*40:01,KQACPKISF,0
HLA-B*40:01,KQACPKITF,0
HLA-B*40:01,KQACPKVSF,0
HLA-B*40:01,KQHKVHALF,0
HLA-B*40:01,KQQEVYALF,0
HLA-B*40:01,KTENETMEGF,0
HLA-B*40:01,LEATYHIII,0
HLA-B*40:01,LEATYHIIIM,0
HLA-B*40:01,LEDQKFLGL,0
HLA-B*40:01,LEEQFLKNI,0
HLA-B*40:01,LEHGSCQPV,0
HLA-B*40:01,LEIKDTKEAL,0
HLA-B*40:01,LELDKWASL,0
HLA-B*40:01,LELDKWTNL,0
HLA-B*40:01,LELDKWTSL,0
HLA-B*40:01,LELDRWASL,0
HLA-B*40:01,LELNKWASL,0
HLA-B*40:01,LERFAINPGL,0
HLA-B*40:01,LERFALDPGL,0
HLA-B*40:01,LERFALNPGL,0
HLA-B*40:01,LERFALNPSL,0
HLA-B*40:01,LERFAVDPGL,0
HLA-B*40:01,LERFAVNPGL,0
HLA-B*40:01,LERFAVNSGL,0
HLA-B*40:01,LERYLKDQTL,0
HLA-B*40:01,LERYLRDQQL,0
HLA-B*40:01,LESAEGCQQI,0
HLA-B*40:01,LESSEGCQQI,0
HLA-B*40:01,LETAEGCQQL,0
HLA-B*40:01,LETLNKTII,0
HLA-B*40:01,LETLNKTIIL,0
HLA-B*40:01,LETSEGCQQL,0
HLA-B*40:01,LETTEGCQQL,0
HLA-B*40:01,LLELDKWASL,0
HLA-B*40:01,LLELDKWTNL,0
HLA-B*40:01,LLELDKWTSL,0
HLA-B*40:01,LLELDRWASL,0
HLA-B*40:01,LSEEQWNNTL,0
HLA-B*40:01,LYEVNSTMTL,0
HLA-B*40:01,MEEAQRKSQL,0
HLA-B*40:01,MEGFNTSII,0
HLA-B*40:01,MEGFNTSIII,0
HLA-B*40:01,MEGLNGTII,0
HLA-B*40:01,MEGLNGTIIL,0
HLA-B*40:01,MEGNNGTII,0
HLA-B*40:01,MEGNNGTIIL,0
HLA-B*40:01,MELDKWANL,0
HLA-B*40:01,MWENDMVEQM,0
HLA-B*40:01,NCESNITGIL,0
HLA-B*40:01,NEANSSEYRL,0
HLA-B*40:01,NEIWENMTW,0
HLA-B*40:01,NEIWENMTWM,0
HLA-B*40:01,NENRTDTII,0
HLA-B*40:01,NENRTDTIIL,0
HLA-B*40:01,NETECNGTI,0
HLA-B*40:01,NETETFRPI,0
HLA-B*40:01,NETIKNETM,0
HLA-B*40:01,NETKENDTI,0
HLA-B*40:01,NETMDDNIIL,0
HLA-B*40:01,NETNGTETF,0
HLA-B*40:01,NEYFNGTIQF,0
HLA-B*40:01,QEAEAHNIW,0
HLA-B*40:01,QEHFNDNKTI,0
HLA-B*40:01,QEHNGTITL,0
HLA-B*40:01,QEHNGTITLP,0
HLA-B*40:01,QEIDLQNVT,0
HLA-B*40:01,QEIELKNVT,0
HLA-B*40:01,QEIESLEAT,0
HLA-B*40:01,QEIESLEATY,0
HLA-B*40:01,QEIKLENVTV,0
HLA-B*40:01,QEIPLENVT,0
HLA-B*40:01,QEIPLVNVT,0
HLA-B*40:01,QEIWDNMTW,0
HLA-B*40:01,QEIWDNMTWV,0
HLA-B*40:01,QEKNEKDLL,0
HLA-B*40:01,QEKNEKELL,0
HLA-B*40:01,QELKISAISL,0
HLA-B*40:01,QELKISAVSL,0
HLA-B*40:01,QELKKSAISL,0
HLA-B*40:01,QELKNSAISL,0
HLA-B*40:01,QELKSSAISL,0
HLA-B*40:01,QELKTSAISL,0
HLA-B*40:01,QELRNSAISL,0
HLA-B*40:01,QEMKNCSFNM,0
HLA-B*40:01,QENNGTIIL,0
HLA-B*40:01,QEQFENKTI,0
HLA-B*40:01,QEQNEKDLL,0
HLA-B*40:01,QEREVHNVW,0
HLA-B*40:01,QERNEKDLL,0
HLA-B*40:01,QERNEKELL,0
HLA-B*40:01,QERNEQELL,0
HLA-B*40:01,QESNEKDLL,0
HLA-B*40:01,QETEVHNIW,0
HLA-B*40:01,QETYALFYKL,0
HLA-B*40:01,QEVGRAILNI,0
HLA-B*40:01,QEVYALFYKL,0
HLA-B*40:01,QQDKNEKEL,0
HLA-B*40:01,QQDNNEKEL,0
HLA-B*40:01,QQDRNEKEL,0
HLA-B*40:01,QQDSNEKEL,0
HLA-B*40:01,QQEKNEKDLL,0
HLA-B*40:01,QQEKNEKEL,0
HLA-B*40:01,QQEKNEKELL,0
HLA-B*40:01,QQEQNEKDLL,0
HLA-B*40:01,QQERNEKDLL,0
HLA-B*40:01,QQERNEKELL,0
HLA-B*40:01,QQERNEQEL,0
HLA-B*40:01,QQERNEQELL,0
HLA-B*40:01,QQESNEKDLL,0
HLA-B*40:01,QQKCDIPSL,0
HLA-B*40:01,RDRDTSTRL,0
HLA-B*40:01,READRLERI,0
HLA-B*40:01,REAYALFYKL,0
HLA-B*40:01,REGCNGTLI,0
HLA-B*40:01,REGCNGTLIL,0
HLA-B*40:01,REHFNNKTI,0
HLA-B*40:01,REHFNNKTII,0
HLA-B*40:01,REHFSNKTI,0
HLA-B*40:01,REHFSNKTII,0
HLA-B*40:01,REIGNYSSQI,0
HLA-B*40:01,REIGNYTAQI,0
HLA-B*40:01,REIGNYTNI,0
HLA-B*40:01,REIGNYTNII,0
HLA-B*40:01,REIQNSAVSL,0
HLA-B*40:01,REISNYTDQI,0
HLA-B*40:01,REISNYTGL,0
HLA-B*40:01,REISNYTGLI,0
HLA-B*40:01,REISNYTHQI,0
HLA-B*40:01,REISNYTNI,0
HLA-B*40:01,REISNYTNII,0
HLA-B*40:01,REISNYTNQI,0
HLA-B*40:01,REISNYTSKI,0
HLA-B*40:01,REISNYTSQI,0
HLA-B*40:01,RELDRPERI,0
HLA-B*40:01,RELGNITDDM,0
HLA-B*40:01,RELKISAISL,0
HLA-B*40:01,RELKISASSL,0
HLA-B*40:01,RELKISAVSL,0
HLA-B*40:01,REMGNYTSQI,0
HLA-B*40:01,REPDKPEGI,0
HLA-B*40:01,REPDRPEGI,0
HLA-B*40:01,REPDRPERI,0
HLA-B*40:01,REPDRPGGI,0
HLA-B*40:01,REPDRPGRI,0
HLA-B*40:01,REPDRRERI,0
HLA-B*40:01,REPPDRPERI,0
HLA-B*40:01,REPVRPEEI,0
HLA-B*40:01,REQDRLGGI,0
HLA-B*40:01,REQKVYALF,0
HLA-B*40:01,REVHNVWAT,0
HLA-B*40:01,RGEQQKVQAL,0
HLA-B*40:01,RQACPKMSF,0
HLA-B*40:01,RQACPKVSF,0
HLA-B*40:01,RQGYSPLSL,0
HLA-B*40:01,RQGYSPVSF,0
HLA-B*40:01,RQREAYALF,0
HLA-B*40:01,RTENTTKENL,0
HLA-B*40:01,SEEFRSLFNL,0
HLA-B*40:01,SEELKSLFNL,0
HLA-B*40:01,SEENSNTTI,0
HLA-B*40:01,SEENSNTTII,0
HLA-B*40:01,SEEQWNNTL,0
HLA-B*40:01,SEGAAPQDL,0
HLA-B*40:01,SEGATPQDL,0
HLA-B*40:01,SEGATPSDL,0
HLA-B*40:01,SEIKRTRMTM,0
HLA-B*40:01,SELYDKPLY,0
HLA-B*40:01,SELYKYKVI,0
HLA-B*40:01,SELYKYKVV,0
HLA-B*40:01,SENITNNAKI,0
HLA-B*40:01,SESDIIKNV,0
HLA-B*40:01,SQTEIWNNM,0
HLA-B*40:01,STEGNSNITI,0
HLA-B*40:01,STENGTMEGL,0
HLA-B*40:01,TECNGTIIL,0
HLA-B*40:01,TEDMRNCSF,0
HLA-B*40:01,TEDVRNCSF,0
HLA-B*40:01,TEEMRNCSF,0
HLA-B*40:01,TEEVKNCSF,0
HLA-B*40:01,TEEVRNCSF,0
HLA-B*40:01,TEGNSNITI,0
HLA-B*40:01,TEIGNLTEEM,0
HLA-B*40:01,TEIIDKKQKF,0
HLA-B*40:01,TEIKDRKQQI,0
HLA-B*40:01,TEIKNCTFNM,0
HLA-B*40:01,TEIRDKKQKV,0
HLA-B*40:01,TEIRDKQHKV,0
HLA-B*40:01,TEIRDKQQEV,0
HLA-B*40:01,TEIWNNMTW,0
HLA-B*40:01,TEIWNNMTWM,0
HLA-B*40:01,TELIDKKQKF,0
HLA-B*40:01,TELRDKKKM,0
HLA-B*40:01,TELRDKMQQV,0
HLA-B*40:01,TELRDKQQKV,0
HLA-B*40:01,TENAKTIIV,0
HLA-B*40:01,TENETMEGF,0
HLA-B*40:01,TENGTMEGL,0
HLA-B*40:01,TENTTKENL,0
HLA-B*40:01,TEWDRVLKQV,0
HLA-B*40:01,TEWNETLNQV,0
HLA-B*40:01,TEWNEVLDQV,0
HLA-B*40:01,TQACPKVSF,0
HLA-B*40:01,TQENNGTIIL,0
HLA-B*40:01,TVEILGHSSL,0
HLA-B*40:01,TVELLGHSSL,0
HLA-B*40:01,TVELLGQCSL,0
HLA-B*40:01,TVELLGRSCL,0
HLA-B*40:01,TVELLGRSSL,0
HLA-B*40:01,TVELLGYSSL,0
HLA-B*40:01,VEEKLKKHF,0
HLA-B*40:01,VEIEPLGIA,0
HLA-B*40:01,VEIKPLGVA,0
HLA-B*40:01,VEILGHSSL,0
HLA-B*40:01,VEILGHSSLK,0
HLA-B*40:01,VEINCTRAF,0
HLA-B*40:01,VEINCTRPF,0
HLA-B*40:01,VELLGHSSL,0
HLA-B*40:01,VELLGQCSL,0
HLA-B*40:01,VELLGQSSL,0
HLA-B*40:01,VELLGRNSL,0
HLA-B*40:01,VELLGRSCL,0
HLA-B*40:01,VELLGRSSL,0
HLA-B*40:01,VELLGYSSL,0
HLA-B*40:01,VELTPLCVTL,0
HLA-B*40:01,VENITIENI,0
HLA-B*40:01,VEQMHEDII,0
HLA-B*40:01,VEQMHEDVI,0
HLA-B*40:01,VEQMQEDII,0
HLA-B*40:01,VEQMQEDVI,0
HLA-B*40:01,VERFALNPGL,0
HLA-B*40:01,VERYLEDQKF,0
HLA-B*40:01,VERYLKDQQF,0
HLA-B*40:01,VERYLKDQQL,0
HLA-B*40:01,VERYLKDQRL,0
HLA-B*40:01,VERYLKDQTF,0
HLA-B*40:01,VERYLKDQTL,0
HLA-B*40:01,VERYLRDQRL,0
HLA-B*40:01,VERYLSDQKF,0
HLA-B*40:01,VQYKFHKLL,0
HLA-B*40:01,VVELLGRNSL,0
HLA-B*40:01,WEDLRSLCL,0
HLA-B*40:01,WEEGLKPCV,0
HLA-B*40:01,WEKEIGNYTY,0
HLA-B*40:01,WENDMVEQM,0
HLA-B*40:01,WENNMVEQM,0
HLA-B*40:01,WEQSLKPCV,0
HLA-B*40:01,WEQSLQPCV,0
HLA-B*40:01,WEVLKYLGSL,0
HLA-B*40:01,YEAGIGNIT,0
HLA-B*40:01,YELDIVSTNY,0
HLA-B*40:01,YELLTVSQI,0
HLA-B*40:01,YEREVHNVW,0
HLA-B*40:01,YETEKHNVW,0
HLA-B*40:01,YETEVHNVW,0
HLA-B*40:01,YEVIGVLYI,0
HLA-B*40:01,YEVIGVSYI,0
HLA-B*40:01,YEVNSTMTL,0
HLA-B*40:01,YEVNSTMTLS,0
HLA-B*40:01,YLEDQKFLGL,0
HLA-B*40:01,YQALSPRTL,0
HLA-C*04:01,AADPGNSSKV,0
HLA-C*04:01,AFNPEVIPM,0
HLA-C*04:01,AFSPEIIPM,0
HLA-C*04:01,AFSPEVIPM,0
HLA-C*04:01,AHDPEVHNV,0
HLA-C*04:01,AHDTEVHNV,0
HLA-C*04:01,AHSPEVHNI,0
HLA-C*04:01,AIEAQHHLL,0
HLA-C*04:01,AIEAQQHLL,0
HLA-C*04:01,AIEAQQHML,0
HLA-C*04:01,ALDPGLLET,0
HLA-C*04:01,ALDQWASLW,0
HLA-C*04:01,ALDSWKNLW,0
HLA-C*04:01,ALEQVAKKL,0
HLA-C*04:01,ALNTGTEEL,0
HLA-C*04:01,ALQTGTEEL,0
HLA-C*04:01,APGSPTNLEF,0
HLA-C*04:01,APQDLNMML,0
HLA-C*04:01,AQDTEAHNI,0
HLA-C*04:01,ARIGPGQVF,0
HLA-C*04:01,AWDDIRNLC,0
HLA-C*04:01,AWDDIRNLCL,0
HLA-C*04:01,AWDDLRNLC,0
HLA-C*04:01,AWDDLRNLCL,0
HLA-C*04:01,AWDDLRSLC,0
HLA-C*04:01,AWDDLRSLCL,0
HLA-C*04:01,AWDDLRSLW,0
HLA-C*04:01,AWDDLRSLWL,0
HLA-C*04:01,AWDGVMKRV,0
HLA-C*04:01,AWRDADTTL,0
HLA-C*04:01,AWRDADTTLF,0
HLA-C*04:01,AWYEVLNQV,0
HLA-C*04:01,AYDTEVHNV,0
HLA-C*04:01,AYDTEVHNVW,0
HLA-C*04:01,AYEREVHNV,0
HLA-C*04:01,AYETEKHNV,0
HLA-C*04:01,CTDAKFTKI,0
HLA-C*04:01,DLEIITHHF,0
HLA-C*04:01,DLEIMTHHF,0
HLA-C*04:01,DLEITTHHF,0
HLA-C*04:01,DLETTMHHF,0
HLA-C*04:01,DLETTTHSF,0
HLA-C*04:01,DNDTTSYTL,0
HLA-C*04:01,DPDPQEIHM,0
HLA-C*04:01,DPEITLHHF,0
HLA-C*04:01,DPEITMHHF,0
HLA-C*04:01,DPEVTMHHF,0
HLA-C*04:01,DPNPQEIEL,0
HLA-C*04:01,DPNPQEIFM,0
HLA-C*04:01,DPNPQEIHL,0
HLA-C*04:01,DPNPQEIHM,0
HLA-C*04:01,DPNPQEIKL,0
HLA-C*04:01,DPNPQEILL,0
HLA-C*04:01,DPNPQEIYL,0
HLA-C*04:01,DPNPQEIYM,0
HLA-C*04:01,DPNPQELIL,0
HLA-C*04:01,DPNPQELVL,0
HLA-C*04:01,DPNPQELYL,0
HLA-C*04:01,DPNPQEMLL,0
HLA-C*04:01,DPNPQEMRL,0
HLA-C*04:01,DPNPQEMYL,0
HLA-C*04:01,DPNPQEVVL,0
HLA-C*04:01,DVEITTHHF,0
HLA-C*04:01,DWEETLHNV,0
HLA-C*04:01,EALDKIEEL,0
HLA-C*04:01,EAQHHLLQL,0
HLA-C*04:01,EAQQHLLQL,0
HLA-C*04:01,ELDIVSTNY,0
HLA-C*04:01,EWDRLHPVQV,0
HLA-C*04:01,EWDRVLKQV,0
HLA-C*04:01,EWNETLNQV,0
HLA-C*04:01,EWTDTVIEV,0
HLA-C*04:01,EYFNGTIQF,0
HLA-C*04:01,FEDAKANCV,0
HLA-C*04:01,FFYCDTSQL,0
HLA-C*04:01,FFYCDTSQLF,0
HLA-C*04:01,FFYCNTSKL,0
HLA-C*04:01,FFYCNTSNL,0
HLA-C*04:01,FFYCNTSQL,0
HLA-C*04:01,FFYCNTSRL,0
HLA-C*04:01,FFYCNTTGL,0
HLA-C*04:01,FFYCNTTKL,0
HLA-C*04:01,FFYCNTTNL,0
HLA-C*04:01,FFYCNTTQL,0
HLA-C*04:01,FMENVTENF,0
HLA-C*04:01,FNDKQKVTF,0
HLA-C*04:01,FNDNKTIIF,0
HLA-C*04:01,FNDTSNGTI,0
HLA-C*04:01,FNPEVIPMF,0
HLA-C*04:01,FQPPSGGDL,0
HLA-C*04:01,FRDYVDRFF,0
HLA-C*04:01,FRDYVDRFY,0
HLA-C*04:01,FRIGPGQVF,0
HLA-C*04:01,FSIGGVIHL,0
HLA-C*04:01,FSPEIIPMF,0
HLA-C*04:01,FSPEVIPMF,0
HLA-C*04:01,FTCDLGYHSL,0
HLA-C*04:01,FTCDSGYHSL,0
HLA-C*04:01,FVTTRTVEL,0
HLA-C*04:01,FWDDLRSLC,0
HLA-C*04:01,FWDDLRSLCL,0
HLA-C*04:01,FWEDLRSLCL,0
HLA-C*04:01,FYCDTSQLF,0
HLA-C*04:01,FYCNSTPLF,0
HLA-C*04:01,FYCNTSNLF,0
HLA-C*04:01,FYCNTSQLF,0
HLA-C*04:01,FYCNTSRLF,0
HLA-C*04:01,FYCNTTKLF,0
HLA-C*04:01,FYCNTTNLF,0
HLA-C*04:01,FYCNTTQLF,0
HLA-C*04:01,FYKLDIVQM,0
HLA-C*04:01,FYKLDIVSL,0
HLA-C*04:01,FYNLDIVQI,0
HLA-C*04:01,FYTLDIVKM,0
HLA-C*04:01,GAPGSPTNL,0
HLA-C*04:01,GGDLEITML,0
HLA-C*04:01,GPKEPFREY,0
HLA-C*04:01,GPNRTNETF,0
HLA-C*04:01,GWTDRIIEV,0
HLA-C*04:01,GWTDRVIEI,0
HLA-C*04:01,GWTDRVIEL,0
HLA-C*04:01,GWTDRVIEV,0
HLA-C*04:01,GYETEVHNV,0
HLA-C*04:01,GYEVIGVLY,0
HLA-C*04:01,GYEVIGVSY,0
HLA-C*04:01,GYSPLSLQI,0
HLA-C*04:01,GYSPVSFQI,0
HLA-C*04:01,HFGPGQALY,0
HLA-C*04:01,HFINKNITF,0
HLA-C*04:01,HFKNSSIIF,0
HLA-C*04:01,HFNCKGEFF,0
HLA-C*04:01,HFNDNKTII,0
HLA-C*04:01,HFNDNKTIIF,0
HLA-C*04:01,HFNNKTIIF,0
HLA-C*04:01,HFNNKTIVF,0
HLA-C*04:01,HFNNTTITF,0
HLA-C*04:01,HFPNKTITF,0
HLA-C*04:01,HFQNKTINF,0
HLA-C*04:01,HFSNKTIIF,0
HLA-C*04:01,HFTNKNISF,0
HLA-C*04:01,HMENVTENF,0
HLA-C*04:01,HQALSPRTL,0
HLA-C*04:01,HQAMTPRTL,0
HLA-C*04:01,HQAVSPRTL,0
HLA-C*04:01,HQNMSPRTL,0
HLA-C*04:01,HQPFSPRTL,0
HLA-C*04:01,HQPIAPRTL,0
HLA-C*04:01,HQPISPRTL,0
HLA-C*04:01,HQPISPTTL,0
HLA-C*04:01,HQPLSPRTL,0
HLA-C*04:01,HQPVSPRTL,0
HLA-C*04:01,HQSLSPRTL,0
HLA-C*04:01,HWMTETLLV,0
HLA-C*04:01,IAWDDLRSL,0
HLA-C*04:01,IFWDDLRSL,0
HLA-C*04:01,IHFGPGQAL,0
HLA-C*04:01,IHIGPGQAF,0
HLA-C*04:01,IHIGPGQVF,0
HLA-C*04:01,IHMGPGRTF,0
HLA-C*04:01,IIEQLQPAL,0
HLA-C*04:01,IIEQLQPNL,0
HLA-C*04:01,IIEQLQPTL,0
HLA-C*04:01,IIEQLQSTL,0
HLA-C*04:01,IIGDPRQAF,0
HLA-C*04:01,IITQLQPTL,0
HLA-C*04:01,IKDNWKNEL,0
HLA-C*04:01,IKDNWRNEL,0
HLA-C*04:01,IKDNWRSEL,0
HLA-C*04:01,ILENVTEYF,0
HLA-C*04:01,ILEQLQPSL,0
HLA-C*04:01,ILQQLQPAL,0
HLA-C*04:01,IMDQLQSAL,0
HLA-C*04:01,IMEQLQPAL,0
HLA-C*04:01,IMEQLQPTL,0
HLA-C*04:01,IMEQLQSTL,0
HLA-C*04:01,IPIGPGQVF,0
HLA-C*04:01,IPLDNVTENF,0
HLA-C*04:01,IPNPEGLDRL,0
HLA-C*04:01,IPSHQQREL,0
HLA-C*04:01,IRDKKQETY,0
HLA-C*04:01,IRDKKQRVY,0
HLA-C*04:01,IRDKQQEVY,0
HLA-C*04:01,IRDNWRNEL,0
HLA-C*04:01,IRDNWRSEL,0
HLA-C*04:01,IRDPTGSDI,0
HLA-C*04:01,IRDRKKQFY,0
HLA-C*04:01,IRIGPGQTF,0
HLA-C*04:01,IRPVVSTQL,0
HLA-C*04:01,ISDKQQKAY,0
HLA-C*04:01,ISFDPIPIHY,0
HLA-C*04:01,ISFEPIPIHY,0
HLA-C*04:01,ISIGPGQVF,0
HLA-C*04:01,ITDDIRNCTF,0
HLA-C*04:01,ITDDMRNCSF,0
HLA-C*04:01,ITDEIKSCTF,0
HLA-C*04:01,ITDEIRENI,0
HLA-C*04:01,ITDEIRNCTF,0
HLA-C*04:01,ITDELRNCSF,0
HLA-C*04:01,ITDEMKNCSF,0
HLA-C*04:01,ITDEMRNCSF,0
HLA-C*04:01,ITDEVKNCTF,0
HLA-C*04:01,ITDEVRNCSF,0
HLA-C*04:01,ITDEVRNCTF,0
HLA-C*04:01,ITDNAKNII,0
HLA-C*04:01,ITDNAKTII,0
HLA-C*04:01,ITFDPIPIHY,0
HLA-C*04:01,ITIGPGQVF,0
HLA-C*04:01,ITMGPGQAF,0
HLA-C*04:01,IWDDLRSLC,0
HLA-C*04:01,IWDDLRSLCL,0
HLA-C*04:01,IWDDLRSLF,0
HLA-C*04:01,IWDDLRSLFL,0
HLA-C*04:01,IWDNMTWTEW,0
HLA-C*04:01,IWDNMTWTQW,0
HLA-C*04:01,IWDNMTWVEW,0
HLA-C*04:01,IYDILIESQ,0
HLA-C*04:01,IYDILTESQ,0
HLA-C*04:01,IYDILTESQI,0
HLA-C*04:01,IYDILTETQ,0
HLA-C*04:01,IYDLITKSQ,0
HLA-C*04:01,IYDLLTESQ,0
HLA-C*04:01,IYWGQELKI,0
HLA-C*04:01,KAIEAQHRL,0
HLA-C*04:01,KALGPAASL,0
HLA-C*04:01,KALGPAATL,0
HLA-C*04:01,KAYDTEVHNV,0
HLA-C*04:01,KFDSNKTYA,0
HLA-C*04:01,KFDVLTTWL,0
HLA-C*04:01,KHFNKTIVF,0
HLA-C*04:01,KHFTGNISF,0
HLA-C*04:01,KLDKWSSLW,0
HLA-C*04:01,KLDQWASLW,0
HLA-C*04:01,KLENVTVNF,0
HLA-C*04:01,KLTPFCVTL,0
HLA-C*04:01,KNDEEQTSV,0
HLA-C*04:01,KPMVSTQLL,0
HLA-C*04:01,KPVISTQLL,0
HLA-C*04:01,KPVVSTHFL,0
HLA-C*04:01,KPVVSTQLL,0
HLA-C*04:01,KPVVTTQLL,0
HLA-C*04:01,KQQEVYALF,0
HLA-C*04:01,KSDVLTTWL,0
HLA-C*04:01,KSFDDIWNNM,0
HLA-C*04:01,KSYDDIWGNM,0
HLA-C*04:01,KSYDEIWKNM,0
HLA-C*04:01,KSYDEIWNNM,0
HLA-C*04:01,KTYPGNETM,0
HLA-C*04:01,KWKEVLTQV,0
HLA-C*04:01,KWNDVLTQV,0
HLA-C*04:01,KWNETINQV,0
HLA-C*04:01,KWNETLKQV,0
HLA-C*04:01,KYENPCKKM,0
HLA-C*04:01,KYLGNLLLY,0
HLA-C*04:01,KYLGSLVQY,0
HLA-C*04:01,KYWGNLLQY,0
HLA-C*04:01,LEDQKFLGL,0
HLA-C*04:01,LFDAIAIAV,0
HLA-C*04:01,LFDAIAVAV,0
HLA-C*04:01,LFDASAIAV,0
HLA-C*04:01,LFDATAIAI,0
HLA-C*04:01,LFDTIAIAV,0
HLA-C*04:01,LFDTTAIVV,0
HLA-C*04:01,LFNATAITI,0
HLA-C*04:01,LFNDKQKVTF,0
HLA-C*04:01,LFNITTISF,0
HLA-C*04:01,LFNTTNITF,0
HLA-C*04:01,LFWDDLRSL,0
HLA-C*04:01,LFWEDLRSL,0
HLA-C*04:01,LIAARTVEL,0
HLA-C*04:01,LIAKRTVEL,0
HLA-C*04:01,LIATRTVEL,0
HLA-C*04:01,LIDKKQKFY,0
HLA-C*04:01,LIDQLQPTL,0
HLA-C*04:01,LIEQLQPTL,0
HLA-C*04:01,LIEQLQSTL,0
HLA-C*04:01,LIEQLQTTL,0
HLA-C*04:01,LIWDDLRSLF,0
HLA-C*04:01,LKDQKFLAL,0
HLA-C*04:01,LKDQKFLGL,0
HLA-C*04:01,LKDQQFLGL,0
HLA-C*04:01,LKDQRFLGL,0
HLA-C*04:01,LLDAIAIAV,0
HLA-C*04:01,LLDAIAITV,0
HLA-C*04:01,LLDATAIAV,0
HLA-C*04:01,LLDATAITI,0
HLA-C*04:01,LLDTIAIAV,0
HLA-C*04:01,LLDTIAVAV,0
HLA-C*04:01,LLDTLAIAV,0
HLA-C*04:01,LLDTTAVAV,0
HLA-C*04:01,LLEQLQVTL,0
HLA-C*04:01,LLWDDLRSL,0
HLA-C*04:01,LQDQKFLGL,0
HLA-C*04:01,LRDKKKMAY,0
HLA-C*04:01,LRDKKQQVY,0
HLA-C*04:01,LRDQRLLGL,0
HLA-C*04:01,LSDQKFLGI,0
HLA-C*04:01,LSDQKFLGL,0
HLA-C*04:01,LTDNTKTII,0
HLA-C*04:01,LVAARTVEL,0
HLA-C*04:01,LVDATAIAV,0
HLA-C*04:01,LVWDDLRSLV,0
HLA-C*04:01,LWDDLRSLC,0
HLA-C*04:01,LWDDLRSLCL,0
HLA-C*04:01,LWQEVGQAM,0
HLA-C*04:01,LWQEVGRAM,0
HLA-C*04:01,LYAPPISGV,0
HLA-C*04:01,LYDKPLYEV,0
HLA-C*04:01,LYDKPLYKV,0
HLA-C*04:01,LYDTAAIAI,0
HLA-C*04:01,LYEVNSTMTL,0
HLA-C*04:01,LYNTIAVLY,0
HLA-C*04:01,LYNTVSVLY,0
HLA-C*04:01,LYNTVVTLL,0
HLA-C*04:01,MAIEAQQHL,0
HLA-C*04:01,MHEDIISLW,0
HLA-C*04:01,MHEDVINLW,0
HLA-C*04:01,MHEDVISLW,0
HLA-C*04:01,MKDNWRNEL,0
HLA-C*04:01,MKDNWRSEL,0
HLA-C*04:01,MKDTMNMTM,0
HLA-C*04:01,MRDNWRNEL,0
HLA-C*04:01,MRDNWRSEL,0
HLA-C*04:01,MRDPRGSDI,0
HLA-C*04:01,MSFDPIPIHY,0
HLA-C*04:01,MWQAVGQAM,0
HLA-C*04:01,MWQEVGKAM,0
HLA-C*04:01,MWQEVGQAM,0
HLA-C*04:01,MWQEVGRAM,0
HLA-C*04:01,MWQGAGQAM,0
HLA-C*04:01,MWQGTGQAM,0
HLA-C*04:01,MWQGVGQAI,0
HLA-C*04:01,MWQGVGQAM,0
HLA-C*04:01,MWQGVGQTL,0
HLA-C*04:01,MWQRTGQAM,0
HLA-C*04:01,MWQRVGQAM,0
HLA-C*04:01,MYAPPIEGV,0
HLA-C*04:01,MYAPPIKGI,0
HLA-C*04:01,MYAPPIRGI,0
HLA-C*04:01,MYAPPIRGL,0
HLA-C*04:01,MYAPPISGI,0
HLA-C*04:01,MYAPPVRGI,0
HLA-C*04:01,NAECQPLQL,0
HLA-C*04:01,NAKNIIVQL,0
HLA-C*04:01,NFDMWRNSM,0
HLA-C*04:01,NITDKIREL,0
HLA-C*04:01,NKFDVLTTWL,0
HLA-C*04:01,NNDNKTYIL,0
HLA-C*04:01,NNDSREYRL,0
HLA-C*04:01,NNDTDTFKL,0
HLA-C*04:01,NSNNKNITF,0
HLA-C*04:01,NVECQPLQL,0
HLA-C*04:01,NWFDISNWL,0
HLA-C*04:01,NWFDITNWL,0
HLA-C*04:01,NWFDITQWL,0
HLA-C*04:01,NWFEITNWL,0
HLA-C*04:01,NYNNTKNVM,0
HLA-C*04:01,NYTDQIYAL,0
HLA-C*04:01,NYTDQIYDIL,0
HLA-C*04:01,NYTDQIYEI,0
HLA-C*04:01,NYTDQIYEIL,0
HLA-C*04:01,NYTDQIYEL,0
HLA-C*04:01,NYTDQIYELL,0
HLA-C*04:01,NYTDTIYTL,0
HLA-C*04:01,NYTDTIYTLL,0
HLA-C*04:01,NYTNIIYEL,0
HLA-C*04:01,NYTNQIYQL,0
HLA-C*04:01,NYTSKIYEL,0
HLA-C*04:01,NYTSQIYEL,0
HLA-C*04:01,NYTYKIYSL,0
HLA-C*04:01,PLDNVTENF,0
HLA-C*04:01,PTDPDPQEI,0
HLA-C*04:01,PTDPNPQEI,0
HLA-C*04:01,PTDPNPQEL,0
HLA-C*04:01,PTDPNPQEM,0
HLA-C*04:01,PTDPNPQEV,0
HLA-C*04:01,QFENKTIRF,0
HLA-C*04:01,QGQPMHQSL,0
HLA-C*04:01,QMHEDIISL,0
HLA-C*04:01,QMHEDVISL,0
HLA-C*04:01,QMQEDIISL,0
HLA-C*04:01,QMQEDVISL,0
HLA-C*04:01,QQDKNEKDL,0
HLA-C*04:01,QQDKNEKEL,0
HLA-C*04:01,QQDNNEKEL,0
HLA-C*04:01,QQDRNEKEL,0
HLA-C*04:01,QQDSNEKEL,0
HLA-C*04:01,QWDKEISNY,0
HLA-C*04:01,QYEQEIESL,0
HLA-C*04:01,RAEQATQEV,0
HLA-C*04:01,RAIEAQHHL,0
HLA-C*04:01,RAIEAQQHL,0
HLA-C*04:01,RAIEAQQHM,0
HLA-C*04:01,RALGPGASL,0
HLA-C*04:01,RALGPGATL,0
HLA-C*04:01,RFALNPELL,0
HLA-C*04:01,RFALNPSLL,0
HLA-C*04:01,RFNKETVKF,0
HLA-C*04:01,RIEEEGGEL,0
HLA-C*04:01,RLVDGFLAL,0
HLA-C*04:01,RMYNPVSIL,0
HLA-C*04:01,RMYQPVSIL,0
HLA-C*04:01,RMYSPISIL,0
HLA-C*04:01,RMYSPSSIL,0
HLA-C*04:01,RMYSPTSIL,0
HLA-C*04:01,RMYSPVNIL,0
HLA-C*04:01,RMYSPVSIL,0
HLA-C*04:01,RPGGKKHYM,0
HLA-C*04:01,RPVVSTQLL,0
HLA-C*04:01,RTTPEEVEL,0
HLA-C*04:01,RVIEIVQRV,0
HLA-C*04:01,RVWEGLKYL,0
HLA-C*04:01,RVYSPVSIL,0
HLA-C*04:01,RYLEDQKFL,0
HLA-C*04:01,RYLKDQQFL,0
HLA-C*04:01,RYLKDQQLL,0
HLA-C*04:01,RYLKDQTFL,0
HLA-C*04:01,RYLKDQTLL,0
HLA-C*04:01,RYLRDQQLL,0
HLA-C*04:01,SCDKNNVQY,0
HLA-C*04:01,SFDDIWNNM,0
HLA-C*04:01,SFDDIWNNMT,0
HLA-C*04:01,SFDPIPIHY,0
HLA-C*04:01,SFDPIPIHYC,0
HLA-C*04:01,SFEEIWDNM,0
HLA-C*04:01,SFEPIPIHY,0
HLA-C*04:01,SFNCGGEFF,0
HLA-C*04:01,SFNDKQKVTF,0
HLA-C*04:01,SFSPEVIPM,0
HLA-C*04:01,SHDDIWQRM,0
HLA-C*04:01,SIATRAVEL,0
HLA-C*04:01,SIQTTVNTL,0
HLA-C*04:01,SLFDAIAIAV,0
HLA-C*04:01,SLFDAIAVAV,0
HLA-C*04:01,SLFDASAIAV,0
HLA-C*04:01,SLFDATAIAI,0
HLA-C*04:01,SLFDTIAIAV,0
HLA-C*04:01,SLFDTTAIVV,0
HLA-C*04:01,SLFNAVATL,0
HLA-C*04:01,SLFNLVATL,0
HLA-C*04:01,SLFNSVATL,0
HLA-C*04:01,SLFNTIATL,0
HLA-C*04:01,SLFNTIVVL,0
HLA-C*04:01,SLFNTLVTL,0
HLA-C*04:01,SLFNTVATL,0
HLA-C*04:01,SLFNTVVTL,0
HLA-C*04:01,SLQTGSEEL,0
HLA-C*04:01,SLWNTIATL,0
HLA-C*04:01,SLYDTAAIAI,0
HLA-C*04:01,SLYNTIVTL,0
HLA-C*04:01,SLYNTVATL,0
HLA-C*04:01,SLYNTVSVL,0
HLA-C*04:01,SLYNTVVTL,0
HLA-C*04:01,SPLSFQTHF,0
HLA-C*04:01,SPLSFQTRL,0
HLA-C*04:01,SVTARTVEL,0
HLA-C*04:01,SWEEALEQV,0
HLA-C*04:01,SWEQIWHNM,0
HLA-C*04:01,SWFDITKWL,0
HLA-C*04:01,SWFDITNWL,0
HLA-C*04:01,SYDDIWGNM,0
HLA-C*04:01,SYDEIWGNM,0
HLA-C*04:01,SYDEIWKNM,0
HLA-C*04:01,SYDEIWNNM,0
HLA-C*04:01,SYEDIWDKM,0
HLA-C*04:01,SYEEIWENM,0
HLA-C*04:01,SYEEIWGNM,0
HLA-C*04:01,SYEEIWNNL,0
HLA-C*04:01,SYEEIWNNM,0
HLA-C*04:01,SYEKIWNNM,0
HLA-C*04:01,TCDLGYHSL,0
HLA-C*04:01,TCDSGYHSL,0
HLA-C*04:01,TCDSGYYSL,0
HLA-C*04:01,TDPDPQEIHM,0
HLA-C*04:01,TEDMRNCSF,0
HLA-C*04:01,TEDVRNCSF,0
HLA-C*04:01,TFDPIPIHY,0
HLA-C*04:01,TFDPIPIHYC,0
HLA-C*04:01,TFEPHSGGDL,0
HLA-C*04:01,TIETRYNVL,0
HLA-C*04:01,TKDNWRSEL,0
HLA-C*04:01,TLASGFLTV,0
HLA-C*04:01,TLDCADIKF,0
HLA-C*04:01,TLDQVKREL,0
HLA-C*04:01,TLEGVANKL,0
HLA-C*04:01,TLEQVTEKL,0
HLA-C*04:01,TLIPNPEGL,0
HLA-C*04:01,TLNKVATKL,0
HLA-C*04:01,TLPNKFDVL,0
HLA-C*04:01,TLPNKSNVL,0
HLA-C*04:01,TMEGSNETM,0
HLA-C*04:01,TNDKIKLIL,0
HLA-C*04:01,TPQDLNMML,0
HLA-C*04:01,TPQDLNSML,0
HLA-C*04:01,TPQDLNTHV,0
HLA-C*04:01,TPQDLNTML,0
HLA-C*04:01,TPSDLNMML,0
HLA-C*04:01,TPVPWNSTW,0
HLA-C*04:01,TRDGGINNV,0
HLA-C*04:01,TRIGPGQTF,0
HLA-C*04:01,TSDPSNGTI,0
HLA-C*04:01,TVSDYVFEL,0
HLA-C*04:01,TVSDYVSEL,0
HLA-C*04:01,TWDDLRSLC,0
HLA-C*04:01,TWDDLRSLCL,0
HLA-C*04:01,TWFDITNWL,0
HLA-C*04:01,TWIEWEREM,0
HLA-C*04:01,TWNNTLAKV,0
HLA-C*04:01,TYEAGIGNI,0
HLA-C*04:01,TYEDIWNNM,0
HLA-C*04:01,TYENITDKI,0
HLA-C*04:01,TYQEIWDNM,0
HLA-C*04:01,VFELYDKPL,0
HLA-C*04:01,VHIGPGQVF,0
HLA-C*04:01,VHQPISPTTL,0
HLA-C*04:01,VLDQVEEKL,0
HLA-C*04:01,VLEQVTAKL,0
HLA-C*04:01,VLEQVVGKL,0
HLA-C*04:01,VLTQVAVKL,0
HLA-C*04:01,VPAMFTAAL,0
HLA-C*04:01,VPIDNDTTSY,0
HLA-C*04:01,VPTDPDPQEI,0
HLA-C*04:01,VPTDPNPQEI,0
HLA-C*04:01,VPTDPNPQEL,0
HLA-C*04:01,VPTDPNPQEM,0
HLA-C*04:01,VPTDPNPQEV,0
HLA-C*04:01,VPTMNNAKL,0
HLA-C*04:01,VQNPQGQMV,0
HLA-C*04:01,VQYEQEIESL,0
HLA-C*04:01,VSDYVFELY,0
HLA-C*04:01,VSDYVSELY,0
HLA-C*04:01,VSFDPIPIHY,0
HLA-C*04:01,VSFEPIPIHY,0
HLA-C*04:01,VTDDVRNCTF,0
HLA-C*04:01,VTDEVRNCTF,0
HLA-C*04:01,VTDEVTNCTF,0
HLA-C*04:01,VWDDLRSLC,0
HLA-C*04:01,VWDDLRSLCL,0
HLA-C*04:01,VWDDLRSLV,0
HLA-C*04:01,VWDDLRSLVL,0
HLA-C*04:01,VWKDADTTL,0
HLA-C*04:01,VWKDADTTLF,0
HLA-C*04:01,VWKDAETTL,0
HLA-C*04:01,VWKDAETTLF,0
HLA-C*04:01,VWKDAKTTL,0
HLA-C*04:01,VWKDAKTTLF,0
HLA-C*04:01,VWKDANTTL,0
HLA-C*04:01,VWKDANTTLF,0
HLA-C*04:01,VWKEATTTL,0
HLA-C*04:01,VWKEATTTLF,0
HLA-C*04:01,VWRDADTTL,0
HLA-C*04:01,VWRDADTTLF,0
HLA-C*04:01,VWRDAETTL,0
HLA-C*04:01,VWRDAETTLF,0
HLA-C*04:01,VWRDANTTL,0
HLA-C*04:01,VWRDANTTLF,0
HLA-C*04:01,VWRDVVTTL,0
HLA-C*04:01,VWRDVVTTLF,0
HLA-C*04:01,VWREANTTL,0
HLA-C*04:01,VWREANTTLF,0
HLA-C*04:01,VWRNAQTTL,0
HLA-C*04:01,VYWSQELKI,0
HLA-C*04:01,WEDLRSLCL,0
HLA-C*04:01,WFDISKWLW,0
HLA-C*04:01,WFDISNWLW,0
HLA-C*04:01,WFDISRWLW,0
HLA-C*04:01,WFDITKWLW,0
HLA-C*04:01,WFDITNWLW,0
HLA-C*04:01,WFDITQWLW,0
HLA-C*04:01,WFDITRWLW,0
HLA-C*04:01,WKDADTTLF,0
HLA-C*04:01,WKDAETTLF,0
HLA-C*04:01,WKDAKTTLF,0
HLA-C*04:01,WKDANTTLF,0
HLA-C*04:01,WRDADTTLF,0
HLA-C*04:01,WRDAETTLF,0
HLA-C*04:01,WRDANTTLF,0
HLA-C*04:01,WRDVVTTLF,0
HLA-C*04:01,YAPPIAGNI,0
HLA-C*04:01,YAPPIEGKI,0
HLA-C*04:01,YAPPIQGSI,0
HLA-C*04:01,YAPPIRGQI,0
HLA-C*04:01,YAPPISGHI,0
HLA-C*04:01,YAPPISGII,0
HLA-C*04:01,YAPPISGKI,0
HLA-C*04:01,YAPPISGNI,0
HLA-C*04:01,YAPPISGQI,0
HLA-C*04:01,YAPPISGRI,0
HLA-C*04:01,YAPPISGRL,0
HLA-C*04:01,YAPPISGSI,0
HLA-C*04:01,YAPPISGTI,0
HLA-C*04:01,YAPPISGVI,0
HLA-C*04:01,YAPPVEGKI,0
HLA-C*04:01,YAPPVSGNI,0
HLA-C*04:01,YAPPVSGQI,0
HLA-C*04:01,YCTPAGYAL,0
HLA-C*04:01,YFNVWKNNM,0
HLA-C*04:01,YHLLRDFTL,0
HLA-C*04:01,YLEDQKFLGL,0
HLA-C*04:01,YLENVTENF,0
HLA-C*04:01,YLKDQKFLAL,0
HLA-C*04:01,YLQDQKFLGL,0
HLA-C*04:01,YLSDQKFLGL,0
HLA-C*04:01,YMENVTEDF,0
HLA-C*04:01,YQALSPRTL,0
HLA-C*04:01,YQDSDVSQEV,0
HLA-C*04:01,YSPLSFQIL,0
HLA-C*04:01,YSPLSFQTL,0
HLA-C*04:01,YSPLSLQTL,0
HLA-C*04:01,YTDQIYALI,0
HLA-C*04:01,YTDQIYDIL,0
HLA-C*04:01,YTDQIYEIL,0
HLA-C*04:01,YTDQIYELL,0
HLA-C*04:01,YTDTIYTLL,0
HLA-C*04:01,YTNQIYQLL,0
HLA-C*04:01,YVDRFFKCL,0
HLA-C*04:01,YVDRFFKTL,0
HLA-C*04:01,YVDRFYKTL,0
HLA-C*04:01,YVDRFYKVL,0
HLA-C*04:01,YYQGSCYIL,0
HLA-C*04:01,YYSLDPNAV,0
HLA-C*07:01,AAASIQTTV,0
HLA-C*07:01,AFNPEVIPM,0
HLA-C*07:01,AHDPEVHNV,0
HLA-C*07:01,AHKTEVHNV,0
HLA-C*07:01,AHSPEVHNI,0
HLA-C*07:01,AHSTGVHNV,0
HLA-C*07:01,AIYNIPRRI,0
HLA-C*07:01,AKFDSNKTY,0
HLA-C*07:01,AQSEEVHNI,0
HLA-C*07:01,ARIGPGQVF,0
HLA-C*07:01,ARIGPGQVFY,0
HLA-C*07:01,ARILAVERY,0
HLA-C*07:01,ARVLAIERY,0
HLA-C*07:01,ARVLALERY,0
HLA-C*07:01,ARVLAVERY,0
HLA-C*07:01,AVLNANLTY,0
HLA-C*07:01,AYDTEVHNV,0
HLA-C*07:01,CRIKQFINM,0
HLA-C*07:01,CRIKQIIKM,0
HLA-C*07:01,CRIKQIINL,0
HLA-C*07:01,CRIKQIINM,0
HLA-C*07:01,CRIKQIIRM,0
HLA-C*07:01,CRIKQIVNM,0
HLA-C*07:01,CRIKQIVRM,0
HLA-C*07:01,CRIRQIINM,0
HLA-C*07:01,CRIRQIVRM,0
HLA-C*07:01,CRSNITGIL,0
HLA-C*07:01,CRSNITGLL,0
HLA-C*07:01,CTFDTTTEL,0
HLA-C*07:01,DKKQKFHAL,0
HLA-C*07:01,DKKQKVHAL,0
HLA-C*07:01,DKMQQVHAL,0
HLA-C*07:01,DKNNVQYKF,0
HLA-C*07:01,DREQKVYAL,0
HLA-C*07:01,DRFALNPEL,0
HLA-C*07:01,DRFALNPGL,0
HLA-C*07:01,DRKKQFYSL,0
HLA-C*07:01,DRKKQVYAL,0
HLA-C*07:01,DRKQKVSAL,0
HLA-C*07:01,DRKQQISAL,0
HLA-C*07:01,DRQREAYAL,0
HLA-C*07:01,DSSSNYSEY,0
HLA-C*07:01,EAHNIWATY,0
HLA-C*07:01,EAKNINITY,0
HLA-C*07:01,EALDKIEEL,0
HLA-C*07:01,EALEKIEEM,0
HLA-C*07:01,EAQHHLLQL,0
HLA-C*07:01,EAQHRLLQL,0
HLA-C*07:01,EAQQHLLQL,0
HLA-C*07:01,EAQQHMLQL,0
HLA-C*07:01,EHFNETIRF,0
HLA-C*07:01,EHFNGSITF,0
HLA-C*07:01,EHFNKTIEF,0
HLA-C*07:01,EHFNKTIIF,0
HLA-C*07:01,EHFNKTIVF,0
HLA-C*07:01,EHFPNKTITF,0
HLA-C*07:01,EIIDKKQKF,0
HLA-C*07:01,ELIDKKQKF,0
HLA-C*07:01,ELYDKPLYK,0
HLA-C*07:01,EQFNRTIVF,0
HLA-C*07:01,ERFAINPGL,0
HLA-C*07:01,ERFALDPGL,0
HLA-C*07:01,ERFALNPGL,0
HLA-C*07:01,ERFALNPSL,0
HLA-C*07:01,ERFAVDPGL,0
HLA-C*07:01,ERFAVNPGL,0
HLA-C*07:01,ERFAVNSGL,0
HLA-C*07:01,ERNEKDLLEL,0
HLA-C*07:01,ERNGTITGEF,0
HLA-C*07:01,ERYLEDQKF,0
HLA-C*07:01,ERYLKDQKF,0
HLA-C*07:01,ERYLKDQQF,0
HLA-C*07:01,ERYLKDQQL,0
HLA-C*07:01,ERYLKDQRF,0
HLA-C*07:01,ERYLKDQRL,0
HLA-C*07:01,ERYLKDQTF,0
HLA-C*07:01,ERYLKDQTL,0
HLA-C*07:01,ERYLQDQKF,0
HLA-C*07:01,ERYLRDQQL,0
HLA-C*07:01,ERYLRDQRL,0
HLA-C*07:01,ERYLSDQKF,0
HLA-C*07:01,EYFNGTIQF,0
HLA-C*07:01,FFKTSPMII,0
HLA-C*07:01,FFYCDTSQLF,0
HLA-C*07:01,FFYCNTSKL,0
HLA-C*07:01,FFYCNTSQL,0
HLA-C*07:01,FFYCNTSRL,0
HLA-C*07:01,FFYCNTTKL,0
HLA-C*07:01,FFYCNTTNL,0
HLA-C*07:01,FFYCNTTQL,0
HLA-C*07:01,FIYHRLRDF,0
HLA-C*07:01,FLYHRLRDF,0
HLA-C*07:01,FLYRRLRDL,0
HLA-C*07:01,FMYYAKRML,0
HLA-C*07:01,FNDKQKVTF,0
HLA-C*07:01,FNDNKTIIF,0
HLA-C*07:01,FNPEVIPMF,0
HLA-C*07:01,FNSTYNSTY,0
HLA-C*07:01,FQIPHHQQR,0
HLA-C*07:01,FQIPSHHQR,0
HLA-C*07:01,FQIPTHHQR,0
HLA-C*07:01,FQTPFHHQR,0
HLA-C*07:01,FRDYVDRFF,0
HLA-C*07:01,FRDYVDRFY,0
HLA-C*07:01,FREYVDRFY,0
HLA-C*07:01,FRIGPGQVF,0
HLA-C*07:01,FRIGPGQVFY,0
HLA-C*07:01,FRPGGGNTK,0
HLA-C*07:01,FRTSPIIIA,0
HLA-C*07:01,FRTSPMIIA,0
HLA-C*07:01,FSIGGVIHL,0
HLA-C*07:01,FSPEIIPMF,0
HLA-C*07:01,FSPEVIPMF,0
HLA-C*07:01,FSYHRLRDF,0
HLA-C*07:01,FSYHRLRDL,0
HLA-C*07:01,FSYHRLSDL,0
HLA-C*07:01,FSYRHLRDF,0
HLA-C*07:01,FSYRRLRDF,0
HLA-C*07:01,FTSIKNETM,0
HLA-C*07:01,FVTTRTVEL,0
HLA-C*07:01,FYCDTSQLF,0
HLA-C*07:01,FYCNSTPLF,0
HLA-C*07:01,FYCNTSGLF,0
HLA-C*07:01,FYCNTSKLF,0
HLA-C*07:01,FYCNTSNLF,0
HLA-C*07:01,FYCNTSQLF,0
HLA-C*07:01,FYCNTSRLF,0
HLA-C*07:01,FYCNTTGLF,0
HLA-C*07:01,FYCNTTKLF,0
HLA-C*07:01,FYCNTTNLF,0
HLA-C*07:01,FYCNTTQLF,0
HLA-C*07:01,FYKLDIIQI,0
HLA-C*07:01,FYKLDIVPL,0
HLA-C*07:01,FYKLDIVQI,0
HLA-C*07:01,FYKLDIVQM,0
HLA-C*07:01,FYKLDIVSL,0
HLA-C*07:01,FYKLDLTQI,0
HLA-C*07:01,FYKLDLVKM,0
HLA-C*07:01,FYKLDTVQV,0
HLA-C*07:01,FYNLDIVQI,0
HLA-C*07:01,FYRVNIVPL,0
HLA-C*07:01,FYTLDIVKM,0
HLA-C*07:01,GHFNKTIVF,0
HLA-C*07:01,GLNKIVRMY,0
HLA-C*07:01,GLNKIVRVY,0
HLA-C*07:01,GLNKVVRMY,0
HLA-C*07:01,GPKEPFRDY,0
HLA-C*07:01,GPKEPFREY,0
HLA-C*07:01,GRDKSVRLV,0
HLA-C*07:01,GRDRSIRLV,0
HLA-C*07:01,GRDRSVRLV,0
HLA-C*07:01,GRRGWEALKY,0
HLA-C*07:01,GRRGWEGLKY,0
HLA-C*07:01,GRRGWELLKY,0
HLA-C*07:01,GSAELKSLY,0
HLA-C*07:01,GWTDRVIEL,0
HLA-C*07:01,GYSPLSFQI,0
HLA-C*07:01,GYSPLSLQI,0
HLA-C*07:01,GYSPVSFQI,0
HLA-C*07:01,HFGPGQALY,0
HLA-C*07:01,HFINKNITF,0
HLA-C*07:01,HFKNSSIIF,0
HLA-C*07:01,HFNNKTIIF,0
HLA-C*07:01,HFNNKTIVF,0
HLA-C*07:01,HFNNTTITF,0
HLA-C*07:01,HFPNKTITF,0
HLA-C*07:01,HFQNKTINF,0
HLA-C*07:01,HFSNKTIIF,0
HLA-C*07:01,HFTNKNISF,0
HLA-C*07:01,HHFNCKGEF,0
HLA-C*07:01,HHFNCRGEF,0
HLA-C*07:01,HHFTCRGEF,0
HLA-C*07:01,HIGPGQVFY,0
HLA-C*07:01,HKTEVHNVW,0
HLA-C*07:01,HQAISPRTL,0
HLA-C*07:01,HQALSPRTL,0
HLA-C*07:01,HQAMTPRTL,0
HLA-C*07:01,HQAVSPRTL,0
HLA-C*07:01,HQNMSPRTL,0
HLA-C*07:01,HQPFSPRTL,0
HLA-C*07:01,HQPIAPRTL,0
HLA-C*07:01,HQPISPRTL,0
HLA-C*07:01,HQPISPTTL,0
HLA-C*07:01,HQPLSPRTL,0
HLA-C*07:01,HQPVSPRTL,0
HLA-C*07:01,HQSLSPRTL,0
HLA-C*07:01,HRGWEGLKY,0
HLA-C*07:01,HRGWEGLKYL,0
HLA-C*07:01,HRLLQLTVW,0
HLA-C*07:01,HRLRDFIFV,0
HLA-C*07:01,HRLRDFILI,0
HLA-C*07:01,HRLRDFILV,0
HLA-C*07:01,HRLRDFISV,0
HLA-C*07:01,HRLRDFLLI,0
HLA-C*07:01,HRLRDFSLI,0
HLA-C*07:01,HRLRDFTLI,0
HLA-C*07:01,HRLRDFVLI,0
HLA-C*07:01,HRLRDFVLV,0
HLA-C*07:01,HRLRDLLLI,0
HLA-C*07:01,HRLRDLTLI,0
HLA-C*07:01,HRLSDLLLI,0
HLA-C*07:01,HSSLKGLRL,0
HLA-C*07:01,HSSQVSHNY,0
HLA-C*07:01,HYMLKHLVW,0
HLA-C*07:01,IAWDDLRSL,0
HLA-C*07:01,IERYLKDQQL,0
HLA-C*07:01,IFWDDLRSL,0
HLA-C*07:01,IGPGQMLFY,0
HLA-C*07:01,IGPGQVLFY,0
HLA-C*07:01,IHFGPGQAL,0
HLA-C*07:01,IHFGPGQALY,0
HLA-C*07:01,IHIGPGQAF,0
HLA-C*07:01,IHIGPGQAFY,0
HLA-C*07:01,IHIGPGQVF,0
HLA-C*07:01,IHIGPGQVFY,0
HLA-C*07:01,IHLNKSVEI,0
HLA-C*07:01,IHMGPGRTF,0
HLA-C*07:01,IHMGPGRTFF,0
HLA-C*07:01,IHQPFSPRTL,0
HLA-C*07:01,IHQPVSPRTL,0
HLA-C*07:01,IKDKIRKEY,0
HLA-C*07:01,IKDNWKNEL,0
HLA-C*07:01,IKDNWRNEL,0
HLA-C*07:01,IKDNWRSEL,0
HLA-C*07:01,IKPMVSTQL,0
HLA-C*07:01,IKPVISTQL,0
HLA-C*07:01,IKPVVSTHF,0
HLA-C*07:01,IKPVVSTQL,0
HLA-C*07:01,IKPVVTTQL,0
HLA-C*07:01,IKYLGNLLL,0
HLA-C*07:01,IPIGPGQVF,0
HLA-C*07:01,IRDKKQETY,0
HLA-C*07:01,IRDKKQKVH,0
HLA-C*07:01,IRDKKQRVY,0
HLA-C*07:01,IRDKQHKVH,0
HLA-C*07:01,IRDKQQEVY,0
HLA-C*07:01,IRDNWRNEL,0
HLA-C*07:01,IRDNWRNELY,0
HLA-C*07:01,IRDNWRSEL,0
HLA-C*07:01,IRDNWRSELY,0
HLA-C*07:01,IRDPTGSDI,0
HLA-C*07:01,IRDRKKQFY,0
HLA-C*07:01,IRGDIRQAF,0
HLA-C*07:01,IRIGPGQTF,0
HLA-C*07:01,IRIGPGQTFY,0
HLA-C*07:01,IRISMVISL,0
HLA-C*07:01,IRKEYALFY,0
HLA-C*07:01,IRNLCLFCY,0
HLA-C*07:01,IRPVVSTQL,0
HLA-C*07:01,IRPVVSTQLL,0
HLA-C*07:01,IRQACPKMSF,0
HLA-C*07:01,IRQACPKVSF,0
HLA-C*07:01,IRQGFEIIL,0
HLA-C*07:01,IRQGFERAL,0
HLA-C*07:01,IRQGFERSL,0
HLA-C*07:01,IRQGFERSLL,0
HLA-C*07:01,IRQGLERAL,0
HLA-C*07:01,IRQGLERAW,0
HLA-C*07:01,IRQGLERFL,0
HLA-C*07:01,IRQGLERFLL,0
HLA-C*07:01,IRQGLERIL,0
HLA-C*07:01,IRQGLERSL,0
HLA-C*07:01,IRQGLERTL,0
HLA-C*07:01,IRQGLERTLL,0
HLA-C*07:01,IRQGPKEPF,0
HLA-C*07:01,IRQGYSPLSF,0
HLA-C*07:01,IRQNHGCNI,0
HLA-C*07:01,ISDKQQKAY,0
HLA-C*07:01,ISFDPIPIHY,0
HLA-C*07:01,ISFEPIPIHY,0
HLA-C*07:01,ISIGPGQVF,0
HLA-C*07:01,ISNYTGLIY,0
HLA-C*07:01,ISNYTHQIY,0
HLA-C*07:01,ISNYTNQIY,0
HLA-C*07:01,ISNYTSQIY,0
HLA-C*07:01,ITFDPIPIH,0
HLA-C*07:01,ITFDPIPIHY,0
HLA-C*07:01,ITFEDKQEM,0
HLA-C*07:01,ITGDIRQAY,0
HLA-C*07:01,ITIGPGQVF,0
HLA-C*07:01,ITIGPGRAF,0
HLA-C*07:01,ITMGPGQAF,0
HLA-C*07:01,IVGDIRRAY,0
HLA-C*07:01,IWDDLRSLF,0
HLA-C*07:01,IYWGQELKI,0
HLA-C*07:01,KAIEAQHRL,0
HLA-C*07:01,KALGPAASL,0
HLA-C*07:01,KALGPAATL,0
HLA-C*07:01,KFLGNLLLY,0
HLA-C*07:01,KHFNKTIVF,0
HLA-C*07:01,KHFTGNISF,0
HLA-C*07:01,KHYMLKHLV,0
HLA-C*07:01,KIRKEYALFY,0
HLA-C*07:01,KKKMGHALFY,0
HLA-C*07:01,KKKQVHALF,0
HLA-C*07:01,KKMAYALFY,0
HLA-C*07:01,KKMGHALFY,0
HLA-C*07:01,KKQETYALF,0
HLA-C*07:01,KKQFYSLFY,0
HLA-C*07:01,KKQKFHALF,0
HLA-C*07:01,KKQKVHALF,0
HLA-C*07:01,KKQVHALFY,0
HLA-C*07:01,KKQVYALFY,0
HLA-C*07:01,KKYKIKHLV,0
HLA-C*07:01,KKYQLKHIV,0
HLA-C*07:01,KKYRMKHLM,0
HLA-C*07:01,KLSKDVVQY,0
HLA-C*07:01,KLSKNVVQY,0
HLA-C*07:01,KQETYALFY,0
HLA-C*07:01,KQHKVHALF,0
HLA-C*07:01,KQKFHALFY,0
HLA-C*07:01,KQKFYALFY,0
HLA-C*07:01,KQKKVHALF,0
HLA-C*07:01,KQKVHALFY,0
HLA-C*07:01,KQKVSALFY,0
HLA-C*07:01,KQQISALFY,0
HLA-C*07:01,KQQVYALFY,0
HLA-C*07:01,KQRNVHALF,0
HLA-C*07:01,KQRNVHALFY,0
HLA-C*07:01,KQYKIKHLV,0
HLA-C*07:01,KRFNKETVKF,0
HLA-C*07:01,KRGWEGLKF,0
HLA-C*07:01,KRGWEGLKFL,0
HLA-C*07:01,KRGWEGLKY,0
HLA-C*07:01,KRGWEGLKYL,0
HLA-C*07:01,KRQKVYALF,0
HLA-C*07:01,KRQKVYALFY,0
HLA-C*07:01,KRQQVHALF,0
HLA-C*07:01,KRQQVHALFY,0
HLA-C*07:01,KRTRMTMGL,0
HLA-C*07:01,KRTVELLGY,0
HLA-C*07:01,KRYKLKHIV,0
HLA-C*07:01,KRYRLKHIV,0
HLA-C*07:01,KTISVVTLL,0
HLA-C*07:01,KTYPGNETM,0
HLA-C*07:01,KVAKKLKEL,0
HLA-C*07:01,KVASSTTQY,0
HLA-C*07:01,KVSQVSQNY,0
HLA-C*07:01,KVVSSTTQY,0
HLA-C*07:01,KWNDVLTQV,0
HLA-C*07:01,KYHMKHLVW,0
HLA-C*07:01,KYKMKHLVW,0
HLA-C*07:01,KYKMRHLVW,0
HLA-C*07:01,KYKNPCKKM,0
HLA-C*07:01,KYLGNLLAY,0
HLA-C*07:01,KYLGNLLGY,0
HLA-C*07:01,KYLGNLLIY,0
HLA-C*07:01,KYLGNLLLY,0
HLA-C*07:01,KYLGNLLVY,0
HLA-C*07:01,KYLGSLLVY,0
HLA-C*07:01,KYLGSLVQY,0
HLA-C*07:01,KYLWNLLLY,0
HLA-C*07:01,KYWGNLLQY,0
HLA-C*07:01,LAWDDIRNL,0
HLA-C*07:01,LAWDDLRSL,0
HLA-C*07:01,LFNAVATLY,0
HLA-C*07:01,LFNTTNITF,0
HLA-C*07:01,LFNTVATLY,0
HLA-C*07:01,LFNTVAVLY,0
HLA-C*07:01,LFWDDLRSL,0
HLA-C*07:01,LFWEDLRSL,0
HLA-C*07:01,LHKYKVVQI,0
HLA-C*07:01,LIAKRTVEL,0
HLA-C*07:01,LIATRTVEL,0
HLA-C*07:01,LKDQKFLAL,0
HLA-C*07:01,LKDRKKQVY,0
HLA-C*07:01,LKISAISLY,0
HLA-C*07:01,LKKSAISLF,0
HLA-C*07:01,LKNSAISLL,0
HLA-C*07:01,LLWDDLRSL,0
HLA-C*07:01,LRAIEAQHHL,0
HLA-C*07:01,LRAIEAQQHL,0
HLA-C*07:01,LRAIEAQQHM,0
HLA-C*07:01,LRALGPGASL,0
HLA-C*07:01,LRALGPGATL,0
HLA-C*07:01,LRDKKKMAY,0
HLA-C*07:01,LRDKKQQVY,0
HLA-C*07:01,LRDKQQKAY,0
HLA-C*07:01,LRDKRQKVY,0
HLA-C*07:01,LRDKRQQVH,0
HLA-C*07:01,LRDQRLLGL,0
HLA-C*07:01,LRIGPGRVF,0
HLA-C*07:01,LRLGWEGIKY,0
HLA-C*07:01,LRLGWEGLKY,0
HLA-C*07:01,LRNLCIFLY,0
HLA-C*07:01,LRNLCLFSY,0
HLA-C*07:01,LRNSAISLL,0
HLA-C*07:01,LRPGGKKHY,0
HLA-C*07:01,LRPGGKKHYM,0
HLA-C*07:01,LRPGGKKKY,0
HLA-C*07:01,LRPGGKKQY,0
HLA-C*07:01,LRPGGKKTY,0
HLA-C*07:01,LRPGGNKRY,0
HLA-C*07:01,LRPGGRKKY,0
HLA-C*07:01,LRQGWEGLKY,0
HLA-C*07:01,LRRGWEGLKY,0
HLA-C*07:01,LRRGWEILKY,0
HLA-C*07:01,LRSGGKKHY,0
HLA-C*07:01,LRSGGKKHYM,0
HLA-C*07:01,LRSLCIFSY,0
HLA-C*07:01,LRSLCLFLY,0
HLA-C*07:01,LRSLCLFSY,0
HLA-C*07:01,LRSLFLFSY,0
HLA-C*07:01,LRSLFNTLV,0
HLA-C*07:01,LRSLVLFSY,0
HLA-C*07:01,LRSLWLFSY,0
HLA-C*07:01,LRSLYNTIV,0
HLA-C*07:01,LSFQTPTLL,0
HLA-C*07:01,LTWDDLRSL,0
HLA-C*07:01,LTYTNITNY,0
HLA-C*07:01,LVAARTVEL,0
HLA-C*07:01,LVTARVVEL,0
HLA-C*07:01,LVWDDLRSL,0
HLA-C*07:01,LYAPPISGV,0
HLA-C*07:01,LYDKPLYEV,0
HLA-C*07:01,LYDKPLYKV,0
HLA-C*07:01,LYKYKVIQI,0
HLA-C*07:01,LYKYKVVEI,0
HLA-C*07:01,LYKYKVVKI,0
HLA-C*07:01,LYKYKVVKL,0
HLA-C*07:01,LYKYKVVQI,0
HLA-C*07:01,LYNTIAVLY,0
HLA-C*07:01,LYNTIVTLW,0
HLA-C*07:01,LYNTVSVLY,0
HLA-C*07:01,LYNTVVTLL,0
HLA-C*07:01,LYNTVVTLW,0
HLA-C*07:01,LYWGRELKI,0
HLA-C*07:01,LYWSRELKI,0
HLA-C*07:01,MAIEAQQHL,0
HLA-C*07:01,MGNNNSSEY,0
HLA-C*07:01,MGNSNSSEY,0
HLA-C*07:01,MHEDIISLW,0
HLA-C*07:01,MHEDVINLW,0
HLA-C*07:01,MHEDVISLW,0
HLA-C*07:01,MKDNWRNEL,0
HLA-C*07:01,MKDNWRSEL,0
HLA-C*07:01,MKNNGTIIL,0
HLA-C*07:01,MQQVHALFY,0
HLA-C*07:01,MRDNWRNEL,0
HLA-C*07:01,MRDNWRNELY,0
HLA-C*07:01,MRDNWRSEL,0
HLA-C*07:01,MRDNWRSELY,0
HLA-C*07:01,MRDPRGSDI,0
HLA-C*07:01,MRLENVTENF,0
HLA-C*07:01,MSFDPIPIH,0
HLA-C*07:01,MSFDPIPIHY,0
HLA-C*07:01,MTIGPGQVF,0
HLA-C*07:01,MTMGLGHVF,0
HLA-C*07:01,MWRNDMVEQM,0
HLA-C*07:01,MYAPPIEGV,0
HLA-C*07:01,MYAPPIKGI,0
HLA-C*07:01,MYAPPIRGI,0
HLA-C*07:01,MYAPPIRGL,0
HLA-C*07:01,MYAPPISGH,0
HLA-C*07:01,MYAPPISGI,0
HLA-C*07:01,MYAPPVRGI,0
HLA-C*07:01,MYNPPVQGH,0
HLA-C*07:01,MYYAKRMLF,0
HLA-C*07:01,MYYAKRMLL,0
HLA-C*07:01,NAKAIIVHL,0
HLA-C*07:01,NAKCQPLQL,0
HLA-C*07:01,NAKIIIVHL,0
HLA-C*07:01,NAKNIIVHL,0
HLA-C*07:01,NAKNIIVQL,0
HLA-C*07:01,NAKTIIIHL,0
HLA-C*07:01,NAKTIIVHL,0
HLA-C*07:01,NAKTIIVQL,0
HLA-C*07:01,NAKTITVHL,0
HLA-C*07:01,NITDKIREL,0
HLA-C*07:01,NKFDVLTTW,0
HLA-C*07:01,NKNSNYSEY,0
HLA-C*07:01,NKSDVLTTW,0
HLA-C*07:01,NKTKWTTVL,0
HLA-C*07:01,NRAEGANEV,0
HLA-C*07:01,NRAVENITI,0
HLA-C*07:01,NRSMPNVSI,0
HLA-C*07:01,NRSNYSDYM,0
HLA-C*07:01,NRTAWNITM,0
HLA-C*07:01,NRTETFRPI,0
HLA-C*07:01,NRTEWDRVL,0
HLA-C*07:01,NRTEWNETL,0
HLA-C*07:01,NRTKWNKTL,0
HLA-C*07:01,NSKNIIVHL,0
HLA-C*07:01,NSNNKNITF,0
HLA-C*07:01,NSNSTSREY,0
HLA-C*07:01,NSSKISQNY,0
HLA-C*07:01,NSSKVSHNY,0
HLA-C*07:01,NSSKVSQNY,0
HLA-C*07:01,NSSQVSQNY,0
HLA-C*07:01,NSSTVSHNY,0
HLA-C*07:01,NSTWSNRSY,0
HLA-C*07:01,NTKTIIVHL,0
HLA-C*07:01,NTNNSYSEY,0
HLA-C*07:01,NWFDISRWL,0
HLA-C*07:01,NWFDITNWL,0
HLA-C*07:01,NWFDITQWL,0
HLA-C*07:01,NWFDITRWL,0
HLA-C*07:01,NYNNTKNVM,0
HLA-C*07:01,NYTAQIYEI,0
HLA-C*07:01,NYTDQIYAL,0
HLA-C*07:01,NYTDQIYEI,0
HLA-C*07:01,NYTDQIYEL,0
HLA-C*07:01,NYTDTIYTL,0
HLA-C*07:01,NYTGLIYEI,0
HLA-C*07:01,NYTHQIYEI,0
HLA-C*07:01,NYTNIIYDL,0
HLA-C*07:01,NYTNIIYEL,0
HLA-C*07:01,NYTNQIYAI,0
HLA-C*07:01,NYTNQIYDL,0
HLA-C*07:01,NYTNQIYEI,0
HLA-C*07:01,NYTNQIYQL,0
HLA-C*07:01,NYTSKIYDL,0
HLA-C*07:01,NYTSKIYEL,0
HLA-C*07:01,NYTSQIYEI,0
HLA-C*07:01,NYTSQIYEL,0
HLA-C*07:01,NYTYKIYSL,0
HLA-C*07:01,QHKVHALFY,0
HLA-C*07:01,QKKVHALFY,0
HLA-C*07:01,QMHEDIISL,0
HLA-C*07:01,QQKAYALFY,0
HLA-C*07:01,QQKVHALFY,0
HLA-C*07:01,QRAGRAILH,0
HLA-C*07:01,QRAGRGVLH,0
HLA-C*07:01,QRAWRAFIH,0
HLA-C*07:01,QRAWRAFLH,0
HLA-C*07:01,QRAWRAILH,0
HLA-C*07:01,QRAWRALLH,0
HLA-C*07:01,QREAYALFY,0
HLA-C*07:01,QRFGRALLH,0
HLA-C*07:01,QRGWEGLKY,0
HLA-C*07:01,QRGWEGLKYL,0
HLA-C*07:01,QRGWEVLKY,0
HLA-C*07:01,QRIGRAVIH,0
HLA-C*07:01,QRKVQALFY,0
HLA-C*07:01,QRNVHALFY,0
HLA-C*07:01,QRTWRAILH,0
HLA-C*07:01,QRVWRAILH,0
HLA-C*07:01,QRVWRGILH,0
HLA-C*07:01,QSNIKNITY,0
HLA-C*07:01,RAIEAQHHL,0
HLA-C*07:01,RAIEAQQHL,0
HLA-C*07:01,RAIEAQQHM,0
HLA-C*07:01,RAKRRVVEM,0
HLA-C*07:01,RALGPGASL,0
HLA-C*07:01,RALGPGATL,0
HLA-C*07:01,RFNKETVKF,0
HLA-C*07:01,RIGPGQMFY,0
HLA-C*07:01,RIIEVGQRL,0
HLA-C*07:01,RIRQGFEIIL,0
HLA-C*07:01,RIRQGFERAL,0
HLA-C*07:01,RIRQGFERSL,0
HLA-C*07:01,RIRQGLERSL,0
HLA-C*07:01,RIRQGLERTL,0
HLA-C*07:01,RKGYSPLSF,0
HLA-C*07:01,RKKQFYSLF,0
HLA-C*07:01,RKKQVYALF,0
HLA-C*07:01,RKQKVSALF,0
HLA-C*07:01,RKQQISALF,0
HLA-C*07:01,RLRPGGKKHY,0
HLA-C*07:01,RLRPGGKKKY,0
HLA-C*07:01,RLRPGGKKQY,0
HLA-C*07:01,RLRPGGKKTY,0
HLA-C*07:01,RLRPGGNKRY,0
HLA-C*07:01,RLRPGGRKKY,0
HLA-C*07:01,RLRSGGKKHY,0
HLA-C*07:01,RMYNPVSIL,0
HLA-C*07:01,RMYQPVSIL,0
HLA-C*07:01,RMYSPISIL,0
HLA-C*07:01,RMYSPTSIL,0
HLA-C*07:01,RMYSPVNIL,0
HLA-C*07:01,RMYSPVSIL,0
HLA-C*07:01,RQACPKMSF,0
HLA-C*07:01,RQKVYALFY,0
HLA-C*07:01,RQQVHALFY,0
HLA-C*07:01,RRGWEALKY,0
HLA-C*07:01,RRGWEALKYL,0
HLA-C*07:01,RRGWEGLKY,0
HLA-C*07:01,RRGWEGLKYL,0
HLA-C*07:01,RRGWEILKY,0
HLA-C*07:01,RRGWEILKYL,0
HLA-C*07:01,RRGWELLKY,0
HLA-C*07:01,RRIRQGFEI,0
HLA-C*07:01,RRIRQGLER,0
HLA-C*07:01,RRIRQGLERF,0
HLA-C*07:01,RRLRDFSLI,0
HLA-C*07:01,RRLRDLILI,0
HLA-C*07:01,RRLSDFILI,0
HLA-C*07:01,RRVWEGLKY,0
HLA-C*07:01,RRVWEGLKYL,0
HLA-C*07:01,RSGGKKHYM,0
HLA-C*07:01,RSNITGILL,0
HLA-C*07:01,RSNITGLLL,0
HLA-C*07:01,RSRNGSFQEY,0
HLA-C*07:01,RTTPEEVEL,0
HLA-C*07:01,RVIEAAQRF,0
HLA-C*07:01,RVIEIVQRV,0
HLA-C*07:01,RVIEVTQRI,0
HLA-C*07:01,RVRQGYSPLF,0
HLA-C*07:01,RVWEGLKYL,0
HLA-C*07:01,RVYSPVSIL,0
HLA-C*07:01,RYKLKHIVW,0
HLA-C*07:01,RYLEDQKFL,0
HLA-C*07:01,RYLKDQQFL,0
HLA-C*07:01,RYLKDQQLL,0
HLA-C*07:01,RYLKDQRFL,0
HLA-C*07:01,RYLKDQRLL,0
HLA-C*07:01,RYLKDQTFL,0
HLA-C*07:01,RYLKDQTLL,0
HLA-C*07:01,RYLQDQKFL,0
HLA-C*07:01,RYLRDQQLL,0
HLA-C*07:01,RYLRDQRLL,0
HLA-C*07:01,RYLSDQKFL,0
HLA-C*07:01,SARIGPGQVF,0
HLA-C*07:01,SFDDIWNNM,0
HLA-C*07:01,SFDPIPIHY,0
HLA-C*07:01,SFEPIPIHY,0
HLA-C*07:01,SFRIGPGQVF,0
HLA-C*07:01,SFSPEVIPM,0
HLA-C*07:01,SHDDIWQRM,0
HLA-C*07:01,SIATRAVEL,0
HLA-C*07:01,SIGPGQVFY,0
HLA-C*07:01,SIHFGPGQAL,0
HLA-C*07:01,SIHMGPGRTF,0
HLA-C*07:01,SIRIGPGQTF,0
HLA-C*07:01,SKKDWEETL,0
HLA-C*07:01,SKNNSIYRL,0
HLA-C*07:01,SLFNAVATL,0
HLA-C*07:01,SLFNLVATL,0
HLA-C*07:01,SLFNSVATL,0
HLA-C*07:01,SLFNTIATL,0
HLA-C*07:01,SLFNTIVVL,0
HLA-C*07:01,SLFNTLVTL,0
HLA-C*07:01,SLFNTVATL,0
HLA-C*07:01,SLFNTVVTL,0
HLA-C*07:01,SLRIGPGRVF,0
HLA-C*07:01,SLYNTIAVL,0
HLA-C*07:01,SLYNTIVTL,0
HLA-C*07:01,SLYNTVATL,0
HLA-C*07:01,SLYNTVSVL,0
HLA-C*07:01,SLYNTVVTL,0
HLA-C*07:01,SNSKVSLNY,0
HLA-C*07:01,SNYTDTIYTL,0
HLA-C*07:01,SRAKRRVVEM,0
HLA-C*07:01,SRATWNNTL,0
HLA-C*07:01,SRELDRFAL,0
HLA-C*07:01,SRELERFAL,0
HLA-C*07:01,SRELKISAI,0
HLA-C*07:01,SREVERFAL,0
HLA-C*07:01,SRLFNSTCF,0
HLA-C*07:01,SRNGSFQEY,0
HLA-C*07:01,SRWLWYIKI,0
HLA-C*07:01,SSGEISHNY,0
HLA-C*07:01,SSHPVSQNY,0
HLA-C*07:01,SSNKVSQNY,0
HLA-C*07:01,SSRTVSQNY,0
HLA-C*07:01,SSSKVSHNY,0
HLA-C*07:01,SSSKVSQNY,0
HLA-C*07:01,SSSQVSHNY,0
HLA-C*07:01,SSSTVSQNY,0
HLA-C*07:01,STNDKIKLI,0
HLA-C*07:01,STNNTNNSY,0
HLA-C*07:01,STRIGPGQTF,0
HLA-C*07:01,STRIGPGSVF,0
HLA-C*07:01,SVNTVVRDF,0
HLA-C*07:01,SVRIGPGQMF,0
HLA-C*07:01,SVTARTVEL,0
HLA-C*07:01,SWFDITKWL,0
HLA-C*07:01,SWFDITNWL,0
HLA-C*07:01,SYDDIWGNM,0
HLA-C*07:01,SYDEIWGNM,0
HLA-C*07:01,SYDEIWKNM,0
HLA-C*07:01,SYDEIWNNM,0
HLA-C*07:01,SYEDIWDKM,0
HLA-C*07:01,SYEEIWNNL,0
HLA-C*07:01,SYEEIWNNM,0
HLA-C*07:01,SYHLLRDLL,0
HLA-C*07:01,SYHRLRDLL,0
HLA-C*07:01,SYKEIWDNM,0
HLA-C*07:01,SYSEYRLIH,0
HLA-C*07:01,TAVPWNTTW,0
HLA-C*07:01,TFDPIPIHY,0
HLA-C*07:01,THIGPGQVW,0
HLA-C*07:01,THIGPGQVWY,0
HLA-C*07:01,TIGPGQVFY,0
HLA-C*07:01,TKDNWRSEL,0
HLA-C*07:01,TLAEQIRWM,0
HLA-C*07:01,TLAKVTRKL,0
HLA-C*07:01,TLDQVKREL,0
HLA-C*07:01,TLNQVIKKL,0
HLA-C*07:01,TNIGPGQVL,0
HLA-C*07:01,TRDGGINNV,0
HLA-C*07:01,TRIGPGQTF,0
HLA-C*07:01,TRIGPGQTFY,0
HLA-C*07:01,TRIGPGSVF,0
HLA-C*07:01,TRIGPGSVFY,0
HLA-C*07:01,TRLVDGFLAL,0
HLA-C*07:01,TRVLAIERY,0
HLA-C*07:01,TRWKTVLKR,0
HLA-C*07:01,TRYNVLKNI,0
HLA-C*07:01,TSKLFNKTY,0
HLA-C*07:01,TSKLFNSTY,0
HLA-C*07:01,TTKLFNITY,0
HLA-C*07:01,TTNLFNYTY,0
HLA-C*07:01,TVSDYVFEL,0
HLA-C*07:01,TVSDYVSEL,0
HLA-C*07:01,TWFDITNWL,0
HLA-C*07:01,TWIEWEREM,0
HLA-C*07:01,TYEDIWNNM,0
HLA-C*07:01,TYHIIIMAL,0
HLA-C*07:01,TYKDIWENM,0
HLA-C*07:01,VAGTGVQFY,0
HLA-C*07:01,VERYLKDQQF,0
HLA-C*07:01,VERYLKDQQL,0
HLA-C*07:01,VERYLKDQTF,0
HLA-C*07:01,VERYLKDQTL,0
HLA-C*07:01,VHIGPGQVF,0
HLA-C*07:01,VHIGPGQVFY,0
HLA-C*07:01,VHLNKSIEI,0
HLA-C*07:01,VHLNKSVEI,0
HLA-C*07:01,VHLNKSVTI,0
HLA-C*07:01,VHLNRSIEI,0
HLA-C*07:01,VHLNRSVEI,0
HLA-C*07:01,VHLNRTIII,0
HLA-C*07:01,VHNPMSPRTL,0
HLA-C*07:01,VHQPIAPRTL,0
HLA-C*07:01,VHQPISPRTL,0
HLA-C*07:01,VHQPVSPRTL,0
HLA-C*07:01,VPINNKSEY,0
HLA-C*07:01,VQYKFHKLL,0
HLA-C*07:01,VRDREQKVY,0
HLA-C*07:01,VRDRQREAY,0
HLA-C*07:01,VREKLKEQF,0
HLA-C*07:01,VRIGPGQMF,0
HLA-C*07:01,VRIGPGQMFY,0
HLA-C*07:01,VRKGYSPLSF,0
HLA-C*07:01,VRLTPLCVSL,0
HLA-C*07:01,VRLVSGFLSL,0
HLA-C*07:01,VRMYNPVSI,0
HLA-C*07:01,VRMYNPVSIL,0
HLA-C*07:01,VRMYQPVGI,0
HLA-C*07:01,VRMYQPVSI,0
HLA-C*07:01,VRMYQPVSIL,0
HLA-C*07:01,VRMYRPVGI,0
HLA-C*07:01,VRMYRPVSI,0
HLA-C*07:01,VRMYRPVSIL,0
HLA-C*07:01,VRMYSPISI,0
HLA-C*07:01,VRMYSPISIL,0
HLA-C*07:01,VRMYSPSSI,0
HLA-C*07:01,VRMYSPSSIL,0
HLA-C*07:01,VRMYSPTSI,0
HLA-C*07:01,VRMYSPTSIL,0
HLA-C*07:01,VRMYSPVGI,0
HLA-C*07:01,VRMYSPVGIL,0
HLA-C*07:01,VRMYSPVNI,0
HLA-C*07:01,VRMYSPVNIL,0
HLA-C*07:01,VRMYSPVSI,0
HLA-C*07:01,VRMYSPVSIL,0
HLA-C*07:01,VRQGYSPLF,0
HLA-C*07:01,VRQGYSPLFF,0
HLA-C*07:01,VRQGYSPLSF,0
HLA-C*07:01,VRQGYSPLSL,0
HLA-C*07:01,VRQGYSPVSF,0
HLA-C*07:01,VRVYSPVSI,0
HLA-C*07:01,VRVYSPVSIL,0
HLA-C*07:01,VSDYVFELY,0
HLA-C*07:01,VSDYVSELY,0
HLA-C*07:01,VSFDPIPIH,0
HLA-C*07:01,VSFDPIPIHY,0
HLA-C*07:01,VSFEPIPIHY,0
HLA-C*07:01,VSQEVRKYF,0
HLA-C*07:01,VSRATWNNTL,0
HLA-C*07:01,VTIGPGQVF,0
HLA-C*07:01,VWKDAETTL,0
HLA-C*07:01,VWKDAKTTL,0
HLA-C*07:01,VWKDANTTL,0
HLA-C*07:01,VWKEATTTL,0
HLA-C*07:01,VWRDANTTLF,0
HLA-C*07:01,VWRDVVTTL,0
HLA-C*07:01,VWRDVVTTLF,0
HLA-C*07:01,VWRNAQTTLF,0
HLA-C*07:01,VYWGQELKI,0
HLA-C*07:01,VYWSQELKI,0
HLA-C*07:01,WKDAKTTLF,0
HLA-C*07:01,WKDANTTLF,0
HLA-C*07:01,WKNDMVEQM,0
HLA-C*07:01,WKNDMVNQM,0
HLA-C*07:01,WRDADTTLF,0
HLA-C*07:01,WRDAETTLF,0
HLA-C*07:01,WRDANTTLF,0
HLA-C*07:01,WRDVVTTLF,0
HLA-C*07:01,WREANTTLF,0
HLA-C*07:01,WRNAQTTLF,0
HLA-C*07:01,WRNDMVEQM,0
HLA-C*07:01,WRNSMAEQM,0
HLA-C*07:01,YAPPIQGSI,0
HLA-C*07:01,YAPPIRGLI,0
HLA-C*07:01,YAPPIRGQI,0
HLA-C*07:01,YAPPISGHI,0
HLA-C*07:01,YAPPISGKI,0
HLA-C*07:01,YAPPISGQI,0
HLA-C*07:01,YAPPISGRI,0
HLA-C*07:01,YAPPISGRL,0
HLA-C*07:01,YAPPISGSI,0
HLA-C*07:01,YAPPISGTI,0
HLA-C*07:01,YAPPISGVI,0
HLA-C*07:01,YAPPVSGQI,0
HLA-C*07:01,YFNVWKNNM,0
HLA-C*07:01,YHLLRDFTL,0
HLA-C*07:01,YHRLRDFIF,0
HLA-C*07:01,YHRLRDFIL,0
HLA-C*07:01,YHRLRDFLL,0
HLA-C*07:01,YHRLRDFSL,0
HLA-C*07:01,YHRLRDFTL,0
HLA-C*07:01,YHRLRDFVL,0
HLA-C*07:01,YHRLRDLLL,0
HLA-C*07:01,YHRLRDLTL,0
HLA-C*07:01,YHRLSDLLL,0
HLA-C*07:01,YKRWIILGL,0
HLA-C*07:01,YKRWIVLGL,0
HLA-C*07:01,YKVNSTMTL,0
HLA-C*07:01,YQALSPRTL,0
HLA-C*07:01,YRHLRDFIL,0
HLA-C*07:01,YRIKHLVWA,0
HLA-C*07:01,YRLDIIQTE,0
HLA-C*07:01,YRLKHIVWA,0
HLA-C*07:01,YRLKHLIWA,0
HLA-C*07:01,YRLKHLVWA,0
HLA-C*07:01,YRLKHVVWA,0
HLA-C*07:01,YRMKHIVWA,0
HLA-C*07:01,YRMKHLMWA,0
HLA-C*07:01,YRMKHLVWA,0
HLA-C*07:01,YRPVGILDI,0
HLA-C*07:01,YRPVSILDI,0
HLA-C*07:01,YRQLRDFVL,0
HLA-C*07:01,YRRLRDFSL,0
HLA-C*07:01,YRRLRDLIL,0
HLA-C*07:01,YRRLSDFIL,0
HLA-C*07:01,YSFGEYITI,0
HLA-C*07:01,YSFGEYMTI,0
HLA-C*07:01,YSPLSFQIL,0
HLA-C*07:01,YSPLSFQTL,0
HLA-C*07:01,YSPLSLQTL,0
HLA-C*07:01,YTDQIYEIL,0
HLA-C*07:01,YTDQIYELL,0
HLA-C*07:01,YTDTIYTLL,0
HLA-C*07:01,YTHQIYEIL,0
HLA-C*07:01,YTNQIYAIL,0
HLA-C*07:01,YTNQIYEIL,0
HLA-C*07:01,YTNQIYQLL,0
HLA-C*07:01,YTSKIYELL,0
HLA-C*07:01,YTSQIYEIL,0
HLA-C*07:01,YTYKIYSLL,0
HLA-C*07:01,YTYNGTLVK,0
HLA-C*07:01,YVDRFFKTL,0
HLA-C*07:01,YVDRFYKTL,0
HLA-C*07:01,YYQGSCYIL,0
