mhc,pep,tgt,len,BigMHC_IM
HLA-A*01:01,AADPGNSSK,0,9,0.004830148
HLA-A*01:01,AADTGNSSH,0,9,0.0017362776
HLA-A*01:01,AASTGCSQNY,0,10,0.05486858
HLA-A*01:01,ADGKVSQNY,0,9,0.068680234
HLA-A*01:01,ADKKVSQNY,0,9,0.11671163
HLA-A*01:01,AEEEIIISY,0,9,0.01852553
HLA-A*01:01,AGAGSSSQNY,0,10,0.04795413
HLA-A*01:01,ALDHWASLW,0,9,0.019109702
HLA-A*01:01,ALDQWASLW,0,9,0.011213152
HLA-A*01:01,ALDSWKNLW,0,9,0.027432963
HLA-A*01:01,ARIGPGQVFY,0,10,0.0066298125
HLA-A*01:01,ASDAKAQEA,0,9,0.0016221022
HLA-A*01:01,ASDAKAQIK,0,9,0.014435512
HLA-A*01:01,ASDAKAYER,0,9,0.059512522
HLA-A*01:01,ASTGCSQNY,0,9,0.07018917
HLA-A*01:01,AVCETDKWKY,0,10,0.028554669
HLA-A*01:01,AVLNANLTY,0,9,0.026671823
HLA-A*01:01,AVLSAATETY,0,10,0.022549463
HLA-A*01:01,CDIEIGNFY,0,9,0.021916294
HLA-A*01:01,CSCDKNNDQY,0,10,0.12879641
HLA-A*01:01,CSCDKNNVQY,0,10,0.09109144
HLA-A*01:01,CTDAKFTKI,0,9,0.020853173
HLA-A*01:01,CTDATLTHA,0,9,0.008103138
HLA-A*01:01,CTDTECGQEH,0,10,0.0117788
HLA-A*01:01,CTEANVTNF,0,9,0.009426539
HLA-A*01:01,DIVQINGSEY,0,10,0.0021288774
HLA-A*01:01,DIVQISENQY,0,10,0.0026036666
HLA-A*01:01,DLEIITHHF,0,9,0.008909769
HLA-A*01:01,DLEITTHHF,0,9,0.009063875
HLA-A*01:01,DLETTMHHF,0,9,0.011058011
HLA-A*01:01,DLETTTHSF,0,9,0.0035072207
HLA-A*01:01,DLRDKRQKVY,0,10,0.015837455
HLA-A*01:01,DSEVVMHSF,0,9,0.007604783
HLA-A*01:01,DSSNNNSSY,0,9,0.017170332
HLA-A*01:01,DSSSNYSEY,0,9,0.010547492
HLA-A*01:01,DSTNNTNNSY,0,10,0.019782528
HLA-A*01:01,DTVQVSNNTY,0,10,0.021959187
HLA-A*01:01,DVEITTHHF,0,9,0.010406931
HLA-A*01:01,DVETIMHHF,0,9,0.0145110795
HLA-A*01:01,DVSQEVRKY,0,9,0.014958306
HLA-A*01:01,EADGKVSQNY,0,10,0.033728685
HLA-A*01:01,EADKKVSQNY,0,10,0.03446729
HLA-A*01:01,EAHNIWATY,0,9,0.0034664962
HLA-A*01:01,EAKNINITY,0,9,0.0017809124
HLA-A*01:01,EIESLEATY,0,9,0.004345847
HLA-A*01:01,EIGNYSSQIY,0,10,0.0037257574
HLA-A*01:01,EIRDKKQETY,0,10,0.025690813
HLA-A*01:01,EIRDKKQRVY,0,10,0.013000747
HLA-A*01:01,EIRDKQQEVY,0,10,0.010031159
HLA-A*01:01,EIRDRKKQFY,0,10,0.040822662
HLA-A*01:01,EISDKQQKAY,0,10,0.012215496
HLA-A*01:01,EISNYTDQIY,0,10,0.0042948816
HLA-A*01:01,EISNYTDTIY,0,10,0.0037835166
HLA-A*01:01,EISNYTGLIY,0,10,0.010120913
HLA-A*01:01,EISNYTHQIY,0,10,0.006427917
HLA-A*01:01,EISNYTNIIY,0,10,0.0049750814
HLA-A*01:01,EISNYTNQIY,0,10,0.0047263233
HLA-A*01:01,EISNYTSKIY,0,10,0.0060551097
HLA-A*01:01,EISNYTSQIY,0,10,0.0050434503
HLA-A*01:01,EITGNIRQAY,0,10,0.0022022272
HLA-A*01:01,ELDIVSTNY,0,9,0.09405415
HLA-A*01:01,ELDIVSTNYG,0,10,0.0055094897
HLA-A*01:01,ELDKWANLW,0,9,0.0072426717
HLA-A*01:01,ELDKWASLW,0,9,0.006286417
HLA-A*01:01,ELDKWTNLW,0,9,0.010687856
HLA-A*01:01,ELDKWTSLW,0,9,0.009830567
HLA-A*01:01,ELDRWASLW,0,9,0.004933718
HLA-A*01:01,ELIDKKQKFY,0,10,0.043832816
HLA-A*01:01,ELILENVTEY,0,10,0.0052667335
HLA-A*01:01,ELKDRKKQVY,0,10,0.043562856
HLA-A*01:01,ELRDKKKMAY,0,10,0.0452584
HLA-A*01:01,ELRDKKQQVY,0,10,0.03747986
HLA-A*01:01,ELRDKQQKAY,0,10,0.023348507
HLA-A*01:01,EMGNYTSQIY,0,10,0.006323199
HLA-A*01:01,ENNSSNREY,0,9,0.0060316077
HLA-A*01:01,EQKVYALFY,0,9,0.008289391
HLA-A*01:01,EQQKVQALFY,0,10,0.005100265
HLA-A*01:01,ESSTLPNKF,0,9,0.0019382022
HLA-A*01:01,ETDLSKLSK,0,9,0.1123534
HLA-A*01:01,EVRDRQREAY,0,10,0.027332086
HLA-A*01:01,FCASDAKAY,0,9,0.01617347
HLA-A*01:01,FNCGGEFFY,0,9,0.00610447
HLA-A*01:01,FNCKGEFFY,0,9,0.007684301
HLA-A*01:01,FNCRGEFFY,0,9,0.0073754364
HLA-A*01:01,FNDKQKVTF,0,9,0.003481704
HLA-A*01:01,FNDNKTIIF,0,9,0.0055968924
HLA-A*01:01,FNGTENATY,0,9,0.003699211
HLA-A*01:01,FNSTYNSTY,0,9,0.010087925
HLA-A*01:01,FRDYVDRFY,0,9,0.062858865
HLA-A*01:01,FRIGPGQVFY,0,10,0.004687047
HLA-A*01:01,FSISNWLWY,0,9,0.020239232
HLA-A*01:01,FSITNWLWY,0,9,0.02483696
HLA-A*01:01,FSITSWLWY,0,9,0.023363197
HLA-A*01:01,FTCDSGYHSL,0,10,0.047056206
HLA-A*01:01,FTCDSGYYSL,0,10,0.036579836
HLA-A*01:01,FTCGGEFFY,0,9,0.06961125
HLA-A*01:01,FTCRGEFFY,0,9,0.058528382
HLA-A*01:01,GAGSSSQNY,0,9,0.011541553
HLA-A*01:01,GDSNSSNEY,0,9,0.022519153
HLA-A*01:01,GITGDIRQAY,0,10,0.0044589792
HLA-A*01:01,GLNKIVRMY,0,9,0.013039915
HLA-A*01:01,GLNKVVRMY,0,9,0.009597962
HLA-A*01:01,GLTPEQKAY,0,9,0.003276568
HLA-A*01:01,GLYYQGSCY,0,9,0.007841492
HLA-A*01:01,GNSSKISQNY,0,10,0.0053326385
HLA-A*01:01,GNSSKVSHNY,0,10,0.009684688
HLA-A*01:01,GNSSKVSQNY,0,10,0.006198221
HLA-A*01:01,GNSSQVSQNY,0,10,0.007084164
HLA-A*01:01,GNSSTVSHNY,0,10,0.011420007
HLA-A*01:01,GSAELKSLY,0,9,0.031322554
HLA-A*01:01,GSCQPVKEKY,0,10,0.017750727
HLA-A*01:01,GSCYILHLDY,0,10,0.020961056
HLA-A*01:01,GSDGNPITK,0,9,0.07176847
HLA-A*01:01,GSEEFRSLF,0,9,0.003451092
HLA-A*01:01,GSEEIKSLY,0,9,0.12910117
HLA-A*01:01,GSEEIKSLYN,0,10,0.0069236667
HLA-A*01:01,GSEELKSLF,0,9,0.0048302733
HLA-A*01:01,GSEELKSLY,0,9,0.09571806
HLA-A*01:01,GSEELRSLF,0,9,0.0030511417
HLA-A*01:01,GSEELRSLY,0,9,0.082781635
HLA-A*01:01,GSEELTSLF,0,9,0.0042600143
HLA-A*01:01,GSEEVKSLF,0,9,0.004268264
HLA-A*01:01,GSEEVKSLW,0,9,0.005915916
HLA-A*01:01,GSEEVKSLY,0,9,0.12219646
HLA-A*01:01,GSEEVKSLYN,0,10,0.005695195
HLA-A*01:01,GSEGFRSLF,0,9,0.0023057947
HLA-A*01:01,GSKELKSLY,0,9,0.017063554
HLA-A*01:01,GSNSKVSLNY,0,10,0.030898096
HLA-A*01:01,GSNSKVSYNY,0,10,0.029176665
HLA-A*01:01,GSNSNVSQNY,0,10,0.04943065
HLA-A*01:01,GSSGEISHNY,0,10,0.041218106
HLA-A*01:01,GSSNKVSQNY,0,10,0.030018402
HLA-A*01:01,GSSRTVSQNY,0,10,0.013657021
HLA-A*01:01,GSSSKVSHNY,0,10,0.028492467
HLA-A*01:01,GSSSKVSQNY,0,10,0.019648667
HLA-A*01:01,GSSSQVSHNY,0,10,0.035827152
HLA-A*01:01,GSSSTVSQNY,0,10,0.03605408
HLA-A*01:01,GTEELRSLF,0,9,0.0077716582
HLA-A*01:01,GTEELRSLY,0,9,0.1512274
HLA-A*01:01,GTEELRSLYN,0,10,0.009663283
HLA-A*01:01,GTGSNSKVSY,0,10,0.026457695
HLA-A*01:01,GTSGNDSTEY,0,10,0.034302495
HLA-A*01:01,HFGPGQALY,0,9,0.004708895
HLA-A*01:01,HFTCRGEFFY,0,10,0.023812804
HLA-A*01:01,HIGPGQAFY,0,9,0.0049552964
HLA-A*01:01,HIGPGQVFY,0,9,0.007074144
HLA-A*01:01,HIGPGQVWY,0,9,0.0030537483
HLA-A*01:01,HSLDPNAVCK,0,10,0.0014543335
HLA-A*01:01,HSSQVSHNY,0,9,0.037033863
HLA-A*01:01,IDEENNTNY,0,9,0.005209881
HLA-A*01:01,IENNKSSEY,0,9,0.031657893
HLA-A*01:01,IGEKNNSDEY,0,10,0.009187341
HLA-A*01:01,IGNYSSQIY,0,9,0.0063201743
HLA-A*01:01,IGPGQMLFY,0,9,0.0070592174
HLA-A*01:01,IGPGQVLFY,0,9,0.0068317293
HLA-A*01:01,IHIGPGQAFY,0,10,0.0026579467
HLA-A*01:01,IHIGPGQVFY,0,10,0.003157548
HLA-A*01:01,IIGDIKNAY,0,9,0.008379507
HLA-A*01:01,IIGDIRQAY,0,9,0.0075683375
HLA-A*01:01,IIGDIRSAY,0,9,0.003988025
HLA-A*01:01,IKDNWRSELY,0,10,0.037585102
HLA-A*01:01,ILAALFMYY,0,9,0.054976095
HLA-A*01:01,ILENVTEYF,0,9,0.012678304
HLA-A*01:01,ILTALFMYY,0,9,0.025829786
HLA-A*01:01,INNEANSSEY,0,10,0.0044473945
HLA-A*01:01,IPIGPGQVFY,0,10,0.0025391818
HLA-A*01:01,IRDKKQETY,0,9,0.027915273
HLA-A*01:01,IRDKQQEVY,0,9,0.030001579
HLA-A*01:01,IRDNWRSELY,0,10,0.0656039
HLA-A*01:01,IRIGPGQTFY,0,10,0.002691853
HLA-A*01:01,ISDKQQKAY,0,9,0.102636136
HLA-A*01:01,ISDKQQKAYA,0,10,0.008817449
HLA-A*01:01,ISFDPIPIHY,0,10,0.06843896
HLA-A*01:01,ISFEPIPIHY,0,10,0.02595551
HLA-A*01:01,ISIGPGQVFY,0,10,0.011879935
HLA-A*01:01,ISNYTDQIY,0,9,0.018781057
HLA-A*01:01,ISNYTDTIY,0,9,0.021084845
HLA-A*01:01,ISNYTGLIY,0,9,0.042125158
HLA-A*01:01,ISNYTHQIY,0,9,0.02051978
HLA-A*01:01,ISNYTNIIY,0,9,0.024762334
HLA-A*01:01,ISNYTNQIY,0,9,0.027616754
HLA-A*01:01,ISNYTSKIY,0,9,0.015570333
HLA-A*01:01,ISNYTSQIY,0,9,0.02604142
HLA-A*01:01,ITDDIRNCTF,0,10,0.054580986
HLA-A*01:01,ITDDMRNCSF,0,10,0.05333337
HLA-A*01:01,ITDEIKSCTF,0,10,0.031782635
HLA-A*01:01,ITDEIRENI,0,9,0.020697134
HLA-A*01:01,ITDEIRNCTF,0,10,0.03830561
HLA-A*01:01,ITDELRNCSF,0,10,0.023282219
HLA-A*01:01,ITDEMKNCSF,0,10,0.03350516
HLA-A*01:01,ITDEMRNCSF,0,10,0.035374824
HLA-A*01:01,ITDEVKNCTF,0,10,0.04224124
HLA-A*01:01,ITDEVRNCSF,0,10,0.03389802
HLA-A*01:01,ITDEVRNCTF,0,10,0.03752781
HLA-A*01:01,ITDSAVAVA,0,9,0.012416114
HLA-A*01:01,ITEDMRNCSF,0,10,0.02604062
HLA-A*01:01,ITEDVRNCSF,0,10,0.023469882
HLA-A*01:01,ITFDPIPIHY,0,10,0.1473531
HLA-A*01:01,ITGDIRQAY,0,9,0.041221056
HLA-A*01:01,ITGDRRKAY,0,9,0.037665147
HLA-A*01:01,ITGNIRQAY,0,9,0.030135274
HLA-A*01:01,ITIGPGQVFY,0,10,0.038690418
HLA-A*01:01,ITINCDVGY,0,9,0.018054325
HLA-A*01:01,ITMGPGQAF,0,9,0.0019781091
HLA-A*01:01,ITMGPGQAFY,0,10,0.05783162
HLA-A*01:01,ITTDGNIILH,0,10,0.008631446
HLA-A*01:01,IVNRVRQGY,0,9,0.0056657
HLA-A*01:01,IVQINGSEY,0,9,0.009716681
HLA-A*01:01,IVQISENQY,0,9,0.014710287
HLA-A*01:01,KADGKVSQNY,0,10,0.06714286
HLA-A*01:01,KCDIEIGNFY,0,10,0.22233663
HLA-A*01:01,KDNWKNELY,0,9,0.024692474
HLA-A*01:01,KDNWRNELY,0,9,0.03720377
HLA-A*01:01,KDNWRSELY,0,9,0.04534818
HLA-A*01:01,KDSSNNNSSY,0,10,0.007721172
HLA-A*01:01,KESCNGLYY,0,9,0.15798764
HLA-A*01:01,KKQETYALFY,0,10,0.00630399
HLA-A*01:01,KLDKWSSLW,0,9,0.020508114
HLA-A*01:01,KLDQWASLW,0,9,0.016755352
HLA-A*01:01,KLSKDVVQY,0,9,0.02101578
HLA-A*01:01,KLSKNVVQY,0,9,0.014647315
HLA-A*01:01,KLTPLCVTLY,0,10,0.019478608
HLA-A*01:01,KMNNDNKTY,0,9,0.011349951
HLA-A*01:01,KMQQVHALFY,0,10,0.008364552
HLA-A*01:01,KQETYALFY,0,9,0.11052971
HLA-A*01:01,KQKFHALFY,0,9,0.006912838
HLA-A*01:01,KQKVHALFY,0,9,0.007873686
HLA-A*01:01,KQQEVYALFY,0,10,0.016925294
HLA-A*01:01,KQQISALFY,0,9,0.027791614
HLA-A*01:01,KQQVYALFY,0,9,0.015601655
HLA-A*01:01,KTENETMEGF,0,10,0.019024482
HLA-A*01:01,KVASSTTQY,0,9,0.058084004
HLA-A*01:01,KVSQVSQNY,0,9,0.0212701
HLA-A*01:01,KVTFTCDLGY,0,10,0.029596303
HLA-A*01:01,KVTRKLNEY,0,9,0.006362386
HLA-A*01:01,KVVSSTTQY,0,9,0.030657828
HLA-A*01:01,LAEEEIIISY,0,10,0.007872265
HLA-A*01:01,LDWGNNMTY,0,9,0.013566956
HLA-A*01:01,LFNAVATLY,0,9,0.008956814
HLA-A*01:01,LFNLVATLY,0,9,0.010506078
HLA-A*01:01,LFNTVATLY,0,9,0.014105155
HLA-A*01:01,LFNTVAVLY,0,9,0.01085261
HLA-A*01:01,LIDKKQKFY,0,9,0.09288548
HLA-A*01:01,LILENVTEY,0,9,0.016162768
HLA-A*01:01,LNNDSSSNY,0,9,0.013883091
HLA-A*01:01,LRDKKQQVY,0,9,0.021130538
HLA-A*01:01,LSCNGETKY,0,9,0.056761466
HLA-A*01:01,LSCNGVTKY,0,9,0.055756655
HLA-A*01:01,LSDQKFLGI,0,9,0.0104676755
HLA-A*01:01,LSDQKFLGL,0,9,0.031728953
HLA-A*01:01,LTPLCVTLY,0,9,0.040962778
HLA-A*01:01,LTVGPGQAIY,0,10,0.010782863
HLA-A*01:01,LTYTNITNY,0,9,0.06851735
HLA-A*01:01,LVDYVEDTW,0,9,0.0096885385
HLA-A*01:01,LWQEVGQAMY,0,10,0.009483084
HLA-A*01:01,LYNTVSVLY,0,9,0.0071387836
HLA-A*01:01,MDKNNNSEY,0,9,0.029730937
HLA-A*01:01,MGNNNSSEY,0,9,0.012552865
HLA-A*01:01,MGNSNSSEY,0,9,0.011942468
HLA-A*01:01,MGNYTSQIY,0,9,0.0074926317
HLA-A*01:01,MKDNWRNELY,0,10,0.031984486
HLA-A*01:01,MKDNWRSELY,0,10,0.034347534
HLA-A*01:01,MNDSNNDTEY,0,10,0.0072190394
HLA-A*01:01,MQQVHALFY,0,9,0.008715548
HLA-A*01:01,MQWDKEISNY,0,10,0.0069150343
HLA-A*01:01,MRDNWRNELY,0,10,0.0408073
HLA-A*01:01,MRDNWRSELY,0,10,0.049728386
HLA-A*01:01,MSFDPIPIHY,0,10,0.029777303
HLA-A*01:01,MTEEVKNCSF,0,10,0.010814078
HLA-A*01:01,MTEEVRNCSF,0,10,0.011795672
HLA-A*01:01,MTIGPGQVFY,0,10,0.020877114
HLA-A*01:01,MTINCDVGY,0,9,0.01970807
HLA-A*01:01,MTMGLGHVFY,0,10,0.031132787
HLA-A*01:01,MWQEVGKAMY,0,10,0.010496652
HLA-A*01:01,MWQEVGQAMY,0,10,0.0057305056
HLA-A*01:01,MWQEVGRAMY,0,10,0.0067542833
HLA-A*01:01,MWQGVGQTLY,0,10,0.0059942827
HLA-A*01:01,NDSNNDTEY,0,9,0.013418069
HLA-A*01:01,NDSSSNYSEY,0,10,0.013444485
HLA-A*01:01,NGDSNSSNEY,0,10,0.023504796
HLA-A*01:01,NIGPGQMLFY,0,10,0.010047563
HLA-A*01:01,NIGPGQVLFY,0,10,0.00656372
HLA-A*01:01,NLTYTNITNY,0,10,0.0061410116
HLA-A*01:01,NNEANSSEY,0,9,0.00646183
HLA-A*01:01,NNESSSKNNY,0,10,0.011316608
HLA-A*01:01,NNSNSTSREY,0,10,0.006442706
HLA-A*01:01,NNSSNYSEY,0,9,0.0037635162
HLA-A*01:01,NNTNNSYSEY,0,10,0.0063363737
HLA-A*01:01,NPSIPVGDIY,0,10,0.0037224125
HLA-A*01:01,NQSNIKNITY,0,10,0.004516938
HLA-A*01:01,NSNSNSSSEY,0,10,0.016200824
HLA-A*01:01,NSNSTSREY,0,9,0.01842718
HLA-A*01:01,NSSHPVSQNY,0,10,0.0116541665
HLA-A*01:01,NSSKISQNY,0,9,0.020334406
HLA-A*01:01,NSSKVSHNY,0,9,0.029523639
HLA-A*01:01,NSSKVSQNY,0,9,0.02331485
HLA-A*01:01,NSSQVSQNY,0,9,0.034567825
HLA-A*01:01,NSSTVSHNY,0,9,0.0838645
HLA-A*01:01,NSSWSNKSY,0,9,0.008680315
HLA-A*01:01,NSTWSNKSY,0,9,0.008047928
HLA-A*01:01,NSTWSNKTY,0,9,0.0067124413
HLA-A*01:01,NSTWSNRSY,0,9,0.0078628855
HLA-A*01:01,NTNNSYSEY,0,9,0.06567048
HLA-A*01:01,NTSKLFNKTY,0,10,0.009379871
HLA-A*01:01,NTSKLFNSTY,0,10,0.00800764
HLA-A*01:01,NTTKLFNITY,0,10,0.006132579
HLA-A*01:01,NTTNLFNYTY,0,10,0.027552381
HLA-A*01:01,NTTWSNKSY,0,9,0.011556643
HLA-A*01:01,NTVVRDFENY,0,10,0.051919866
HLA-A*01:01,NTVVRDFKNY,0,10,0.034344614
HLA-A*01:01,PAIPVGDIY,0,9,0.0038608175
HLA-A*01:01,PIDEENNTNY,0,10,0.01275154
HLA-A*01:01,PIDNDTTSY,0,9,0.010469468
HLA-A*01:01,PIENNKSSEY,0,10,0.014927058
HLA-A*01:01,PIGPGQVFY,0,9,0.006199003
HLA-A*01:01,PLNNDSSSNY,0,10,0.01765242
HLA-A*01:01,PSIPVGDIY,0,9,0.018804183
HLA-A*01:01,PTDPDPQEI,0,9,0.008379453
HLA-A*01:01,PTDPDPQEIH,0,10,0.0018280888
HLA-A*01:01,PTDPNPQEI,0,9,0.010067233
HLA-A*01:01,PTDPNPQEIF,0,10,0.007567807
HLA-A*01:01,PTDPNPQEIH,0,10,0.0021064077
HLA-A*01:01,PTDPNPQEIK,0,10,0.010904397
HLA-A*01:01,PTDPNPQEIY,0,10,0.062214542
HLA-A*01:01,PTDPNPQEL,0,9,0.025839815
HLA-A*01:01,PTDPNPQELV,0,10,0.008713851
HLA-A*01:01,PTDPNPQELY,0,10,0.160957
HLA-A*01:01,PTDPNPQEM,0,9,0.018485265
HLA-A*01:01,PTDPNPQEML,0,10,0.016343614
HLA-A*01:01,PTDPNPQEMR,0,10,0.0160255
HLA-A*01:01,PTDPNPQEMY,0,10,0.1379955
HLA-A*01:01,PTDPNPQEV,0,9,0.022214705
HLA-A*01:01,QEIESLEATY,0,10,0.01202695
HLA-A*01:01,QIGKDNNSY,0,9,0.0062758354
HLA-A*01:01,QMDKNNNSEY,0,10,0.072620146
HLA-A*01:01,QMGNNNSSEY,0,10,0.026596228
HLA-A*01:01,QNHQGQMVY,0,9,0.004788426
HLA-A*01:01,QQEVYALFY,0,9,0.03625461
HLA-A*01:01,QQKAYALFY,0,9,0.007784543
HLA-A*01:01,QQKVHALFY,0,9,0.013740009
HLA-A*01:01,QQKVQALFY,0,9,0.0074117975
HLA-A*01:01,QSEEVHNIW,0,9,0.0063739126
HLA-A*01:01,QSNIKNITY,0,9,0.03311786
HLA-A*01:01,QTRVLAIERY,0,10,0.020777395
HLA-A*01:01,QTSVFSATVY,0,10,0.034321018
HLA-A*01:01,QVAGTGVQFY,0,10,0.033147376
HLA-A*01:01,QWDKEISNY,0,9,0.07802824
HLA-A*01:01,RDNWRNELY,0,9,0.032325517
HLA-A*01:01,RDNWRSELY,0,9,0.04232921
HLA-A*01:01,RIGPGQMFY,0,9,0.028811108
HLA-A*01:01,RIGPGQTFY,0,9,0.01641055
HLA-A*01:01,RIGPGQVFY,0,9,0.01936323
HLA-A*01:01,RIGPGSVFY,0,9,0.017849552
HLA-A*01:01,RKVASSTTQY,0,10,0.00304719
HLA-A*01:01,RKVVSSTTQY,0,10,0.0035079455
HLA-A*01:01,RLGWEGIKY,0,9,0.025092576
HLA-A*01:01,RLGWEGLKY,0,9,0.040396024
HLA-A*01:01,RQGWEGLKY,0,9,0.014976098
HLA-A*01:01,RQQVHALFY,0,9,0.018509189
HLA-A*01:01,RSRNGSFQEY,0,10,0.01663671
HLA-A*01:01,SCDKNNDQY,0,9,0.13279131
HLA-A*01:01,SCDKNNVQY,0,9,0.09032185
HLA-A*01:01,SCQPVKEKY,0,9,0.06832013
HLA-A*01:01,SDVSQEVRKY,0,10,0.13749532
HLA-A*01:01,SFDPIPIHY,0,9,0.21446905
HLA-A*01:01,SFDPIPIHYC,0,10,0.007467251
HLA-A*01:01,SFEPIPIHY,0,9,0.036519516
HLA-A*01:01,SFTCGGEFFY,0,10,0.01683476
HLA-A*01:01,SHSSQVSHNY,0,10,0.016182503
HLA-A*01:01,SIGPGQVFY,0,9,0.009660857
HLA-A*01:01,SIKDKIRKEY,0,10,0.010275423
HLA-A*01:01,SKLSKDVVQY,0,10,0.0019943842
HLA-A*01:01,SKLSKNVVQY,0,10,0.0014340795
HLA-A*01:01,SKVSQVSQNY,0,10,0.0044407756
HLA-A*01:01,SLDPNAVCK,0,9,0.027701834
HLA-A*01:01,SLFNAVATLY,0,10,0.027224626
HLA-A*01:01,SLFNLVATLY,0,10,0.01547193
HLA-A*01:01,SLFNLVAVLY,0,10,0.010606317
HLA-A*01:01,SLFNTVATLY,0,10,0.021271225
HLA-A*01:01,SLFNTVAVLY,0,10,0.01348305
HLA-A*01:01,SLYNTIAVLY,0,10,0.010864215
HLA-A*01:01,SLYNTVSVLY,0,10,0.016784707
HLA-A*01:01,SNNSSNYSEY,0,10,0.0061001037
HLA-A*01:01,SNSKVSLNY,0,9,0.007852086
HLA-A*01:01,SNSKVSYNY,0,9,0.0068512345
HLA-A*01:01,SNSNSSSEY,0,9,0.0059572607
HLA-A*01:01,SNSNVSQNY,0,9,0.015796026
HLA-A*01:01,SSGEISHNY,0,9,0.0409219
HLA-A*01:01,SSHPVSQNY,0,9,0.013236137
HLA-A*01:01,SSKNNYSDY,0,9,0.015896972
HLA-A*01:01,SSNKVSQNY,0,9,0.035405997
HLA-A*01:01,SSRTVSQNY,0,9,0.021631
HLA-A*01:01,SSSKNNYSDY,0,10,0.016597586
HLA-A*01:01,SSSKVSHNY,0,9,0.033361334
HLA-A*01:01,SSSKVSQNY,0,9,0.02752682
HLA-A*01:01,SSSQVSHNY,0,9,0.04338949
HLA-A*01:01,SSSTVSQNY,0,9,0.08689078
HLA-A*01:01,STEIKNCTF,0,9,0.025394123
HLA-A*01:01,STEVKNCTF,0,9,0.023248676
HLA-A*01:01,STNNTNNSY,0,9,0.068652704
HLA-A*01:01,SVEINCTRPY,0,10,0.012637987
HLA-A*01:01,TDPNPQEIY,0,9,0.0035756237
HLA-A*01:01,TDPNPQELY,0,9,0.008000141
HLA-A*01:01,TDPNPQEMY,0,9,0.010156744
HLA-A*01:01,TFDPIPIHY,0,9,0.2876239
HLA-A*01:01,TFDPIPIHYC,0,10,0.010894145
HLA-A*01:01,TGSAELKSLY,0,10,0.012461834
HLA-A*01:01,TGSEEIKSLY,0,10,0.026755841
HLA-A*01:01,TGSEELKSLY,0,10,0.019243816
HLA-A*01:01,TGSEELRSLY,0,10,0.011710334
HLA-A*01:01,TGSEELTSLF,0,10,0.00038477054
HLA-A*01:01,TGSEEVKSLF,0,10,0.0007170014
HLA-A*01:01,TGSEEVKSLY,0,10,0.023406979
HLA-A*01:01,TGSKELKSLY,0,10,0.02370988
HLA-A*01:01,TGSNSKVSY,0,9,0.02231897
HLA-A*01:01,TGTEELRSLF,0,10,0.00036294054
HLA-A*01:01,TGTEELRSLY,0,10,0.015054059
HLA-A*01:01,TIGPGQVFY,0,9,0.01219668
HLA-A*01:01,TKDNWRSELY,0,10,0.098064266
HLA-A*01:01,TLDCADIKF,0,9,0.018372715
HLA-A*01:01,TLDWGNNMTY,0,10,0.18503346
HLA-A*01:01,TLSCNGETKY,0,10,0.030146586
HLA-A*01:01,TLSCNGVTKY,0,10,0.036677945
HLA-A*01:01,TMGLGHVFY,0,9,0.020691056
HLA-A*01:01,TMGPGQAFY,0,9,0.0140106585
HLA-A*01:01,TQIGKDNNSY,0,10,0.006869928
HLA-A*01:01,TQWEKEIGNY,0,10,0.011924927
HLA-A*01:01,TQWEREISNY,0,10,0.010326362
HLA-A*01:01,TRIGPGQTFY,0,10,0.006068998
HLA-A*01:01,TRIGPGSVFY,0,10,0.0060771354
HLA-A*01:01,TSDPSNGTI,0,9,0.013104706
HLA-A*01:01,TSGNDSTEY,0,9,0.03398167
HLA-A*01:01,TSKLFNKTY,0,9,0.013457761
HLA-A*01:01,TSKLFNSTY,0,9,0.0078029386
HLA-A*01:01,TSVFSATVY,0,9,0.03187136
HLA-A*01:01,TTDANSTKEM,0,10,0.014373472
HLA-A*01:01,TTDGNIILH,0,9,0.119949244
HLA-A*01:01,TTDNSTKDH,0,9,0.01899075
HLA-A*01:01,TTKLFNITY,0,9,0.0109388875
HLA-A*01:01,TTNLFNYTY,0,9,0.050270367
HLA-A*01:01,TVGPGQAIY,0,9,0.0071512414
HLA-A*01:01,TVQVSNNTY,0,9,0.026137294
HLA-A*01:01,TVSDYVFELY,0,10,0.05873967
HLA-A*01:01,TVSDYVSELY,0,10,0.04988408
HLA-A*01:01,TVVRDFENY,0,9,0.010573757
HLA-A*01:01,VADTGSSSK,0,9,0.006500772
HLA-A*01:01,VAGTGVQFY,0,9,0.019726824
HLA-A*01:01,VANKTIETRY,0,10,0.013475387
HLA-A*01:01,VCETDKWKY,0,9,0.31849316
HLA-A*01:01,VGYEVIGVLY,0,10,0.0064602345
HLA-A*01:01,VHIGPGQVFY,0,10,0.005509038
HLA-A*01:01,VLSAATETY,0,9,0.022268489
HLA-A*01:01,VPIDNDTTSY,0,10,0.0076607554
HLA-A*01:01,VPTDPDPQEI,0,10,8.01304e-05
HLA-A*01:01,VPTDPNPQEI,0,10,6.8369365e-05
HLA-A*01:01,VPTDPNPQEL,0,10,0.00015448514
HLA-A*01:01,VPTDPNPQEM,0,10,0.00012733722
HLA-A*01:01,VPTDPNPQEV,0,10,0.00010415564
HLA-A*01:01,VQNHQGQMVY,0,10,0.01819529
HLA-A*01:01,VRIGPGQMFY,0,10,0.007470685
HLA-A*01:01,VSDYVFELY,0,9,0.40448204
HLA-A*01:01,VSDYVFELYD,0,10,0.021193786
HLA-A*01:01,VSDYVSELY,0,9,0.37050033
HLA-A*01:01,VSDYVSELYD,0,10,0.030609315
HLA-A*01:01,VSELYDKPLY,0,10,0.111786604
HLA-A*01:01,VSFDPIPIHY,0,10,0.091459535
HLA-A*01:01,VSFEPIPIHY,0,10,0.034951247
HLA-A*01:01,VTDDVRNCTF,0,10,0.07593136
HLA-A*01:01,VTDEVRNCTF,0,10,0.051463928
HLA-A*01:01,VTDEVTNCT,0,9,0.045045607
HLA-A*01:01,VTDEVTNCTF,0,10,0.09637062
HLA-A*01:01,VTEKLKGHF,0,9,0.041425686
HLA-A*01:01,VTEPFNMWK,0,9,0.11546574
HLA-A*01:01,VTFTCDLGY,0,9,0.07398487
HLA-A*01:01,VTFTCDSGY,0,9,0.07115181
HLA-A*01:01,VTFTCDSGYY,0,10,0.24584559
HLA-A*01:01,VTIGPGQVFY,0,10,0.05685481
HLA-A*01:01,VVNRVRQGY,0,9,0.009105185
HLA-A*01:01,VVRDREQKVY,0,10,0.019251624
HLA-A*01:01,WFDISKWLWY,0,10,0.028597627
HLA-A*01:01,WFDISNWLWY,0,10,0.018906746
HLA-A*01:01,WFDISRWLWY,0,10,0.024669351
HLA-A*01:01,WFDITKWLWY,0,10,0.024966689
HLA-A*01:01,WFDITNWLWY,0,10,0.015803985
HLA-A*01:01,WFDITQWLWY,0,10,0.017323421
HLA-A*01:01,WFDITRWLWY,0,10,0.022988765
HLA-A*01:01,WGSDGNPITK,0,10,0.0014040052
HLA-A*01:01,WNSSWSNKSY,0,10,0.0010459085
HLA-A*01:01,WQAVGQAMY,0,9,0.006161384
HLA-A*01:01,WQEVGKAMY,0,9,0.013129371
HLA-A*01:01,WQEVGQAMY,0,9,0.009239041
HLA-A*01:01,WQEVGRAMY,0,9,0.008064842
HLA-A*01:01,WQGAGQAMY,0,9,0.004462018
HLA-A*01:01,WQGTGQAMY,0,9,0.0112768095
HLA-A*01:01,WQGVGQTLY,0,9,0.0065059788
HLA-A*01:01,WTDRIIEAV,0,9,0.020514922
HLA-A*01:01,WTDRIIEVA,0,9,0.007992818
HLA-A*01:01,WTDRVIEAA,0,9,0.0070178523
HLA-A*01:01,WTDRVIELA,0,9,0.010762715
HLA-A*01:01,WTDRVIEVV,0,9,0.024390535
HLA-A*01:01,WTDTVIEVA,0,9,0.006718377
HLA-A*01:01,YCEINGTAWY,0,10,0.06717612
HLA-A*01:01,YCNTTNLFNY,0,10,0.02363633
HLA-A*01:01,YCNVNGTKWY,0,10,0.024389938
HLA-A*01:01,YELDIVSTNY,0,10,0.0327981
HLA-A*01:01,YITINCDVGY,0,10,0.005744866
HLA-A*01:01,YLENVTENF,0,9,0.014479707
HLA-A*01:01,YMTINCDVGY,0,10,0.01789658
HLA-A*01:01,YTDQIYALI,0,9,0.058738284
HLA-A*01:01,YTDQIYDIL,0,9,0.101046
HLA-A*01:01,YTDQIYDILI,0,10,0.023902519
HLA-A*01:01,YTDQIYEIL,0,9,0.06835898
HLA-A*01:01,YTDQIYELL,0,9,0.11237096
HLA-A*01:01,YTDQIYELLT,0,10,0.02471787
HLA-A*01:01,YTDTIYTLL,0,9,0.16472577
HLA-A*01:01,YTDTIYTLLE,0,10,0.03850392
HLA-A*01:01,YTNQIYDLL,0,9,0.018303024
HLA-A*01:01,YTNQIYQLL,0,9,0.013254597
HLA-A*02:01,AAASIQTTV,0,9,0.2828048
HLA-A*02:01,AALNIQTSV,0,9,0.23564534
HLA-A*02:01,AIAGWTDRV,0,9,0.3732321
HLA-A*02:01,AIAWDDLRSL,0,10,0.09238495
HLA-A*02:01,AIFSIVNRV,0,9,0.33188984
HLA-A*02:01,AIFWDDLRSL,0,10,0.1444679
HLA-A*02:01,AITDFAVAV,0,9,0.52071
HLA-A*02:01,AITDSAVAV,0,9,0.43413302
HLA-A*02:01,AIYNIPRRI,0,9,0.10521609
HLA-A*02:01,ALAWDDIRNL,0,10,0.22343263
HLA-A*02:01,ALAWDDLRNL,0,10,0.20588662
HLA-A*02:01,ALAWDDLRSL,0,10,0.20774464
HLA-A*02:01,ALAWNDLRSL,0,10,0.17667839
HLA-A*02:01,ALDPGLLET,0,9,0.3151761
HLA-A*02:01,ALDPGLLETA,0,10,0.26679498
HLA-A*02:01,ALFLGFLGA,0,9,0.3657801
HLA-A*02:01,ALFWDDLRSL,0,10,0.2782423
HLA-A*02:01,ALFWEDLRSL,0,10,0.22548597
HLA-A*02:01,ALFYELDIV,0,9,0.31754896
HLA-A*02:01,ALFYKLDII,0,9,0.20079854
HLA-A*02:01,ALFYKLDIV,0,9,0.26041973
HLA-A*02:01,ALFYKLDLV,0,9,0.3841477
HLA-A*02:01,ALFYKLDTV,0,9,0.42199245
HLA-A*02:01,ALFYKLDVV,0,9,0.3254852
HLA-A*02:01,ALFYKVDIV,0,9,0.24859926
HLA-A*02:01,ALFYMLDIV,0,9,0.3443459
HLA-A*02:01,ALFYNLDIV,0,9,0.4197405
HLA-A*02:01,ALFYRLDIV,0,9,0.25904202
HLA-A*02:01,ALFYRLDLA,0,9,0.27096787
HLA-A*02:01,ALFYRVNIV,0,9,0.32239765
HLA-A*02:01,ALFYTLDIV,0,9,0.35129768
HLA-A*02:01,ALIFGFLGA,0,9,0.4738667
HLA-A*02:01,ALIWDDLRSL,0,10,0.28369683
HLA-A*02:01,ALKTGSAEL,0,9,0.2868724
HLA-A*02:01,ALKTGSEEL,0,9,0.21667375
HLA-A*02:01,ALKYLGNLLL,0,10,0.2854089
HLA-A*02:01,ALLFGFLGA,0,9,0.40610093
HLA-A*02:01,ALLHIPRRI,0,9,0.2134268
HLA-A*02:01,ALLHVPRRI,0,9,0.19976582
HLA-A*02:01,ALLWDDLRSL,0,10,0.2855465
HLA-A*02:01,ALMQLTTKA,0,9,0.25436047
HLA-A*02:01,ALNPELLES,0,9,0.4120178
HLA-A*02:01,ALNPELLESA,0,10,0.30974475
HLA-A*02:01,ALNPGLLES,0,9,0.39210865
HLA-A*02:01,ALNPGLLESA,0,10,0.4240976
HLA-A*02:01,ALNPGLLET,0,9,0.41836548
HLA-A*02:01,ALNPGLLETA,0,10,0.5065936
HLA-A*02:01,ALNPSLLET,0,9,0.43632144
HLA-A*02:01,ALNPSLLETA,0,10,0.45703816
HLA-A*02:01,ALNSGLLET,0,9,0.35221338
HLA-A*02:01,ALNSGLLETA,0,10,0.2904765
HLA-A*02:01,ALNTGTEEL,0,9,0.35513705
HLA-A*02:01,ALQTGTEEL,0,9,0.2197039
HLA-A*02:01,ALSPRTLNA,0,9,0.20625196
HLA-A*02:01,ALTWDDLRSL,0,10,0.110486604
HLA-A*02:01,ALVWDDLRSL,0,10,0.1865406
HLA-A*02:01,ALWGCSGKI,0,9,0.25122067
HLA-A*02:01,AMFTAALNI,0,9,0.32443193
HLA-A*02:01,AMIFGFLGA,0,9,0.42768773
HLA-A*02:01,AMTPRTLNA,0,9,0.20015204
HLA-A*02:01,AMYAPPIEGV,0,10,0.32818776
HLA-A*02:01,AMYAPPIKGI,0,10,0.17802158
HLA-A*02:01,AMYAPPIRGI,0,10,0.17308648
HLA-A*02:01,AMYAPPIRGL,0,10,0.16849396
HLA-A*02:01,AMYAPPISGI,0,10,0.20436922
HLA-A*02:01,AMYAPPVRGI,0,10,0.18528996
HLA-A*02:01,AQIKEVHNI,0,9,0.12533467
HLA-A*02:01,AQLDAVLSA,0,9,0.27498335
HLA-A*02:01,AQSEEVHNI,0,9,0.10889505
HLA-A*02:01,ATLEEMMTA,0,9,0.22763595
HLA-A*02:01,AVAEWTDTV,0,9,0.4245153
HLA-A*02:01,AVAGGTDRV,0,9,0.19672437
HLA-A*02:01,AVAGWTDRV,0,9,0.30237818
HLA-A*02:01,AVFLGFLGV,0,9,0.33463594
HLA-A*02:01,AVFSIVNRV,0,9,0.2728995
HLA-A*02:01,AVISIVNRV,0,9,0.3567541
HLA-A*02:01,AVLAIVNRV,0,9,0.39905247
HLA-A*02:01,AVLSIVKRV,0,9,0.19120857
HLA-A*02:01,AVLSIVNRV,0,9,0.3443268
HLA-A*02:01,AVLSVVNRV,0,9,0.38249183
HLA-A*02:01,AWYEVLNQV,0,9,0.3208394
HLA-A*02:01,DLNTHVNTV,0,9,0.708028
HLA-A*02:01,EIWDNMTWV,0,9,0.67125803
HLA-A*02:01,ELRDKMQQV,0,9,0.33769447
HLA-A*02:01,ELYDKPLYEV,0,10,0.4587151
HLA-A*02:01,ELYDKPLYKV,0,10,0.39302033
HLA-A*02:01,FALDPGLLET,0,10,0.39117748
HLA-A*02:01,FALNPGLLET,0,10,0.31290203
HLA-A*02:01,FALNPSLLET,0,10,0.35767192
HLA-A*02:01,FIFVTTRTV,0,9,0.3586095
HLA-A*02:01,FILIATRTV,0,9,0.25778115
HLA-A*02:01,FILIVTRTV,0,9,0.30608884
HLA-A*02:01,FKLGNITDEV,0,10,0.29013017
HLA-A*02:01,FLGAAGSTM,0,9,0.3747528
HLA-A*02:01,FLISIIVLV,0,9,0.7268241
HLA-A*02:01,FLIVRLNQC,0,9,0.3419092
HLA-A*02:01,FLLIATRAA,0,9,0.27501962
HLA-A*02:01,FLYRQLRDFV,0,10,0.30555657
HLA-A*02:01,FLYRRLRDL,0,9,0.27936405
HLA-A*02:01,FSIGGVIHL,0,9,0.38732746
HLA-A*02:01,FVLIATRTV,0,9,0.25722188
HLA-A*02:01,FVLSIVNRV,0,9,0.43430242
HLA-A*02:01,FVTTRTVEL,0,9,0.18578951
HLA-A*02:01,GAASITLTV,0,9,0.32322517
HLA-A*02:01,GAASVTLTV,0,9,0.411084
HLA-A*02:01,GITKWLWYI,0,9,0.34154055
HLA-A*02:01,GLCRNVSSV,0,9,0.29741567
HLA-A*02:01,GLFNGTENA,0,9,0.31597382
HLA-A*02:01,GLIGLRIIFA,0,10,0.5402567
HLA-A*02:01,GLIGLRIIL,0,9,0.58952343
HLA-A*02:01,GLIGLRIVFA,0,10,0.54497063
HLA-A*02:01,GLINCISNI,0,9,0.58431214
HLA-A*02:01,GLINCVSNI,0,9,0.5900723
HLA-A*02:01,GLISGSTFSI,0,10,0.21732263
HLA-A*02:01,GLKFLGNLLL,0,10,0.25511953
HLA-A*02:01,GLKYLGNLLL,0,10,0.27794152
HLA-A*02:01,GLKYLGNLLV,0,10,0.25639325
HLA-A*02:01,GLKYLGSLLV,0,10,0.2567496
HLA-A*02:01,GLLESSEGC,0,9,0.28015187
HLA-A*02:01,GLLETSEGC,0,9,0.29023504
HLA-A*02:01,GLLETTEGC,0,9,0.26892576
HLA-A*02:01,GLLGRRGWEL,0,10,0.44079039
HLA-A*02:01,GLTPEQKAYV,0,10,0.18557048
HLA-A*02:01,GLWGCSGKL,0,9,0.307496
HLA-A*02:01,GLWGCSGKTV,0,10,0.51461256
HLA-A*02:01,GLWGCSGKV,0,9,0.34718347
HLA-A*02:01,GLWGCSNKI,0,9,0.3651163
HLA-A*02:01,GSLAEEEIIV,0,10,0.16927996
HLA-A*02:01,GSLAEEEIMI,0,10,0.10838058
HLA-A*02:01,GSLAEEEVIV,0,10,0.15816541
HLA-A*02:01,HLIWASREV,0,9,0.20689774
HLA-A*02:01,HLLRDFTLV,0,9,0.54809856
HLA-A*02:01,HLLRDLLSI,0,9,0.39665055
HLA-A*02:01,HLMWASKEL,0,9,0.21630469
HLA-A*02:01,HLNKSVEIV,0,9,0.416673
HLA-A*02:01,HLRDFILIA,0,9,0.35121313
HLA-A*02:01,IIAQLQPAL,0,9,0.23695207
HLA-A*02:01,IIEQLQPTL,0,9,0.13136792
HLA-A*02:01,IIGQLQPAL,0,9,0.18177533
HLA-A*02:01,IIIGNITEDV,0,10,0.3021275
HLA-A*02:01,IIIHLNKSV,0,9,0.2996288
HLA-A*02:01,IITQLQPTL,0,9,0.19194023
HLA-A*02:01,IIVGGLIGL,0,9,0.5345642
HLA-A*02:01,IIVGSLIGL,0,9,0.53063774
HLA-A*02:01,IIVHLNESV,0,9,0.26699585
HLA-A*02:01,IIVHLNETV,0,9,0.3448295
HLA-A*02:01,IIVHLNTSV,0,9,0.42389542
HLA-A*02:01,IIVQLNESV,0,9,0.22772647
HLA-A*02:01,IIYDILTES,0,9,0.38111833
HLA-A*02:01,ILEQLQPSL,0,9,0.17386773
HLA-A*02:01,ILGLNKIVRV,0,10,0.2999623
HLA-A*02:01,ILGQLQPSL,0,9,0.26842314
HLA-A*02:01,ILGQLQPTL,0,9,0.3420906
HLA-A*02:01,ILIAARTVEL,0,10,0.30044413
HLA-A*02:01,ILIAARTVKL,0,10,0.26638874
HLA-A*02:01,ILIATRTVEL,0,10,0.28954458
HLA-A*02:01,ILISCNASV,0,9,0.37869278
HLA-A*02:01,ILKNCNTSV,0,9,0.36885354
HLA-A*02:01,ILQQLQPAL,0,9,0.32100615
HLA-A*02:01,IMALTIMGV,0,9,0.59124815
HLA-A*02:01,IMDQLQSAL,0,9,0.22751291
HLA-A*02:01,IMEQLQPAL,0,9,0.19416271
HLA-A*02:01,IMEQLQPTL,0,9,0.24060932
HLA-A*02:01,IMEQLQSTL,0,9,0.2413486
HLA-A*02:01,IMIIGGLIGL,0,10,0.5112286
HLA-A*02:01,IMILGGLIGL,0,10,0.5538831
HLA-A*02:01,IMIVGGLIGL,0,10,0.5734533
HLA-A*02:01,IMIVGGLVGL,0,10,0.5853235
HLA-A*02:01,ISLFDAIAVA,0,10,0.22297098
HLA-A*02:01,ISLFDTTAIV,0,10,0.18285201
HLA-A*02:01,ISLLDTIAVA,0,10,0.23550114
HLA-A*02:01,IVFAVLSVV,0,9,0.6224035
HLA-A*02:01,IVIGVIILA,0,9,0.62800854
HLA-A*02:01,KAIEAQHRL,0,9,0.085881956
HLA-A*02:01,KAYDTEVHNV,0,10,0.24983609
HLA-A*02:01,KAYEREVHNV,0,10,0.1660621
HLA-A*02:01,KIWNNMTWI,0,9,0.62580794
HLA-A*02:01,KIYELLLES,0,9,0.28838006
HLA-A*02:01,KLDAWEKIRL,0,10,0.16704664
HLA-A*02:01,KLDAWERIRL,0,10,0.1814728
HLA-A*02:01,KLDKWEKIRL,0,10,0.11913829
HLA-A*02:01,KLDQWEKIRL,0,10,0.11699196
HLA-A*02:01,KLDSWEKIRL,0,10,0.16282906
HLA-A*02:01,KLDTWEKIQL,0,10,0.17845987
HLA-A*02:01,KLDTWEKIRL,0,10,0.1475447
HLA-A*02:01,KLDTWERIRL,0,10,0.1693167
HLA-A*02:01,KLEEEQNKI,0,9,0.094229236
HLA-A*02:01,KLGNITDEV,0,9,0.509953
HLA-A*02:01,KLKEHFNET,0,9,0.17116533
HLA-A*02:01,KLNEYFNGT,0,9,0.3320553
HLA-A*02:01,KLTHLCVTL,0,9,0.5554299
HLA-A*02:01,KLTPFCVTL,0,9,0.7209384
HLA-A*02:01,KLTPLCVIL,0,9,0.5317969
HLA-A*02:01,KLTPLCVTL,0,9,0.64011437
HLA-A*02:01,KLWVTVHYGV,0,10,0.36370403
HLA-A*02:01,KMAEQMQEDV,0,10,0.10065421
HLA-A*02:01,KMCTVSDYV,0,9,0.4154651
HLA-A*02:01,KMGHALFYM,0,9,0.2778616
HLA-A*02:01,KMSFDPIPI,0,9,0.15147497
HLA-A*02:01,KMVDQMQEDV,0,10,0.13234583
HLA-A*02:01,KMVEQMQEDV,0,10,0.09409751
HLA-A*02:01,KMWQGVGQA,0,9,0.29592833
HLA-A*02:01,KMWQGVGQAM,0,10,0.27959636
HLA-A*02:01,KPLYEVNSTM,0,10,0.07776594
HLA-A*02:01,KQIINMWQA,0,9,0.1844863
HLA-A*02:01,KQYKIKHLV,0,9,0.07773814
HLA-A*02:01,KQYRLKHLV,0,9,0.08335731
HLA-A*02:01,KSLFNAVATL,0,10,0.1816447
HLA-A*02:01,KSLFNLVAVL,0,10,0.15957032
HLA-A*02:01,KSLFNTIATL,0,10,0.13640125
HLA-A*02:01,KSLFNTIAVL,0,10,0.11699037
HLA-A*02:01,KSLFNTIVVL,0,10,0.14212415
HLA-A*02:01,KSLFNTVATL,0,10,0.1651069
HLA-A*02:01,KSLFNTVAVL,0,10,0.13900635
HLA-A*02:01,KSLFNTVVTL,0,10,0.18832974
HLA-A*02:01,KSLWNTIATL,0,10,0.16782168
HLA-A*02:01,KSLYNTIAVL,0,10,0.15373431
HLA-A*02:01,KSLYNTVATL,0,10,0.22299369
HLA-A*02:01,KSLYNTVVTL,0,10,0.24370193
HLA-A*02:01,KTIEFRPPV,0,9,0.16367924
HLA-A*02:01,KTIETRYNV,0,9,0.2066199
HLA-A*02:01,KTISVVTLL,0,9,0.41655537
HLA-A*02:01,KTWKETLNKV,0,10,0.16916804
HLA-A*02:01,KTYPGNETM,0,9,0.22697818
HLA-A*02:01,KVHALFYKL,0,9,0.20606698
HLA-A*02:01,KVHALFYTL,0,9,0.39242083
HLA-A*02:01,KVIQIEPLGV,0,10,0.18518373
HLA-A*02:01,KVQALFYEL,0,9,0.27526245
HLA-A*02:01,KVQALFYRL,0,9,0.14940074
HLA-A*02:01,KVSALFYKL,0,9,0.17455785
HLA-A*02:01,KVTPLCVTL,0,9,0.44963163
HLA-A*02:01,KVVEIKPLGV,0,10,0.20680697
HLA-A*02:01,KVYALFYKL,0,9,0.26218867
HLA-A*02:01,KVYALFYNL,0,9,0.42777732
HLA-A*02:01,LIAAKAVEL,0,9,0.3052134
HLA-A*02:01,LIAARTVEL,0,9,0.28675947
HLA-A*02:01,LIAKRTVEL,0,9,0.22751383
HLA-A*02:01,LIATRIVGL,0,9,0.29636282
HLA-A*02:01,LIATRTVEL,0,9,0.24813175
HLA-A*02:01,LIDQLQPTL,0,9,0.29665893
HLA-A*02:01,LIVARIVEI,0,9,0.35728565
HLA-A*02:01,LIVARTVEL,0,9,0.26126114
HLA-A*02:01,LIVTRIVEL,0,9,0.3184572
HLA-A*02:01,LIWDDLRSL,0,9,0.53266865
HLA-A*02:01,LLALDHWASL,0,10,0.19790067
HLA-A*02:01,LLALDQWASL,0,10,0.23904385
HLA-A*02:01,LLAYWSQEL,0,9,0.40513727
HLA-A*02:01,LLDAIAIAV,0,9,0.53759557
HLA-A*02:01,LLDAIAITV,0,9,0.61752445
HLA-A*02:01,LLDATAIAV,0,9,0.5488194
HLA-A*02:01,LLDATAITI,0,9,0.49455398
HLA-A*02:01,LLDTIAIAV,0,9,0.46205303
HLA-A*02:01,LLDTIAVAV,0,9,0.5134802
HLA-A*02:01,LLDTLAIAV,0,9,0.53714734
HLA-A*02:01,LLDTTAVAV,0,9,0.5536244
HLA-A*02:01,LLELDKWTSL,0,10,0.24553943
HLA-A*02:01,LLEQLQSNL,0,9,0.2128218
HLA-A*02:01,LLEQLQVTL,0,9,0.32899633
HLA-A*02:01,LLFGFLGAA,0,9,0.5556134
HLA-A*02:01,LLGRRGWEL,0,9,0.2828966
HLA-A*02:01,LLGYWSQEL,0,9,0.44211158
HLA-A*02:01,LLIAKRTVEL,0,10,0.25385326
HLA-A*02:01,LLIYWGQEL,0,9,0.48986474
HLA-A*02:01,LLIYWIQEL,0,9,0.5631867
HLA-A*02:01,LLIYWLQEL,0,9,0.5397247
HLA-A*02:01,LLIYWSQEL,0,9,0.4730621
HLA-A*02:01,LLLIATRTV,0,9,0.3752037
HLA-A*02:01,LLLYWGQEL,0,9,0.45262107
HLA-A*02:01,LLLYWIQEL,0,9,0.54760206
HLA-A*02:01,LLLYWSQEL,0,9,0.43988967
HLA-A*02:01,LLLYWSREL,0,9,0.48096088
HLA-A*02:01,LLNAIAITV,0,9,0.68714416
HLA-A*02:01,LLNATAIAV,0,9,0.58444405
HLA-A*02:01,LLNATAITV,0,9,0.698572
HLA-A*02:01,LLNTTAIAV,0,9,0.4964545
HLA-A*02:01,LLSMITMSA,0,9,0.3461561
HLA-A*02:01,LLSMITMSV,0,9,0.31179914
HLA-A*02:01,LLVYWAQEL,0,9,0.36273316
HLA-A*02:01,LLVYWGQEL,0,9,0.3663672
HLA-A*02:01,LLVYWSQEL,0,9,0.39216655
HLA-A*02:01,LLVYWVQEL,0,9,0.46211234
HLA-A*02:01,LLWDDLRSL,0,9,0.7090742
HLA-A*02:01,LLWDDLRSLC,0,10,0.37973794
HLA-A*02:01,LLYWGQELKI,0,10,0.1912274
HLA-A*02:01,LMAIEAQQHL,0,10,0.0846817
HLA-A*02:01,LQDQKFLGL,0,9,0.15802006
HLA-A*02:01,LTWDDLRSL,0,9,0.35649487
HLA-A*02:01,LVAARTVEL,0,9,0.250339
HLA-A*02:01,LVDATAIAV,0,9,0.45093226
HLA-A*02:01,LVDGFLALI,0,9,0.6630006
HLA-A*02:01,LVSGFLALV,0,9,0.6723009
HLA-A*02:01,LVSGFLSLV,0,9,0.68249035
HLA-A*02:01,LVWDDLRSL,0,9,0.49134332
HLA-A*02:01,LVWDDLRSLV,0,10,0.37458447
HLA-A*02:01,MIIGGLIGL,0,9,0.55809367
HLA-A*02:01,MIINCNTSV,0,9,0.57346976
HLA-A*02:01,MILGGLIGL,0,9,0.60126793
HLA-A*02:01,MIVGGLIGL,0,9,0.5224641
HLA-A*02:01,MIVGGLVGL,0,9,0.52266675
HLA-A*02:01,MIVGSLIGL,0,9,0.525847
HLA-A*02:01,MLINCNTSV,0,9,0.4451384
HLA-A*02:01,MLQLTVWGI,0,9,0.43577075
HLA-A*02:01,MTNNPPIPV,0,9,0.18074189
HLA-A*02:01,MVVGGLIGL,0,9,0.4424848
HLA-A*02:01,NIIYELLTV,0,9,0.5246336
HLA-A*02:01,NITNWLWYI,0,9,0.5454605
HLA-A*02:01,NLFDRNETT,0,9,0.2524452
HLA-A*02:01,NLGNITQEM,0,9,0.28633448
HLA-A*02:01,NLIGNITDEL,0,10,0.29432383
HLA-A*02:01,NLLGYWSQEL,0,10,0.3104053
HLA-A*02:01,NLQEQIAWM,0,9,0.40774766
HLA-A*02:01,NLVATLYCV,0,9,0.61995316
HLA-A*02:01,NLVAVLYCV,0,9,0.628559
HLA-A*02:01,NLWQEVGQA,0,9,0.25798133
HLA-A*02:01,NMVEQMHEDV,0,10,0.22685893
HLA-A*02:01,NMWQEVGQA,0,9,0.24506976
HLA-A*02:01,NMWQGVGQA,0,9,0.31903884
HLA-A*02:01,NQMHEDVISL,0,10,0.14193353
HLA-A*02:01,NTIATLWCV,0,9,0.64698666
HLA-A*02:01,NTIAVLWCV,0,9,0.6346356
HLA-A*02:01,NVWATHTCV,0,9,0.62845856
HLA-A*02:01,QIIEQLQPA,0,9,0.24851796
HLA-A*02:01,QIIEQLQPTL,0,10,0.13085842
HLA-A*02:01,QILEQLQPSL,0,10,0.11228032
HLA-A*02:01,QIMDQLQSA,0,9,0.30246145
HLA-A*02:01,QIMEQLQPA,0,9,0.23997588
HLA-A*02:01,QIMEQLQPAL,0,10,0.16843368
HLA-A*02:01,QIMEQLQPTL,0,10,0.16163488
HLA-A*02:01,QISENQYRL,0,9,0.12283873
HLA-A*02:01,QIYDILTET,0,9,0.34187296
HLA-A*02:01,QLIDQLQPT,0,9,0.38256377
HLA-A*02:01,QLIDQLQPTL,0,10,0.33682522
HLA-A*02:01,QLIEQLQPT,0,9,0.26432163
HLA-A*02:01,QLIEQLQPTL,0,10,0.27724504
HLA-A*02:01,QLIEQLQSA,0,9,0.28110784
HLA-A*02:01,QLIEQLQSAL,0,10,0.14360781
HLA-A*02:01,QLIEQLQST,0,9,0.25187168
HLA-A*02:01,QLIEQLQSTL,0,10,0.162684
HLA-A*02:01,QLIEQLQTT,0,9,0.3238287
HLA-A*02:01,QLIEQLQTTL,0,10,0.2180727
HLA-A*02:01,QLLEQLQSNL,0,10,0.18129107
HLA-A*02:01,QLLEQLQVT,0,9,0.36497277
HLA-A*02:01,QLLEQLQVTL,0,10,0.28572837
HLA-A*02:01,QLQARILAV,0,9,0.35180658
HLA-A*02:01,QLQARVLAI,0,9,0.30834776
HLA-A*02:01,QLQARVLAL,0,9,0.40050605
HLA-A*02:01,QLQARVLAV,0,9,0.34951124
HLA-A*02:01,QMHEDIISL,0,9,0.40884012
HLA-A*02:01,QMHEDVINL,0,9,0.48124734
HLA-A*02:01,QMHEDVISL,0,9,0.40969396
HLA-A*02:01,QMQEDIISL,0,9,0.39288005
HLA-A*02:01,QMQEDVISL,0,9,0.38841698
HLA-A*02:01,QQLIEQLQSA,0,10,0.06782031
HLA-A*02:01,QQLLEQLQV,0,9,0.14646126
HLA-A*02:01,QVYALFYRV,0,9,0.30792978
HLA-A*02:01,RIIEAVQGA,0,9,0.16536117
HLA-A*02:01,RIIEIAQRA,0,9,0.11911653
HLA-A*02:01,RIIEVAQEV,0,9,0.27293548
HLA-A*02:01,RIIEVAQRV,0,9,0.25526795
HLA-A*02:01,RIIEVGQRL,0,9,0.16493045
HLA-A*02:01,RIINCNTSV,0,9,0.38005713
HLA-A*02:01,RIVFAVLSV,0,9,0.36846825
HLA-A*02:01,RLGWEGIKYL,0,10,0.17064618
HLA-A*02:01,RLGWEGLKYL,0,10,0.1336121
HLA-A*02:01,RLHPVQAGPV,0,10,0.2086518
HLA-A*02:01,RLIHCNSSV,0,9,0.30093327
HLA-A*02:01,RLINCNTSV,0,9,0.42505878
HLA-A*02:01,RLRDFIFVT,0,9,0.3163908
HLA-A*02:01,RLRDFILIA,0,9,0.33888364
HLA-A*02:01,RLRDFILIV,0,9,0.4821832
HLA-A*02:01,RLRDFILVA,0,9,0.3551645
HLA-A*02:01,RLRDFISVTA,0,10,0.2599243
HLA-A*02:01,RLRDFLLIA,0,9,0.33854508
HLA-A*02:01,RLRDFSLIV,0,9,0.34122804
HLA-A*02:01,RLRDFVLIV,0,9,0.49557382
HLA-A*02:01,RLRDFVLVTA,0,10,0.3533005
HLA-A*02:01,RLRDLILIA,0,9,0.34376642
HLA-A*02:01,RLRDLLLIA,0,9,0.35596615
HLA-A*02:01,RLRDLTLIV,0,9,0.33177426
HLA-A*02:01,RLSDFILIA,0,9,0.55033964
HLA-A*02:01,RLSDLLLIA,0,9,0.45814586
HLA-A*02:01,RLTPLCVSL,0,9,0.43319103
HLA-A*02:01,RLVDGFLAL,0,9,0.60524935
HLA-A*02:01,RLVDGFLALI,0,10,0.41149613
HLA-A*02:01,RLVNGFLAL,0,9,0.52480805
HLA-A*02:01,RLVSGFFAL,0,9,0.4452948
HLA-A*02:01,RLVSGFLAI,0,9,0.39015594
HLA-A*02:01,RLVSGFLAL,0,9,0.4539488
HLA-A*02:01,RLVSGFLALV,0,10,0.3613203
HLA-A*02:01,RLVSGFLSL,0,9,0.34632903
HLA-A*02:01,RLVSGFLSLV,0,10,0.27406326
HLA-A*02:01,RLVTGFLAL,0,9,0.40889713
HLA-A*02:01,RMWQGAGQA,0,9,0.18183295
HLA-A*02:01,RMWQGTGQA,0,9,0.17531495
HLA-A*02:01,RMWQGVGQA,0,9,0.2755204
HLA-A*02:01,RMWQGVGQAI,0,10,0.21905851
HLA-A*02:01,RMWQGVGQTL,0,10,0.3387067
HLA-A*02:01,RMWQRVGQA,0,9,0.21291374
HLA-A*02:01,RMYNPVSIL,0,9,0.38608852
HLA-A*02:01,RMYQPVGIL,0,9,0.2013421
HLA-A*02:01,RMYQPVSIL,0,9,0.28845692
HLA-A*02:01,RMYRPVSIL,0,9,0.31242844
HLA-A*02:01,RMYSPISIL,0,9,0.3190978
HLA-A*02:01,RMYSPSSIL,0,9,0.26176214
HLA-A*02:01,RMYSPTSIL,0,9,0.27248448
HLA-A*02:01,RMYSPVGIL,0,9,0.2367815
HLA-A*02:01,RMYSPVNIL,0,9,0.299038
HLA-A*02:01,RMYSPVSIL,0,9,0.33769017
HLA-A*02:01,RQGWEGLKYL,0,10,0.037738997
HLA-A*02:01,RRVWEGLKYL,0,10,0.054762416
HLA-A*02:01,RSLFNLVATL,0,10,0.14846702
HLA-A*02:01,RSLFNTIATL,0,10,0.1154954
HLA-A*02:01,RSLFNTIAVL,0,10,0.0999959
HLA-A*02:01,RSLFNTLVTL,0,10,0.13161854
HLA-A*02:01,RSLFNTVATL,0,10,0.14072378
HLA-A*02:01,RSLFNTVAVL,0,10,0.11882211
HLA-A*02:01,RSLYNTIVTL,0,10,0.17810392
HLA-A*02:01,RVIEIVQRV,0,9,0.4058593
HLA-A*02:01,RVIEVTQRA,0,9,0.123107575
HLA-A*02:01,RVIEVTQRI,0,9,0.13747753
HLA-A*02:01,RVIEVVQRA,0,9,0.20118019
HLA-A*02:01,RVVKKLETL,0,9,0.15092103
HLA-A*02:01,RVWEGLKYL,0,9,0.31844035
HLA-A*02:01,RVWRAILHI,0,9,0.22078632
HLA-A*02:01,RVWRGILHI,0,9,0.22315857
HLA-A*02:01,RVYALFYKL,0,9,0.19198997
HLA-A*02:01,RVYSPVSIL,0,9,0.17822127
HLA-A*02:01,RWLILGLNKV,0,10,0.23447855
HLA-A*02:01,SIATRAVEL,0,9,0.15584075
HLA-A*02:01,SIGNITDEV,0,9,0.31848234
HLA-A*02:01,SIIGDIRKA,0,9,0.25640908
HLA-A*02:01,SIQTTVNTL,0,9,0.21675883
HLA-A*02:01,SISNWLWYI,0,9,0.42706686
HLA-A*02:01,SITNWLWYI,0,9,0.45842203
HLA-A*02:01,SITSWLWYI,0,9,0.33901334
HLA-A*02:01,SLAEDEIII,0,9,0.3294514
HLA-A*02:01,SLAEDEIVI,0,9,0.32476845
HLA-A*02:01,SLAEDKIII,0,9,0.2279294
HLA-A*02:01,SLAEEDIII,0,9,0.35989812
HLA-A*02:01,SLAEEDIVI,0,9,0.34848544
HLA-A*02:01,SLAEEEIII,0,9,0.29857343
HLA-A*02:01,SLAEEEIIV,0,9,0.38448986
HLA-A*02:01,SLAEEEIMI,0,9,0.29143968
HLA-A*02:01,SLAEEEIVI,0,9,0.2805769
HLA-A*02:01,SLAEEEVIV,0,9,0.3931506
HLA-A*02:01,SLAEGEIII,0,9,0.26078728
HLA-A*02:01,SLAEGEIVI,0,9,0.25152022
HLA-A*02:01,SLAEKEIII,0,9,0.21819355
HLA-A*02:01,SLAKDEIVI,0,9,0.20205174
HLA-A*02:01,SLAKEEIII,0,9,0.19838531
HLA-A*02:01,SLAWDDLRSL,0,10,0.15016373
HLA-A*02:01,SLCLFSYHL,0,9,0.2641619
HLA-A*02:01,SLEEIWNNM,0,9,0.133049
HLA-A*02:01,SLFDAIAIA,0,9,0.46702543
HLA-A*02:01,SLFDAIAIAV,0,10,0.3622643
HLA-A*02:01,SLFDAIAVA,0,9,0.49385938
HLA-A*02:01,SLFDAIAVAV,0,10,0.38915423
HLA-A*02:01,SLFDASAIA,0,9,0.3055563
HLA-A*02:01,SLFDASAIAV,0,10,0.35572502
HLA-A*02:01,SLFDATAIA,0,9,0.3092334
HLA-A*02:01,SLFDATAIAI,0,10,0.24477948
HLA-A*02:01,SLFDTIAIA,0,9,0.47744015
HLA-A*02:01,SLFDTIAIAV,0,10,0.3591375
HLA-A*02:01,SLFDTTAIV,0,9,0.45278105
HLA-A*02:01,SLFDTTAIVV,0,10,0.3254207
HLA-A*02:01,SLFNATAIA,0,9,0.29497895
HLA-A*02:01,SLFNATAIAV,0,10,0.35200268
HLA-A*02:01,SLFNATAITI,0,10,0.30469012
HLA-A*02:01,SLFNAVAIA,0,9,0.41411665
HLA-A*02:01,SLFNAVAIAV,0,10,0.36397746
HLA-A*02:01,SLFNAVATL,0,9,0.6084882
HLA-A*02:01,SLFNLVATL,0,9,0.6594587
HLA-A*02:01,SLFNLVAVL,0,9,0.58543766
HLA-A*02:01,SLFNSVATL,0,9,0.5971741
HLA-A*02:01,SLFNTIATL,0,9,0.6198908
HLA-A*02:01,SLFNTIAVL,0,9,0.5534496
HLA-A*02:01,SLFNTIVVL,0,9,0.59950024
HLA-A*02:01,SLFNTLVTL,0,9,0.659352
HLA-A*02:01,SLFNTLVTLW,0,10,0.1567342
HLA-A*02:01,SLFNTVATL,0,9,0.6128884
HLA-A*02:01,SLFNTVAVL,0,9,0.5730109
HLA-A*02:01,SLFNTVVTL,0,9,0.65651023
HLA-A*02:01,SLFNTVVTLW,0,10,0.1830429
HLA-A*02:01,SLFYKIDIV,0,9,0.23561504
HLA-A*02:01,SLIAARTVEL,0,10,0.21736012
HLA-A*02:01,SLIGLRIIFA,0,10,0.38946024
HLA-A*02:01,SLIGLRIVYA,0,10,0.42438188
HLA-A*02:01,SLIVTRTVEL,0,10,0.185466
HLA-A*02:01,SLLDAIAIA,0,9,0.5448709
HLA-A*02:01,SLLDAIAIAV,0,10,0.36932945
HLA-A*02:01,SLLDAIAIT,0,9,0.5125214
HLA-A*02:01,SLLDAIAITT,0,10,0.2740053
HLA-A*02:01,SLLDAIAITV,0,10,0.4543555
HLA-A*02:01,SLLDALAIT,0,9,0.5214026
HLA-A*02:01,SLLDALAITT,0,10,0.3189877
HLA-A*02:01,SLLDATAIA,0,9,0.39161342
HLA-A*02:01,SLLDATAIAA,0,10,0.23007958
HLA-A*02:01,SLLDATAIAV,0,10,0.37157553
HLA-A*02:01,SLLDATAITI,0,10,0.31546357
HLA-A*02:01,SLLDTIAIA,0,9,0.5559667
HLA-A*02:01,SLLDTIAIAV,0,10,0.37745255
HLA-A*02:01,SLLDTIAVA,0,9,0.579035
HLA-A*02:01,SLLDTIAVAV,0,10,0.3713644
HLA-A*02:01,SLLDTLAIA,0,9,0.5507187
HLA-A*02:01,SLLDTLAIAV,0,10,0.3729811
HLA-A*02:01,SLLDTTAVA,0,9,0.4122043
HLA-A*02:01,SLLDTTAVAV,0,10,0.397919
HLA-A*02:01,SLLNAIAITV,0,10,0.42401034
HLA-A*02:01,SLLNATAIAV,0,10,0.33933097
HLA-A*02:01,SLLNATAITV,0,10,0.4093728
HLA-A*02:01,SLLNTTAIA,0,9,0.37270465
HLA-A*02:01,SLLNTTAIAV,0,10,0.32922855
HLA-A*02:01,SLLSMITMSA,0,10,0.16023575
HLA-A*02:01,SLLSMITMSV,0,10,0.14366545
HLA-A*02:01,SLNEIWENM,0,9,0.27119985
HLA-A*02:01,SLQEQIAWM,0,9,0.35342854
HLA-A*02:01,SLQTGSEEL,0,9,0.17499353
HLA-A*02:01,SLSEGEIII,0,9,0.24644187
HLA-A*02:01,SLSPRTLNA,0,9,0.1639271
HLA-A*02:01,SLTNAIAIAV,0,10,0.3093353
HLA-A*02:01,SLVDATAIA,0,9,0.3128899
HLA-A*02:01,SLVDATAIAV,0,10,0.28023094
HLA-A*02:01,SLVWDDLRSL,0,10,0.1503772
HLA-A*02:01,SLWDESLKP,0,9,0.21737555
HLA-A*02:01,SLWDESLKPC,0,10,0.15594761
HLA-A*02:01,SLWDQGLKP,0,9,0.20157231
HLA-A*02:01,SLWDQGLKPC,0,10,0.15822151
HLA-A*02:01,SLWDQSLKP,0,9,0.18954001
HLA-A*02:01,SLWDQSLKPC,0,10,0.13177077
HLA-A*02:01,SLWDQSLQP,0,9,0.2604664
HLA-A*02:01,SLWDQSLQPC,0,10,0.16606362
HLA-A*02:01,SLWEEGLKP,0,9,0.16014178
HLA-A*02:01,SLWEEGLKPC,0,10,0.12010094
HLA-A*02:01,SLWEQSLKP,0,9,0.14677647
HLA-A*02:01,SLWEQSLKPC,0,10,0.09977434
HLA-A*02:01,SLWEQSLQP,0,9,0.18803175
HLA-A*02:01,SLWEQSLQPC,0,10,0.1205033
HLA-A*02:01,SLWNTIATL,0,9,0.73977196
HLA-A*02:01,SLYDTAAIA,0,9,0.37721938
HLA-A*02:01,SLYDTAAIAI,0,10,0.28127903
HLA-A*02:01,SLYNTIAVL,0,9,0.634177
HLA-A*02:01,SLYNTIVTL,0,9,0.71780765
HLA-A*02:01,SLYNTIVTLW,0,10,0.18031242
HLA-A*02:01,SLYNTVATL,0,9,0.6841382
HLA-A*02:01,SLYNTVSVL,0,9,0.5578731
HLA-A*02:01,SLYNTVVTL,0,9,0.7259937
HLA-A*02:01,SLYNTVVTLL,0,10,0.38932973
HLA-A*02:01,SLYNTVVTLW,0,10,0.19393353
HLA-A*02:01,SMAEQMQEDV,0,10,0.10595083
HLA-A*02:01,SMGFHLPSI,0,9,0.25871533
HLA-A*02:01,SMITMSAFL,0,9,0.37769952
HLA-A*02:01,SMITMSVFL,0,9,0.4259219
HLA-A*02:01,SMVEQMQEDV,0,10,0.10086017
HLA-A*02:01,SQVSHSSQV,0,9,0.08534325
HLA-A*02:01,TAWDGVMKRV,0,10,0.28474087
HLA-A*02:01,TIAGWTDRV,0,9,0.4071141
HLA-A*02:01,TIGDLTNEV,0,9,0.47924158
HLA-A*02:01,TIGNLTNEV,0,9,0.46112752
HLA-A*02:01,TIMGVIFLI,0,9,0.56120247
HLA-A*02:01,TLAEQIRWM,0,9,0.28037122
HLA-A*02:01,TLAKVTRKL,0,9,0.1933162
HLA-A*02:01,TLASGFLTV,0,9,0.6183294
HLA-A*02:01,TLASGFLTVV,0,10,0.4092788
HLA-A*02:01,TLDQVKREL,0,9,0.16830342
HLA-A*02:01,TLEGVANKL,0,9,0.18452851
HLA-A*02:01,TLEQVTEKL,0,9,0.13215508
HLA-A*02:01,TLETGSEEV,0,9,0.26929417
HLA-A*02:01,TLFNDKQKV,0,9,0.29043323
HLA-A*02:01,TLHNVSKKL,0,9,0.27097133
HLA-A*02:01,TLIAARTVEL,0,10,0.2700557
HLA-A*02:01,TLIPNPEGL,0,9,0.39758494
HLA-A*02:01,TLISCNTSV,0,9,0.36359477
HLA-A*02:01,TLKQVAEKL,0,9,0.20470472
HLA-A*02:01,TLKQVSEKL,0,9,0.22809759
HLA-A*02:01,TLKTGSEEL,0,9,0.23318075
HLA-A*02:01,TLKTGSEEV,0,9,0.23589095
HLA-A*02:01,TLLCVHQRV,0,9,0.3784206
HLA-A*02:01,TLLCVLPAV,0,9,0.5733577
HLA-A*02:01,TLNAWVKVV,0,9,0.59719074
HLA-A*02:01,TLNCDNKVTV,0,10,0.36078438
HLA-A*02:01,TLNCINATL,0,9,0.5929193
HLA-A*02:01,TLNCSDVTV,0,9,0.6124145
HLA-A*02:01,TLNCTDVQV,0,9,0.5318904
HLA-A*02:01,TLNKVATKL,0,9,0.47620684
HLA-A*02:01,TLNQVIKKL,0,9,0.29278326
HLA-A*02:01,TLQEQIAWM,0,9,0.4184509
HLA-A*02:01,TLQEQITWM,0,9,0.45570537
HLA-A*02:01,TLQTGSKEL,0,9,0.13858502
HLA-A*02:01,TLSERISSKL,0,10,0.0982111
HLA-A*02:01,TLWCVHQKI,0,9,0.34840754
HLA-A*02:01,TLWCVHQRI,0,9,0.32758978
HLA-A*02:01,TLYAPPISGV,0,10,0.3153637
HLA-A*02:01,TMGAASITL,0,9,0.5664323
HLA-A*02:01,TMGAASLTL,0,9,0.5811492
HLA-A*02:01,TMGAASMTL,0,9,0.5534048
HLA-A*02:01,TMGAASVTL,0,9,0.606227
HLA-A*02:01,TQWNETLKQV,0,10,0.14018252
HLA-A*02:01,TRLVDGFLAL,0,10,0.12909056
HLA-A*02:01,TSLFNSVATL,0,10,0.17977545
HLA-A*02:01,TVAEGTDRV,0,9,0.19149403
HLA-A*02:01,TVAGWTDRV,0,9,0.37830344
HLA-A*02:01,TVLSIVNRV,0,9,0.4011219
HLA-A*02:01,TVMSIVNRV,0,9,0.4304821
HLA-A*02:01,TVSDYVFEL,0,9,0.45640087
HLA-A*02:01,TVSDYVSEL,0,9,0.42201418
HLA-A*02:01,VLDQVEEKL,0,9,0.20419952
HLA-A*02:01,VLEQVTAKL,0,9,0.19903389
HLA-A*02:01,VLIATRTVEL,0,10,0.27162707
HLA-A*02:01,VLIVTRIVEL,0,10,0.32913008
HLA-A*02:01,VLNQVAKKL,0,9,0.2688201
HLA-A*02:01,VLPAVVYST,0,9,0.25566414
HLA-A*02:01,VLTQVAKKL,0,9,0.18680044
HLA-A*02:01,VLTQVAVKL,0,9,0.3925205
HLA-A*02:01,VLWCVHHRI,0,9,0.35514402
HLA-A*02:01,VLWCVHQRI,0,9,0.36234087
HLA-A*02:01,VLWCVHQRL,0,9,0.378854
HLA-A*02:01,VQLNKSVEI,0,9,0.18281548
HLA-A*02:01,VQLNKTVGI,0,9,0.14694837
HLA-A*02:01,VQYEQEIESL,0,10,0.12136296
HLA-A*02:01,VTLASGFLTV,0,10,0.4266995
HLA-A*02:01,VVAGWTDRV,0,9,0.38825372
HLA-A*02:01,WLILGLNKV,0,9,0.45873737
HLA-A*02:01,YALFYKLDLV,0,10,0.28938037
HLA-A*02:01,YALFYKLDTV,0,10,0.3165953
HLA-A*02:01,YHLLRDFTLV,0,10,0.29970545
HLA-A*02:01,YHLLRDLLSI,0,10,0.23756137
HLA-A*02:01,YLEDQKFLGL,0,10,0.36256996
HLA-A*02:01,YLGNLLIYWL,0,10,0.49395534
HLA-A*02:01,YLGNLLVYWV,0,10,0.53512883
HLA-A*02:01,YLKDQKFLA,0,9,0.2859943
HLA-A*02:01,YLKDQKFLAL,0,10,0.400043
HLA-A*02:01,YLKDQKFLGL,0,10,0.39726216
HLA-A*02:01,YLKDQQFLGL,0,10,0.40264612
HLA-A*02:01,YLKDQQLLGI,0,10,0.3569118
HLA-A*02:01,YLKDQQLLGL,0,10,0.42072052
HLA-A*02:01,YLKDQRFLGL,0,10,0.39013457
HLA-A*02:01,YLKDQRLLGL,0,10,0.39838213
HLA-A*02:01,YLKDQTFLGL,0,10,0.42392215
HLA-A*02:01,YLKDQTLLGL,0,10,0.42400512
HLA-A*02:01,YLQDQKFLGL,0,10,0.39753866
HLA-A*02:01,YLRDQQLLGI,0,10,0.3809227
HLA-A*02:01,YLRDQRLLGL,0,10,0.4444279
HLA-A*02:01,YLSDQKFLGI,0,10,0.30599254
HLA-A*02:01,YLSDQKFLGL,0,10,0.35888228
HLA-A*02:01,YMLINCNTSV,0,10,0.319892
HLA-A*02:01,YMLKHLVWA,0,9,0.4812389
HLA-A*02:01,YQDSDVSQEV,0,10,0.11913888
HLA-A*02:01,YQLKHIVWA,0,9,0.2551596
HLA-A*02:01,YRLINCNTSV,0,10,0.2200341
HLA-A*02:01,YTDQIYELL,0,9,0.32200432
HLA-A*02:01,YTDTIYTLL,0,9,0.45366922
HLA-A*02:01,YTLISCNTSV,0,10,0.29968408
HLA-A*02:01,YTSKIYELL,0,9,0.17602704
HLA-A*02:01,YVDRFFKTL,0,9,0.3698924
HLA-A*02:01,YVDRFYKTL,0,9,0.36399037
HLA-A*24:02,AFCEINGTKW,0,10,0.11942581
HLA-A*24:02,AFCEVNGTRW,0,10,0.11365448
HLA-A*24:02,AFIHIPRRI,0,9,0.06187368
HLA-A*24:02,AFLHIPRRI,0,9,0.10323809
HLA-A*24:02,AFNPEVIPMF,0,10,0.2228677
HLA-A*24:02,AFSPEIIPM,0,9,0.017688926
HLA-A*24:02,AFSPEIIPMF,0,10,0.14890637
HLA-A*24:02,AFSPEVIPMF,0,10,0.14217617
HLA-A*24:02,AHDPEVHNVW,0,10,0.06900809
HLA-A*24:02,AHSPEVHNI,0,9,0.06702684
HLA-A*24:02,AHSPEVHNIW,0,10,0.07978409
HLA-A*24:02,ALDSWKNLW,0,9,0.022070678
HLA-A*24:02,AMYAPPIKGI,0,10,0.011690515
HLA-A*24:02,AMYAPPIRGI,0,10,0.010782442
HLA-A*24:02,AMYAPPIRGL,0,10,0.011392337
HLA-A*24:02,AMYAPPISGI,0,10,0.0066496064
HLA-A*24:02,AMYAPPVRGI,0,10,0.010278285
HLA-A*24:02,AWDDLRSLW,0,9,0.07741671
HLA-A*24:02,AWRDADTTL,0,9,0.04433063
HLA-A*24:02,AWRDADTTLF,0,10,0.15855728
HLA-A*24:02,AWYEVLNQV,0,9,0.010632403
HLA-A*24:02,AYCEINATKW,0,10,0.24641821
HLA-A*24:02,AYCEINGTAW,0,10,0.2052411
HLA-A*24:02,AYCEINGTKW,0,10,0.31492853
HLA-A*24:02,AYCEINGTQW,0,10,0.26707593
HLA-A*24:02,AYCEINGTRW,0,10,0.28182933
HLA-A*24:02,AYCEINRTAW,0,10,0.2585623
HLA-A*24:02,AYCEINRTEW,0,10,0.30635357
HLA-A*24:02,AYCEINVTKW,0,10,0.27102503
HLA-A*24:02,AYCEVDGEKW,0,10,0.33748707
HLA-A*24:02,AYCKINRTKW,0,10,0.30599645
HLA-A*24:02,AYCLINGTI,0,9,0.08189
HLA-A*24:02,AYCLINGTIW,0,10,0.18292117
HLA-A*24:02,AYCNLSEEQW,0,10,0.20307598
HLA-A*24:02,AYCNVNGTKW,0,10,0.46200663
HLA-A*24:02,AYCNVSRATW,0,10,0.50246376
HLA-A*24:02,AYDTEVHNV,0,9,0.04304272
HLA-A*24:02,AYDTEVHNVW,0,10,0.18264757
HLA-A*24:02,AYEREVHNV,0,9,0.035406794
HLA-A*24:02,AYEREVHNVW,0,10,0.1288677
HLA-A*24:02,AYETEKHNV,0,9,0.034049753
HLA-A*24:02,AYETEKHNVW,0,10,0.19642465
HLA-A*24:02,AYVPAMFTA,0,9,0.07952028
HLA-A*24:02,CAPAGFAIF,0,9,0.043348957
HLA-A*24:02,CTPAGYAIF,0,9,0.047115255
HLA-A*24:02,DHWASLWNW,0,9,0.21709707
HLA-A*24:02,DLEIITHHF,0,9,0.08597426
HLA-A*24:02,DYVDRFFKCL,0,10,0.5712076
HLA-A*24:02,DYVDRFFKTL,0,10,0.58761877
HLA-A*24:02,DYVDRFYKTL,0,10,0.5312128
HLA-A*24:02,DYVDRFYKV,0,9,0.29478496
HLA-A*24:02,DYVDRFYKVL,0,10,0.5023336
HLA-A*24:02,EHFNETIRF,0,9,0.039909832
HLA-A*24:02,EHFNGSITF,0,9,0.042886976
HLA-A*24:02,EHFNKTIEF,0,9,0.039167713
HLA-A*24:02,EHFNKTIIF,0,9,0.03875779
HLA-A*24:02,EHFNKTIVF,0,9,0.055443082
HLA-A*24:02,EHFNNKTIVF,0,10,0.044285446
HLA-A*24:02,EHFPNKTITF,0,10,0.065872505
HLA-A*24:02,EHFQNKTINF,0,10,0.016852941
HLA-A*24:02,EHFSNKTIIF,0,10,0.025500085
HLA-A*24:02,ELFNITTISF,0,10,0.025404856
HLA-A*24:02,ELIDKKQKF,0,9,0.067518644
HLA-A*24:02,EQFLKNITF,0,9,0.032047566
HLA-A*24:02,EQFNRTIVF,0,9,0.029468117
HLA-A*24:02,EQIWHNMTW,0,9,0.035026263
HLA-A*24:02,EQQKVQALF,0,9,0.03033426
HLA-A*24:02,ERYLEDQKFL,0,10,0.018171633
HLA-A*24:02,ERYLKDQKFL,0,10,0.021305522
HLA-A*24:02,ERYLKDQQFL,0,10,0.025244404
HLA-A*24:02,ERYLKDQQLL,0,10,0.01592357
HLA-A*24:02,ERYLKDQRFL,0,10,0.022246307
HLA-A*24:02,ERYLKDQRLL,0,10,0.015075156
HLA-A*24:02,ERYLKDQTFL,0,10,0.03228503
HLA-A*24:02,ERYLKDQTLL,0,10,0.0201852
HLA-A*24:02,ERYLQDQKFL,0,10,0.01574348
HLA-A*24:02,ERYLRDQQLL,0,10,0.015648827
HLA-A*24:02,ERYLRDQRLL,0,10,0.015288602
HLA-A*24:02,ERYLSDQKFL,0,10,0.018279908
HLA-A*24:02,EWASLWNWF,0,9,0.13485217
HLA-A*24:02,EYFNGTIQF,0,9,0.29863316
HLA-A*24:02,EYFNGTIQFQ,0,10,0.07402457
HLA-A*24:02,EYVDRFYKTL,0,10,0.48994312
HLA-A*24:02,FFKTSPMII,0,9,0.08935306
HLA-A*24:02,FFYCDTSQLF,0,10,0.060340922
HLA-A*24:02,FFYCNSTPLF,0,10,0.081497274
HLA-A*24:02,FFYCNTSGLF,0,10,0.063321635
HLA-A*24:02,FFYCNTSKL,0,9,0.021768248
HLA-A*24:02,FFYCNTSKLF,0,10,0.09578866
HLA-A*24:02,FFYCNTSNLF,0,10,0.073012345
HLA-A*24:02,FFYCNTSQL,0,9,0.015304991
HLA-A*24:02,FFYCNTSQLF,0,10,0.0743021
HLA-A*24:02,FFYCNTSRLF,0,10,0.093003884
HLA-A*24:02,FFYCNTTGLF,0,10,0.056726776
HLA-A*24:02,FFYCNTTKL,0,9,0.02752932
HLA-A*24:02,FFYCNTTKLF,0,10,0.083901756
HLA-A*24:02,FFYCNTTNLF,0,10,0.06494172
HLA-A*24:02,FFYCNTTQL,0,9,0.019733755
HLA-A*24:02,FFYCNTTQLF,0,10,0.06496064
HLA-A*24:02,FMENVTENF,0,9,0.038380567
HLA-A*24:02,FMYYAKRMLF,0,10,0.07682664
HLA-A*24:02,FMYYAKRMLL,0,10,0.04194953
HLA-A*24:02,FNPEVIPMF,0,9,0.051159304
HLA-A*24:02,FSPEIIPMF,0,9,0.045033786
HLA-A*24:02,FSPEVIPMF,0,9,0.054041065
HLA-A*24:02,FYCDTSQLF,0,9,0.17135517
HLA-A*24:02,FYCDTSQLFN,0,10,0.044361018
HLA-A*24:02,FYCNSTPLF,0,9,0.17867449
HLA-A*24:02,FYCNSTPLFN,0,10,0.06370779
HLA-A*24:02,FYCNTSGLF,0,9,0.18339466
HLA-A*24:02,FYCNTSKLF,0,9,0.19475487
HLA-A*24:02,FYCNTSNLF,0,9,0.18945345
HLA-A*24:02,FYCNTSQLF,0,9,0.18812011
HLA-A*24:02,FYCNTSQLFN,0,10,0.04107624
HLA-A*24:02,FYCNTSRLF,0,9,0.15972635
HLA-A*24:02,FYCNTTGLF,0,9,0.17458726
HLA-A*24:02,FYCNTTKLF,0,9,0.19119895
HLA-A*24:02,FYCNTTNLF,0,9,0.18606137
HLA-A*24:02,FYCNTTNLFN,0,10,0.051528238
HLA-A*24:02,FYCNTTQLF,0,9,0.1923892
HLA-A*24:02,FYCNTTQLFN,0,10,0.0428937
HLA-A*24:02,FYKIDIVPI,0,9,0.320069
HLA-A*24:02,FYKLDIIQI,0,9,0.25627777
HLA-A*24:02,FYKLDIVPI,0,9,0.25303558
HLA-A*24:02,FYKLDIVPL,0,9,0.34118915
HLA-A*24:02,FYKLDIVQI,0,9,0.25428462
HLA-A*24:02,FYKLDIVQM,0,9,0.2224836
HLA-A*24:02,FYKLDIVSL,0,9,0.3680458
HLA-A*24:02,FYKLDLTQI,0,9,0.18926264
HLA-A*24:02,FYKLDLVKM,0,9,0.18319705
HLA-A*24:02,FYKLDTVQV,0,9,0.06302807
HLA-A*24:02,FYKLDVVPI,0,9,0.21971884
HLA-A*24:02,FYKVDIVPI,0,9,0.28881645
HLA-A*24:02,FYMIVIGVI,0,9,0.22400035
HLA-A*24:02,FYMLDIVPI,0,9,0.21551023
HLA-A*24:02,FYNLDIVQI,0,9,0.25316814
HLA-A*24:02,FYRLDIEQI,0,9,0.22854373
HLA-A*24:02,FYRLDIVPI,0,9,0.22508642
HLA-A*24:02,FYRLDIVPM,0,9,0.18266161
HLA-A*24:02,FYRVNIVPL,0,9,0.40900937
HLA-A*24:02,FYTLDIVKM,0,9,0.12963405
HLA-A*24:02,GFNPEVIPMF,0,10,0.1557034
HLA-A*24:02,GFSPEVIPMF,0,10,0.08651142
HLA-A*24:02,GHFNKTIVF,0,9,0.029949516
HLA-A*24:02,GHFNNTTITF,0,10,0.023728624
HLA-A*24:02,GNYTNIIYEL,0,10,0.026695441
HLA-A*24:02,GWEGLKYLW,0,9,0.061486714
HLA-A*24:02,GWMTGNPSI,0,9,0.029602582
HLA-A*24:02,GWTDRVIEI,0,9,0.046891373
HLA-A*24:02,GWTDRVIEL,0,9,0.040955942
HLA-A*24:02,GYETEVHNV,0,9,0.03371094
HLA-A*24:02,GYETEVHNVW,0,10,0.17284359
HLA-A*24:02,GYEVIGVLY,0,9,0.025102507
HLA-A*24:02,GYSPLSFQI,0,9,0.13158783
HLA-A*24:02,GYSPLSFQIL,0,10,0.17725427
HLA-A*24:02,GYSPLSFQTL,0,10,0.23663108
HLA-A*24:02,GYSPLSLQI,0,9,0.046761252
HLA-A*24:02,GYSPLSLQTL,0,10,0.16278508
HLA-A*24:02,GYSPVSFQI,0,9,0.2327201
HLA-A*24:02,GYWSQELKI,0,9,0.042336203
HLA-A*24:02,HFINKNITF,0,9,0.18414421
HLA-A*24:02,HFKNSSIIF,0,9,0.1133256
HLA-A*24:02,HFNCKGEFF,0,9,0.30656764
HLA-A*24:02,HFNCRGEFF,0,9,0.36921358
HLA-A*24:02,HFNDNKTIIF,0,10,0.11621284
HLA-A*24:02,HFNNKTIIF,0,9,0.16767173
HLA-A*24:02,HFNNKTIVF,0,9,0.18473278
HLA-A*24:02,HFNNTTITF,0,9,0.14076242
HLA-A*24:02,HFPNKTITF,0,9,0.10353978
HLA-A*24:02,HFPNKTITFQ,0,10,0.022848336
HLA-A*24:02,HFQNKTINF,0,9,0.16958216
HLA-A*24:02,HFSNKTIIF,0,9,0.11293683
HLA-A*24:02,HFTCRGEFF,0,9,0.3484659
HLA-A*24:02,HFTNKNISF,0,9,0.19524014
HLA-A*24:02,HHLLQLTVW,0,9,0.12071003
HLA-A*24:02,HLVNVTENF,0,9,0.062435724
HLA-A*24:02,HMENVTENF,0,9,0.03393596
HLA-A*24:02,HMGPGRTFF,0,9,0.09881862
HLA-A*24:02,HQPFSPRTL,0,9,0.029876336
HLA-A*24:02,HQPIAPRTL,0,9,0.03464672
HLA-A*24:02,HQPISPRTL,0,9,0.02845241
HLA-A*24:02,HQPISPTTL,0,9,0.01403243
HLA-A*24:02,HQPLSPRTL,0,9,0.035127755
HLA-A*24:02,HQPVSPRTL,0,9,0.041361514
HLA-A*24:02,HSPEVHNIW,0,9,0.028097732
HLA-A*24:02,HWASLWNWF,0,9,0.11571489
HLA-A*24:02,HWMTETLLV,0,9,0.021700898
HLA-A*24:02,HWTTYMDTF,0,9,0.15525724
HLA-A*24:02,HWTTYMDTFF,0,10,0.13729441
HLA-A*24:02,HYCAPAGFAI,0,10,0.08325507
HLA-A*24:02,HYCAPAGYAI,0,10,0.06333176
HLA-A*24:02,HYCTPAGFAI,0,10,0.09911917
HLA-A*24:02,HYCTPAGYAI,0,10,0.07610512
HLA-A*24:02,HYCTPAGYAL,0,10,0.12153204
HLA-A*24:02,HYCTPAGYTI,0,10,0.17638776
HLA-A*24:02,HYCTPAGYVI,0,10,0.1445605
HLA-A*24:02,HYMLKHLVW,0,9,0.45333222
HLA-A*24:02,IAIKLQEQF,0,9,0.033575345
HLA-A*24:02,IFKCNDKKF,0,9,0.25204402
HLA-A*24:02,IFKCNDKNF,0,9,0.27815193
HLA-A*24:02,IFLISIIVL,0,9,0.21581188
HLA-A*24:02,IFMENVTENF,0,10,0.10357542
HLA-A*24:02,IFWDDLRSL,0,9,0.086107805
HLA-A*24:02,IHIGPGQAF,0,9,0.08576355
HLA-A*24:02,IHIGPGQAFF,0,10,0.11780337
HLA-A*24:02,IHIGPGQVF,0,9,0.1164495
HLA-A*24:02,IHMENVTENF,0,10,0.029875142
HLA-A*24:02,IHMGPGRTF,0,9,0.13204248
HLA-A*24:02,IHMGPGRTFF,0,10,0.20441714
HLA-A*24:02,IIGDPRQAF,0,9,0.06495391
HLA-A*24:02,IKPVVSTHF,0,9,0.11280924
HLA-A*24:02,IKYLGNLLLY,0,10,0.008260262
HLA-A*24:02,ILENVTEYF,0,9,0.04323352
HLA-A*24:02,ILHLDYKSF,0,9,0.037511732
HLA-A*24:02,ILHSDYKSF,0,9,0.040061437
HLA-A*24:02,ILPCRIKQF,0,9,0.19798458
HLA-A*24:02,IRIGPGQTF,0,9,0.10463165
HLA-A*24:02,ISFDPIPIHY,0,10,0.009333794
HLA-A*24:02,ISIGPGQVF,0,9,0.039989743
HLA-A*24:02,ITFDPIPIHY,0,10,0.017260307
HLA-A*24:02,ITIGPGQVF,0,9,0.0753511
HLA-A*24:02,ITIGPGRAF,0,9,0.05647442
HLA-A*24:02,ITMGPGQAF,0,9,0.035435095
HLA-A*24:02,IWAGRELERF,0,10,0.15408364
HLA-A*24:02,IWASREVERF,0,10,0.14064074
HLA-A*24:02,IWDDLRSLF,0,9,0.13696896
HLA-A*24:02,IWDDLRSLFL,0,10,0.10610466
HLA-A*24:02,IWDKMTWAEW,0,10,0.048006218
HLA-A*24:02,IWDNMTWIEW,0,10,0.05583308
HLA-A*24:02,IWDNMTWTEW,0,10,0.062873535
HLA-A*24:02,IWDNMTWTQW,0,10,0.06441914
HLA-A*24:02,IWDNMTWVEW,0,10,0.066345505
HLA-A*24:02,IWENMTWIEW,0,10,0.05680733
HLA-A*24:02,IWENMTWIQW,0,10,0.057606045
HLA-A*24:02,IWENMTWMEW,0,10,0.047092624
HLA-A*24:02,IWGNMTWIEW,0,10,0.10957926
HLA-A*24:02,IWGNMTWIQW,0,10,0.13317294
HLA-A*24:02,IWGNMTWTQW,0,10,0.1401203
HLA-A*24:02,IWHNMTWIEW,0,10,0.15164469
HLA-A*24:02,IWKNMTWIEW,0,10,0.260124
HLA-A*24:02,IWNNLTWVEW,0,10,0.16629657
HLA-A*24:02,IWNNMTWIEW,0,10,0.13800476
HLA-A*24:02,IWNNMTWIQW,0,10,0.15731876
HLA-A*24:02,IWNNMTWMQW,0,10,0.14803195
HLA-A*24:02,IWNNMTWTEW,0,10,0.14370504
HLA-A*24:02,IWNNMTWVEW,0,10,0.16348839
HLA-A*24:02,IWQRMTWIQW,0,10,0.118960775
HLA-A*24:02,IYAPPISGKI,0,10,0.10137367
HLA-A*24:02,IYAPPISGNI,0,10,0.13150759
HLA-A*24:02,IYDILTESQI,0,10,0.04233234
HLA-A*24:02,IYELLTVSQI,0,10,0.046626203
HLA-A*24:02,IYHRLRDFI,0,9,0.26288313
HLA-A*24:02,IYHRLRDFIL,0,10,0.21055436
HLA-A*24:02,IYKRWIILGL,0,10,0.31319
HLA-A*24:02,IYKRWIIMGL,0,10,0.34860498
HLA-A*24:02,IYKRWIVLGL,0,10,0.2854966
HLA-A*24:02,IYKRWLILGL,0,10,0.33763865
HLA-A*24:02,IYLENVTENF,0,10,0.33801576
HLA-A*24:02,IYMENVTEDF,0,10,0.20086263
HLA-A*24:02,IYSLLEESQI,0,10,0.09536747
HLA-A*24:02,IYWGQELKI,0,9,0.15523748
HLA-A*24:02,IYWIQELKI,0,9,0.1977707
HLA-A*24:02,KAYALFYKL,0,9,0.051855844
HLA-A*24:02,KEHFNGSITF,0,10,0.017583018
HLA-A*24:02,KFHALFYKL,0,9,0.18344282
HLA-A*24:02,KFLGNLLLY,0,9,0.091339536
HLA-A*24:02,KFLGNLLLYW,0,10,0.3071136
HLA-A*24:02,KFYALFYKL,0,9,0.17722036
HLA-A*24:02,KHFINKNITF,0,10,0.09510728
HLA-A*24:02,KHFNKTIVF,0,9,0.10770913
HLA-A*24:02,KHFTGNISF,0,9,0.04681948
HLA-A*24:02,KHYMLKHLVW,0,10,0.10517899
HLA-A*24:02,KIKQIINLW,0,9,0.14330377
HLA-A*24:02,KKYHMKHLVW,0,10,0.06456891
HLA-A*24:02,KKYQLKHIVW,0,10,0.071284205
HLA-A*24:02,KLDKWSSLW,0,9,0.037790637
HLA-A*24:02,KLDQWASLW,0,9,0.031202069
HLA-A*24:02,KLENVTVNF,0,9,0.074081585
HLA-A*24:02,KLTSTETLF,0,9,0.026708782
HLA-A*24:02,KMQQVHALF,0,9,0.2500144
HLA-A*24:02,KQACPKISF,0,9,0.035143822
HLA-A*24:02,KQACPKITF,0,9,0.053952068
HLA-A*24:02,KQACPKMSF,0,9,0.02404861
HLA-A*24:02,KQACPKVSF,0,9,0.033815555
HLA-A*24:02,KQHKVHALF,0,9,0.07685428
HLA-A*24:02,KQIWDNMTW,0,9,0.06338556
HLA-A*24:02,KQKKVHALF,0,9,0.122537985
HLA-A*24:02,KQQEVYALF,0,9,0.12035661
HLA-A*24:02,KQQKAYALF,0,9,0.082554884
HLA-A*24:02,KQQKVHALF,0,9,0.12577932
HLA-A*24:02,KQRKVQALF,0,9,0.05508984
HLA-A*24:02,KQRNVHALF,0,9,0.10406744
HLA-A*24:02,KQYKIKHLVW,0,10,0.08558003
HLA-A*24:02,KRFNKETVKF,0,10,0.109807074
HLA-A*24:02,KRQKVYALF,0,9,0.12372613
HLA-A*24:02,KRQQVHALF,0,9,0.07368577
HLA-A*24:02,KRYKLKHIVW,0,10,0.13488205
HLA-A*24:02,KSYDEIWKNM,0,10,0.018339401
HLA-A*24:02,KSYDEIWNNM,0,10,0.023302373
HLA-A*24:02,KSYEEIWENM,0,10,0.012562296
HLA-A*24:02,KSYEEIWNNM,0,10,0.010903877
HLA-A*24:02,KSYKEIWDNM,0,10,0.02653212
HLA-A*24:02,KTISVVTLL,0,9,0.032521643
HLA-A*24:02,KTYEDIWNNM,0,10,0.018916043
HLA-A*24:02,KTYKDIWENM,0,10,0.041991513
HLA-A*24:02,KTYKLKHIVW,0,10,0.12419261
HLA-A*24:02,KTYQEIWDNM,0,10,0.017454019
HLA-A*24:02,KVHALFYTL,0,9,0.05827709
HLA-A*24:02,KVQALFYRL,0,9,0.06479756
HLA-A*24:02,KVSALFYKL,0,9,0.06285759
HLA-A*24:02,KVYALFYKL,0,9,0.07021792
HLA-A*24:02,KWANLWNWF,0,9,0.20326523
HLA-A*24:02,KWASLWNWF,0,9,0.16194132
HLA-A*24:02,KWASLWSWF,0,9,0.14061096
HLA-A*24:02,KWASLWTWF,0,9,0.18260257
HLA-A*24:02,KWKEVLEQV,0,9,0.06306505
HLA-A*24:02,KWKEVLTQV,0,9,0.07231079
HLA-A*24:02,KWKKTLDQV,0,9,0.029431999
HLA-A*24:02,KWLWYIKIF,0,9,0.34100795
HLA-A*24:02,KWLWYIRIF,0,9,0.34825584
HLA-A*24:02,KWNDVLTQV,0,9,0.039806724
HLA-A*24:02,KWNETINQV,0,9,0.041837115
HLA-A*24:02,KWNETLKQV,0,9,0.020537209
HLA-A*24:02,KWNKTLEQV,0,9,0.01969866
HLA-A*24:02,KWNKTLKQV,0,9,0.026362276
HLA-A*24:02,KWNPILPTC,0,9,0.05488775
HLA-A*24:02,KWSSLWSWF,0,9,0.16258053
HLA-A*24:02,KWTNLWNWF,0,9,0.3027034
HLA-A*24:02,KWTSLWNWF,0,9,0.25239128
HLA-A*24:02,KWTSLWSWF,0,9,0.19803657
HLA-A*24:02,KWTTVLEQV,0,9,0.031571496
HLA-A*24:02,KWYEVLRNV,0,9,0.03754462
HLA-A*24:02,KYENPCKKM,0,9,0.0466946
HLA-A*24:02,KYHMKHLVW,0,9,0.495676
HLA-A*24:02,KYKIKHLVW,0,9,0.67057973
HLA-A*24:02,KYKLKHIVW,0,9,0.6586257
HLA-A*24:02,KYKMKHLIW,0,9,0.49601322
HLA-A*24:02,KYKMKHLVW,0,9,0.5792214
HLA-A*24:02,KYKMRHLVW,0,9,0.5607398
HLA-A*24:02,KYKNPCKKM,0,9,0.11946076
HLA-A*24:02,KYKVIQIEPL,0,10,0.23211591
HLA-A*24:02,KYKVVEIEPL,0,10,0.19876091
HLA-A*24:02,KYKVVEIKPL,0,10,0.12232123
HLA-A*24:02,KYKVVQIEPL,0,10,0.25517598
HLA-A*24:02,KYLGNLLAY,0,9,0.078068145
HLA-A*24:02,KYLGNLLAYW,0,10,0.5600034
HLA-A*24:02,KYLGNLLGY,0,9,0.16168657
HLA-A*24:02,KYLGNLLGYW,0,10,0.52406746
HLA-A*24:02,KYLGNLLIY,0,9,0.14213441
HLA-A*24:02,KYLGNLLIYW,0,10,0.6532506
HLA-A*24:02,KYLGNLLLY,0,9,0.24211039
HLA-A*24:02,KYLGNLLLYW,0,10,0.5773188
HLA-A*24:02,KYLGNLLVY,0,9,0.16647317
HLA-A*24:02,KYLGNLLVYW,0,10,0.64791375
HLA-A*24:02,KYLGSLLVY,0,9,0.12839541
HLA-A*24:02,KYLGSLLVYW,0,10,0.62926006
HLA-A*24:02,KYLGSLVQY,0,9,0.22923234
HLA-A*24:02,KYLGSLVQYW,0,10,0.59786886
HLA-A*24:02,KYLWNLLLY,0,9,0.22973986
HLA-A*24:02,KYLWNLLLYW,0,10,0.2671271
HLA-A*24:02,KYQLKHIVW,0,9,0.59682834
HLA-A*24:02,KYRIKHLVW,0,9,0.57777965
HLA-A*24:02,KYRLKHLIW,0,9,0.4196711
HLA-A*24:02,KYRLKHLVW,0,9,0.52232784
HLA-A*24:02,KYRLKHVVW,0,9,0.6454585
HLA-A*24:02,KYRMKHIVW,0,9,0.5489755
HLA-A*24:02,KYRMKHLMW,0,9,0.4579375
HLA-A*24:02,KYRMKHLVW,0,9,0.4825571
HLA-A*24:02,KYSFGEYITI,0,10,0.18180037
HLA-A*24:02,KYSFGEYMTI,0,10,0.1576839
HLA-A*24:02,KYWGNLLQY,0,9,0.060955852
HLA-A*24:02,KYWGNLLQYW,0,10,0.43719557
HLA-A*24:02,LAWDDLRSLW,0,10,0.034154754
HLA-A*24:02,LFLFSYHRL,0,9,0.11646708
HLA-A*24:02,LFNATAITI,0,9,0.07244277
HLA-A*24:02,LFNDKQKVTF,0,10,0.3440883
HLA-A*24:02,LFNITTISF,0,9,0.11412449
HLA-A*24:02,LFNSVATLW,0,9,0.19236413
HLA-A*24:02,LFNTIATLW,0,9,0.17852005
HLA-A*24:02,LFNTIAVLW,0,9,0.1891514
HLA-A*24:02,LFNTIVVLW,0,9,0.22257881
HLA-A*24:02,LFNTLVTLW,0,9,0.19590043
HLA-A*24:02,LFNTTNITF,0,9,0.1767882
HLA-A*24:02,LFNTVATLW,0,9,0.21877618
HLA-A*24:02,LFNTVVTLW,0,9,0.23975433
HLA-A*24:02,LFWDDLRSL,0,9,0.061024703
HLA-A*24:02,LFWEDLRSL,0,9,0.047359206
HLA-A*24:02,LFYKLDIVSL,0,10,0.088357486
HLA-A*24:02,LFYKPGDII,0,9,0.033562373
HLA-A*24:02,LIWDDLRSLF,0,10,0.048726596
HLA-A*24:02,LLANVTENF,0,9,0.05834645
HLA-A*24:02,LWLFSYHRL,0,9,0.10282607
HLA-A*24:02,LWNTIATLW,0,9,0.15097438
HLA-A*24:02,LWQEVGQAM,0,9,0.009225748
HLA-A*24:02,LWYIKIFII,0,9,0.12404438
HLA-A*24:02,LYAPPISGV,0,9,0.048098754
HLA-A*24:02,LYAPPISGVI,0,10,0.08428072
HLA-A*24:02,LYDKPLYEV,0,9,0.042704064
HLA-A*24:02,LYDKPLYKV,0,9,0.048581965
HLA-A*24:02,LYDTAAIAI,0,9,0.028075615
HLA-A*24:02,LYEVNSTMTL,0,10,0.06459964
HLA-A*24:02,LYHRLRDFI,0,9,0.21561484
HLA-A*24:02,LYHRLRDFIF,0,10,0.23896529
HLA-A*24:02,LYHRLRDFTL,0,10,0.23438035
HLA-A*24:02,LYISCTANSW,0,10,0.23331511
HLA-A*24:02,LYKVNSTMTL,0,10,0.30092525
HLA-A*24:02,LYKYKVIQI,0,9,0.38229963
HLA-A*24:02,LYKYKVVEI,0,9,0.39532185
HLA-A*24:02,LYKYKVVKI,0,9,0.42780894
HLA-A*24:02,LYKYKVVKL,0,9,0.540799
HLA-A*24:02,LYKYKVVQI,0,9,0.4037401
HLA-A*24:02,LYLENVTENF,0,10,0.30996656
HLA-A*24:02,LYNTIAVLW,0,9,0.47716576
HLA-A*24:02,LYNTIAVLY,0,9,0.10990336
HLA-A*24:02,LYNTIVTLW,0,9,0.51902425
HLA-A*24:02,LYNTVATLW,0,9,0.4527007
HLA-A*24:02,LYNTVSVLY,0,9,0.09951409
HLA-A*24:02,LYNTVVTLL,0,9,0.4348434
HLA-A*24:02,LYNTVVTLW,0,9,0.5029426
HLA-A*24:02,LYRRLRDLI,0,9,0.19890535
HLA-A*24:02,LYRRLSDFI,0,9,0.21188392
HLA-A*24:02,LYWGQELKI,0,9,0.096001424
HLA-A*24:02,LYWGRELKI,0,9,0.122942254
HLA-A*24:02,LYWSRELKI,0,9,0.11725615
HLA-A*24:02,LYYQGSCYI,0,9,0.07449762
HLA-A*24:02,LYYQGSCYIL,0,10,0.1413837
HLA-A*24:02,MHEDIISLW,0,9,0.044565655
HLA-A*24:02,MHEDVINLW,0,9,0.054505978
HLA-A*24:02,MHEDVISLW,0,9,0.045021925
HLA-A*24:02,MQEDIISLW,0,9,0.025420664
HLA-A*24:02,MQEDVISLW,0,9,0.022527771
HLA-A*24:02,MSFDPIPIHY,0,10,0.0054837647
HLA-A*24:02,MTIGPGQVF,0,9,0.03166185
HLA-A*24:02,MTMGLGHVF,0,9,0.068984605
HLA-A*24:02,MWASKELERF,0,10,0.06465308
HLA-A*24:02,MWQAVGQAM,0,9,0.012509556
HLA-A*24:02,MWQEVGQAM,0,9,0.010235091
HLA-A*24:02,MWQEVGRAM,0,9,0.0146239055
HLA-A*24:02,MWQGVGQAI,0,9,0.01897191
HLA-A*24:02,MWQGVGQAM,0,9,0.010147251
HLA-A*24:02,MWQGVGQTL,0,9,0.08616358
HLA-A*24:02,MWQRAGQAI,0,9,0.018315477
HLA-A*24:02,MWQRTGQAM,0,9,0.012450842
HLA-A*24:02,MWQRVGQAM,0,9,0.016973294
HLA-A*24:02,MYAPPIAGNI,0,10,0.07133911
HLA-A*24:02,MYAPPIEGKI,0,10,0.04885604
HLA-A*24:02,MYAPPIEGV,0,9,0.051439118
HLA-A*24:02,MYAPPIEGVI,0,10,0.056279574
HLA-A*24:02,MYAPPIKGI,0,9,0.15218054
HLA-A*24:02,MYAPPIKGII,0,10,0.04106805
HLA-A*24:02,MYAPPIQGSI,0,10,0.042259008
HLA-A*24:02,MYAPPIRGI,0,9,0.12338126
HLA-A*24:02,MYAPPIRGIV,0,10,0.026328597
HLA-A*24:02,MYAPPIRGL,0,9,0.19319619
HLA-A*24:02,MYAPPIRGLI,0,10,0.056478046
HLA-A*24:02,MYAPPIRGQI,0,10,0.069625504
HLA-A*24:02,MYAPPIRGRI,0,10,0.05850929
HLA-A*24:02,MYAPPISGHI,0,10,0.06022652
HLA-A*24:02,MYAPPISGI,0,9,0.121251054
HLA-A*24:02,MYAPPISGII,0,10,0.046989467
HLA-A*24:02,MYAPPISGKI,0,10,0.053186826
HLA-A*24:02,MYAPPISGNI,0,10,0.06167373
HLA-A*24:02,MYAPPISGQI,0,10,0.052363705
HLA-A*24:02,MYAPPISGRI,0,10,0.037813097
HLA-A*24:02,MYAPPISGRL,0,10,0.06578553
HLA-A*24:02,MYAPPISGSI,0,10,0.04221447
HLA-A*24:02,MYAPPISGTI,0,10,0.062519066
HLA-A*24:02,MYAPPVEGKI,0,10,0.0539426
HLA-A*24:02,MYAPPVRGI,0,9,0.10891082
HLA-A*24:02,MYAPPVRGII,0,10,0.0562435
HLA-A*24:02,MYAPPVSGNI,0,10,0.06442711
HLA-A*24:02,MYAPPVSGQI,0,10,0.05052161
HLA-A*24:02,MYLENVTENF,0,10,0.2649237
HLA-A*24:02,MYNPPVQGHI,0,10,0.09175222
HLA-A*24:02,MYNPVSILDI,0,10,0.15672278
HLA-A*24:02,MYNQQGKMV,0,9,0.06256158
HLA-A*24:02,MYQPVGILDI,0,10,0.13782729
HLA-A*24:02,MYQPVSILDI,0,10,0.12743701
HLA-A*24:02,MYRPVGILDI,0,10,0.15880243
HLA-A*24:02,MYRPVSILDI,0,10,0.15052308
HLA-A*24:02,MYSPISILDI,0,10,0.096122585
HLA-A*24:02,MYSPSSILDI,0,10,0.07955777
HLA-A*24:02,MYSPTSILDI,0,10,0.08463027
HLA-A*24:02,MYSPVGILDI,0,10,0.11463
HLA-A*24:02,MYSPVNILDI,0,10,0.11690379
HLA-A*24:02,MYSPVSILDI,0,10,0.106780075
HLA-A*24:02,MYTPPSKGPI,0,10,0.0493953
HLA-A*24:02,MYYAKRMLF,0,9,0.3460627
HLA-A*24:02,MYYAKRMLFT,0,10,0.11840908
HLA-A*24:02,MYYAKRMLL,0,9,0.249787
HLA-A*24:02,NEYFNGTIQF,0,10,0.01477095
HLA-A*24:02,NIGPGQMLF,0,9,0.026446676
HLA-A*24:02,NIGPGQVLF,0,9,0.04153656
HLA-A*24:02,NLFNTTNLF,0,9,0.020780126
HLA-A*24:02,NWFDISKWL,0,9,0.039681766
HLA-A*24:02,NWFDISKWLW,0,10,0.17870249
HLA-A*24:02,NWFDISNWL,0,9,0.037019797
HLA-A*24:02,NWFDISNWLW,0,10,0.16178729
HLA-A*24:02,NWFDISRWL,0,9,0.039144207
HLA-A*24:02,NWFDISRWLW,0,10,0.23600776
HLA-A*24:02,NWFDITKWL,0,9,0.040409513
HLA-A*24:02,NWFDITKWLW,0,10,0.1701949
HLA-A*24:02,NWFDITNWL,0,9,0.031864464
HLA-A*24:02,NWFDITNWLW,0,10,0.15271497
HLA-A*24:02,NWFDITQWL,0,9,0.026328387
HLA-A*24:02,NWFDITQWLW,0,10,0.12754668
HLA-A*24:02,NWFDITRWL,0,9,0.03855751
HLA-A*24:02,NWFDITRWLW,0,10,0.2306085
HLA-A*24:02,NWFEITNWL,0,9,0.030866364
HLA-A*24:02,NWFEITNWLW,0,10,0.101625375
HLA-A*24:02,NWFGITKWLW,0,10,0.15062466
HLA-A*24:02,NWFNITNWL,0,9,0.04136271
HLA-A*24:02,NWFNITNWLW,0,10,0.15157141
HLA-A*24:02,NWFSISNWL,0,9,0.043090753
HLA-A*24:02,NWFSISNWLW,0,10,0.124207936
HLA-A*24:02,NWFSITNWL,0,9,0.03427451
HLA-A*24:02,NWFSITNWLW,0,10,0.10753768
HLA-A*24:02,NWFSITSWL,0,9,0.023083132
HLA-A*24:02,NWFSITSWLW,0,10,0.09641957
HLA-A*24:02,NWLWYIKIF,0,9,0.27450195
HLA-A*24:02,NWLWYIKLF,0,9,0.28843728
HLA-A*24:02,NWLWYIRIF,0,9,0.2777824
HLA-A*24:02,NWMTETLLV,0,9,0.022851542
HLA-A*24:02,NYNNSIGNI,0,9,0.23830518
HLA-A*24:02,NYNNTKNVM,0,9,0.26754457
HLA-A*24:02,NYSSQIYDI,0,9,0.218135
HLA-A*24:02,NYSSQIYDIL,0,10,0.15720496
HLA-A*24:02,NYTAQIYEI,0,9,0.3252139
HLA-A*24:02,NYTAQIYEIL,0,10,0.26466638
HLA-A*24:02,NYTDQIYAL,0,9,0.48354787
HLA-A*24:02,NYTDQIYALI,0,10,0.17116109
HLA-A*24:02,NYTDQIYDI,0,9,0.24575703
HLA-A*24:02,NYTDQIYDIL,0,10,0.21511626
HLA-A*24:02,NYTDQIYEI,0,9,0.3464251
HLA-A*24:02,NYTDQIYEIL,0,10,0.2900619
HLA-A*24:02,NYTDQIYEL,0,9,0.4894278
HLA-A*24:02,NYTDQIYELL,0,10,0.298234
HLA-A*24:02,NYTDTIYTL,0,9,0.515741
HLA-A*24:02,NYTDTIYTLL,0,10,0.29665354
HLA-A*24:02,NYTGLIYEI,0,9,0.39202708
HLA-A*24:02,NYTGLIYEIL,0,10,0.33958688
HLA-A*24:02,NYTHQIYEI,0,9,0.26439786
HLA-A*24:02,NYTHQIYEIL,0,10,0.18004663
HLA-A*24:02,NYTNIIYDI,0,9,0.34781766
HLA-A*24:02,NYTNIIYDIL,0,10,0.29756814
HLA-A*24:02,NYTNIIYDL,0,9,0.49557185
HLA-A*24:02,NYTNIIYDLL,0,10,0.28164926
HLA-A*24:02,NYTNIIYEL,0,9,0.56600267
HLA-A*24:02,NYTNIIYELL,0,10,0.34591275
HLA-A*24:02,NYTNQIYAI,0,9,0.34748313
HLA-A*24:02,NYTNQIYAIL,0,10,0.2571183
HLA-A*24:02,NYTNQIYDI,0,9,0.29194084
HLA-A*24:02,NYTNQIYDIL,0,10,0.23715816
HLA-A*24:02,NYTNQIYDL,0,9,0.43438053
HLA-A*24:02,NYTNQIYDLI,0,10,0.14350918
HLA-A*24:02,NYTNQIYDLL,0,10,0.21452104
HLA-A*24:02,NYTNQIYEI,0,9,0.3679747
HLA-A*24:02,NYTNQIYEIL,0,10,0.28238577
HLA-A*24:02,NYTNQIYGI,0,9,0.33881262
HLA-A*24:02,NYTNQIYGIL,0,10,0.22323921
HLA-A*24:02,NYTNQIYQL,0,9,0.5237361
HLA-A*24:02,NYTNQIYQLL,0,10,0.25121373
HLA-A*24:02,NYTSKIYDL,0,9,0.40294346
HLA-A*24:02,NYTSKIYDLL,0,10,0.17732085
HLA-A*24:02,NYTSKIYEL,0,9,0.4620346
HLA-A*24:02,NYTSKIYELL,0,10,0.23987737
HLA-A*24:02,NYTSQIYDI,0,9,0.24012052
HLA-A*24:02,NYTSQIYDIL,0,10,0.19486235
HLA-A*24:02,NYTSQIYEI,0,9,0.292116
HLA-A*24:02,NYTSQIYEIL,0,10,0.2212228
HLA-A*24:02,NYTSQIYEL,0,9,0.42250535
HLA-A*24:02,NYTSQIYELI,0,10,0.12861012
HLA-A*24:02,NYTYKIYSL,0,9,0.43242803
HLA-A*24:02,NYTYKIYSLL,0,10,0.21735063
HLA-A*24:02,PFRDYVDRF,0,9,0.19509092
HLA-A*24:02,PFREYVDRF,0,9,0.14312002
HLA-A*24:02,PFSPRTLNAW,0,10,0.16291626
HLA-A*24:02,PVWKEATTTL,0,10,0.019491319
HLA-A*24:02,PYNNTRTSI,0,9,0.29119703
HLA-A*24:02,QFENKTIRF,0,9,0.080788754
HLA-A*24:02,QFYSLFYKI,0,9,0.048647907
HLA-A*24:02,QGYSPLSFQI,0,10,0.010406124
HLA-A*24:02,QGYSPLSLQI,0,10,0.0070925136
HLA-A*24:02,QGYSPVSFQI,0,10,0.011573964
HLA-A*24:02,QHLLQLTVW,0,9,0.12307836
HLA-A*24:02,QHMLQLTVW,0,9,0.10111872
HLA-A*24:02,QLNKTTIIF,0,9,0.04103113
HLA-A*24:02,QLSEWASLW,0,9,0.024862
HLA-A*24:02,QVAGTGVQF,0,9,0.018153789
HLA-A*24:02,QWASLWNWF,0,9,0.101799965
HLA-A*24:02,QWLWYIKIF,0,9,0.20237803
HLA-A*24:02,QWNNTLKRI,0,9,0.039753947
HLA-A*24:02,QYEQEIESL,0,9,0.033750884
HLA-A*24:02,QYKIKHLVW,0,9,0.4665719
HLA-A*24:02,QYRLKHLVW,0,9,0.36240712
HLA-A*24:02,RDYVDRFYKV,0,10,0.023420585
HLA-A*24:02,REQKVYALF,0,9,0.0763384
HLA-A*24:02,RFAINPGLL,0,9,0.1170131
HLA-A*24:02,RFALDPGLL,0,9,0.077767454
HLA-A*24:02,RFALNPELL,0,9,0.1293764
HLA-A*24:02,RFALNPGLL,0,9,0.10764126
HLA-A*24:02,RFALNPSLL,0,9,0.13175172
HLA-A*24:02,RFAVDPGLL,0,9,0.0863213
HLA-A*24:02,RFAVNPGLL,0,9,0.12253011
HLA-A*24:02,RFGRALLHI,0,9,0.095976524
HLA-A*24:02,RFNKETVKF,0,9,0.29493478
HLA-A*24:02,RGWEGLKYLW,0,10,0.08560447
HLA-A*24:02,RHLRDFILI,0,9,0.08403804
HLA-A*24:02,RIKQIINLW,0,9,0.19811831
HLA-A*24:02,RLENVTENF,0,9,0.05988119
HLA-A*24:02,RLVSGFLALF,0,10,0.08223341
HLA-A*24:02,RMTMGLGHVF,0,10,0.12159792
HLA-A*24:02,RMWQGVGQTL,0,10,0.052515022
HLA-A*24:02,RMYSPVNIL,0,9,0.03330173
HLA-A*24:02,RQACPKMSF,0,9,0.034611896
HLA-A*24:02,RQACPKVSF,0,9,0.044101123
HLA-A*24:02,RQGYSPLFF,0,9,0.07606323
HLA-A*24:02,RQGYSPLSF,0,9,0.037101477
HLA-A*24:02,RQGYSPVSF,0,9,0.05361664
HLA-A*24:02,RQREAYALF,0,9,0.11026983
HLA-A*24:02,RSYEEIWNNL,0,10,0.027947823
HLA-A*24:02,RVIEAAQRF,0,9,0.064293444
HLA-A*24:02,RVIEVTQRI,0,9,0.052248538
HLA-A*24:02,RVIEVVQRTW,0,10,0.037371777
HLA-A*24:02,RVYALFYKL,0,9,0.080867164
HLA-A*24:02,RWASLWNWF,0,9,0.18821351
HLA-A*24:02,RWLWYIKIF,0,9,0.38357806
HLA-A*24:02,RWMTSNPPI,0,9,0.09881473
HLA-A*24:02,RYKLKHIVW,0,9,0.67634135
HLA-A*24:02,RYLEDQKFL,0,9,0.47168595
HLA-A*24:02,RYLKDQKFL,0,9,0.49654955
HLA-A*24:02,RYLKDQQFL,0,9,0.6010288
HLA-A*24:02,RYLKDQQLL,0,9,0.52419573
HLA-A*24:02,RYLKDQRFL,0,9,0.5135496
HLA-A*24:02,RYLKDQRLL,0,9,0.41666883
HLA-A*24:02,RYLKDQTFL,0,9,0.58174706
HLA-A*24:02,RYLKDQTLL,0,9,0.48744705
HLA-A*24:02,RYLQDQKFL,0,9,0.3967007
HLA-A*24:02,RYLRDQQLL,0,9,0.39423284
HLA-A*24:02,RYLRDQRLL,0,9,0.32973123
HLA-A*24:02,RYLSDQKFL,0,9,0.477352
HLA-A*24:02,RYRLKHIVW,0,9,0.6085868
HLA-A*24:02,SEWASLWNWF,0,10,0.03696387
HLA-A*24:02,SFDDIWNNM,0,9,0.028137332
HLA-A*24:02,SFDPIPIHY,0,9,0.015784232
HLA-A*24:02,SFEPIPIHY,0,9,0.0112094
HLA-A*24:02,SFNCGGEFF,0,9,0.24377702
HLA-A*24:02,SFNDKQKVTF,0,10,0.29252675
HLA-A*24:02,SFNMTTELI,0,9,0.02661301
HLA-A*24:02,SFRIGPGQVF,0,10,0.17783423
HLA-A*24:02,SFSPEVIPM,0,9,0.0128142815
HLA-A*24:02,SFSPEVIPMF,0,10,0.112158045
HLA-A*24:02,SFTCGGEFF,0,9,0.22571787
HLA-A*24:02,SIHMGPGRTF,0,10,0.036353003
HLA-A*24:02,SIPIGPGQVF,0,10,0.04069228
HLA-A*24:02,SLFNSVATLW,0,10,0.035835423
HLA-A*24:02,SLFNTIATLW,0,10,0.020627793
HLA-A*24:02,SLFNTIAVLW,0,10,0.027314132
HLA-A*24:02,SLFNTIVVLW,0,10,0.040159065
HLA-A*24:02,SLFNTLVTLW,0,10,0.024470523
HLA-A*24:02,SLFNTVATLW,0,10,0.027590105
HLA-A*24:02,SLFNTVVTLW,0,10,0.031315334
HLA-A*24:02,SLWNTIATLW,0,10,0.026099179
HLA-A*24:02,SLYNTIAVLW,0,10,0.034949582
HLA-A*24:02,SLYNTIVTLW,0,10,0.031808037
HLA-A*24:02,SLYNTVATLW,0,10,0.029544724
HLA-A*24:02,SLYNTVSVLY,0,10,0.006135552
HLA-A*24:02,SLYNTVVTLL,0,10,0.019517537
HLA-A*24:02,SLYNTVVTLW,0,10,0.03609064
HLA-A*24:02,SNYTDQIYAL,0,10,0.017039584
HLA-A*24:02,SNYTDQIYEI,0,10,0.01628622
HLA-A*24:02,SNYTDQIYEL,0,10,0.023044188
HLA-A*24:02,SNYTDTIYTL,0,10,0.024479466
HLA-A*24:02,SNYTGLIYEI,0,10,0.023614451
HLA-A*24:02,SNYTHQIYEI,0,10,0.02073604
HLA-A*24:02,SNYTNIIYDL,0,10,0.022001328
HLA-A*24:02,SNYTNQIYAI,0,10,0.016470999
HLA-A*24:02,SNYTNQIYEI,0,10,0.020281762
HLA-A*24:02,SNYTNQIYQL,0,10,0.026527984
HLA-A*24:02,SNYTSKIYDL,0,10,0.017411077
HLA-A*24:02,SNYTSKIYEL,0,10,0.022311067
HLA-A*24:02,SNYTSQIYEI,0,10,0.01855864
HLA-A*24:02,SNYTSQIYEL,0,10,0.02563048
HLA-A*24:02,STLQEQITW,0,9,0.030237574
HLA-A*24:02,STRIGPGQTF,0,10,0.047520835
HLA-A*24:02,SWEQIWHNM,0,9,0.019515945
HLA-A*24:02,SWFDITKWL,0,9,0.036363866
HLA-A*24:02,SWFDITKWLW,0,10,0.13745116
HLA-A*24:02,SWFDITNWL,0,9,0.02563827
HLA-A*24:02,SWFDITNWLW,0,10,0.1174391
HLA-A*24:02,SWFEITKWL,0,9,0.03059812
HLA-A*24:02,SWFEITKWLW,0,10,0.10126485
HLA-A*24:02,SWFSISNWL,0,9,0.028742626
HLA-A*24:02,SWFSISNWLW,0,10,0.09643837
HLA-A*24:02,SWFSITNWL,0,9,0.022251679
HLA-A*24:02,SWFSITNWLW,0,10,0.0867812
HLA-A*24:02,SWKNLWNWF,0,9,0.2115872
HLA-A*24:02,SWLWYIKIF,0,9,0.1970108
HLA-A*24:02,SYDDIWGNM,0,9,0.059445325
HLA-A*24:02,SYDEIWGNM,0,9,0.04409616
HLA-A*24:02,SYDEIWKNM,0,9,0.07490277
HLA-A*24:02,SYDEIWNNM,0,9,0.07210667
HLA-A*24:02,SYEDIWDKM,0,9,0.085918024
HLA-A*24:02,SYEEIWENM,0,9,0.0849288
HLA-A*24:02,SYEEIWGNM,0,9,0.061670084
HLA-A*24:02,SYEEIWNNL,0,9,0.1799045
HLA-A*24:02,SYEEIWNNM,0,9,0.08647908
HLA-A*24:02,SYEKIWNNM,0,9,0.092476614
HLA-A*24:02,SYHLLRDFTL,0,10,0.18728074
HLA-A*24:02,SYHLLRDLL,0,9,0.16618583
HLA-A*24:02,SYHRLRDFI,0,9,0.1627609
HLA-A*24:02,SYHRLRDFIL,0,10,0.13017939
HLA-A*24:02,SYHRLRDFL,0,9,0.22426568
HLA-A*24:02,SYHRLRDFLL,0,10,0.13684171
HLA-A*24:02,SYHRLRDFSL,0,10,0.116420135
HLA-A*24:02,SYHRLRDFV,0,9,0.057721037
HLA-A*24:02,SYHRLRDFVL,0,10,0.16218507
HLA-A*24:02,SYHRLRDLL,0,9,0.15759759
HLA-A*24:02,SYHRLRDLLL,0,10,0.07385324
HLA-A*24:02,SYHRLRDLTL,0,10,0.11188741
HLA-A*24:02,SYHRLSDLL,0,9,0.064893045
HLA-A*24:02,SYHRLSDLLL,0,10,0.048564352
HLA-A*24:02,SYISCTANSW,0,10,0.22489633
HLA-A*24:02,SYISCTDNSW,0,10,0.18035993
HLA-A*24:02,SYKEIWDNM,0,9,0.14935987
HLA-A*24:02,SYKQIWDNM,0,9,0.16992067
HLA-A*24:02,SYRHLRDFI,0,9,0.2978045
HLA-A*24:02,TAVPWNTTW,0,9,0.038893186
HLA-A*24:02,TFDPIPIHY,0,9,0.023573088
HLA-A*24:02,TFFAHGEII,0,9,0.0573915
HLA-A*24:02,TFFKTSPMI,0,9,0.047424044
HLA-A*24:02,TFFRTSPII,0,9,0.034124773
HLA-A*24:02,TFFRTSPMI,0,9,0.037380137
HLA-A*24:02,TFSIGGVIHL,0,10,0.072297275
HLA-A*24:02,TFYATGEII,0,9,0.03893223
HLA-A*24:02,TFYRTGEII,0,9,0.041086376
HLA-A*24:02,THIGPGQVW,0,9,0.10990393
HLA-A*24:02,TLFNTTNITF,0,10,0.050115023
HLA-A*24:02,TLYAPPISGV,0,10,0.0038684302
HLA-A*24:02,TRIGPGQTF,0,9,0.09046834
HLA-A*24:02,TWAEWEKEI,0,9,0.031439953
HLA-A*24:02,TWFDITNWL,0,9,0.043014254
HLA-A*24:02,TWFDITNWLW,0,10,0.16337468
HLA-A*24:02,TWIEWEKEI,0,9,0.069214456
HLA-A*24:02,TWIEWEREI,0,9,0.066592544
HLA-A*24:02,TWIEWEREM,0,9,0.04167578
HLA-A*24:02,TWIQWEREI,0,9,0.058811326
HLA-A*24:02,TWKETLNKV,0,9,0.048147935
HLA-A*24:02,TWMEWEKEI,0,9,0.08429803
HLA-A*24:02,TWMQWDKEI,0,9,0.043724753
HLA-A*24:02,TWTEWEREI,0,9,0.057968535
HLA-A*24:02,TWTQWEREI,0,9,0.035415996
HLA-A*24:02,TWVEWEREI,0,9,0.052879266
HLA-A*24:02,TYANRAVENI,0,10,0.19772795
HLA-A*24:02,TYEAGIGNI,0,9,0.07037191
HLA-A*24:02,TYEDIWNNM,0,9,0.16451521
HLA-A*24:02,TYENITDKI,0,9,0.08532863
HLA-A*24:02,TYHIIIMAL,0,9,0.2621481
HLA-A*24:02,TYKDIWENM,0,9,0.3376939
HLA-A*24:02,TYKLKHIVW,0,9,0.55908495
HLA-A*24:02,TYMDTFFKT,0,9,0.26665023
HLA-A*24:02,TYMDTFFRT,0,9,0.21953739
HLA-A*24:02,TYNSTYNGI,0,9,0.23204824
HLA-A*24:02,TYQEIWDNM,0,9,0.1734433
HLA-A*24:02,TYTQENNGTI,0,10,0.058367603
HLA-A*24:02,VANKLKEHF,0,9,0.07280668
HLA-A*24:02,VFYKTGDII,0,9,0.06777371
HLA-A*24:02,VFYKTGEII,0,9,0.081883095
HLA-A*24:02,VFYKTGSII,0,9,0.07260195
HLA-A*24:02,VFYQTGDII,0,9,0.045735203
HLA-A*24:02,VFYRTGDII,0,9,0.058453295
HLA-A*24:02,VFYRTGEII,0,9,0.0753383
HLA-A*24:02,VFYSRGEII,0,9,0.11369484
HLA-A*24:02,VHIGPGQVF,0,9,0.17036602
HLA-A*24:02,VHLNKSVTI,0,9,0.10514355
HLA-A*24:02,VHWTTYMDTF,0,10,0.08790659
HLA-A*24:02,VIKKLKEHF,0,9,0.14850979
HLA-A*24:02,VINASNETF,0,9,0.073371395
HLA-A*24:02,VLANVTENF,0,9,0.17879483
HLA-A*24:02,VQYEQEIESL,0,10,0.011759003
HLA-A*24:02,VQYKFHKLL,0,9,0.04189726
HLA-A*24:02,VRQGYSPLF,0,9,0.1342668
HLA-A*24:02,VSFDPIPIHY,0,10,0.014236138
HLA-A*24:02,VSKKLAEHF,0,9,0.07064118
HLA-A*24:02,VSKKLQEHF,0,9,0.07522732
HLA-A*24:02,VTAKLKEHF,0,9,0.086162925
HLA-A*24:02,VTIGPGQVF,0,9,0.11134855
HLA-A*24:02,VVGKLGEHF,0,9,0.054361884
HLA-A*24:02,VVGKLKEHF,0,9,0.08571715
HLA-A*24:02,VVKKLETLF,0,9,0.07390373
HLA-A*24:02,VWASRELDRF,0,10,0.14709248
HLA-A*24:02,VWASRELERF,0,10,0.22184046
HLA-A*24:02,VWDDLRSLV,0,9,0.033071894
HLA-A*24:02,VWDDLRSLVL,0,10,0.09862376
HLA-A*24:02,VWKDADTTL,0,9,0.20959118
HLA-A*24:02,VWKDADTTLF,0,10,0.29662964
HLA-A*24:02,VWKDAETTL,0,9,0.23514916
HLA-A*24:02,VWKDAETTLF,0,10,0.2520183
HLA-A*24:02,VWKDAKTTL,0,9,0.3348349
HLA-A*24:02,VWKDAKTTLF,0,10,0.27024943
HLA-A*24:02,VWKDANTTL,0,9,0.24340533
HLA-A*24:02,VWKDANTTLF,0,10,0.30408663
HLA-A*24:02,VWKEATTTL,0,9,0.18752357
HLA-A*24:02,VWKEATTTLF,0,10,0.2083173
HLA-A*24:02,VWRDADTTL,0,9,0.2002112
HLA-A*24:02,VWRDADTTLF,0,10,0.25932965
HLA-A*24:02,VWRDAETTL,0,9,0.24356934
HLA-A*24:02,VWRDAETTLF,0,10,0.23855278
HLA-A*24:02,VWRDANTTL,0,9,0.22253512
HLA-A*24:02,VWRDANTTLF,0,10,0.25879797
HLA-A*24:02,VWRDVVTTL,0,9,0.38760522
HLA-A*24:02,VWRDVVTTLF,0,10,0.2220804
HLA-A*24:02,VWREANTTL,0,9,0.18702398
HLA-A*24:02,VWREANTTLF,0,10,0.14901125
HLA-A*24:02,VWRNAQTTL,0,9,0.29472056
HLA-A*24:02,VWRNAQTTLF,0,10,0.20985937
HLA-A*24:02,VWYRTGEII,0,9,0.099855304
HLA-A*24:02,VYALFYKLDL,0,10,0.14720562
HLA-A*24:02,VYALFYRVNI,0,10,0.31388348
HLA-A*24:02,VYQALSPRTL,0,10,0.3964881
HLA-A*24:02,VYSPVSILDI,0,10,0.23819126
HLA-A*24:02,VYSTCTVPTM,0,10,0.24795471
HLA-A*24:02,VYWAQELKI,0,9,0.23065367
HLA-A*24:02,VYWGQELKI,0,9,0.2285931
HLA-A*24:02,VYWSQELKI,0,9,0.20291635
HLA-A*24:02,WFDISKWLW,0,9,0.052244984
HLA-A*24:02,WFDISNWLW,0,9,0.03388202
HLA-A*24:02,WFDISRWLW,0,9,0.073707186
HLA-A*24:02,WFDITKWLW,0,9,0.05726692
HLA-A*24:02,WFDITNWLW,0,9,0.037344653
HLA-A*24:02,WFDITQWLW,0,9,0.04460867
HLA-A*24:02,WFDITRWLW,0,9,0.07544414
HLA-A*24:02,WFEITKWLW,0,9,0.08960461
HLA-A*24:02,WFEITNWLW,0,9,0.057652194
HLA-A*24:02,WFGITKWLW,0,9,0.18759595
HLA-A*24:02,WFNITNWLW,0,9,0.14668117
HLA-A*24:02,WFSISNWLW,0,9,0.11633084
HLA-A*24:02,WFSITNWLW,0,9,0.10981124
HLA-A*24:02,WFSITSWLW,0,9,0.111238755
HLA-A*24:02,WYIKIFIII,0,9,0.17284797
HLA-A*24:02,WYIKIFIMI,0,9,0.16258489
HLA-A*24:02,WYIKLFIMI,0,9,0.17416827
HLA-A*24:02,WYIRIFIII,0,9,0.13864824
HLA-A*24:02,WYIRIFIMI,0,9,0.13124055
HLA-A*24:02,YFNVWKNNM,0,9,0.17260729
HLA-A*24:02,YHLLRDFTL,0,9,0.092818856
HLA-A*24:02,YLENVTENF,0,9,0.038857788
HLA-A*24:02,YLGNLLLYW,0,9,0.07638173
HLA-A*24:02,YLGNLLVYW,0,9,0.092452206
HLA-A*24:02,YLGSLLVYW,0,9,0.07842529
HLA-A*24:02,YLGSLVQYW,0,9,0.052006125
HLA-A*24:02,YSPLFFQTPF,0,10,0.021951934
HLA-A*24:02,YSPLSFQTHF,0,10,0.028760135
HLA-A*24:02,YSPLSFQTL,0,9,0.028812524
HLA-A*24:02,YSPLSFQTPF,0,10,0.016358625
HLA-A*24:02,YSPLSLQTL,0,9,0.032556333
HLA-A*24:02,YTNQIYQLL,0,9,0.039222274
HLA-A*24:02,YTSKIYELL,0,9,0.052813407
HLA-A*24:02,YTYKIYSLL,0,9,0.024756458
HLA-A*24:02,YWGNLLQYW,0,9,0.18128869
HLA-A*24:02,YYQGSCYIL,0,9,0.3088196
HLA-A*24:02,YYSLDPNAV,0,9,0.044434674
HLA-B*07:02,AAPQDLNMML,0,10,0.0041045574
HLA-B*07:02,AAQRFGRAL,0,9,0.04899472
HLA-B*07:02,ALKTGSAEL,0,9,0.028598422
HLA-B*07:02,APGQIRDPT,0,9,0.086165115
HLA-B*07:02,APGSPTNLEF,0,10,0.010290941
HLA-B*07:02,APKQVAGTG,0,9,0.015306948
HLA-B*07:02,APKQVAGTGV,0,10,0.18511091
HLA-B*07:02,APPISGHISC,0,10,0.0540437
HLA-B*07:02,APQDLNMML,0,9,0.2600882
HLA-B*07:02,APRQVAGTG,0,9,0.05711633
HLA-B*07:02,APRQVAGTGV,0,10,0.3927614
HLA-B*07:02,APRTLNAWV,0,9,0.63470805
HLA-B*07:02,APSGGDLEI,0,9,0.047870725
HLA-B*07:02,APSKAKRRV,0,9,0.1246459
HLA-B*07:02,APSKAKRRVV,0,10,0.31384543
HLA-B*07:02,APSRAKRRV,0,9,0.0602005
HLA-B*07:02,APSRAKRRVV,0,10,0.22669752
HLA-B*07:02,APTEAKRRV,0,9,0.08355998
HLA-B*07:02,APTEAKRRVV,0,10,0.25848532
HLA-B*07:02,APTKAKRRV,0,9,0.09870421
HLA-B*07:02,APTKAKRRVV,0,10,0.2082664
HLA-B*07:02,APTKARRRV,0,9,0.13996415
HLA-B*07:02,APTKARRRVV,0,10,0.21088073
HLA-B*07:02,APTRAKRRV,0,9,0.04321361
HLA-B*07:02,APTRAKRRVV,0,10,0.1442374
HLA-B*07:02,APTRAQRRV,0,9,0.035223573
HLA-B*07:02,APTRAQRRVV,0,10,0.10317962
HLA-B*07:02,APTRARRRV,0,9,0.06739876
HLA-B*07:02,APTRARRRVV,0,10,0.12678151
HLA-B*07:02,APVLSGGKL,0,9,0.11866035
HLA-B*07:02,AQRAGRAIL,0,9,0.21043508
HLA-B*07:02,AQRAGRGVL,0,9,0.12616707
HLA-B*07:02,AQRFGRALL,0,9,0.117604576
HLA-B*07:02,ATPQDLNMML,0,10,0.0031979508
HLA-B*07:02,ATPQDLNSML,0,10,0.0017821547
HLA-B*07:02,ATPQDLNTML,0,10,0.0015194512
HLA-B*07:02,ATPSDLNMML,0,10,0.0039026916
HLA-B*07:02,AVQGAGRAI,0,9,0.03264631
HLA-B*07:02,AVQGAGRAIL,0,10,0.047574673
HLA-B*07:02,CPNAECQPL,0,9,0.052052323
HLA-B*07:02,CPNAKCQPL,0,9,0.0796646
HLA-B*07:02,CPNVECQPL,0,9,0.06583392
HLA-B*07:02,DPDPQEIHM,0,9,0.019784404
HLA-B*07:02,DPNPQEIEL,0,9,0.057815645
HLA-B*07:02,DPNPQEIHL,0,9,0.066334106
HLA-B*07:02,DPNPQEIHM,0,9,0.05898407
HLA-B*07:02,DPNPQEIKL,0,9,0.04311321
HLA-B*07:02,DPNPQEILL,0,9,0.046380848
HLA-B*07:02,DPNPQEIPL,0,9,0.05770684
HLA-B*07:02,DPNPQEIPM,0,9,0.049587548
HLA-B*07:02,DPNPQEIYL,0,9,0.056532938
HLA-B*07:02,DPNPQELIL,0,9,0.061761525
HLA-B*07:02,DPNPQELVL,0,9,0.045172967
HLA-B*07:02,DPNPQELYL,0,9,0.035207454
HLA-B*07:02,DPNPQEMLL,0,9,0.032224562
HLA-B*07:02,DPNPQEMRL,0,9,0.038856648
HLA-B*07:02,DPNPQEMYL,0,9,0.041378945
HLA-B*07:02,DPNPQEVVL,0,9,0.05291653
HLA-B*07:02,DPRQAFCEI,0,9,0.13375978
HLA-B*07:02,DVRDTKEAL,0,9,0.06964823
HLA-B*07:02,EIKDTKEAL,0,9,0.011941318
HLA-B*07:02,EIKRTRMTM,0,9,0.017938988
HLA-B*07:02,ELRNSAISL,0,9,0.06073859
HLA-B*07:02,ELRSLFNTL,0,9,0.03790812
HLA-B*07:02,EPGRDRSVRL,0,10,0.035785023
HLA-B*07:02,EVKDTKEAL,0,9,0.014916693
HLA-B*07:02,EVRDTKEAL,0,9,0.080124475
HLA-B*07:02,FKPPSPGGDL,0,10,0.004562154
HLA-B*07:02,FVTTRTVEL,0,9,0.019862438
HLA-B*07:02,GDPRQAFCEI,0,10,0.0022502088
HLA-B*07:02,GGPGHKARVL,0,10,0.026049098
HLA-B*07:02,GGPNRTNETF,0,10,0.0019651116
HLA-B*07:02,GGPSHKARIL,0,10,0.028275223
HLA-B*07:02,GGPSHKARVL,0,10,0.025820436
HLA-B*07:02,GIRPVVSTQL,0,10,0.043661516
HLA-B*07:02,GPAASLEEM,0,9,0.0420436
HLA-B*07:02,GPAATLEEM,0,9,0.042501826
HLA-B*07:02,GPCHNVSSV,0,9,0.025992634
HLA-B*07:02,GPCKNVSSI,0,9,0.0773505
HLA-B*07:02,GPCKNVSSV,0,9,0.039839823
HLA-B*07:02,GPCKNVSTV,0,9,0.03393714
HLA-B*07:02,GPCNNVSSGL,0,10,0.01568766
HLA-B*07:02,GPCNNVSSV,0,9,0.021385338
HLA-B*07:02,GPCRNVSSV,0,9,0.04457975
HLA-B*07:02,GPCSNVSTV,0,9,0.017005378
HLA-B*07:02,GPCTNVSSV,0,9,0.027836008
HLA-B*07:02,GPCTNVSTV,0,9,0.023966298
HLA-B*07:02,GPGASIEEM,0,9,0.027486902
HLA-B*07:02,GPGASLEEM,0,9,0.021851504
HLA-B*07:02,GPGATLEEM,0,9,0.021123651
HLA-B*07:02,GPGHKARVL,0,9,0.4405193
HLA-B*07:02,GPIRCSSNI,0,9,0.045085583
HLA-B*07:02,GPKEPFRDY,0,9,0.060323603
HLA-B*07:02,GPKEPFRDYV,0,10,0.09382778
HLA-B*07:02,GPKEPFREY,0,9,0.11250449
HLA-B*07:02,GPKEPFREYV,0,10,0.11837851
HLA-B*07:02,GPNNDTEIF,0,9,0.016716456
HLA-B*07:02,GPNRTNETF,0,9,0.05249769
HLA-B*07:02,GPSHKARIL,0,9,0.42999908
HLA-B*07:02,GPSHKARVL,0,9,0.4731698
HLA-B*07:02,GVKDTKEAL,0,9,0.04951971
HLA-B*07:02,HIPRRIRQGF,0,10,0.0042643775
HLA-B*07:02,HIPRRIRQGL,0,10,0.006424993
HLA-B*07:02,HPAQAGPIP,0,9,0.049391974
HLA-B*07:02,HPQQAGPIA,0,9,0.16858427
HLA-B*07:02,HPVHAGPIA,0,9,0.17195675
HLA-B*07:02,HPVHAGPVA,0,9,0.12432613
HLA-B*07:02,HPVQAGPIA,0,9,0.15740947
HLA-B*07:02,HPVQAGPVA,0,9,0.09647189
HLA-B*07:02,HVPRRIRQGL,0,10,0.009231172
HLA-B*07:02,HVVWASREL,0,9,0.014109379
HLA-B*07:02,IDVRDTKEAL,0,10,0.0018353227
HLA-B*07:02,IEVRDTKEAL,0,10,0.0026740634
HLA-B*07:02,IIAQLQPAL,0,9,0.016579906
HLA-B*07:02,IIGDPRQAF,0,9,0.044867616
HLA-B*07:02,IIKQLQPAL,0,9,0.042890172
HLA-B*07:02,IKPMVSTQLL,0,10,0.003453298
HLA-B*07:02,IKPVISTQLL,0,10,0.0049720746
HLA-B*07:02,IKPVVSTHFL,0,10,0.006843151
HLA-B*07:02,IKPVVSTQLL,0,10,0.004080539
HLA-B*07:02,IPCKIKQIV,0,9,0.21512316
HLA-B*07:02,IPCKIKQVV,0,9,0.2159252
HLA-B*07:02,IPCRIKQII,0,9,0.22419359
HLA-B*07:02,IPCRIKQIV,0,9,0.16564171
HLA-B*07:02,IPIGPGQVF,0,9,0.29933888
HLA-B*07:02,IPIGPGQVFY,0,10,0.048747666
HLA-B*07:02,IPITIPCRI,0,9,0.08288191
HLA-B*07:02,IPLDNVTENF,0,10,0.039369863
HLA-B*07:02,IPLENVTENF,0,10,0.026327714
HLA-B*07:02,IPMENVTENF,0,10,0.032989528
HLA-B*07:02,IPNPEGLDRL,0,10,0.04066358
HLA-B*07:02,IPRGPDRPE,0,9,0.24220888
HLA-B*07:02,IPRRIRQGF,0,9,0.5039949
HLA-B*07:02,IPRRIRQGL,0,9,0.7162314
HLA-B*07:02,IPRRIRQGLE,0,10,0.070690826
HLA-B*07:02,IPSHHQREA,0,9,0.058024082
HLA-B*07:02,IPSHQQREL,0,9,0.3044045
HLA-B*07:02,IPSLSNGLI,0,9,0.08523239
HLA-B*07:02,IRPVVSTQLL,0,10,0.011539633
HLA-B*07:02,ITMGPGQAF,0,9,0.048278324
HLA-B*07:02,KALGAGATL,0,9,0.052448962
HLA-B*07:02,KALGMGATL,0,9,0.024427483
HLA-B*07:02,KALGPAASL,0,9,0.07773311
HLA-B*07:02,KALGPAATL,0,9,0.05246533
HLA-B*07:02,KALGSGATL,0,9,0.048234515
HLA-B*07:02,KALGTGATL,0,9,0.0542472
HLA-B*07:02,KPCIKVTPL,0,9,0.23256007
HLA-B*07:02,KPCVELTPL,0,9,0.10667789
HLA-B*07:02,KPCVKLTHL,0,9,0.17496227
HLA-B*07:02,KPCVKLTPF,0,9,0.09534717
HLA-B*07:02,KPCVKLTPL,0,9,0.18924204
HLA-B*07:02,KPCVRLTPL,0,9,0.31069055
HLA-B*07:02,KPGDIIGDI,0,9,0.057998955
HLA-B*07:02,KPGGKKKYHM,0,10,0.14747389
HLA-B*07:02,KPGGKKKYKM,0,10,0.13534373
HLA-B*07:02,KPHSGGDIEV,0,10,0.11606946
HLA-B*07:02,KPHSGGDLEI,0,10,0.044471677
HLA-B*07:02,KPLGVAPTEA,0,10,0.016930278
HLA-B*07:02,KPLYEVNSTM,0,10,0.092395954
HLA-B*07:02,KPLYKVNST,0,9,0.06552527
HLA-B*07:02,KPLYKVNSTM,0,10,0.10375047
HLA-B*07:02,KPMVSTQLL,0,9,0.19344103
HLA-B*07:02,KPMVSTQLLL,0,10,0.13484024
HLA-B*07:02,KPPSGGDLEI,0,10,0.012901643
HLA-B*07:02,KPPSPGGDL,0,9,0.08798327
HLA-B*07:02,KPQSPSGGDL,0,10,0.049655546
HLA-B*07:02,KPVISTQLL,0,9,0.13647111
HLA-B*07:02,KPVISTQLLL,0,10,0.061357792
HLA-B*07:02,KPVVSTHFL,0,9,0.22707054
HLA-B*07:02,KPVVSTHFLL,0,10,0.0585421
HLA-B*07:02,KPVVSTQLL,0,9,0.097678974
HLA-B*07:02,KPVVSTQLLL,0,10,0.044575293
HLA-B*07:02,KPVVTTQLL,0,9,0.10693606
HLA-B*07:02,KPVVTTQLLL,0,10,0.04293821
HLA-B*07:02,KRVRQGYSPL,0,10,0.0067711915
HLA-B*07:02,KVAKKLKEL,0,9,0.10919708
HLA-B*07:02,LAQRAWRAL,0,9,0.06607849
HLA-B*07:02,LIAARTVEL,0,9,0.019020706
HLA-B*07:02,LIAARTVKL,0,9,0.007419832
HLA-B*07:02,LIAKRTVEL,0,9,0.023709197
HLA-B*07:02,LIATRTVEL,0,9,0.020966822
HLA-B*07:02,LIVARTVEL,0,9,0.0076249433
HLA-B*07:02,LPCKIKQII,0,9,0.20590392
HLA-B*07:02,LPCKIKQIV,0,9,0.11778874
HLA-B*07:02,LPCRIKQII,0,9,0.16077168
HLA-B*07:02,LPCRIKQIV,0,9,0.099645615
HLA-B*07:02,LPCRIRQII,0,9,0.25077075
HLA-B*07:02,LPCRIRQIV,0,9,0.16151443
HLA-B*07:02,LRPGGKKHYM,0,10,0.01737201
HLA-B*07:02,LVAARTVEL,0,9,0.020149589
HLA-B*07:02,MPNVSIGNI,0,9,0.20065634
HLA-B*07:02,NIPRRIRQGF,0,10,0.0037548118
HLA-B*07:02,NIPRRIRQGL,0,10,0.0067375125
HLA-B*07:02,NPAIPVGDI,0,9,0.063675515
HLA-B*07:02,NPCKKMCTV,0,9,0.08308797
HLA-B*07:02,NPMSPRTLNA,0,10,0.029297536
HLA-B*07:02,NPPIPVGEI,0,9,0.05685081
HLA-B*07:02,NPPVPVGEI,0,9,0.03898384
HLA-B*07:02,QIPSHQQREL,0,10,0.003795019
HLA-B*07:02,QPALKTGSA,0,9,0.019274509
HLA-B*07:02,QPASGGDLEI,0,10,0.0034873392
HLA-B*07:02,QPCVKLTPL,0,9,0.13295121
HLA-B*07:02,QPFSPRTLNA,0,10,0.015118127
HLA-B*07:02,QPHSGGDLEI,0,10,0.011564634
HLA-B*07:02,QPHSGGDPEV,0,10,0.0072778994
HLA-B*07:02,QPIAPRTLNA,0,10,0.07272247
HLA-B*07:02,QPISPRTLNA,0,10,0.049987886
HLA-B*07:02,QPLSPRTLNA,0,10,0.015064394
HLA-B*07:02,QPPPGGDLEI,0,10,0.00636292
HLA-B*07:02,QPSGGDLEV,0,9,0.017079301
HLA-B*07:02,QPSSGGDPEI,0,10,0.004997263
HLA-B*07:02,QPVKEKYSF,0,9,0.04052133
HLA-B*07:02,QPVSPRTLNA,0,10,0.016296722
HLA-B*07:02,QVNDTKEAL,0,9,0.030918142
HLA-B*07:02,RAIEAQHHL,0,9,0.03419475
HLA-B*07:02,RAIEAQQHL,0,9,0.019521086
HLA-B*07:02,RAKRRVVEM,0,9,0.098630846
HLA-B*07:02,RALGAGATL,0,9,0.08262623
HLA-B*07:02,RALGPGASI,0,9,0.1347699
HLA-B*07:02,RALGPGASL,0,9,0.22088419
HLA-B*07:02,RALGPGATL,0,9,0.1572244
HLA-B*07:02,RALGSGASL,0,9,0.11418872
HLA-B*07:02,RALGSGATL,0,9,0.07443638
HLA-B*07:02,RALGTGATL,0,9,0.078857236
HLA-B*07:02,RAPVLSGGKL,0,10,0.008652796
HLA-B*07:02,RGLGPGASL,0,9,0.10375524
HLA-B*07:02,RIIEVGQRL,0,9,0.034769703
HLA-B*07:02,RIRQGFERAL,0,10,0.31165504
HLA-B*07:02,RIRQGFERSL,0,10,0.32265374
HLA-B*07:02,RIRQGLERAL,0,10,0.3003947
HLA-B*07:02,RIRQGLERF,0,9,0.04964732
HLA-B*07:02,RIRQGLERSL,0,10,0.29811713
HLA-B*07:02,RIRQGLERTL,0,10,0.24806535
HLA-B*07:02,RIRQGYSPL,0,9,0.2651777
HLA-B*07:02,RMYNPVSIL,0,9,0.010673122
HLA-B*07:02,RMYQPVSIL,0,9,0.011671313
HLA-B*07:02,RMYRPVSIL,0,9,0.01797055
HLA-B*07:02,RMYSPISIL,0,9,0.029075595
HLA-B*07:02,RMYSPSSIL,0,9,0.011764663
HLA-B*07:02,RMYSPTSIL,0,9,0.01382322
HLA-B*07:02,RMYSPVSIL,0,9,0.012943652
HLA-B*07:02,RPANDSIII,0,9,0.2810317
HLA-B*07:02,RPANNTRTS,0,9,0.022642896
HLA-B*07:02,RPANNTRTSI,0,10,0.3871757
HLA-B*07:02,RPANNTRTSV,0,10,0.3712931
HLA-B*07:02,RPFNNTRTG,0,9,0.040208858
HLA-B*07:02,RPFNNTRTGI,0,10,0.31224796
HLA-B*07:02,RPFNNTRTS,0,9,0.045047946
HLA-B*07:02,RPFNNTRTSV,0,10,0.46106997
HLA-B*07:02,RPGGKKHYM,0,9,0.31443074
HLA-B*07:02,RPGGKKHYML,0,10,0.27439085
HLA-B*07:02,RPGGKKKYKI,0,10,0.20779243
HLA-B*07:02,RPGGKKKYKL,0,10,0.25330904
HLA-B*07:02,RPGGKKKYKM,0,10,0.22778548
HLA-B*07:02,RPGGKKKYQL,0,10,0.29946974
HLA-B*07:02,RPGGKKKYRI,0,10,0.17992218
HLA-B*07:02,RPGGKKKYRL,0,10,0.21190217
HLA-B*07:02,RPGGKKKYRM,0,10,0.19299902
HLA-B*07:02,RPGGKKQYKI,0,10,0.16623129
HLA-B*07:02,RPGGKKQYRL,0,10,0.16891393
HLA-B*07:02,RPGGKKTYKL,0,10,0.12635194
HLA-B*07:02,RPGGNKRYKL,0,10,0.24840055
HLA-B*07:02,RPGGNKRYRL,0,10,0.19028081
HLA-B*07:02,RPGGRKKYRM,0,10,0.16937482
HLA-B*07:02,RPGNNTRKSI,0,10,0.36216012
HLA-B*07:02,RPGNNTRTST,0,10,0.062488314
HLA-B*07:02,RPNNNTITS,0,9,0.035505738
HLA-B*07:02,RPNNNTITSI,0,10,0.47101584
HLA-B*07:02,RPNNNTRKS,0,9,0.02664538
HLA-B*07:02,RPNNNTRKSI,0,10,0.5825629
HLA-B*07:02,RPNNNTRTG,0,9,0.04630334
HLA-B*07:02,RPNNNTRTGV,0,10,0.35930014
HLA-B*07:02,RPPVGGDPEI,0,10,0.0928769
HLA-B*07:02,RPSEIKRTR,0,9,0.15225075
HLA-B*07:02,RPSEIKRTRM,0,10,0.2025446
HLA-B*07:02,RPSNKIRTS,0,9,0.16203754
HLA-B*07:02,RPSNKIRTSL,0,10,0.6393646
HLA-B*07:02,RPSNNIRTS,0,9,0.16210672
HLA-B*07:02,RPSNNIRTSF,0,10,0.4933939
HLA-B*07:02,RPSNNTRKGV,0,10,0.23408338
HLA-B*07:02,RPSNNTRKSL,0,10,0.56780666
HLA-B*07:02,RPSNNTRKST,0,10,0.122809954
HLA-B*07:02,RPSNNTRQS,0,9,0.018019812
HLA-B*07:02,RPSNNTRQST,0,10,0.09815415
HLA-B*07:02,RPSNNTRRSI,0,10,0.5359727
HLA-B*07:02,RPSNNTRTG,0,9,0.021314582
HLA-B*07:02,RPSNNTRTGV,0,10,0.22002117
HLA-B*07:02,RPSNNTRTS,0,9,0.021255733
HLA-B*07:02,RPSNNTRTSI,0,10,0.42375186
HLA-B*07:02,RPSNNTRTSM,0,10,0.4815945
HLA-B*07:02,RPSNNTRTST,0,10,0.11092458
HLA-B*07:02,RPSNNTVKSI,0,10,0.41255388
HLA-B*07:02,RPSNNVRTS,0,9,0.05817018
HLA-B*07:02,RPSNNVRTSA,0,10,0.2465789
HLA-B*07:02,RPVVSTQLL,0,9,0.15226856
HLA-B*07:02,RPVVSTQLLL,0,10,0.0727842
HLA-B*07:02,RPYNNTRKS,0,9,0.03930596
HLA-B*07:02,RPYNNTRKSV,0,10,0.5405466
HLA-B*07:02,RPYNNTRTS,0,9,0.06049053
HLA-B*07:02,RPYNNTRTSI,0,10,0.50327796
HLA-B*07:02,RVRKGYSPL,0,9,0.2492296
HLA-B*07:02,RVRQGYSPL,0,9,0.300292
HLA-B*07:02,RVRQGYSPV,0,9,0.09824935
HLA-B*07:02,RVVKKLETL,0,9,0.03630621
HLA-B*07:02,RVYSPVSIL,0,9,0.02586646
HLA-B*07:02,SARIGPGQV,0,9,0.014058133
HLA-B*07:02,SARIGPGQVF,0,10,0.057696525
HLA-B*07:02,SIATRAVEL,0,9,0.02018379
HLA-B*07:02,SIHFGPGQAL,0,10,0.033247896
HLA-B*07:02,SIPIGPGQVF,0,10,0.004531169
HLA-B*07:02,SIRIGPGQTF,0,10,0.061259728
HLA-B*07:02,SIRLVNGFL,0,9,0.13048553
HLA-B*07:02,SIRLVSGFL,0,9,0.10689602
HLA-B*07:02,SIRPANDSI,0,9,0.11146785
HLA-B*07:02,SPGGDLEITM,0,10,0.018264193
HLA-B*07:02,SPLFFQTPF,0,9,0.2766493
HLA-B*07:02,SPLSFQTHF,0,9,0.07170416
HLA-B*07:02,SPLSFQTLI,0,9,0.25796312
HLA-B*07:02,SPLSFQTPF,0,9,0.17145577
HLA-B*07:02,SPLSFQTPTL,0,10,0.08660714
HLA-B*07:02,SPLSFQTRL,0,9,0.10602278
HLA-B*07:02,SPLSLQTLI,0,9,0.20682713
HLA-B*07:02,SPLSLQTPA,0,9,0.03564114
HLA-B*07:02,SPMIIATTDI,0,10,0.057893608
HLA-B*07:02,SPRTLNAWV,0,9,0.61991996
HLA-B*07:02,SPSGGDLEI,0,9,0.047144197
HLA-B*07:02,STRIGPGQTF,0,10,0.031417735
HLA-B*07:02,STRIGPGSV,0,9,0.0077200113
HLA-B*07:02,STRIGPGSVF,0,10,0.025326598
HLA-B*07:02,SVRIGPGQM,0,9,0.06436111
HLA-B*07:02,SVRIGPGQMF,0,10,0.0369317
HLA-B*07:02,SVRLVNGFL,0,9,0.13958739
HLA-B*07:02,SVRLVSGFL,0,9,0.112333074
HLA-B*07:02,SVRLVTGFL,0,9,0.13231598
HLA-B*07:02,SVTARTVEL,0,9,0.016141487
HLA-B*07:02,TCPNAKCQPL,0,10,0.0032439749
HLA-B*07:02,TDPDPQEIHM,0,10,0.0026972212
HLA-B*07:02,TDPNPQEIEL,0,10,0.003982966
HLA-B*07:02,TDPNPQEIHL,0,10,0.004244719
HLA-B*07:02,TDPNPQEIHM,0,10,0.0024491346
HLA-B*07:02,TDPNPQEIKL,0,10,0.0037943781
HLA-B*07:02,TDPNPQEILL,0,10,0.0037027602
HLA-B*07:02,TDPNPQEIPL,0,10,0.005556553
HLA-B*07:02,TDPNPQEIPM,0,10,0.003632719
HLA-B*07:02,TDPNPQEIYL,0,10,0.0054949424
HLA-B*07:02,TDPNPQEIYM,0,10,0.0031146486
HLA-B*07:02,TDPNPQELIL,0,10,0.0036285664
HLA-B*07:02,TDPNPQELVL,0,10,0.0036739935
HLA-B*07:02,TDPNPQELYL,0,10,0.0033420173
HLA-B*07:02,TDPNPQEMLL,0,10,0.0025431865
HLA-B*07:02,TDPNPQEMRL,0,10,0.0024522548
HLA-B*07:02,TDPNPQEMYL,0,10,0.0031482722
HLA-B*07:02,TDPNPQEVVL,0,10,0.0047487095
HLA-B*07:02,TGRDNNITL,0,9,0.08739762
HLA-B*07:02,TIKKVSTKL,0,9,0.021820633
HLA-B*07:02,TLRTGSEEL,0,9,0.05829125
HLA-B*07:02,TPNPHQREP,0,9,0.021270866
HLA-B*07:02,TPQDLNMML,0,9,0.14647834
HLA-B*07:02,TPQDLNSML,0,9,0.06841276
HLA-B*07:02,TPQDLNTHV,0,9,0.026735952
HLA-B*07:02,TPQDLNTML,0,9,0.078418896
HLA-B*07:02,TPRTLNAWV,0,9,0.42724052
HLA-B*07:02,TPSDLNMML,0,9,0.13270809
HLA-B*07:02,TPVPWNSTW,0,9,0.09521045
HLA-B*07:02,VAQRAGRGVL,0,10,0.010597681
HLA-B*07:02,VAQRAWRAL,0,9,0.0930096
HLA-B*07:02,VLRNVTKKL,0,9,0.055814706
HLA-B*07:02,VPAMFTAAL,0,9,0.07196732
HLA-B*07:02,VPINNKSEY,0,9,0.027531952
HLA-B*07:02,VPINNKSEYM,0,10,0.093335465
HLA-B*07:02,VPMGNSNSS,0,9,0.01699991
HLA-B*07:02,VPRRIRQGL,0,9,0.70515484
HLA-B*07:02,VPRRIRQGLE,0,10,0.05286666
HLA-B*07:02,VPTDPDPQEI,0,10,0.011398271
HLA-B*07:02,VPTDPNPQEI,0,10,0.02901328
HLA-B*07:02,VPTDPNPQEL,0,10,0.05229822
HLA-B*07:02,VPTDPNPQEM,0,10,0.04491472
HLA-B*07:02,VPTDPNPQEV,0,10,0.014715488
HLA-B*07:02,VPTMNNAKL,0,9,0.07366318
HLA-B*07:02,VPVWRNAQT,0,9,0.019388556
HLA-B*07:02,YSPLSFQTPF,0,10,0.0029802616
HLA-B*07:02,YSPLSFQTRL,0,10,0.0016411067
HLA-B*07:02,YVPAMFTAAL,0,10,0.008058066
HLA-B*08:01,ALFYRVNIV,0,9,0.06133481
HLA-B*08:01,ALKTGSAEL,0,9,0.037730318
HLA-B*08:01,ALKTGSEEL,0,9,0.02305926
HLA-B*08:01,AQELKISAI,0,9,0.003935336
HLA-B*08:01,CPNAKCQPL,0,9,0.075664036
HLA-B*08:01,DAKAHDPEV,0,9,0.16301687
HLA-B*08:01,DAKAHDTEV,0,9,0.15224998
HLA-B*08:01,DAKAHETEA,0,9,0.10537648
HLA-B*08:01,DAKAHETEM,0,9,0.07354902
HLA-B*08:01,DAKAHETEV,0,9,0.10511353
HLA-B*08:01,DAKAHKTEV,0,9,0.19183967
HLA-B*08:01,DAKAHSTEV,0,9,0.09093993
HLA-B*08:01,DAKAHSTGV,0,9,0.15883534
HLA-B*08:01,DAKAHVTEV,0,9,0.08131816
HLA-B*08:01,DAKAQEREV,0,9,0.111272894
HLA-B*08:01,DAKAQETEV,0,9,0.11038506
HLA-B*08:01,DAKAQIKEV,0,9,0.1524632
HLA-B*08:01,DAKAQSEEV,0,9,0.08965073
HLA-B*08:01,DAKAYEREV,0,9,0.12529406
HLA-B*08:01,DAKGYETEV,0,9,0.09043012
HLA-B*08:01,DAQAHSPEV,0,9,0.023255197
HLA-B*08:01,DAQAHVTEV,0,9,0.038580634
HLA-B*08:01,DARAHETEV,0,9,0.09219097
HLA-B*08:01,DASNKSDTF,0,9,0.010988702
HLA-B*08:01,DCKAILKAL,0,9,0.034299202
HLA-B*08:01,DCKAILRAL,0,9,0.043833725
HLA-B*08:01,DCKNILRAL,0,9,0.044202738
HLA-B*08:01,DCKSILKAL,0,9,0.027675431
HLA-B*08:01,DCKSILRAL,0,9,0.03457186
HLA-B*08:01,DCKTILKAL,0,9,0.027433425
HLA-B*08:01,DCKTILRAL,0,9,0.04104292
HLA-B*08:01,DIIIKSENI,0,9,0.09914529
HLA-B*08:01,DIKDTKEAL,0,9,0.22570227
HLA-B*08:01,DIKDTKEAV,0,9,0.29539785
HLA-B*08:01,DIRKAFCTI,0,9,0.17363337
HLA-B*08:01,DIRKAHCIV,0,9,0.2017357
HLA-B*08:01,DIRKAHCNV,0,9,0.11934311
HLA-B*08:01,DIRKAYCEI,0,9,0.13288876
HLA-B*08:01,DIRKAYCEV,0,9,0.14464274
HLA-B*08:01,DIRKAYCNL,0,9,0.15760419
HLA-B*08:01,DIRQAFCEV,0,9,0.10471932
HLA-B*08:01,DIVIRSEDL,0,9,0.06747867
HLA-B*08:01,DIYKRWIIL,0,9,0.5438093
HLA-B*08:01,DKIRKEYAL,0,9,0.24862893
HLA-B*08:01,DKKKMAYAL,0,9,0.15016149
HLA-B*08:01,DKKKMGHAL,0,9,0.23499818
HLA-B*08:01,DKKKQVHAL,0,9,0.36791024
HLA-B*08:01,DKKQETYAL,0,9,0.1572974
HLA-B*08:01,DKKQKFHAL,0,9,0.49831372
HLA-B*08:01,DKKQKFHALF,0,10,0.20201887
HLA-B*08:01,DKKQKFYAL,0,9,0.5062831
HLA-B*08:01,DKKQKFYALF,0,10,0.23679367
HLA-B*08:01,DKKQKVHAL,0,9,0.3842961
HLA-B*08:01,DKKQKVHALF,0,10,0.11266428
HLA-B*08:01,DKKQQVYAL,0,9,0.22421433
HLA-B*08:01,DKKQRVYAL,0,9,0.37849718
HLA-B*08:01,DKKQRVYALF,0,10,0.10457288
HLA-B*08:01,DKMQQVHAL,0,9,0.06745031
HLA-B*08:01,DKQHKVHAL,0,9,0.21108946
HLA-B*08:01,DKQKKVHAL,0,9,0.21946801
HLA-B*08:01,DKQQEVYAL,0,9,0.06448073
HLA-B*08:01,DKQQKAYAL,0,9,0.09088997
HLA-B*08:01,DKQQKVHAL,0,9,0.13324
HLA-B*08:01,DKQRKVQAL,0,9,0.1417855
HLA-B*08:01,DKQRNVHAL,0,9,0.12281394
HLA-B*08:01,DKRQKVYAL,0,9,0.27992684
HLA-B*08:01,DKRQKVYALF,0,10,0.07750939
HLA-B*08:01,DKRQQVHAL,0,9,0.18593334
HLA-B*08:01,DLEIITHHF,0,9,0.01803441
HLA-B*08:01,DLEIMTHHF,0,9,0.01623164
HLA-B*08:01,DLEITTHHF,0,9,0.019023437
HLA-B*08:01,DLETTTHSF,0,9,0.014247416
HLA-B*08:01,DLKDNTKTI,0,9,0.12711184
HLA-B*08:01,DLNTHVNTV,0,9,0.08416007
HLA-B*08:01,DLRDKRQKV,0,9,0.39139977
HLA-B*08:01,DLRNLCIFL,0,9,0.20387837
HLA-B*08:01,DLRSLCLFL,0,9,0.06817982
HLA-B*08:01,DMKDNWRSEL,0,10,0.11827342
HLA-B*08:01,DMRDNWRNEL,0,10,0.0591637
HLA-B*08:01,DMRDNWRSEL,0,10,0.089837424
HLA-B*08:01,DNKLKIQNV,0,9,0.27574286
HLA-B*08:01,DPDPQEIHM,0,9,0.01480484
HLA-B*08:01,DPEITLHHF,0,9,0.004945207
HLA-B*08:01,DPIPIHYCA,0,9,0.021273544
HLA-B*08:01,DPNPQEIEL,0,9,0.050265107
HLA-B*08:01,DPNPQEIHL,0,9,0.053151187
HLA-B*08:01,DPNPQEIHM,0,9,0.046687633
HLA-B*08:01,DPNPQEIKL,0,9,0.030190332
HLA-B*08:01,DPNPQEILL,0,9,0.024274407
HLA-B*08:01,DPNPQEIPL,0,9,0.04492525
HLA-B*08:01,DPNPQEIPM,0,9,0.051768985
HLA-B*08:01,DPNPQEIYL,0,9,0.052723728
HLA-B*08:01,DPNPQEIYM,0,9,0.069654085
HLA-B*08:01,DPNPQELIL,0,9,0.024925297
HLA-B*08:01,DPNPQELVL,0,9,0.015414969
HLA-B*08:01,DPNPQELYL,0,9,0.02063376
HLA-B*08:01,DPNPQEMLL,0,9,0.014239644
HLA-B*08:01,DPNPQEMRL,0,9,0.014857873
HLA-B*08:01,DPNPQEMYL,0,9,0.025966942
HLA-B*08:01,DPNPQEVVL,0,9,0.037254754
HLA-B*08:01,DPRQAFCEI,0,9,0.012575767
HLA-B*08:01,DQYKFHKLL,0,9,0.009141463
HLA-B*08:01,DREQKVYAL,0,9,0.015619461
HLA-B*08:01,DRKKQFYSL,0,9,0.30040708
HLA-B*08:01,DRKKQVYAL,0,9,0.26567233
HLA-B*08:01,DRKQKVSAL,0,9,0.19919984
HLA-B*08:01,DRKQKVSALF,0,10,0.054186266
HLA-B*08:01,DRKQQISAL,0,9,0.18163715
HLA-B*08:01,DRQREAYAL,0,9,0.01542695
HLA-B*08:01,DTFFKTSPM,0,9,0.012346377
HLA-B*08:01,DTFFRTSPM,0,9,0.010997644
HLA-B*08:01,DTKEALEKL,0,9,0.002935601
HLA-B*08:01,DVKDTKEAL,0,9,0.10934313
HLA-B*08:01,DVRDTKEAL,0,9,0.08054831
HLA-B*08:01,DVTVKKENI,0,9,0.042357534
HLA-B*08:01,DYVDRFYKV,0,9,0.02626256
HLA-B*08:01,EAAQRFGRAL,0,10,0.1289489
HLA-B*08:01,EAIDKVKEA,0,9,0.04710736
HLA-B*08:01,EALDKIEEI,0,9,0.102095604
HLA-B*08:01,EALDKIEEL,0,9,0.10515324
HLA-B*08:01,EALDKIEEV,0,9,0.10727291
HLA-B*08:01,EALDKLEEV,0,9,0.044409744
HLA-B*08:01,EALDKMEEV,0,9,0.09107263
HLA-B*08:01,EALEKIEEM,0,9,0.21348515
HLA-B*08:01,EALEKLEEA,0,9,0.030308917
HLA-B*08:01,EALEKVEEA,0,9,0.036037717
HLA-B*08:01,EAQHHLLQL,0,9,0.01670708
HLA-B*08:01,EAQHRLLQL,0,9,0.09070722
HLA-B*08:01,EAQQHLLQL,0,9,0.015080755
HLA-B*08:01,EAQQHMLQL,0,9,0.024225835
HLA-B*08:01,EAYALFYKL,0,9,0.027957229
HLA-B*08:01,EEAQRKSQL,0,9,0.0071859197
HLA-B*08:01,EGLKYLGSL,0,9,0.021735067
HLA-B*08:01,EGLKYLWNL,0,9,0.090721615
HLA-B*08:01,EGTDRIIEV,0,9,0.09829543
HLA-B*08:01,EGTDRVIEI,0,9,0.07043584
HLA-B*08:01,EHFNKTIEF,0,9,0.009298
HLA-B*08:01,EHFNKTIIF,0,9,0.022426052
HLA-B*08:01,EHFNKTIVF,0,9,0.012615557
HLA-B*08:01,EIIDKKQKF,0,9,0.08402809
HLA-B*08:01,EIIIKSKNI,0,9,0.13193135
HLA-B*08:01,EIIIRSEDL,0,9,0.21319191
HLA-B*08:01,EIIIRSENI,0,9,0.17787041
HLA-B*08:01,EIIIRSENL,0,9,0.21491937
HLA-B*08:01,EIIPMFTAL,0,9,0.016290369
HLA-B*08:01,EIIVRSENL,0,9,0.20236161
HLA-B*08:01,EIKDRKQQI,0,9,0.6542807
HLA-B*08:01,EIKDTKEAL,0,9,0.25068325
HLA-B*08:01,EIKLENVTV,0,9,0.20656486
HLA-B*08:01,EIKPVVSTQL,0,10,0.01607583
HLA-B*08:01,EIKRTRMTM,0,9,0.32934374
HLA-B*08:01,EIKSLYNTV,0,9,0.21668996
HLA-B*08:01,EIMIRSENL,0,9,0.26756975
HLA-B*08:01,EIQNSAVSL,0,9,0.0051002554
HLA-B*08:01,EIRDKKQET,0,9,0.2453794
HLA-B*08:01,EIRDKKQKV,0,9,0.41558743
HLA-B*08:01,EIRDKKQRV,0,9,0.4474289
HLA-B*08:01,EIRDKQHKV,0,9,0.42167774
HLA-B*08:01,EIRDKQQEV,0,9,0.36266628
HLA-B*08:01,EIRDKQRNV,0,9,0.579455
HLA-B*08:01,EIRDRKKQF,0,9,0.20693423
HLA-B*08:01,EIVIRSENL,0,9,0.08555556
HLA-B*08:01,EIYKRWIIL,0,9,0.62238646
HLA-B*08:01,EIYKRWIIM,0,9,0.61760587
HLA-B*08:01,EIYKRWIVL,0,9,0.4817416
HLA-B*08:01,EIYKRWLIL,0,9,0.4324138
HLA-B*08:01,ELAQRAWRAL,0,10,0.29054454
HLA-B*08:01,ELGRDRSVRL,0,10,0.0037135824
HLA-B*08:01,ELHKYKVVQI,0,10,0.13868704
HLA-B*08:01,ELIDKKQKF,0,9,0.06787412
HLA-B*08:01,ELKDKKKQV,0,9,0.48219702
HLA-B*08:01,ELKDRKKQV,0,9,0.4717365
HLA-B*08:01,ELKISAISL,0,9,0.43945798
HLA-B*08:01,ELKISAISLL,0,10,0.11459182
HLA-B*08:01,ELKISASSL,0,9,0.36885974
HLA-B*08:01,ELKISASSLL,0,10,0.030614777
HLA-B*08:01,ELKISAVSL,0,9,0.3539224
HLA-B*08:01,ELKISAVSLL,0,10,0.07216058
HLA-B*08:01,ELKKSAISL,0,9,0.38573352
HLA-B*08:01,ELKNSAISL,0,9,0.31359887
HLA-B*08:01,ELKNSAISLL,0,10,0.042397495
HLA-B*08:01,ELKNVTENF,0,9,0.05164957
HLA-B*08:01,ELKSLFNAV,0,9,0.3782906
HLA-B*08:01,ELKSLFNLV,0,9,0.21158886
HLA-B*08:01,ELKSLFNTI,0,9,0.24013188
HLA-B*08:01,ELKSLFNTV,0,9,0.2505135
HLA-B*08:01,ELKSLYNTI,0,9,0.20634426
HLA-B*08:01,ELKSLYNTV,0,9,0.23745199
HLA-B*08:01,ELKSSAISL,0,9,0.25515088
HLA-B*08:01,ELKSSAISLL,0,10,0.04300233
HLA-B*08:01,ELKTSAISL,0,9,0.33117944
HLA-B*08:01,ELKTSAISLL,0,10,0.0793419
HLA-B*08:01,ELRDKKKMA,0,9,0.16290414
HLA-B*08:01,ELRDKKQKV,0,9,0.46253878
HLA-B*08:01,ELRDKKQQV,0,9,0.6037993
HLA-B*08:01,ELRDKMQQV,0,9,0.5200194
HLA-B*08:01,ELRDKQKKV,0,9,0.27360445
HLA-B*08:01,ELRDKQQKA,0,9,0.124367066
HLA-B*08:01,ELRDKQQKV,0,9,0.3619899
HLA-B*08:01,ELRDKQRKV,0,9,0.42232403
HLA-B*08:01,ELRNSAISL,0,9,0.31714544
HLA-B*08:01,ELRSLFNTI,0,9,0.12577453
HLA-B*08:01,ELRSLFNTL,0,9,0.1598116
HLA-B*08:01,ELRSLFNTV,0,9,0.17569295
HLA-B*08:01,ELRSLYNTI,0,9,0.11907535
HLA-B*08:01,ELRSLYNTV,0,9,0.15921463
HLA-B*08:01,ELTDRKQKV,0,9,0.042347644
HLA-B*08:01,ELTPLCVTL,0,9,0.00362709
HLA-B*08:01,ELYKYKVVEI,0,10,0.07454915
HLA-B*08:01,ELYKYKVVKL,0,10,0.07179554
HLA-B*08:01,ELYKYKVVQI,0,10,0.07723176
HLA-B*08:01,ENRSRNGSF,0,9,0.045932174
HLA-B*08:01,EPGRDRSVRL,0,10,0.001828253
HLA-B*08:01,EPIPIHYCA,0,9,0.023045417
HLA-B*08:01,EPPDRPERI,0,9,0.007981974
HLA-B*08:01,EQDRDRSVRL,0,10,0.00061186
HLA-B*08:01,EQDRGRSVTL,0,10,0.000941878
HLA-B*08:01,EQFLKNITF,0,9,0.0113916
HLA-B*08:01,EQFNRTIVF,0,9,0.016302643
HLA-B*08:01,EQGKDRSVRL,0,10,0.001167501
HLA-B*08:01,EQGRDKSVRL,0,10,0.0009321463
HLA-B*08:01,EQGRDRSIRL,0,10,0.0012777001
HLA-B*08:01,EQGRDRSVRL,0,10,0.0008637722
HLA-B*08:01,EQKAYVPAM,0,9,0.03324986
HLA-B*08:01,EQLNKTTII,0,9,0.0064829616
HLA-B*08:01,ERYLKDQKF,0,9,0.009386077
HLA-B*08:01,ERYLKDQQF,0,9,0.012268252
HLA-B*08:01,ERYLKDQQL,0,9,0.027065367
HLA-B*08:01,ERYLKDQRL,0,9,0.020976227
HLA-B*08:01,ERYLKDQTF,0,9,0.011652708
HLA-B*08:01,ERYLKDQTL,0,9,0.029943569
HLA-B*08:01,ERYLRDQQL,0,9,0.043785
HLA-B*08:01,ERYLRDQRL,0,9,0.034596153
HLA-B*08:01,ETLNKTIIL,0,9,0.0346049
HLA-B*08:01,EVAQRAWRAL,0,10,0.13900997
HLA-B*08:01,EVAQRVWRA,0,9,0.15068267
HLA-B*08:01,EVELKNCSF,0,9,0.0054652365
HLA-B*08:01,EVIPMFSAL,0,9,0.0139243435
HLA-B*08:01,EVIPMFTAL,0,9,0.013914804
HLA-B*08:01,EVIVRSRNF,0,9,0.07949837
HLA-B*08:01,EVKDTKEAL,0,9,0.13004549
HLA-B*08:01,EVKSLFNTI,0,9,0.09168307
HLA-B*08:01,EVKSLYNTV,0,9,0.094474696
HLA-B*08:01,EVLKYLGSL,0,9,0.026244154
HLA-B*08:01,EVRDRQREA,0,9,0.11495566
HLA-B*08:01,EVRDTKEAL,0,9,0.12806024
HLA-B*08:01,EVYALFYKL,0,9,0.012023871
HLA-B*08:01,FCYHRLRDL,0,9,0.05849572
HLA-B*08:01,FFKTSPMII,0,9,0.26978287
HLA-B*08:01,FFRTSPMII,0,9,0.123588495
HLA-B*08:01,FFYCNTSQL,0,9,0.019025998
HLA-B*08:01,FFYCNTTKL,0,9,0.019633664
HLA-B*08:01,FFYCNTTQL,0,9,0.01991704
HLA-B*08:01,FIYHRLRDF,0,9,0.14755908
HLA-B*08:01,FLIVRLNQC,0,9,0.2861156
HLA-B*08:01,FLIVRQNQC,0,9,0.27122304
HLA-B*08:01,FLIVRQNQCM,0,10,0.22819696
HLA-B*08:01,FLYHRLRDF,0,9,0.1771269
HLA-B*08:01,FLYRRLRDL,0,9,0.35284182
HLA-B*08:01,FLYRRLSDF,0,9,0.120547056
HLA-B*08:01,FMYYAKRML,0,9,0.04528108
HLA-B*08:01,FMYYAKRMLL,0,10,0.03389051
HLA-B*08:01,FNDKQKVTF,0,9,0.012370557
HLA-B*08:01,FNMTQLETL,0,9,0.012817508
HLA-B*08:01,FSYHRLRDL,0,9,0.066852346
HLA-B*08:01,FSYHRLSDL,0,9,0.043047283
HLA-B*08:01,FSYRRLRDF,0,9,0.023586959
HLA-B*08:01,FTSIKNETM,0,9,0.009016762
HLA-B*08:01,FVTTRTVEL,0,9,0.046699695
HLA-B*08:01,FWDDLRSLCL,0,10,0.043214135
HLA-B*08:01,FYKLDIIQI,0,9,0.46682748
HLA-B*08:01,FYKLDIVPL,0,9,0.5629515
HLA-B*08:01,FYKLDIVQI,0,9,0.40416113
HLA-B*08:01,FYKLDIVQM,0,9,0.40998128
HLA-B*08:01,FYKLDIVSL,0,9,0.3922208
HLA-B*08:01,FYKLDLVKM,0,9,0.1917884
HLA-B*08:01,FYKLDTVQV,0,9,0.18906085
HLA-B*08:01,FYRVNIVPL,0,9,0.5285171
HLA-B*08:01,GEQQKVQAL,0,9,0.015242209
HLA-B*08:01,GLRIIFAVL,0,9,0.0506007
HLA-B*08:01,GLRIIFTVL,0,9,0.026196333
HLA-B*08:01,GLRIIFTVM,0,9,0.02597634
HLA-B*08:01,GLRIVFAVL,0,9,0.039372656
HLA-B*08:01,GLRIVFTVL,0,9,0.021424016
HLA-B*08:01,GPGHKARVL,0,9,0.020538578
HLA-B*08:01,GPSHKARIL,0,9,0.037908018
HLA-B*08:01,GPSHKARVL,0,9,0.0144005185
HLA-B*08:01,GVKDTKEAL,0,9,0.03012757
HLA-B*08:01,GWTDRVIEL,0,9,0.013382713
HLA-B*08:01,HFINKNITF,0,9,0.0319965
HLA-B*08:01,HFNNKTIIF,0,9,0.08593272
HLA-B*08:01,HFNNKTIVF,0,9,0.05417525
HLA-B*08:01,HFNNTTITF,0,9,0.018428206
HLA-B*08:01,HFPNKTITF,0,9,0.020341711
HLA-B*08:01,HFQNKTINF,0,9,0.039162274
HLA-B*08:01,HFSNKTIIF,0,9,0.03925244
HLA-B*08:01,HFTNKNISF,0,9,0.050771736
HLA-B*08:01,HIPRRIRQGL,0,10,0.025856014
HLA-B*08:01,HLMWASKEL,0,9,0.016667087
HLA-B*08:01,HQAISPRTL,0,9,0.0038700881
HLA-B*08:01,HQALSPRTL,0,9,0.0024215828
HLA-B*08:01,HQAMTPRTL,0,9,0.0025683504
HLA-B*08:01,HQAVSPRTL,0,9,0.0044077346
HLA-B*08:01,HQNMSPRTL,0,9,0.0058309278
HLA-B*08:01,HQPISPRTL,0,9,0.002911133
HLA-B*08:01,HQPISPTTL,0,9,0.0014841728
HLA-B*08:01,HQPLSPRTL,0,9,0.0016760338
HLA-B*08:01,HQSLSPRTL,0,9,0.0020965112
HLA-B*08:01,HSSLKGLRL,0,9,0.0023865432
HLA-B*08:01,HVFYKTGEI,0,9,0.008927314
HLA-B*08:01,HVPRRIRQGL,0,10,0.015947474
HLA-B*08:01,HYMLKHLVW,0,9,0.037480168
HLA-B*08:01,IAKRTVELL,0,9,0.027297487
HLA-B*08:01,IDKKQKFHAL,0,10,0.1727297
HLA-B*08:01,IDKKQKFYAL,0,10,0.16392152
HLA-B*08:01,IIKQLQPAL,0,9,0.16881867
HLA-B*08:01,ILEQLQPSL,0,9,0.004264623
HLA-B*08:01,ILGQLQPSL,0,9,0.004956213
HLA-B*08:01,ILHCRIKQI,0,9,0.39669013
HLA-B*08:01,ILHLDYKSF,0,9,0.0083172005
HLA-B*08:01,ILIATRTVEL,0,10,0.0074642
HLA-B*08:01,ILIVARTVEL,0,10,0.0106050065
HLA-B*08:01,ILIVTRTVEL,0,10,0.0112087885
HLA-B*08:01,ILKCKDKKF,0,9,0.102122664
HLA-B*08:01,ILKCRDKNF,0,9,0.23180835
HLA-B*08:01,ILKYLGNLL,0,9,0.036696635
HLA-B*08:01,ILPCRIKQF,0,9,0.05157455
HLA-B*08:01,ILQCRIKQI,0,9,0.3005933
HLA-B*08:01,ILQQLQPAL,0,9,0.010393195
HLA-B*08:01,IMDQLQSAL,0,9,0.014345207
HLA-B*08:01,IMEQLQPAL,0,9,0.00434968
HLA-B*08:01,IMEQLQPTL,0,9,0.0030300298
HLA-B*08:01,IMEQLQSTL,0,9,0.0026471247
HLA-B*08:01,INKTKWTTV,0,9,0.33964783
HLA-B*08:01,INKTKWTTVL,0,10,0.1473029
HLA-B*08:01,IPCKIKQVV,0,9,0.056672294
HLA-B*08:01,IPIGPGQVF,0,9,0.0038129576
HLA-B*08:01,IPRRIRQGF,0,9,0.010581802
HLA-B*08:01,IPRRIRQGL,0,9,0.032083474
HLA-B*08:01,IPSHQQREL,0,9,0.008965909
HLA-B*08:01,IQELKISAI,0,9,0.0063573318
HLA-B*08:01,IQELKSSAI,0,9,0.0027977969
HLA-B*08:01,IWDDLRSLF,0,9,0.0521549
HLA-B*08:01,KAILKALGM,0,9,0.03391995
HLA-B*08:01,KIIIRSENL,0,9,0.030613737
HLA-B*08:01,KKKYKIKHL,0,9,0.08149643
HLA-B*08:01,KKKYKMKHL,0,9,0.019752149
HLA-B*08:01,KKKYRIKHL,0,9,0.042251654
HLA-B*08:01,KKKYRLKHL,0,9,0.015118196
HLA-B*08:01,KLKEHFNET,0,9,0.123297974
HLA-B*08:01,KPCIKVTPL,0,9,0.036474425
HLA-B*08:01,KPCVKLTHL,0,9,0.008464727
HLA-B*08:01,KPCVKLTPF,0,9,0.012478556
HLA-B*08:01,KPCVKLTPL,0,9,0.025040904
HLA-B*08:01,KPCVRLTPL,0,9,0.029809715
HLA-B*08:01,KPLYKVNST,0,9,0.042569723
HLA-B*08:01,KPLYKVNSTM,0,10,0.03354484
HLA-B*08:01,KPMVSTQLL,0,9,0.0037388285
HLA-B*08:01,KSKKKAQQA,0,9,0.02484474
HLA-B*08:01,KSKKKTQQA,0,9,0.018176274
HLA-B*08:01,KSKQKVQQA,0,9,0.037183106
HLA-B*08:01,KVAKKLKEL,0,9,0.012440148
HLA-B*08:01,KVHALFYTL,0,9,0.008287768
HLA-B*08:01,LALDHWASL,0,9,0.04931019
HLA-B*08:01,LALDQWASL,0,9,0.017313423
HLA-B*08:01,LEDQKFLGL,0,9,0.01071197
HLA-B*08:01,LELDKWASL,0,9,0.021206085
HLA-B*08:01,LELDKWTSL,0,9,0.018288914
HLA-B*08:01,LELDRWASL,0,9,0.01964789
HLA-B*08:01,LELNKWASL,0,9,0.026281651
HLA-B*08:01,LFNDKQKVTF,0,10,0.01462941
HLA-B*08:01,LFNITTISF,0,9,0.027154347
HLA-B*08:01,LGLNKIVRM,0,9,0.03312156
HLA-B*08:01,LGLNKIVRV,0,9,0.036021054
HLA-B*08:01,LGLNKVVRM,0,9,0.019546146
HLA-B*08:01,LGRDRSVRL,0,9,0.025868779
HLA-B*08:01,LHKYKVVQI,0,9,0.2939689
HLA-B*08:01,LIAAKAVEL,0,9,0.014758366
HLA-B*08:01,LIAARTVEI,0,9,0.030535435
HLA-B*08:01,LIAARTVEL,0,9,0.03326365
HLA-B*08:01,LIAARTVKL,0,9,0.02294384
HLA-B*08:01,LIAKRTVEL,0,9,0.02945383
HLA-B*08:01,LIATRAAEL,0,9,0.031983554
HLA-B*08:01,LIATRIVGL,0,9,0.085694656
HLA-B*08:01,LIATRTVEL,0,9,0.028680135
HLA-B*08:01,LIDQLQPTL,0,9,0.0047323103
HLA-B*08:01,LIGLRIILF,0,9,0.025667954
HLA-B*08:01,LIVARIVEI,0,9,0.062199283
HLA-B*08:01,LIVARTVEL,0,9,0.023474555
HLA-B*08:01,LIVTRIVEL,0,9,0.063527234
HLA-B*08:01,LIVTRTVEL,0,9,0.022960301
HLA-B*08:01,LKDQKFLAL,0,9,0.068022795
HLA-B*08:01,LKDQKFLGL,0,9,0.036934726
HLA-B*08:01,LKDQRFLGL,0,9,0.025286978
HLA-B*08:01,LKDQRLLGL,0,9,0.01971667
HLA-B*08:01,LKLDKWSSL,0,9,0.09060607
HLA-B*08:01,LLELDKWTSL,0,10,0.011229121
HLA-B*08:01,LLEQLQVTL,0,9,0.0044185454
HLA-B*08:01,LLGRRGWEL,0,9,0.077774025
HLA-B*08:01,LLIAKRTVEL,0,10,0.07968064
HLA-B*08:01,LLIATRTVEL,0,10,0.006307742
HLA-B*08:01,LLKLDKWSSL,0,10,0.09403069
HLA-B*08:01,LLKLDQWASL,0,10,0.082129635
HLA-B*08:01,LLKNVTEPF,0,9,0.021105213
HLA-B*08:01,LQDQKFLGL,0,9,0.007275897
HLA-B*08:01,LQELKTSAI,0,9,0.0034729317
HLA-B*08:01,LRDQRLLGL,0,9,0.021120725
HLA-B*08:01,LSDQKFLGL,0,9,0.012556582
HLA-B*08:01,LVAARTVEL,0,9,0.020799829
HLA-B*08:01,LVTARVVEL,0,9,0.03288115
HLA-B*08:01,LYDKPLYEV,0,9,0.106585205
HLA-B*08:01,LYKYKVIQI,0,9,0.68426275
HLA-B*08:01,LYKYKVVEI,0,9,0.5206036
HLA-B*08:01,LYKYKVVKI,0,9,0.39699093
HLA-B*08:01,LYKYKVVKL,0,9,0.42618236
HLA-B*08:01,LYKYKVVQI,0,9,0.5496226
HLA-B*08:01,MAIEAQQHL,0,9,0.008535758
HLA-B*08:01,MAYALFYKL,0,9,0.025717888
HLA-B*08:01,MGLNKIVRM,0,9,0.067931175
HLA-B*08:01,MWQEVGQAM,0,9,0.028677538
HLA-B*08:01,MYYAKRMLF,0,9,0.090841435
HLA-B*08:01,MYYAKRMLL,0,9,0.18808046
HLA-B*08:01,NAKAIIVHL,0,9,0.123898216
HLA-B*08:01,NAKCQPLQL,0,9,0.091935806
HLA-B*08:01,NAKIIIVHL,0,9,0.18303983
HLA-B*08:01,NAKNIIVHL,0,9,0.11064916
HLA-B*08:01,NAKNIIVQL,0,9,0.089532696
HLA-B*08:01,NAKPSCKSI,0,9,0.086077735
HLA-B*08:01,NAKTIIIHL,0,9,0.16953291
HLA-B*08:01,NAKTIIVHL,0,9,0.11397024
HLA-B*08:01,NAKTIIVQL,0,9,0.10078847
HLA-B*08:01,NAKTITVHL,0,9,0.028264076
HLA-B*08:01,NDQYKFHKL,0,9,0.01847999
HLA-B*08:01,NFDMWRNSM,0,9,0.067057066
HLA-B*08:01,NFNMWKNSM,0,9,0.20783116
HLA-B*08:01,NGTKWKKTL,0,9,0.028624924
HLA-B*08:01,NIKDNWRNEL,0,10,0.09997916
HLA-B*08:01,NIKDNWRSEL,0,10,0.10966789
HLA-B*08:01,NITDKIREL,0,9,0.053677227
HLA-B*08:01,NKRKRVIGL,0,9,0.16324727
HLA-B*08:01,NLKTGSEEI,0,9,0.0842638
HLA-B*08:01,NLKTGSEEL,0,9,0.08886297
HLA-B*08:01,NMKDNWRNEL,0,10,0.06456159
HLA-B*08:01,NMKDNWRSEL,0,10,0.094805494
HLA-B*08:01,NMRDNWRNEL,0,10,0.058008496
HLA-B*08:01,NMRDNWRSEL,0,10,0.082947984
HLA-B*08:01,NMSPRTLNA,0,9,0.070413895
HLA-B*08:01,NMWQKVGKAM,0,10,0.04185019
HLA-B*08:01,NMWQRVGQA,0,9,0.11632113
HLA-B*08:01,NMWQRVGQAM,0,10,0.07446255
HLA-B*08:01,NNDNKTYIL,0,9,0.07771803
HLA-B*08:01,NNDSREYRL,0,9,0.017506437
HLA-B*08:01,NNKLKIQNV,0,9,0.42466027
HLA-B*08:01,NNKTNTTAF,0,9,0.06516584
HLA-B*08:01,NNTLKRIAI,0,9,0.18425338
HLA-B*08:01,NNTRKSIHM,0,9,0.013647331
HLA-B*08:01,NNTRKSLTV,0,9,0.051213153
HLA-B*08:01,NNTRKSVTI,0,9,0.021631012
HLA-B*08:01,NNTRRSITI,0,9,0.056039054
HLA-B*08:01,NPCKKMCTV,0,9,0.032065418
HLA-B*08:01,NSKNIIVHL,0,9,0.018546864
HLA-B*08:01,NSNNKNITF,0,9,0.013342373
HLA-B*08:01,NSSNREYRL,0,9,0.016581664
HLA-B*08:01,NSTSREYRL,0,9,0.010626915
HLA-B*08:01,NTKTIIVHL,0,9,0.02134606
HLA-B*08:01,NVHALFYKL,0,9,0.016516443
HLA-B*08:01,NVQYKFHKL,0,9,0.1324927
HLA-B*08:01,NYTDQIYAL,0,9,0.21652207
HLA-B*08:01,NYTDQIYEL,0,9,0.2442543
HLA-B*08:01,NYTDTIYTL,0,9,0.11691233
HLA-B*08:01,NYTSKIYDL,0,9,0.364404
HLA-B*08:01,NYTSKIYEL,0,9,0.24312972
HLA-B*08:01,NYTSQIYEL,0,9,0.14182098
HLA-B*08:01,NYTYKIYSL,0,9,0.3439024
HLA-B*08:01,QDRDRSVRL,0,9,0.007868882
HLA-B*08:01,QDRGRSVRL,0,9,0.0049813115
HLA-B*08:01,QDRGRSVTL,0,9,0.016790407
HLA-B*08:01,QDRVRSVRL,0,9,0.027355835
HLA-B*08:01,QELKKSAISL,0,10,0.024976548
HLA-B*08:01,QFENKTIRF,0,9,0.007116934
HLA-B*08:01,QGKDRSVRL,0,9,0.07726418
HLA-B*08:01,QGKMVHQPI,0,9,0.05437041
HLA-B*08:01,QGKNKRKRV,0,9,0.0044081104
HLA-B*08:01,QGNGRSVRL,0,9,0.0074435724
HLA-B*08:01,QGQAVHQAL,0,9,0.01454147
HLA-B*08:01,QGQMVHQAM,0,9,0.010979107
HLA-B*08:01,QGQMVHQSL,0,9,0.016516438
HLA-B*08:01,QGQMVYQAL,0,9,0.0072313948
HLA-B*08:01,QGQPMHQSL,0,9,0.012538067
HLA-B*08:01,QGRDKSVRL,0,9,0.013646507
HLA-B*08:01,QGRDRSIRL,0,9,0.03921982
HLA-B*08:01,QGRDRSVRL,0,9,0.019897733
HLA-B*08:01,QGRGRSIRL,0,9,0.008433635
HLA-B*08:01,QLKTQQGAV,0,9,0.14792292
HLA-B*08:01,QLQARILAV,0,9,0.17772101
HLA-B*08:01,QLQARVLAI,0,9,0.08786657
HLA-B*08:01,QLQARVLAL,0,9,0.07369498
HLA-B*08:01,QLQARVLAV,0,9,0.108829394
HLA-B*08:01,QLQTRVLAI,0,9,0.07154901
HLA-B*08:01,QMHEDIISL,0,9,0.016409611
HLA-B*08:01,QMHEDVINL,0,9,0.010285571
HLA-B*08:01,QMHEDVISL,0,9,0.009475194
HLA-B*08:01,QMQEDIISL,0,9,0.014887437
HLA-B*08:01,QMQEDVISL,0,9,0.007876559
HLA-B*08:01,QPALKTGSA,0,9,0.007274706
HLA-B*08:01,QPCVKLTPL,0,9,0.03229143
HLA-B*08:01,QPVKEKYSF,0,9,0.023719218
HLA-B*08:01,QQKCDIPSL,0,9,0.012084159
HLA-B*08:01,QQKTQQAAM,0,9,0.077459835
HLA-B*08:01,QVFYKTGSI,0,9,0.0071037817
HLA-B*08:01,QVHALFYKL,0,9,0.008181857
HLA-B*08:01,QYKIKHLVW,0,9,0.15226665
HLA-B*08:01,RAKRRVVEM,0,9,0.3997852
HLA-B*08:01,RDKKQKVHAL,0,10,0.06739472
HLA-B*08:01,RDKKQRVYAL,0,10,0.051031236
HLA-B*08:01,RDKQKKVHAL,0,10,0.09926478
HLA-B*08:01,RDKQQKVHAL,0,10,0.040085763
HLA-B*08:01,RDKRQKVYAL,0,10,0.05167335
HLA-B*08:01,RIRQGYSPL,0,9,0.089443155
HLA-B*08:01,RKKYRMKHL,0,9,0.022905873
HLA-B*08:01,RLVSGFLSL,0,9,0.0023952215
HLA-B*08:01,RPGGKKHYM,0,9,0.034522515
HLA-B*08:01,RPGGKKHYML,0,10,0.045154806
HLA-B*08:01,RPGGKKKYKL,0,10,0.016562287
HLA-B*08:01,RPGGKKKYQL,0,10,0.028197842
HLA-B*08:01,RPGGKKQYRL,0,10,0.011111809
HLA-B*08:01,RPGGKKTYKL,0,10,0.004886042
HLA-B*08:01,RPSEIKRTRM,0,10,0.0029254365
HLA-B*08:01,RPSNKIRTSL,0,10,0.07335233
HLA-B*08:01,RVRKGYSPL,0,9,0.04811429
HLA-B*08:01,RVRQGYSPL,0,9,0.052663002
HLA-B*08:01,RVVKKLETL,0,9,0.006248966
HLA-B*08:01,SCKSILRAL,0,9,0.034580287
HLA-B*08:01,SFDDIWNNM,0,9,0.11581488
HLA-B*08:01,SFDPIPIHY,0,9,0.023364918
HLA-B*08:01,SFNDKQKVTF,0,10,0.01343394
HLA-B*08:01,SGGKKHYML,0,9,0.038606066
HLA-B*08:01,SGKTWKETL,0,9,0.10183936
HLA-B*08:01,SIATRAVEL,0,9,0.036521524
HLA-B*08:01,SIQTTVNTL,0,9,0.0035442098
HLA-B*08:01,SKKKTQQAV,0,9,0.029919269
HLA-B*08:01,SLAEKEIII,0,9,0.018339852
HLA-B*08:01,SLFNLVATL,0,9,0.0034464549
HLA-B*08:01,SLFNSVATL,0,9,0.0027618245
HLA-B*08:01,SLFNTIATL,0,9,0.0039025191
HLA-B*08:01,SLFNTIVVL,0,9,0.0062863794
HLA-B*08:01,SLFNTLVTL,0,9,0.0021403846
HLA-B*08:01,SLFNTVATL,0,9,0.002476987
HLA-B*08:01,SLFNTVVTL,0,9,0.0030039975
HLA-B*08:01,SLIAARTVEL,0,10,0.0062861214
HLA-B*08:01,SLIVTRTVEL,0,10,0.007802591
HLA-B*08:01,SLSPRTLNA,0,9,0.015693087
HLA-B*08:01,SLYNTIAVL,0,9,0.0056663984
HLA-B*08:01,SLYNTIVTL,0,9,0.005514872
HLA-B*08:01,SLYNTVATL,0,9,0.002504556
HLA-B*08:01,SLYNTVSVL,0,9,0.0021070477
HLA-B*08:01,SLYNTVVTL,0,9,0.0036192012
HLA-B*08:01,SPLSFQTHF,0,9,0.0019872703
HLA-B*08:01,SPLSFQTPF,0,9,0.007718669
HLA-B*08:01,SPLSFQTRL,0,9,0.0044467547
HLA-B*08:01,SQELKISAI,0,9,0.0046256823
HLA-B*08:01,SQELKTSAI,0,9,0.003327674
HLA-B*08:01,SQELRNSAI,0,9,0.00425012
HLA-B*08:01,SQQKKQQAA,0,9,0.0044495836
HLA-B*08:01,SRAKRRVVEM,0,10,0.005501597
HLA-B*08:01,SRELKISAI,0,9,0.015963962
HLA-B*08:01,SVTARTVEL,0,9,0.034393318
HLA-B*08:01,SYDEIWKNM,0,9,0.14438644
HLA-B*08:01,SYDEIWNNM,0,9,0.18427275
HLA-B*08:01,TCDLGYHSL,0,9,0.009974709
HLA-B*08:01,TDRKQKVSAL,0,10,0.048295345
HLA-B*08:01,TELRDKKQQV,0,10,0.010434023
HLA-B*08:01,TFDPIPIHY,0,9,0.030889185
HLA-B*08:01,TGRDNNITL,0,9,0.024585238
HLA-B*08:01,TGSEGFRSL,0,9,0.0047131665
HLA-B*08:01,TIETRYNVL,0,9,0.02355499
HLA-B*08:01,TIKKVSTKL,0,9,0.028485011
HLA-B*08:01,TIQCRIKQI,0,9,0.21790266
HLA-B*08:01,TLAKVTRKL,0,9,0.005275657
HLA-B*08:01,TLDQVKREL,0,9,0.01025251
HLA-B*08:01,TLHNVSKKL,0,9,0.0038894026
HLA-B*08:01,TLIAARTVEL,0,10,0.007792217
HLA-B*08:01,TLIVARTVEL,0,10,0.008802475
HLA-B*08:01,TLKKVAKKL,0,9,0.065332964
HLA-B*08:01,TLKQVAEKL,0,9,0.021943187
HLA-B*08:01,TLKQVARKL,0,9,0.08027192
HLA-B*08:01,TLKQVSEKL,0,9,0.021133503
HLA-B*08:01,TLKQVSKKL,0,9,0.039572127
HLA-B*08:01,TLKRIAIKL,0,9,0.20894063
HLA-B*08:01,TLKTGSEEL,0,9,0.042131025
HLA-B*08:01,TLNKVATKL,0,9,0.006169466
HLA-B*08:01,TLNQVIKKL,0,9,0.013757491
HLA-B*08:01,TLPCRIKQI,0,9,0.08535493
HLA-B*08:01,TLPNKFDVL,0,9,0.019614559
HLA-B*08:01,TLPNKSDVL,0,9,0.003692201
HLA-B*08:01,TLPNKSNVL,0,9,0.004934912
HLA-B*08:01,TLRRVTEKL,0,9,0.02927439
HLA-B*08:01,TLRTGSEEL,0,9,0.03158164
HLA-B*08:01,TLSERISSKL,0,10,0.010991203
HLA-B*08:01,TLTVHARQL,0,9,0.0055649662
HLA-B*08:01,TLTVKARQL,0,9,0.020024078
HLA-B*08:01,TLTVQTRQL,0,9,0.0027881346
HLA-B*08:01,TMQQVREKL,0,9,0.007982955
HLA-B*08:01,TPQDLNMML,0,9,0.0020899952
HLA-B*08:01,TPQDLNTML,0,9,0.001281251
HLA-B*08:01,TVLRDKRQQV,0,10,0.012183957
HLA-B*08:01,TYHIIIMAL,0,9,0.13849123
HLA-B*08:01,TYKLKHIVW,0,9,0.21417448
HLA-B*08:01,VAKKLKEHF,0,9,0.037461344
HLA-B*08:01,VAKKLKELF,0,9,0.045640614
HLA-B*08:01,VARKLKEHF,0,9,0.022066366
HLA-B*08:01,VIKKLKEHF,0,9,0.061859332
HLA-B*08:01,VLIATRTVEL,0,10,0.006021674
HLA-B*08:01,VLIVTRIVEL,0,10,0.035314266
HLA-B*08:01,VLKNITDEM,0,9,0.030046942
HLA-B*08:01,VLKQVVGKL,0,9,0.038573623
HLA-B*08:01,VLKRVVKKL,0,9,0.06439993
HLA-B*08:01,VLRDKRQQV,0,9,0.22533476
HLA-B*08:01,VLRNVTKKL,0,9,0.014566317
HLA-B*08:01,VMKRVAKKL,0,9,0.02148385
HLA-B*08:01,VPAMFTAAL,0,9,0.0094256895
HLA-B*08:01,VPRRIRQGL,0,9,0.021433126
HLA-B*08:01,VPTDPNPQEL,0,10,0.004012806
HLA-B*08:01,VPTDPNPQEM,0,10,0.004734321
HLA-B*08:01,VQELKTSAI,0,9,0.0033952962
HLA-B*08:01,VRMYRPVSI,0,9,0.11911584
HLA-B*08:01,VVKIEPLGL,0,9,0.021000968
HLA-B*08:01,VVRDREQKV,0,9,0.099710345
HLA-B*08:01,VWDDLRSLVL,0,10,0.052108053
HLA-B*08:01,VWKDADTTL,0,9,0.015678437
HLA-B*08:01,VWKDAETTL,0,9,0.021367682
HLA-B*08:01,VWKDAKTTL,0,9,0.0424274
HLA-B*08:01,VWKDANTTL,0,9,0.013022022
HLA-B*08:01,VWKEATTTL,0,9,0.020817101
HLA-B*08:01,VWRDAETTL,0,9,0.011005586
HLA-B*08:01,VWRDANTTL,0,9,0.00824907
HLA-B*08:01,VWRDVVTTL,0,9,0.017807137
HLA-B*08:01,VWREANTTL,0,9,0.01440657
HLA-B*08:01,VWRNAQTTL,0,9,0.014188019
HLA-B*08:01,YHLLRDFTL,0,9,0.028634546
HLA-B*08:01,YHRLRDFIF,0,9,0.20655493
HLA-B*08:01,YHRLRDFIL,0,9,0.21717106
HLA-B*08:01,YHRLRDFLL,0,9,0.114235304
HLA-B*08:01,YHRLRDFSL,0,9,0.08259871
HLA-B*08:01,YHRLRDFTL,0,9,0.07427639
HLA-B*08:01,YHRLRDFVL,0,9,0.10606716
HLA-B*08:01,YHRLRDLLL,0,9,0.05653722
HLA-B*08:01,YHRLRDLTL,0,9,0.045886807
HLA-B*08:01,YIKIFIMIL,0,9,0.5743599
HLA-B*08:01,YIKLFIMIV,0,9,0.55502313
HLA-B*08:01,YINKTKWTTV,0,10,0.037638128
HLA-B*08:01,YIRIFIMVV,0,9,0.43060607
HLA-B*08:01,YKVVKIEPL,0,9,0.061823826
HLA-B*08:01,YKVVKLEPL,0,9,0.04450404
HLA-B*08:01,YLKDQKFLAL,0,10,0.1262307
HLA-B*08:01,YLKDQKFLGL,0,10,0.11298817
HLA-B*08:01,YLKDQQFLGL,0,10,0.062298596
HLA-B*08:01,YLKDQQLLGL,0,10,0.03433788
HLA-B*08:01,YLKDQRFLGL,0,10,0.118686
HLA-B*08:01,YLKDQRLLGL,0,10,0.076602034
HLA-B*08:01,YLKDQTFLGL,0,10,0.07442013
HLA-B*08:01,YLKDQTLLGL,0,10,0.04065076
HLA-B*08:01,YLQDQKFLGL,0,10,0.019156178
HLA-B*08:01,YLRDQRLLGL,0,10,0.06548167
HLA-B*08:01,YLSDQKFLGL,0,10,0.008544399
HLA-B*08:01,YQALSPRTL,0,9,0.002698377
HLA-B*08:01,YRHLRDFIL,0,9,0.16987455
HLA-B*08:01,YRQLRDFVL,0,9,0.06798762
HLA-B*08:01,YRRLRDFSL,0,9,0.17102374
HLA-B*08:01,YRRLRDLIL,0,9,0.25080934
HLA-B*08:01,YSPLSFQTL,0,9,0.0039337804
HLA-B*08:01,YVDRFFKCL,0,9,0.022569206
HLA-B*08:01,YVDRFFKTL,0,9,0.01769377
HLA-B*08:01,YVDRFYKTL,0,9,0.017186029
HLA-B*08:01,YVDRFYKVL,0,9,0.022037568
HLA-B*15:02,AEEEIIISY,0,9,0.06027308
HLA-B*15:02,AFNPEVIPM,0,9,0.1509556
HLA-B*15:02,AKFDSNKTY,0,9,0.055394445
HLA-B*15:02,ALKTGSEEF,0,9,0.08717407
HLA-B*15:02,APGSPTNLEF,0,10,0.014656847
HLA-B*15:02,AVLNANLTY,0,9,0.050642423
HLA-B*15:02,AVLSAATETY,0,10,0.058128804
HLA-B*15:02,DAKAHETEM,0,9,0.16921167
HLA-B*15:02,DAKFDSNKTY,0,10,0.026288811
HLA-B*15:02,DIAGSTSTL,0,9,0.009222424
HLA-B*15:02,DIAGTTSSL,0,9,0.012075902
HLA-B*15:02,DIAGTTSTL,0,9,0.008969651
HLA-B*15:02,DIEVTMHHF,0,9,0.07347174
HLA-B*15:02,DIIGDIRKAY,0,10,0.045850568
HLA-B*15:02,DIIGDIRQAY,0,10,0.16441438
HLA-B*15:02,DIIGDIRRAF,0,10,0.033939917
HLA-B*15:02,DIIGDIRRAY,0,10,0.05092705
HLA-B*15:02,DIIGNIRKAY,0,10,0.030259924
HLA-B*15:02,DIRGDIRQAF,0,10,0.20860325
HLA-B*15:02,DIVGDIRRAY,0,10,0.03182466
HLA-B*15:02,DIVQINGSEY,0,10,0.16756125
HLA-B*15:02,DIVQISENQY,0,10,0.1465311
HLA-B*15:02,DLEIITHHF,0,9,0.20138045
HLA-B*15:02,DLEIMTHHF,0,9,0.21886516
HLA-B*15:02,DLEITMHHF,0,9,0.10956366
HLA-B*15:02,DLEITMLHF,0,9,0.12748365
HLA-B*15:02,DLEITTHHF,0,9,0.22464514
HLA-B*15:02,DLETTMHHF,0,9,0.10446473
HLA-B*15:02,DLETTTHSF,0,9,0.25828546
HLA-B*15:02,DLEVTMHHF,0,9,0.112777315
HLA-B*15:02,DLQNVTENF,0,9,0.05942351
HLA-B*15:02,DLRDKRQKVY,0,10,0.041099954
HLA-B*15:02,DLRNLCLFSY,0,10,0.25107703
HLA-B*15:02,DLRSLCIFSY,0,10,0.18913768
HLA-B*15:02,DLRSLCLFSY,0,10,0.17533214
HLA-B*15:02,DLRSLFLFSY,0,10,0.12091892
HLA-B*15:02,DLRSLVLFSY,0,10,0.109924875
HLA-B*15:02,DLRSLWLFSY,0,10,0.13661392
HLA-B*15:02,DSEVVMHSF,0,9,0.07891758
HLA-B*15:02,DSSNNNSSY,0,9,0.015025504
HLA-B*15:02,DSSSNYSEY,0,9,0.02143385
HLA-B*15:02,DSTNNTNNSY,0,10,0.026077794
HLA-B*15:02,DTFFKTSPM,0,9,0.12732542
HLA-B*15:02,DTFFRTSPM,0,9,0.17354189
HLA-B*15:02,DTVQVSNNTY,0,10,0.14049567
HLA-B*15:02,DVEITTHHF,0,9,0.18827145
HLA-B*15:02,DVETIMHHF,0,9,0.057262838
HLA-B*15:02,DVIGDIRKAY,0,10,0.051140092
HLA-B*15:02,DVSQEVRKY,0,9,0.04132643
HLA-B*15:02,EADGKVSQNY,0,10,0.08737452
HLA-B*15:02,EADKKVSQNY,0,10,0.048317995
HLA-B*15:02,EAHNIWATY,0,9,0.31884044
HLA-B*15:02,EAKNINITY,0,9,0.12272196
HLA-B*15:02,EALEKIEEM,0,9,0.057586912
HLA-B*15:02,EEQFLKNITF,0,10,0.049679972
HLA-B*15:02,EHFNGSITF,0,9,0.19992675
HLA-B*15:02,EHFNKTIEF,0,9,0.19779979
HLA-B*15:02,EIESLEATY,0,9,0.024304112
HLA-B*15:02,EIGNYSSQIY,0,10,0.031038435
HLA-B*15:02,EIGNYTAQIY,0,10,0.044662382
HLA-B*15:02,EIIDKKQKF,0,9,0.035856105
HLA-B*15:02,EIIGDIKNAY,0,10,0.15282246
HLA-B*15:02,EIIGDIRKAF,0,10,0.023401985
HLA-B*15:02,EIIGDIRKAY,0,10,0.038255315
HLA-B*15:02,EIIGDIRRAY,0,10,0.04318564
HLA-B*15:02,EIIGDIRSAY,0,10,0.25667933
HLA-B*15:02,EIIGDPRQAF,0,10,0.06892135
HLA-B*15:02,EIIPMFTAL,0,9,0.07766231
HLA-B*15:02,EIKRTRMTM,0,9,0.023716083
HLA-B*15:02,EIRDKKQETY,0,10,0.10206828
HLA-B*15:02,EIRDKKQRVY,0,10,0.04425457
HLA-B*15:02,EIRDKQQEVY,0,10,0.14864278
HLA-B*15:02,EISDKQQKAY,0,10,0.019793937
HLA-B*15:02,EISNYTDQIY,0,10,0.022675047
HLA-B*15:02,EISNYTDTIY,0,10,0.031084372
HLA-B*15:02,EISNYTGLIY,0,10,0.063924246
HLA-B*15:02,EISNYTHQIY,0,10,0.0714411
HLA-B*15:02,EISNYTNIIY,0,10,0.04688413
HLA-B*15:02,EISNYTNQIY,0,10,0.036305748
HLA-B*15:02,EISNYTSKIY,0,10,0.03704631
HLA-B*15:02,EISNYTSQIY,0,10,0.024931852
HLA-B*15:02,EITGNIRQAY,0,10,0.042505402
HLA-B*15:02,ELDIVSTNY,0,9,0.21481659
HLA-B*15:02,ELFNITTISF,0,10,0.0852412
HLA-B*15:02,ELIDKKQKF,0,9,0.020805104
HLA-B*15:02,ELIDKKQKFY,0,10,0.052503716
HLA-B*15:02,ELILENVTEY,0,10,0.063713126
HLA-B*15:02,ELKDRKKQVY,0,10,0.022239653
HLA-B*15:02,ELKISAISL,0,9,0.05278861
HLA-B*15:02,ELKISAISLF,0,10,0.031659752
HLA-B*15:02,ELKISAISLY,0,10,0.06603567
HLA-B*15:02,ELKISASSL,0,9,0.032749433
HLA-B*15:02,ELKISAVSL,0,9,0.03692284
HLA-B*15:02,ELKISAVSLF,0,10,0.027930621
HLA-B*15:02,ELKKSAISL,0,9,0.03428166
HLA-B*15:02,ELKKSAISLF,0,10,0.02191553
HLA-B*15:02,ELKNSAISL,0,9,0.03801992
HLA-B*15:02,ELKNVTENF,0,9,0.05220254
HLA-B*15:02,ELKSSAISL,0,9,0.054847453
HLA-B*15:02,ELKTSAISL,0,9,0.040538073
HLA-B*15:02,ELKTSAISLF,0,10,0.040542595
HLA-B*15:02,ELRDKKKMAY,0,10,0.117306136
HLA-B*15:02,ELRDKKQQVY,0,10,0.11990078
HLA-B*15:02,ELRDKQQKAY,0,10,0.055417597
HLA-B*15:02,ELRNSAISL,0,9,0.31679675
HLA-B*15:02,ELRSLFNTL,0,9,0.2186048
HLA-B*15:02,EMGNYTSQIY,0,10,0.08169017
HLA-B*15:02,EMHNVWATH,0,9,0.07227541
HLA-B*15:02,ENNSSNREY,0,9,0.039146792
HLA-B*15:02,EQFENKTIRF,0,10,0.14428212
HLA-B*15:02,EQFLKNITF,0,9,0.2539261
HLA-B*15:02,EQFNRTIVF,0,9,0.3476449
HLA-B*15:02,EQIWHNMTW,0,9,0.031570133
HLA-B*15:02,EQKAYVPAM,0,9,0.049636513
HLA-B*15:02,EQKAYVPAMF,0,10,0.054084357
HLA-B*15:02,EQKVYALFY,0,9,0.18485418
HLA-B*15:02,EQLNKTTIIF,0,10,0.04998098
HLA-B*15:02,EQQKVQALF,0,9,0.024823219
HLA-B*15:02,EQQKVQALFY,0,10,0.06695796
HLA-B*15:02,EVELKNCSF,0,9,0.068005346
HLA-B*15:02,EVIPMFSAL,0,9,0.05202561
HLA-B*15:02,EVIPMFTAL,0,9,0.08793391
HLA-B*15:02,EVIVRSRNF,0,9,0.009610574
HLA-B*15:02,EVRDRQREAY,0,10,0.065248825
HLA-B*15:02,EYFNGTIQF,0,9,0.2811871
HLA-B*15:02,FCASDAKAY,0,9,0.06456895
HLA-B*15:02,FELYDKPLY,0,9,0.07445435
HLA-B*15:02,FFYCDTSQLF,0,10,0.42408666
HLA-B*15:02,FIYHRLRDF,0,9,0.05683164
HLA-B*15:02,FLGAAGSTM,0,9,0.26095775
HLA-B*15:02,FLGVAGSTM,0,9,0.43364343
HLA-B*15:02,FLYHRLRDF,0,9,0.11871346
HLA-B*15:02,FLYRQLRDF,0,9,0.18599717
HLA-B*15:02,FLYRRLSDF,0,9,0.29106897
HLA-B*15:02,FMENVTENF,0,9,0.18713827
HLA-B*15:02,FNSTYNSTY,0,9,0.13470986
HLA-B*15:02,FRIGPGQVFY,0,10,0.08246142
HLA-B*15:02,FSISNWLWY,0,9,0.09453245
HLA-B*15:02,FSITSWLWY,0,9,0.13168082
HLA-B*15:02,FSPEVIPMF,0,9,0.014998302
HLA-B*15:02,GAGSSSQNY,0,9,0.008184755
HLA-B*15:02,GIHIGPGQVF,0,10,0.041446116
HLA-B*15:02,GITGDIRQAY,0,10,0.02163821
HLA-B*15:02,GLIGLRIIF,0,9,0.045795057
HLA-B*15:02,GLIGLRIVF,0,9,0.05284671
HLA-B*15:02,GLNKIVRMY,0,9,0.06024021
HLA-B*15:02,GLNKIVRVY,0,9,0.10017498
HLA-B*15:02,GLNKVVRMY,0,9,0.058472063
HLA-B*15:02,GLTPEQKAY,0,9,0.026212474
HLA-B*15:02,GLYYQGSCY,0,9,0.2908328
HLA-B*15:02,GPKEPFRDY,0,9,0.031205392
HLA-B*15:02,GPKEPFREY,0,9,0.052200068
HLA-B*15:02,GQRGWEGLKY,0,10,0.10062885
HLA-B*15:02,GSAELKSLY,0,9,0.024986735
HLA-B*15:02,GSKELKSLY,0,9,0.014399773
HLA-B*15:02,GSLIGLRIVY,0,10,0.01719699
HLA-B*15:02,GTEELRSLY,0,9,0.12379169
HLA-B*15:02,GVHIGPGQVF,0,10,0.044130716
HLA-B*15:02,GYEVIGVSY,0,9,0.23159198
HLA-B*15:02,HFGPGQALY,0,9,0.25444946
HLA-B*15:02,HFINKNITF,0,9,0.49977574
HLA-B*15:02,HFKNSSIIF,0,9,0.41549042
HLA-B*15:02,HFNNKTIIF,0,9,0.43746552
HLA-B*15:02,HFNNKTIVF,0,9,0.48475632
HLA-B*15:02,HFNNTTITF,0,9,0.54235333
HLA-B*15:02,HFPNKTITF,0,9,0.26372996
HLA-B*15:02,HFQNKTINF,0,9,0.15074837
HLA-B*15:02,HFSNKTIIF,0,9,0.33334526
HLA-B*15:02,HFTNKNISF,0,9,0.38215706
HLA-B*15:02,HIGPGQAFF,0,9,0.18284592
HLA-B*15:02,HIGPGQAFY,0,9,0.24841847
HLA-B*15:02,HIGPGQVFY,0,9,0.25914097
HLA-B*15:02,HIGPGQVWY,0,9,0.2179407
HLA-B*15:02,HLIWAGREL,0,9,0.15356544
HLA-B*15:02,HLKNVTEDF,0,9,0.29305992
HLA-B*15:02,HLMWASKEL,0,9,0.34029478
HLA-B*15:02,HLVNVTENF,0,9,0.24685338
HLA-B*15:02,HMENVTENF,0,9,0.21842448
HLA-B*15:02,HMGPGRTFF,0,9,0.39386088
HLA-B*15:02,HQAISPRTL,0,9,0.07693462
HLA-B*15:02,HQALSPRTL,0,9,0.057954494
HLA-B*15:02,HQAMTPRTL,0,9,0.06958061
HLA-B*15:02,HQAVSPRTL,0,9,0.084942065
HLA-B*15:02,HQNMSPRTL,0,9,0.12835266
HLA-B*15:02,HQSLSPRTL,0,9,0.037058275
HLA-B*15:02,HSFNCGGEF,0,9,0.054128736
HLA-B*15:02,HSFTCGGEF,0,9,0.06621245
HLA-B*15:02,HSSQVSHNY,0,9,0.19402847
HLA-B*15:02,HVTEVHNVW,0,9,0.26543862
HLA-B*15:02,IAIKLQEQF,0,9,0.053369194
HLA-B*15:02,IAQRAWRAF,0,9,0.030077768
HLA-B*15:02,IENNKSSEY,0,9,0.07328541
HLA-B*15:02,IGNYSSQIY,0,9,0.059400897
HLA-B*15:02,IGNYTAQIY,0,9,0.10375291
HLA-B*15:02,IHFGPGQALY,0,10,0.23800898
HLA-B*15:02,IHIGPGQAF,0,9,0.3552921
HLA-B*15:02,IHIGPGQAFY,0,10,0.30829915
HLA-B*15:02,IHIGPGQVF,0,9,0.24215066
HLA-B*15:02,IHIGPGQVFY,0,10,0.29334214
HLA-B*15:02,IHMGPGRTF,0,9,0.08389036
HLA-B*15:02,IIGDIKNAY,0,9,0.123074755
HLA-B*15:02,IIGDIRKAF,0,9,0.03212331
HLA-B*15:02,IIGDIRKAY,0,9,0.08373491
HLA-B*15:02,IIGDIRQAY,0,9,0.27290246
HLA-B*15:02,IIGDIRRAF,0,9,0.028558355
HLA-B*15:02,IIGDIRRAY,0,9,0.08838629
HLA-B*15:02,IIGDIRSAY,0,9,0.3076961
HLA-B*15:02,IIGDPRQAF,0,9,0.21102694
HLA-B*15:02,IIGNIRKAY,0,9,0.03343707
HLA-B*15:02,ILAALFMYY,0,9,0.36233634
HLA-B*15:02,ILENVTEYF,0,9,0.06506306
HLA-B*15:02,ILHLDYKSF,0,9,0.06646431
HLA-B*15:02,ILHSDYKSF,0,9,0.07336114
HLA-B*15:02,ILKCNDKEF,0,9,0.1637094
HLA-B*15:02,ILTALFMYY,0,9,0.33957535
HLA-B*15:02,IMDQLQSAL,0,9,0.10543901
HLA-B*15:02,IMYNQQGKM,0,9,0.08077604
HLA-B*15:02,IPIGPGQVF,0,9,0.20447473
HLA-B*15:02,IPIGPGQVFY,0,10,0.19827089
HLA-B*15:02,IPMENVTENF,0,10,0.085935794
HLA-B*15:02,IPRRIRQGF,0,9,0.038122218
HLA-B*15:02,IQWEREISNY,0,10,0.08122177
HLA-B*15:02,ISDKQQKAY,0,9,0.08205892
HLA-B*15:02,ISFDPIPIHY,0,10,0.09012387
HLA-B*15:02,ISFEPIPIHY,0,10,0.073500514
HLA-B*15:02,ISIGPGQVF,0,9,0.06672304
HLA-B*15:02,ISIGPGQVFY,0,10,0.06207756
HLA-B*15:02,ISNYTDQIY,0,9,0.06934078
HLA-B*15:02,ISNYTDTIY,0,9,0.077725135
HLA-B*15:02,ISNYTGLIY,0,9,0.18515603
HLA-B*15:02,ISNYTHQIY,0,9,0.19499184
HLA-B*15:02,ISNYTNIIY,0,9,0.12614748
HLA-B*15:02,ISNYTNQIY,0,9,0.093918614
HLA-B*15:02,ISNYTSKIY,0,9,0.060223192
HLA-B*15:02,ISNYTSQIY,0,9,0.07151435
HLA-B*15:02,ITFDPIPIHY,0,10,0.12252088
HLA-B*15:02,ITFEDKQEM,0,9,0.05142016
HLA-B*15:02,ITGDIRQAY,0,9,0.113299094
HLA-B*15:02,ITGDRRKAY,0,9,0.017210921
HLA-B*15:02,ITGNIRQAY,0,9,0.08547502
HLA-B*15:02,ITIGPGQVF,0,9,0.13658907
HLA-B*15:02,ITIGPGQVFY,0,10,0.13834195
HLA-B*15:02,ITIGPGRAF,0,9,0.15016064
HLA-B*15:02,ITIGPGRAFF,0,10,0.07754933
HLA-B*15:02,ITMGPGQAF,0,9,0.23815331
HLA-B*15:02,ITMGPGQAFY,0,10,0.1812893
HLA-B*15:02,IVGDHQAAM,0,9,0.2295626
HLA-B*15:02,IVGDIRRAY,0,9,0.09441191
HLA-B*15:02,IVGGHQAAM,0,9,0.1243655
HLA-B*15:02,IVKRIRQGY,0,9,0.01709351
HLA-B*15:02,IVKRVRQGY,0,9,0.012108869
HLA-B*15:02,IVNRVRKGY,0,9,0.010109563
HLA-B*15:02,IVNRVRQGY,0,9,0.039862093
HLA-B*15:02,IVPINNKSEY,0,10,0.02648439
HLA-B*15:02,IVQINGSEY,0,9,0.0977949
HLA-B*15:02,IVQISENQY,0,9,0.1074805
HLA-B*15:02,IVQNPQGQM,0,9,0.025244724
HLA-B*15:02,IWDDLRSLF,0,9,0.49847206
HLA-B*15:02,KAVLNANLTY,0,10,0.09522005
HLA-B*15:02,KLSKDVVQY,0,9,0.031296425
HLA-B*15:02,KLSKNVVQY,0,9,0.054465793
HLA-B*15:02,KLTSTETSF,0,9,0.033600964
HLA-B*15:02,KMNNDNKTY,0,9,0.058541067
HLA-B*15:02,KMQQVHALF,0,9,0.09275059
HLA-B*15:02,KMWQGVGQAM,0,10,0.13337237
HLA-B*15:02,KQACPKISF,0,9,0.08565638
HLA-B*15:02,KQACPKITF,0,9,0.05800605
HLA-B*15:02,KQACPKMSF,0,9,0.07486219
HLA-B*15:02,KQACPKVSF,0,9,0.08207828
HLA-B*15:02,KQHKVHALF,0,9,0.04808573
HLA-B*15:02,KQKFHALFY,0,9,0.081496775
HLA-B*15:02,KQKFYALFY,0,9,0.12033461
HLA-B*15:02,KQKKVHALF,0,9,0.013917218
HLA-B*15:02,KQKVHALFY,0,9,0.094988
HLA-B*15:02,KQKVSALFY,0,9,0.11191131
HLA-B*15:02,KQQEVYALF,0,9,0.07294339
HLA-B*15:02,KQQISALFY,0,9,0.24717966
HLA-B*15:02,KQRKVQALF,0,9,0.02541541
HLA-B*15:02,KQRNVHALF,0,9,0.054473497
HLA-B*15:02,KQRVYALFY,0,9,0.33441955
HLA-B*15:02,KQVAGTGVQF,0,10,0.035898913
HLA-B*15:02,KTYPGNETM,0,9,0.09670043
HLA-B*15:02,KVASSTTQY,0,9,0.112763055
HLA-B*15:02,KVSQVSQNY,0,9,0.1415633
HLA-B*15:02,KVVSSTTQY,0,9,0.091476835
HLA-B*15:02,KYLGNLLAY,0,9,0.16928346
HLA-B*15:02,KYLGSLLVY,0,9,0.3732422
HLA-B*15:02,KYLGSLVQY,0,9,0.1555703
HLA-B*15:02,KYWGNLLQY,0,9,0.1929333
HLA-B*15:02,LAEEEIIISY,0,10,0.037262477
HLA-B*15:02,LCVLPAVVY,0,9,0.30993408
HLA-B*15:02,LDWGNNMTY,0,9,0.16460788
HLA-B*15:02,LFNAVATLY,0,9,0.5993857
HLA-B*15:02,LFNGTENATY,0,10,0.3237897
HLA-B*15:02,LFNITTISF,0,9,0.18783326
HLA-B*15:02,LFNLVATLY,0,9,0.6202696
HLA-B*15:02,LFNLVAVLY,0,9,0.5775895
HLA-B*15:02,LFNSTYNSTY,0,10,0.32361835
HLA-B*15:02,LFNTTNITF,0,9,0.29265648
HLA-B*15:02,LFNTVATLY,0,9,0.59501463
HLA-B*15:02,LFNTVAVLY,0,9,0.5675818
HLA-B*15:02,LIDKKQKFY,0,9,0.13000932
HLA-B*15:02,LILENVTEY,0,9,0.15275313
HLA-B*15:02,LKISAISLY,0,9,0.06648367
HLA-B*15:02,LLANVTENF,0,9,0.093603894
HLA-B*15:02,LLCVLPAVVY,0,10,0.33926114
HLA-B*15:02,LLENVTENF,0,9,0.037907016
HLA-B*15:02,LLKNVTEPF,0,9,0.11333282
HLA-B*15:02,LNNDSSSNY,0,9,0.061068445
HLA-B*15:02,LQRGWEVLKY,0,10,0.051459048
HLA-B*15:02,LSCNGVTKY,0,9,0.04902223
HLA-B*15:02,LSMITMSAF,0,9,0.043779887
HLA-B*15:02,LSMITMSVF,0,9,0.045047652
HLA-B*15:02,LTVGPGQAIY,0,10,0.054604106
HLA-B*15:02,LTYTNITNY,0,9,0.15118627
HLA-B*15:02,LVSGFLAIF,0,9,0.022078274
HLA-B*15:02,LVSGFLALF,0,9,0.027002126
HLA-B*15:02,LWQEVGQAM,0,9,0.093637004
HLA-B*15:02,LWQEVGQAMY,0,10,0.22902916
HLA-B*15:02,LWQEVGRAM,0,9,0.08325033
HLA-B*15:02,LYNTIAVLY,0,9,0.42573738
HLA-B*15:02,LYNTVSVLY,0,9,0.43245512
HLA-B*15:02,MAIEAQQHL,0,9,0.033075858
HLA-B*15:02,MDKNNNSEY,0,9,0.10223209
HLA-B*15:02,MEWEKEISNY,0,10,0.03755122
HLA-B*15:02,MGNNNSSEY,0,9,0.058094583
HLA-B*15:02,MGNSNSSEY,0,9,0.04275025
HLA-B*15:02,MGNYTSQIY,0,9,0.0839167
HLA-B*15:02,MQEDIISLW,0,9,0.026766026
HLA-B*15:02,MQEDVISLW,0,9,0.028493714
HLA-B*15:02,MQQVHALFY,0,9,0.5407068
HLA-B*15:02,MQWDKEISNY,0,10,0.13195182
HLA-B*15:02,MSFDPIPIH,0,9,0.008643529
HLA-B*15:02,MSFDPIPIHY,0,10,0.14548215
HLA-B*15:02,MTIGPGQVF,0,9,0.21263866
HLA-B*15:02,MTIGPGQVFY,0,10,0.253635
HLA-B*15:02,MTINCDVGY,0,9,0.060033027
HLA-B*15:02,MTMGLGHVF,0,9,0.11851176
HLA-B*15:02,MTMGLGHVFY,0,10,0.4082806
HLA-B*15:02,MWQAVGQAM,0,9,0.13110878
HLA-B*15:02,MWQAVGQAMY,0,10,0.39587647
HLA-B*15:02,MWQEVGKAM,0,9,0.16857335
HLA-B*15:02,MWQEVGKAMY,0,10,0.3830029
HLA-B*15:02,MWQEVGQAM,0,9,0.19439772
HLA-B*15:02,MWQEVGQAMY,0,10,0.37446064
HLA-B*15:02,MWQEVGRAM,0,9,0.15132809
HLA-B*15:02,MWQEVGRAMY,0,10,0.36932993
HLA-B*15:02,MWQGAGQAM,0,9,0.08197968
HLA-B*15:02,MWQGAGQAMY,0,10,0.24783812
HLA-B*15:02,MWQGTGQAM,0,9,0.05763615
HLA-B*15:02,MWQGTGQAMY,0,10,0.23652413
HLA-B*15:02,MWQGVGQAIY,0,10,0.12398652
HLA-B*15:02,MWQGVGQAM,0,9,0.07883948
HLA-B*15:02,MWQGVGQAMY,0,10,0.3105099
HLA-B*15:02,MWQGVGQTLY,0,10,0.23543908
HLA-B*15:02,MWQKVGKAMY,0,10,0.16672984
HLA-B*15:02,MWQRAGQAIY,0,10,0.14981593
HLA-B*15:02,MWQRTGQAM,0,9,0.10479861
HLA-B*15:02,MWQRTGQAMY,0,10,0.27106032
HLA-B*15:02,MWQRVGQAM,0,9,0.13645288
HLA-B*15:02,MWQRVGQAMY,0,10,0.28260157
HLA-B*15:02,NATNETETF,0,9,0.027822563
HLA-B*15:02,NGLYYQGSCY,0,10,0.2522255
HLA-B*15:02,NIGPGQMLF,0,9,0.06361257
HLA-B*15:02,NIGPGQMLFY,0,10,0.088118866
HLA-B*15:02,NIGPGQVLF,0,9,0.048384976
HLA-B*15:02,NIGPGQVLFY,0,10,0.07010115
HLA-B*15:02,NISNITANF,0,9,0.056084123
HLA-B*15:02,NKNSNYSEY,0,9,0.13250892
HLA-B*15:02,NLFNTTNLF,0,9,0.22292142
HLA-B*15:02,NLGNITQEM,0,9,0.19385676
HLA-B*15:02,NLTYTNITNY,0,10,0.072757356
HLA-B*15:02,NLWQEVGQAM,0,10,0.46339756
HLA-B*15:02,NLWQEVGRAM,0,10,0.22375326
HLA-B*15:02,NMWQAVGQAM,0,10,0.51394653
HLA-B*15:02,NMWQEVGKAM,0,10,0.2862278
HLA-B*15:02,NMWQEVGQAM,0,10,0.47563425
HLA-B*15:02,NMWQEVGRAM,0,10,0.24392125
HLA-B*15:02,NMWQGAGQAM,0,10,0.48821574
HLA-B*15:02,NMWQGTGQAM,0,10,0.5233416
HLA-B*15:02,NMWQGVGQAM,0,10,0.5278565
HLA-B*15:02,NMWQRVGQAM,0,10,0.25347203
HLA-B*15:02,NNKTNTTAF,0,9,0.12455529
HLA-B*15:02,NNSSNYSEY,0,9,0.04332212
HLA-B*15:02,NPAIPVGDIY,0,10,0.18608236
HLA-B*15:02,NPITKTTSDY,0,10,0.077157564
HLA-B*15:02,NPITKTTSNY,0,10,0.06877771
HLA-B*15:02,NPPIPVGDIY,0,10,0.05067888
HLA-B*15:02,NPPIPVGEIY,0,10,0.052084077
HLA-B*15:02,NPPVPVGDIY,0,10,0.08935039
HLA-B*15:02,NPPVPVGEIY,0,10,0.10399179
HLA-B*15:02,NPSIPVGDIY,0,10,0.09333964
HLA-B*15:02,NQSNIKNITY,0,10,0.23862688
HLA-B*15:02,NSNNKNITF,0,9,0.057051666
HLA-B*15:02,NSNSNSSSEY,0,10,0.038447168
HLA-B*15:02,NSNSTSREY,0,9,0.0325918
HLA-B*15:02,NSSHPVSQNY,0,10,0.08931737
HLA-B*15:02,NSSKISQNY,0,9,0.03716355
HLA-B*15:02,NSSKVSHNY,0,9,0.056303978
HLA-B*15:02,NSSKVSQNY,0,9,0.043270607
HLA-B*15:02,NSSNPNETF,0,9,0.021872649
HLA-B*15:02,NSSQVSQNY,0,9,0.044413865
HLA-B*15:02,NSSTVSHNY,0,9,0.071244426
HLA-B*15:02,NSSWSNKSY,0,9,0.037406974
HLA-B*15:02,NSTWSNKSY,0,9,0.045186
HLA-B*15:02,NSTWSNKTY,0,9,0.04890398
HLA-B*15:02,NSTWSNRSY,0,9,0.07734333
HLA-B*15:02,NTNNSYSEY,0,9,0.122103594
HLA-B*15:02,NTSKLFNSTY,0,10,0.18079673
HLA-B*15:02,NTTKLFNITY,0,10,0.15412618
HLA-B*15:02,NTTWSNKSY,0,9,0.05957248
HLA-B*15:02,NVMKDTMNM,0,9,0.18768762
HLA-B*15:02,NVTSTNETF,0,9,0.060607053
HLA-B*15:02,NVVGGHQAAM,0,10,0.21656612
HLA-B*15:02,PAIPVGDIY,0,9,0.057966437
HLA-B*15:02,PLYEVNSTM,0,9,0.20600666
HLA-B*15:02,PPIPVGDIY,0,9,0.038830463
HLA-B*15:02,PPIPVGEIY,0,9,0.034717824
HLA-B*15:02,PPVPVGEIY,0,9,0.032343123
HLA-B*15:02,QEIESLEATY,0,10,0.05492821
HLA-B*15:02,QGPKEPFREY,0,10,0.10197395
HLA-B*15:02,QHKVHALFY,0,9,0.11736185
HLA-B*15:02,QIGKDNNSY,0,9,0.06021059
HLA-B*15:02,QLNKTTIIF,0,9,0.2167432
HLA-B*15:02,QLRPGGKKKY,0,10,0.008412662
HLA-B*15:02,QMDKNNNSEY,0,10,0.18443225
HLA-B*15:02,QMGNNNSSEY,0,10,0.049572658
HLA-B*15:02,QMHEDIISL,0,9,0.0732034
HLA-B*15:02,QMHEDVINL,0,9,0.022220137
HLA-B*15:02,QMHEDVISL,0,9,0.04578561
HLA-B*15:02,QMQEDIISL,0,9,0.016117869
HLA-B*15:02,QMQEDVISL,0,9,0.013939554
HLA-B*15:02,QNHQGQMVY,0,9,0.30340448
HLA-B*15:02,QPVKEKYSF,0,9,0.030059699
HLA-B*15:02,QQEVYALFY,0,9,0.31568608
HLA-B*15:02,QQKAYALFY,0,9,0.27367988
HLA-B*15:02,QQKTQQAAM,0,9,0.025031375
HLA-B*15:02,QQKVHALFY,0,9,0.17542508
HLA-B*15:02,QQKVQALFY,0,9,0.13236079
HLA-B*15:02,QSNIKNITY,0,9,0.18663216
HLA-B*15:02,QTSVFSATVY,0,10,0.31865993
HLA-B*15:02,QVAGTGVQF,0,9,0.1270763
HLA-B*15:02,QVAGTGVQFY,0,10,0.10955591
HLA-B*15:02,QWDKEISNY,0,9,0.10348266
HLA-B*15:02,RAIEAQQHM,0,9,0.041098744
HLA-B*15:02,RIGPGQMFY,0,9,0.06468346
HLA-B*15:02,RIGPGQTFY,0,9,0.067592755
HLA-B*15:02,RIGPGQVFY,0,9,0.056796823
HLA-B*15:02,RIGPGSVFY,0,9,0.08888759
HLA-B*15:02,RIRQGLERF,0,9,0.05742267
HLA-B*15:02,RKVASSTTQY,0,10,0.08055027
HLA-B*15:02,RKVVSSTTQY,0,10,0.10246317
HLA-B*15:02,RLGWEGIKY,0,9,0.036516998
HLA-B*15:02,RLGWEGLKY,0,9,0.043730132
HLA-B*15:02,RLKPGGKKKY,0,10,0.0051956815
HLA-B*15:02,RLRPGGKKHY,0,10,0.016619673
HLA-B*15:02,RLRPGGKKKY,0,10,0.006098815
HLA-B*15:02,RLRPGGKKQY,0,10,0.014294356
HLA-B*15:02,RLRPGGKKTY,0,10,0.02226557
HLA-B*15:02,RLRPGGNKRY,0,10,0.010017102
HLA-B*15:02,RLRPGGRKKY,0,10,0.0051495014
HLA-B*15:02,RLVDGFLAL,0,9,0.055679865
HLA-B*15:02,RMTMGLGHVF,0,10,0.02287854
HLA-B*15:02,RMWQGAGQAM,0,10,0.1625062
HLA-B*15:02,RMWQGTGQAM,0,10,0.19629309
HLA-B*15:02,RMWQGVGQAM,0,10,0.12717603
HLA-B*15:02,RMWQRTGQAM,0,10,0.037675176
HLA-B*15:02,RMYNPVSIL,0,9,0.038357597
HLA-B*15:02,RMYQPVSIL,0,9,0.06675322
HLA-B*15:02,RMYSPISIL,0,9,0.062456004
HLA-B*15:02,RMYSPSSIL,0,9,0.04670418
HLA-B*15:02,RMYSPTSIL,0,9,0.059971757
HLA-B*15:02,RMYSPVNIL,0,9,0.039052393
HLA-B*15:02,RMYSPVSIL,0,9,0.043988965
HLA-B*15:02,RQACPKMSF,0,9,0.08795165
HLA-B*15:02,RQACPKVSF,0,9,0.09110202
HLA-B*15:02,RQGWEGLKY,0,9,0.034041252
HLA-B*15:02,RQGYSPLSF,0,9,0.033493403
HLA-B*15:02,RQGYSPVSF,0,9,0.034698986
HLA-B*15:02,RQKVYALFY,0,9,0.14670089
HLA-B*15:02,RQQVHALFY,0,9,0.3222721
HLA-B*15:02,RQREAYALF,0,9,0.15183541
HLA-B*15:02,RQREAYALFY,0,10,0.23601563
HLA-B*15:02,RQVAGTGVQF,0,10,0.039454427
HLA-B*15:02,RVIEAAQRF,0,9,0.050762296
HLA-B*15:02,SARIGPGQVF,0,10,0.043214645
HLA-B*15:02,SCDKNNVQY,0,9,0.28133962
HLA-B*15:02,SCQPVKEKY,0,9,0.0210441
HLA-B*15:02,SCYILHSDY,0,9,0.5337204
HLA-B*15:02,SFDPIPIHY,0,9,0.5291306
HLA-B*15:02,SFEPIPIHY,0,9,0.22232433
HLA-B*15:02,SFRIGPGQVF,0,10,0.15038636
HLA-B*15:02,SFSPEVIPM,0,9,0.19811049
HLA-B*15:02,SGLTPEQKAY,0,10,0.010010162
HLA-B*15:02,SIGPGQVFY,0,9,0.05342543
HLA-B*15:02,SIHFGPGQAL,0,10,0.088889785
HLA-B*15:02,SIHIGPGQAF,0,10,0.10651453
HLA-B*15:02,SIHMGPGRTF,0,10,0.030577939
HLA-B*15:02,SIIGDIRKAY,0,10,0.016275512
HLA-B*15:02,SIKDKIRKEY,0,10,0.006915459
HLA-B*15:02,SIPIGPGQVF,0,10,0.015983352
HLA-B*15:02,SIRIGPGQTF,0,10,0.052155763
HLA-B*15:02,SISIGPGQVF,0,10,0.019047748
HLA-B*15:02,SITIGPGQVF,0,10,0.017843843
HLA-B*15:02,SITIGPGRAF,0,10,0.013789338
HLA-B*15:02,SITMGPGQAF,0,10,0.030455377
HLA-B*15:02,SIVNRVRQGY,0,10,0.009225474
HLA-B*15:02,SKLSKDVVQY,0,10,0.02549896
HLA-B*15:02,SKLSKNVVQY,0,10,0.023629928
HLA-B*15:02,SKVSQVSQNY,0,10,0.07726778
HLA-B*15:02,SLFNAVATL,0,9,0.033666473
HLA-B*15:02,SLFNAVATLY,0,10,0.2715433
HLA-B*15:02,SLFNLVATL,0,9,0.029375022
HLA-B*15:02,SLFNLVATLY,0,10,0.25470665
HLA-B*15:02,SLFNLVAVL,0,9,0.04092788
HLA-B*15:02,SLFNLVAVLY,0,10,0.17678115
HLA-B*15:02,SLFNSVATL,0,9,0.028639097
HLA-B*15:02,SLFNTIATL,0,9,0.023413878
HLA-B*15:02,SLFNTIAVL,0,9,0.037370596
HLA-B*15:02,SLFNTIVVL,0,9,0.025360096
HLA-B*15:02,SLFNTLVTL,0,9,0.01460725
HLA-B*15:02,SLFNTVATL,0,9,0.027331041
HLA-B*15:02,SLFNTVATLY,0,10,0.18773212
HLA-B*15:02,SLFNTVAVL,0,9,0.039465535
HLA-B*15:02,SLFNTVAVLY,0,10,0.12357597
HLA-B*15:02,SLFNTVVTL,0,9,0.02317403
HLA-B*15:02,SLIGLRIIF,0,9,0.07075969
HLA-B*15:02,SLIGLRIVY,0,9,0.37564918
HLA-B*15:02,SLRIGPGRVF,0,10,0.041752957
HLA-B*15:02,SLWNTIATL,0,9,0.035301324
HLA-B*15:02,SLYNTIAVL,0,9,0.10690268
HLA-B*15:02,SLYNTIAVLY,0,10,0.1385342
HLA-B*15:02,SLYNTIVTL,0,9,0.092932686
HLA-B*15:02,SLYNTVATL,0,9,0.07996617
HLA-B*15:02,SLYNTVSVL,0,9,0.09407575
HLA-B*15:02,SLYNTVSVLY,0,10,0.1711192
HLA-B*15:02,SLYNTVVTL,0,9,0.08976428
HLA-B*15:02,SMTIGPGQVF,0,10,0.038615763
HLA-B*15:02,SMVISLLSM,0,9,0.07071296
HLA-B*15:02,SNSKVSLNY,0,9,0.061389122
HLA-B*15:02,SNSKVSYNY,0,9,0.049622457
HLA-B*15:02,SNSNSSSEY,0,9,0.013211115
HLA-B*15:02,SNSNVSQNY,0,9,0.029263437
HLA-B*15:02,SPLFFQTPF,0,9,0.14990914
HLA-B*15:02,SPLSFQTHF,0,9,0.068934366
HLA-B*15:02,SPLSFQTPF,0,9,0.069229886
HLA-B*15:02,SQTEIWNNM,0,9,0.09932591
HLA-B*15:02,SSGEISHNY,0,9,0.020591887
HLA-B*15:02,SSHPVSQNY,0,9,0.1086928
HLA-B*15:02,SSNKVSQNY,0,9,0.028792908
HLA-B*15:02,SSRTVSQNY,0,9,0.047630083
HLA-B*15:02,SSSKVSHNY,0,9,0.032324605
HLA-B*15:02,SSSKVSQNY,0,9,0.021814099
HLA-B*15:02,SSSQVSHNY,0,9,0.051906236
HLA-B*15:02,SSSTVSQNY,0,9,0.015180595
HLA-B*15:02,STNNTNNSY,0,9,0.031183427
HLA-B*15:02,STRIGPGQTF,0,10,0.056607652
HLA-B*15:02,STRIGPGSVF,0,10,0.075121656
HLA-B*15:02,SVNTVVRDF,0,9,0.02757126
HLA-B*15:02,SVRIGPGQM,0,9,0.03618828
HLA-B*15:02,SVRIGPGQMF,0,10,0.050578415
HLA-B*15:02,SVRLVSGFF,0,9,0.11842192
HLA-B*15:02,SVTIGPGQVF,0,10,0.019855008
HLA-B*15:02,SVVNRVRQGY,0,10,0.010558215
HLA-B*15:02,TEWEREISNY,0,10,0.055089824
HLA-B*15:02,TFDPIPIHY,0,9,0.66898775
HLA-B*15:02,TFRPAGGNM,0,9,0.5090416
HLA-B*15:02,TGSNSKVSY,0,9,0.05392196
HLA-B*15:02,THIGPGQVWY,0,10,0.3064184
HLA-B*15:02,TIGPGQVFY,0,9,0.14127015
HLA-B*15:02,TIGPGRAFF,0,9,0.1308657
HLA-B*15:02,TLDWGNNMTY,0,10,0.6452506
HLA-B*15:02,TLFNTTNITF,0,10,0.30234328
HLA-B*15:02,TLNCTDAKF,0,9,0.19789214
HLA-B*15:02,TLNCTNANF,0,9,0.21382615
HLA-B*15:02,TLNCTTAEF,0,9,0.48137078
HLA-B*15:02,TLRTGSEEL,0,9,0.48389664
HLA-B*15:02,TLSCNGETKY,0,10,0.109518185
HLA-B*15:02,TLSCNGVTKY,0,10,0.17929526
HLA-B*15:02,TMEGSNETM,0,9,0.12395643
HLA-B*15:02,TMGLGHVFY,0,9,0.41774246
HLA-B*15:02,TMGPGQAFY,0,9,0.33298612
HLA-B*15:02,TNLFNTTNLF,0,10,0.0995639
HLA-B*15:02,TPVPWNSTW,0,9,0.020462085
HLA-B*15:02,TQACPKVSF,0,9,0.21541865
HLA-B*15:02,TQEMKNCSF,0,9,0.16228254
HLA-B*15:02,TQIGKDNNSY,0,10,0.22484185
HLA-B*15:02,TQWEKEIGNY,0,10,0.12794964
HLA-B*15:02,TQWEREISNY,0,10,0.1682991
HLA-B*15:02,TRIGPGQTFY,0,10,0.08404399
HLA-B*15:02,TRIGPGSVFY,0,10,0.08729042
HLA-B*15:02,TSKLFNKTY,0,9,0.024676751
HLA-B*15:02,TSKLFNSTY,0,9,0.25541922
HLA-B*15:02,TSVFSATVY,0,9,0.1553278
HLA-B*15:02,TTKLFNITY,0,9,0.38183388
HLA-B*15:02,TTNLFNYTY,0,9,0.5419248
HLA-B*15:02,TVGGHQAAM,0,9,0.19980964
HLA-B*15:02,TVGPGQAIY,0,9,0.2906719
HLA-B*15:02,TVQVSNNTY,0,9,0.3979284
HLA-B*15:02,TVSDYVFELY,0,10,0.20172092
HLA-B*15:02,TVSDYVSELY,0,10,0.12236595
HLA-B*15:02,TVVRDFENY,0,9,0.15625139
HLA-B*15:02,TVVRDFKNY,0,9,0.08689027
HLA-B*15:02,TVYYGVPAW,0,9,0.01574677
HLA-B*15:02,VAGTGVQFY,0,9,0.0276538
HLA-B*15:02,VAKKLEEQF,0,9,0.030080082
HLA-B*15:02,VANKTIETRY,0,10,0.024201464
HLA-B*15:02,VAQVAWRAF,0,9,0.026357302
HLA-B*15:02,VEAKNINITY,0,10,0.12566993
HLA-B*15:02,VGYEVIGVSY,0,10,0.21312726
HLA-B*15:02,VHIGPGQVF,0,9,0.20343891
HLA-B*15:02,VHIGPGQVFY,0,10,0.25990275
HLA-B*15:02,VIGDIRKAY,0,9,0.0662623
HLA-B*15:02,VIISCTRPF,0,9,0.028449025
HLA-B*15:02,VINASNETF,0,9,0.029585559
HLA-B*15:02,VKMNNDNKTY,0,10,0.04941115
HLA-B*15:02,VLANVTENF,0,9,0.078082874
HLA-B*15:02,VLKNITDEM,0,9,0.061737858
HLA-B*15:02,VLSAATETY,0,9,0.08370408
HLA-B*15:02,VMKDTMNMTM,0,10,0.34910998
HLA-B*15:02,VPIDNDTTSY,0,10,0.22848749
HLA-B*15:02,VPINNKSEY,0,9,0.3017703
HLA-B*15:02,VQNAQGQPM,0,9,0.013165096
HLA-B*15:02,VQNHQGQMVY,0,10,0.24058577
HLA-B*15:02,VSDYVSELY,0,9,0.09641615
HLA-B*15:02,VSFDPIPIHY,0,10,0.06811548
HLA-B*15:02,VSFEPIPIHY,0,10,0.048421595
HLA-B*15:02,VTIGPGQVF,0,9,0.094405286
HLA-B*15:02,VTIGPGQVFY,0,10,0.115051344
HLA-B*15:02,VVGGHQAAM,0,9,0.09159218
HLA-B*15:02,VVKKLETLF,0,9,0.041669197
HLA-B*15:02,VVNRVRQGY,0,9,0.027734717
HLA-B*15:02,VVRDREQKVY,0,10,0.037867878
HLA-B*15:02,WEKEIGNYTY,0,10,0.07473242
HLA-B*15:02,WLRPGGKKKY,0,10,0.007833234
HLA-B*15:02,WQAVGQAMY,0,9,0.17678499
HLA-B*15:02,WQEVGKAMY,0,9,0.37342265
HLA-B*15:02,WQEVGQAMY,0,9,0.21117242
HLA-B*15:02,WQEVGRAMY,0,9,0.50479776
HLA-B*15:02,WQGAGQAMY,0,9,0.05149
HLA-B*15:02,WQGTGQAMY,0,9,0.05833849
HLA-B*15:02,WQGVGQAIY,0,9,0.0441572
HLA-B*15:02,WQGVGQAMY,0,9,0.09016619
HLA-B*15:02,WQGVGQTLY,0,9,0.06735072
HLA-B*15:02,WQKVGKAMY,0,9,0.13014266
HLA-B*15:02,WQRAGQAIY,0,9,0.33173758
HLA-B*15:02,WQRTGQAMY,0,9,0.47304782
HLA-B*15:02,WQRVGQAMY,0,9,0.4956236
HLA-B*15:02,YELDIVSTNY,0,10,0.14524986
HLA-B*15:02,YEREVHNVW,0,9,0.11209071
HLA-B*15:02,YILHSDYKSF,0,10,0.0439499
HLA-B*15:02,YLENVTENF,0,9,0.10494925
HLA-B*15:02,YMENVTEDF,0,9,0.16636184
HLA-B*15:02,YQALSPRTL,0,9,0.05098411
HLA-B*40:01,AAELLGHSSL,0,10,0.5982694
HLA-B*40:01,AAEWDRLHPV,0,10,0.11216931
HLA-B*40:01,AAEWDRTHPV,0,10,0.11280395
HLA-B*40:01,AAEWDRVHPI,0,10,0.12640782
HLA-B*40:01,AAEWDRVHPV,0,10,0.0999641
HLA-B*40:01,ADAQLDAVL,0,9,0.20213962
HLA-B*40:01,AEAHNIWAT,0,9,0.21732067
HLA-B*40:01,AEDEIIIRS,0,9,0.269293
HLA-B*40:01,AEDEIVIRS,0,9,0.20921306
HLA-B*40:01,AEEEIIISS,0,9,0.05883915
HLA-B*40:01,AEEEIIISY,0,9,0.08020651
HLA-B*40:01,AEFNASSPNI,0,10,0.06351977
HLA-B*40:01,AEGTDRIIEV,0,10,0.035348915
HLA-B*40:01,AEGTDRVIEI,0,10,0.027056338
HLA-B*40:01,AEHFQNKTI,0,9,0.15680519
HLA-B*40:01,AEIINGTNV,0,9,0.08048568
HLA-B*40:01,AELKSLYNTV,0,10,0.33601856
HLA-B*40:01,AELLGHSSL,0,9,0.53935665
HLA-B*40:01,AELLGHSSLK,0,10,0.02116434
HLA-B*40:01,AEQMQEDVI,0,9,0.04163935
HLA-B*40:01,AESSTLPNKF,0,10,0.020519167
HLA-B*40:01,AEWDRLHPV,0,9,0.10429871
HLA-B*40:01,AEWDRTHPV,0,9,0.20070578
HLA-B*40:01,AEWDRVHPA,0,9,0.16249919
HLA-B*40:01,AEWDRVHPI,0,9,0.25904927
HLA-B*40:01,AEWDRVHPV,0,9,0.19131698
HLA-B*40:01,AEWEKEISNY,0,10,0.29147443
HLA-B*40:01,AEWTDTVIEV,0,10,0.1080661
HLA-B*40:01,ANETNGTETF,0,10,0.19758467
HLA-B*40:01,AQAAGRAIL,0,9,0.17739996
HLA-B*40:01,AQDTEAHNI,0,9,0.36078644
HLA-B*40:01,AQEVGRAIL,0,9,0.4434228
HLA-B*40:01,AQIKEVHNI,0,9,0.22858505
HLA-B*40:01,AQSEEVHNI,0,9,0.16541028
HLA-B*40:01,AVELLGHSSL,0,10,0.47881892
HLA-B*40:01,AVELLGQSSL,0,10,0.4472473
HLA-B*40:01,CESNITGIL,0,9,0.09268435
HLA-B*40:01,CESNITGILL,0,10,0.16243637
HLA-B*40:01,DEAAEWDRL,0,9,0.08045281
HLA-B*40:01,EEAADWDRL,0,9,0.078440264
HLA-B*40:01,EEAAEWDRL,0,9,0.097470246
HLA-B*40:01,EEAQRKSQL,0,9,0.08737804
HLA-B*40:01,EEFRSLFNL,0,9,0.34024742
HLA-B*40:01,EEGLKPCVKL,0,10,0.019617835
HLA-B*40:01,EEHFKNSSI,0,9,0.08192114
HLA-B*40:01,EEIIIRSEDL,0,10,0.45999357
HLA-B*40:01,EEIIIRSENL,0,10,0.4444144
HLA-B*40:01,EEIIISSENL,0,10,0.22093236
HLA-B*40:01,EEIIISYENL,0,10,0.2619413
HLA-B*40:01,EEIIVRSENL,0,10,0.36889097
HLA-B*40:01,EEIMIRSENL,0,10,0.42406055
HLA-B*40:01,EEIVIRSENL,0,10,0.4156413
HLA-B*40:01,EEIWENMTWM,0,10,0.12876835
HLA-B*40:01,EEIWGNMTW,0,9,0.0068640905
HLA-B*40:01,EEIWGNMTWI,0,10,0.100377105
HLA-B*40:01,EEIWNNLTW,0,9,0.005945326
HLA-B*40:01,EEIWNNMTW,0,9,0.007458692
HLA-B*40:01,EEKAFNPEV,0,9,0.057734124
HLA-B*40:01,EEKAFSPEI,0,9,0.0696987
HLA-B*40:01,EEKAFSPEV,0,9,0.04891293
HLA-B*40:01,EEKGFNPEV,0,9,0.06518933
HLA-B*40:01,EEKGFSPEV,0,9,0.06886845
HLA-B*40:01,EEKSFSPEV,0,9,0.038568106
HLA-B*40:01,EELKSLFNL,0,9,0.1681418
HLA-B*40:01,EELRSLFNTL,0,10,0.40773878
HLA-B*40:01,EENNTNYRL,0,9,0.28597832
HLA-B*40:01,EENSNTTII,0,9,0.016838653
HLA-B*40:01,EENSNTTIIL,0,10,0.055465695
HLA-B*40:01,EEQFLKNITF,0,10,0.08350644
HLA-B*40:01,EEVELKNCSF,0,10,0.1705708
HLA-B*40:01,EQFLKNITF,0,9,0.19798239
HLA-B*40:01,EQFNRTIVF,0,9,0.22316249
HLA-B*40:01,EQMHEDIISL,0,10,0.36634752
HLA-B*40:01,EQMHEDVISL,0,10,0.24213849
HLA-B*40:01,EQMQEDIISL,0,10,0.29842302
HLA-B*40:01,EREISNYTGL,0,10,0.34170002
HLA-B*40:01,ETECNGTIIL,0,10,0.3363767
HLA-B*40:01,FEDAKANCV,0,9,0.32734838
HLA-B*40:01,FELYDKPLY,0,9,0.10243965
HLA-B*40:01,FENYVKQTC,0,9,0.03533231
HLA-B*40:01,FEPHSGGDL,0,9,0.044517357
HLA-B*40:01,GDHQAAMQM,0,9,0.43779692
HLA-B*40:01,GEHFPNKTI,0,9,0.3003482
HLA-B*40:01,GEHFTNKNI,0,9,0.21926726
HLA-B*40:01,GEIIIRSENL,0,10,0.8556296
HLA-B*40:01,GEIIISSENI,0,10,0.422323
HLA-B*40:01,GEIVIRSENI,0,10,0.6156043
HLA-B*40:01,GEIVIRSENL,0,10,0.847271
HLA-B*40:01,GEIYKRWII,0,9,0.41382214
HLA-B*40:01,GEIYKRWIIL,0,10,0.67922634
HLA-B*40:01,GEIYKRWIIM,0,10,0.56663865
HLA-B*40:01,GEIYKRWIV,0,9,0.3839473
HLA-B*40:01,GEIYKRWIVL,0,10,0.73824185
HLA-B*40:01,GEIYKRWLI,0,9,0.37800577
HLA-B*40:01,GEIYKRWLIL,0,10,0.6946057
HLA-B*40:01,GEKDRDRSV,0,9,0.09781047
HLA-B*40:01,GEKNNSDEY,0,9,0.016182972
HLA-B*40:01,GELDRWEKI,0,9,0.37225232
HLA-B*40:01,GELGRDRSV,0,9,0.05736167
HLA-B*40:01,GEPGRDRSV,0,9,0.01774076
HLA-B*40:01,GEQDRDRSV,0,9,0.028161315
HLA-B*40:01,GEQDRGRSV,0,9,0.011119912
HLA-B*40:01,GEQDRVRSV,0,9,0.0532035
HLA-B*40:01,GEQGKDRSV,0,9,0.027884912
HLA-B*40:01,GEQGNGRSV,0,9,0.023138745
HLA-B*40:01,GEQGRDKSV,0,9,0.016225366
HLA-B*40:01,GEQGRDRSI,0,9,0.02827799
HLA-B*40:01,GEQGRDRSV,0,9,0.01757611
HLA-B*40:01,GEQGRGRSI,0,9,0.01091395
HLA-B*40:01,GEQQKVQAL,0,9,0.44909316
HLA-B*40:01,GEQQKVQALF,0,10,0.18028548
HLA-B*40:01,GQEHNGTITL,0,10,0.5301794
HLA-B*40:01,HEIKPVVST,0,9,0.3976623
HLA-B*40:01,HETEAHNVW,0,9,0.06873257
HLA-B*40:01,HETEMHNVW,0,9,0.078257956
HLA-B*40:01,HETEVHNIW,0,9,0.1392332
HLA-B*40:01,HETEVHNVW,0,9,0.18778102
HLA-B*40:01,HQAISPRTL,0,9,0.24339093
HLA-B*40:01,HQALSPRTL,0,9,0.17174459
HLA-B*40:01,HQAMTPRTL,0,9,0.18589894
HLA-B*40:01,HQAVSPRTL,0,9,0.20977964
HLA-B*40:01,HQNMSPRTL,0,9,0.2375848
HLA-B*40:01,HQPFSPRTL,0,9,0.20240447
HLA-B*40:01,HQPIAPRTL,0,9,0.22752026
HLA-B*40:01,HQPISPRTL,0,9,0.23235568
HLA-B*40:01,HQPISPTTL,0,9,0.32493773
HLA-B*40:01,HQPLSPRTL,0,9,0.18450995
HLA-B*40:01,HQPVSPRTL,0,9,0.22651383
HLA-B*40:01,HQSLSPRTL,0,9,0.19167696
HLA-B*40:01,IEAQHHLLQL,0,10,0.13933545
HLA-B*40:01,IEAQHRLLQL,0,10,0.15567179
HLA-B*40:01,IEAQQHLLQL,0,10,0.18228392
HLA-B*40:01,IEAQQHMLQL,0,10,0.20310749
HLA-B*40:01,IEIKDTKEAL,0,10,0.8010878
HLA-B*40:01,IEIKDTQEA,0,9,0.10994797
HLA-B*40:01,IEIKDTQEAI,0,10,0.6026529
HLA-B*40:01,IELKNVTENF,0,10,0.16340213
HLA-B*40:01,IENNITIPI,0,9,0.091202565
HLA-B*40:01,IENNKSSEY,0,9,0.026181092
HLA-B*40:01,IERYLKDQQL,0,10,0.6088313
HLA-B*40:01,IESLEATYHI,0,10,0.09262455
HLA-B*40:01,IEVKDTKEAL,0,10,0.6358438
HLA-B*40:01,IEVKDTQEAI,0,10,0.34469748
HLA-B*40:01,IEVRDTKEAL,0,10,0.69260544
HLA-B*40:01,IVELLGRSSL,0,10,0.48073655
HLA-B*40:01,IWENNMVEQM,0,10,0.406396
HLA-B*40:01,KCESNITGIL,0,10,0.40495473
HLA-B*40:01,KDANGTITL,0,9,0.50551707
HLA-B*40:01,KEALDKIEEI,0,10,0.10199283
HLA-B*40:01,KEALDKIEEL,0,10,0.48429498
HLA-B*40:01,KEALDKIEEV,0,10,0.0465715
HLA-B*40:01,KEALDKLEEV,0,10,0.02334815
HLA-B*40:01,KEALDKMEEV,0,10,0.03978506
HLA-B*40:01,KEALEEVEKM,0,10,0.085206315
HLA-B*40:01,KEALEKIEEM,0,10,0.18267097
HLA-B*40:01,KEFNGTGQC,0,9,0.06307386
HLA-B*40:01,KEHFNETIRF,0,10,0.45551148
HLA-B*40:01,KEHFNGSITF,0,10,0.5949972
HLA-B*40:01,KEHFNKTIEF,0,10,0.36807457
HLA-B*40:01,KEHFNKTII,0,9,0.4250012
HLA-B*40:01,KEHFNKTIIF,0,10,0.45382208
HLA-B*40:01,KEHFNKTIV,0,9,0.2628129
HLA-B*40:01,KEHFNKTIVF,0,10,0.53564286
HLA-B*40:01,KEHFNNKTI,0,9,0.1936531
HLA-B*40:01,KEHFNNKTII,0,10,0.34629494
HLA-B*40:01,KEHFNNKTIV,0,10,0.21222444
HLA-B*40:01,KEIGNYTYKI,0,10,0.39636558
HLA-B*40:01,KEISNYTDQI,0,10,0.527352
HLA-B*40:01,KEISNYTDTI,0,10,0.6146127
HLA-B*40:01,KEISNYTNI,0,9,0.2788985
HLA-B*40:01,KEISNYTNII,0,10,0.58216506
HLA-B*40:01,KEISNYTNQI,0,10,0.46554157
HLA-B*40:01,KEISNYTSKI,0,10,0.3484196
HLA-B*40:01,KEIWDNMTW,0,9,0.13088076
HLA-B*40:01,KEIWDNMTWI,0,10,0.6378229
HLA-B*40:01,KEKYSFGEYI,0,10,0.35389546
HLA-B*40:01,KEKYSFGEYM,0,10,0.58155715
HLA-B*40:01,KELFNITTI,0,9,0.38324508
HLA-B*40:01,KELKSLYNTV,0,10,0.3906234
HLA-B*40:01,KENDTIILP,0,9,0.04309305
HLA-B*40:01,KENVHWTTY,0,9,0.14177002
HLA-B*40:01,KENVHWTTYM,0,10,0.43323973
HLA-B*40:01,KEQFNRTIV,0,9,0.07260214
HLA-B*40:01,KEQFNRTIVF,0,10,0.19423915
HLA-B*40:01,KEQLNKTTI,0,9,0.14029936
HLA-B*40:01,KEQLNKTTII,0,10,0.15482119
HLA-B*40:01,KEQPDRPEGI,0,10,0.02047852
HLA-B*40:01,KEQTSVFSA,0,9,0.04166708
HLA-B*40:01,KEVHNIWAT,0,9,0.4471812
HLA-B*40:01,KEVLEQVTA,0,9,0.21579944
HLA-B*40:01,KEVLTQVAV,0,9,0.38072878
HLA-B*40:01,KEYALFYKV,0,9,0.51631224
HLA-B*40:01,KQACPKISF,0,9,0.19934337
HLA-B*40:01,KQACPKITF,0,9,0.13348962
HLA-B*40:01,KQACPKVSF,0,9,0.15104644
HLA-B*40:01,KQHKVHALF,0,9,0.21973374
HLA-B*40:01,KQQEVYALF,0,9,0.17265436
HLA-B*40:01,KTENETMEGF,0,10,0.12972976
HLA-B*40:01,LEATYHIII,0,9,0.12135438
HLA-B*40:01,LEATYHIIIM,0,10,0.19238304
HLA-B*40:01,LEDQKFLGL,0,9,0.82155627
HLA-B*40:01,LEEQFLKNI,0,9,0.07896132
HLA-B*40:01,LEHGSCQPV,0,9,0.019254625
HLA-B*40:01,LEIKDTKEAL,0,10,0.679293
HLA-B*40:01,LELDKWASL,0,9,0.6203647
HLA-B*40:01,LELDKWTNL,0,9,0.56208783
HLA-B*40:01,LELDKWTSL,0,9,0.6941152
HLA-B*40:01,LELDRWASL,0,9,0.5279387
HLA-B*40:01,LELNKWASL,0,9,0.48747632
HLA-B*40:01,LERFAINPGL,0,10,0.23921786
HLA-B*40:01,LERFALDPGL,0,10,0.25872672
HLA-B*40:01,LERFALNPGL,0,10,0.14950754
HLA-B*40:01,LERFALNPSL,0,10,0.28122976
HLA-B*40:01,LERFAVDPGL,0,10,0.2647775
HLA-B*40:01,LERFAVNPGL,0,10,0.15854739
HLA-B*40:01,LERFAVNSGL,0,10,0.17020413
HLA-B*40:01,LERYLKDQTL,0,10,0.57689136
HLA-B*40:01,LERYLRDQQL,0,10,0.34553272
HLA-B*40:01,LESAEGCQQI,0,10,0.01753952
HLA-B*40:01,LESSEGCQQI,0,10,0.017478572
HLA-B*40:01,LETAEGCQQL,0,10,0.13467558
HLA-B*40:01,LETLNKTII,0,9,0.13801034
HLA-B*40:01,LETLNKTIIL,0,10,0.22078212
HLA-B*40:01,LETSEGCQQL,0,10,0.1527534
HLA-B*40:01,LETTEGCQQL,0,10,0.2384453
HLA-B*40:01,LLELDKWASL,0,10,0.40620106
HLA-B*40:01,LLELDKWTNL,0,10,0.40556416
HLA-B*40:01,LLELDKWTSL,0,10,0.4136107
HLA-B*40:01,LLELDRWASL,0,10,0.39422533
HLA-B*40:01,LSEEQWNNTL,0,10,0.51229745
HLA-B*40:01,LYEVNSTMTL,0,10,0.37312913
HLA-B*40:01,MEEAQRKSQL,0,10,0.113478765
HLA-B*40:01,MEGFNTSII,0,9,0.02272722
HLA-B*40:01,MEGFNTSIII,0,10,0.040068332
HLA-B*40:01,MEGLNGTII,0,9,0.017062902
HLA-B*40:01,MEGLNGTIIL,0,10,0.08989501
HLA-B*40:01,MEGNNGTII,0,9,0.0155786
HLA-B*40:01,MEGNNGTIIL,0,10,0.07104677
HLA-B*40:01,MELDKWANL,0,9,0.36926013
HLA-B*40:01,MWENDMVEQM,0,10,0.2369218
HLA-B*40:01,NCESNITGIL,0,10,0.27193123
HLA-B*40:01,NEANSSEYRL,0,10,0.16654558
HLA-B*40:01,NEIWENMTW,0,9,0.018901398
HLA-B*40:01,NEIWENMTWM,0,10,0.27287242
HLA-B*40:01,NENRTDTII,0,9,0.03800464
HLA-B*40:01,NENRTDTIIL,0,10,0.14004241
HLA-B*40:01,NETECNGTI,0,9,0.030286878
HLA-B*40:01,NETETFRPI,0,9,0.048309855
HLA-B*40:01,NETIKNETM,0,9,0.21358691
HLA-B*40:01,NETKENDTI,0,9,0.027875971
HLA-B*40:01,NETMDDNIIL,0,10,0.05319028
HLA-B*40:01,NETNGTETF,0,9,0.05132217
HLA-B*40:01,NEYFNGTIQF,0,10,0.09613923
HLA-B*40:01,QEAEAHNIW,0,9,0.013895218
HLA-B*40:01,QEHFNDNKTI,0,10,0.114589594
HLA-B*40:01,QEHNGTITL,0,9,0.5036054
HLA-B*40:01,QEHNGTITLP,0,10,0.08930583
HLA-B*40:01,QEIDLQNVT,0,9,0.07575337
HLA-B*40:01,QEIELKNVT,0,9,0.07322698
HLA-B*40:01,QEIESLEAT,0,9,0.058072288
HLA-B*40:01,QEIESLEATY,0,10,0.06766905
HLA-B*40:01,QEIKLENVTV,0,10,0.33969006
HLA-B*40:01,QEIPLENVT,0,9,0.029425982
HLA-B*40:01,QEIPLVNVT,0,9,0.055725995
HLA-B*40:01,QEIWDNMTW,0,9,0.022676261
HLA-B*40:01,QEIWDNMTWV,0,10,0.14774296
HLA-B*40:01,QEKNEKDLL,0,9,0.20672657
HLA-B*40:01,QEKNEKELL,0,9,0.2013844
HLA-B*40:01,QELKISAISL,0,10,0.35191742
HLA-B*40:01,QELKISAVSL,0,10,0.35172296
HLA-B*40:01,QELKKSAISL,0,10,0.34652004
HLA-B*40:01,QELKNSAISL,0,10,0.36324835
HLA-B*40:01,QELKSSAISL,0,10,0.31324416
HLA-B*40:01,QELKTSAISL,0,10,0.30024055
HLA-B*40:01,QELRNSAISL,0,10,0.4343648
HLA-B*40:01,QEMKNCSFNM,0,10,0.027761266
HLA-B*40:01,QENNGTIIL,0,9,0.119171366
HLA-B*40:01,QEQFENKTI,0,9,0.026029218
HLA-B*40:01,QEQNEKDLL,0,9,0.07853854
HLA-B*40:01,QEREVHNVW,0,9,0.015842536
HLA-B*40:01,QERNEKDLL,0,9,0.18397398
HLA-B*40:01,QERNEKELL,0,9,0.19358182
HLA-B*40:01,QERNEQELL,0,9,0.19907548
HLA-B*40:01,QESNEKDLL,0,9,0.16209936
HLA-B*40:01,QETEVHNIW,0,9,0.034096144
HLA-B*40:01,QETYALFYKL,0,10,0.23596935
HLA-B*40:01,QEVGRAILNI,0,10,0.06661298
HLA-B*40:01,QEVYALFYKL,0,10,0.19850937
HLA-B*40:01,QQDKNEKEL,0,9,0.35610607
HLA-B*40:01,QQDNNEKEL,0,9,0.35735005
HLA-B*40:01,QQDRNEKEL,0,9,0.35107496
HLA-B*40:01,QQDSNEKEL,0,9,0.33677903
HLA-B*40:01,QQEKNEKDLL,0,10,0.34841037
HLA-B*40:01,QQEKNEKEL,0,9,0.25237688
HLA-B*40:01,QQEKNEKELL,0,10,0.3398355
HLA-B*40:01,QQEQNEKDLL,0,10,0.3908844
HLA-B*40:01,QQERNEKDLL,0,10,0.37542439
HLA-B*40:01,QQERNEKELL,0,10,0.38151398
HLA-B*40:01,QQERNEQEL,0,9,0.35491687
HLA-B*40:01,QQERNEQELL,0,10,0.41336393
HLA-B*40:01,QQESNEKDLL,0,10,0.35327664
HLA-B*40:01,QQKCDIPSL,0,9,0.27916643
HLA-B*40:01,RDRDTSTRL,0,9,0.35779053
HLA-B*40:01,READRLERI,0,9,0.08834512
HLA-B*40:01,REAYALFYKL,0,10,0.54664344
HLA-B*40:01,REGCNGTLI,0,9,0.01840671
HLA-B*40:01,REGCNGTLIL,0,10,0.202636
HLA-B*40:01,REHFNNKTI,0,9,0.25894538
HLA-B*40:01,REHFNNKTII,0,10,0.5375451
HLA-B*40:01,REHFSNKTI,0,9,0.29716948
HLA-B*40:01,REHFSNKTII,0,10,0.48616013
HLA-B*40:01,REIGNYSSQI,0,10,0.5417124
HLA-B*40:01,REIGNYTAQI,0,10,0.5987458
HLA-B*40:01,REIGNYTNI,0,9,0.52099144
HLA-B*40:01,REIGNYTNII,0,10,0.6641842
HLA-B*40:01,REIQNSAVSL,0,10,0.75005245
HLA-B*40:01,REISNYTDQI,0,10,0.61102813
HLA-B*40:01,REISNYTGL,0,9,0.7578023
HLA-B*40:01,REISNYTGLI,0,10,0.5876628
HLA-B*40:01,REISNYTHQI,0,10,0.5355071
HLA-B*40:01,REISNYTNI,0,9,0.36671063
HLA-B*40:01,REISNYTNII,0,10,0.62820673
HLA-B*40:01,REISNYTNQI,0,10,0.5537828
HLA-B*40:01,REISNYTSKI,0,10,0.4872941
HLA-B*40:01,REISNYTSQI,0,10,0.5178752
HLA-B*40:01,RELDRPERI,0,9,0.13386513
HLA-B*40:01,RELGNITDDM,0,10,0.40001354
HLA-B*40:01,RELKISAISL,0,10,0.67576796
HLA-B*40:01,RELKISASSL,0,10,0.75024277
HLA-B*40:01,RELKISAVSL,0,10,0.67294854
HLA-B*40:01,REMGNYTSQI,0,10,0.39624292
HLA-B*40:01,REPDKPEGI,0,9,0.071412325
HLA-B*40:01,REPDRPEGI,0,9,0.037398614
HLA-B*40:01,REPDRPERI,0,9,0.038155206
HLA-B*40:01,REPDRPGGI,0,9,0.027435794
HLA-B*40:01,REPDRPGRI,0,9,0.024075558
HLA-B*40:01,REPDRRERI,0,9,0.013616399
HLA-B*40:01,REPPDRPERI,0,10,0.023255968
HLA-B*40:01,REPVRPEEI,0,9,0.11630042
HLA-B*40:01,REQDRLGGI,0,9,0.023283338
HLA-B*40:01,REQKVYALF,0,9,0.16636069
HLA-B*40:01,REVHNVWAT,0,9,0.38758272
HLA-B*40:01,RGEQQKVQAL,0,10,0.42230287
HLA-B*40:01,RQACPKMSF,0,9,0.1827424
HLA-B*40:01,RQACPKVSF,0,9,0.18978477
HLA-B*40:01,RQGYSPLSL,0,9,0.33213997
HLA-B*40:01,RQGYSPVSF,0,9,0.15664959
HLA-B*40:01,RQREAYALF,0,9,0.15460095
HLA-B*40:01,RTENTTKENL,0,10,0.41137704
HLA-B*40:01,SEEFRSLFNL,0,10,0.20514195
HLA-B*40:01,SEELKSLFNL,0,10,0.17968269
HLA-B*40:01,SEENSNTTI,0,9,0.060974598
HLA-B*40:01,SEENSNTTII,0,10,0.056131355
HLA-B*40:01,SEEQWNNTL,0,9,0.36751166
HLA-B*40:01,SEGAAPQDL,0,9,0.09919072
HLA-B*40:01,SEGATPQDL,0,9,0.0819148
HLA-B*40:01,SEGATPSDL,0,9,0.07155233
HLA-B*40:01,SEIKRTRMTM,0,10,0.13131855
HLA-B*40:01,SELYDKPLY,0,9,0.034934875
HLA-B*40:01,SELYKYKVI,0,9,0.053142775
HLA-B*40:01,SELYKYKVV,0,9,0.06539796
HLA-B*40:01,SENITNNAKI,0,10,0.07471488
HLA-B*40:01,SESDIIKNV,0,9,0.18616842
HLA-B*40:01,SQTEIWNNM,0,9,0.35343042
HLA-B*40:01,STEGNSNITI,0,10,0.27437115
HLA-B*40:01,STENGTMEGL,0,10,0.37243134
HLA-B*40:01,TECNGTIIL,0,9,0.2940028
HLA-B*40:01,TEDMRNCSF,0,9,0.39764428
HLA-B*40:01,TEDVRNCSF,0,9,0.4949077
HLA-B*40:01,TEEMRNCSF,0,9,0.118318714
HLA-B*40:01,TEEVKNCSF,0,9,0.116712995
HLA-B*40:01,TEEVRNCSF,0,9,0.15009546
HLA-B*40:01,TEGNSNITI,0,9,0.05227517
HLA-B*40:01,TEIGNLTEEM,0,10,0.36250797
HLA-B*40:01,TEIIDKKQKF,0,10,0.1258237
HLA-B*40:01,TEIKDRKQQI,0,10,0.14395349
HLA-B*40:01,TEIKNCTFNM,0,10,0.054010607
HLA-B*40:01,TEIRDKKQKV,0,10,0.05131467
HLA-B*40:01,TEIRDKQHKV,0,10,0.066513695
HLA-B*40:01,TEIRDKQQEV,0,10,0.24933791
HLA-B*40:01,TEIWNNMTW,0,9,0.013548678
HLA-B*40:01,TEIWNNMTWM,0,10,0.44947937
HLA-B*40:01,TELIDKKQKF,0,10,0.048449848
HLA-B*40:01,TELRDKKKM,0,9,0.01520369
HLA-B*40:01,TELRDKMQQV,0,10,0.17262211
HLA-B*40:01,TELRDKQQKV,0,10,0.055676904
HLA-B*40:01,TENAKTIIV,0,9,0.13523659
HLA-B*40:01,TENETMEGF,0,9,0.014557355
HLA-B*40:01,TENGTMEGL,0,9,0.10754252
HLA-B*40:01,TENTTKENL,0,9,0.27178153
HLA-B*40:01,TEWDRVLKQV,0,10,0.03604895
HLA-B*40:01,TEWNETLNQV,0,10,0.059303943
HLA-B*40:01,TEWNEVLDQV,0,10,0.034725897
HLA-B*40:01,TQACPKVSF,0,9,0.1139033
HLA-B*40:01,TQENNGTIIL,0,10,0.39679024
HLA-B*40:01,TVEILGHSSL,0,10,0.69059
HLA-B*40:01,TVELLGHSSL,0,10,0.57310706
HLA-B*40:01,TVELLGQCSL,0,10,0.5076286
HLA-B*40:01,TVELLGRSCL,0,10,0.48683247
HLA-B*40:01,TVELLGRSSL,0,10,0.5054702
HLA-B*40:01,TVELLGYSSL,0,10,0.48942333
HLA-B*40:01,VEEKLKKHF,0,9,0.021967025
HLA-B*40:01,VEIEPLGIA,0,9,0.0472324
HLA-B*40:01,VEIKPLGVA,0,9,0.07574197
HLA-B*40:01,VEILGHSSL,0,9,0.6435747
HLA-B*40:01,VEILGHSSLK,0,10,0.030979339
HLA-B*40:01,VEINCTRAF,0,9,0.1124117
HLA-B*40:01,VEINCTRPF,0,9,0.045558315
HLA-B*40:01,VELLGHSSL,0,9,0.48547977
HLA-B*40:01,VELLGQCSL,0,9,0.36426777
HLA-B*40:01,VELLGQSSL,0,9,0.37558714
HLA-B*40:01,VELLGRNSL,0,9,0.4034951
HLA-B*40:01,VELLGRSCL,0,9,0.14541933
HLA-B*40:01,VELLGRSSL,0,9,0.36654744
HLA-B*40:01,VELLGYSSL,0,9,0.25610977
HLA-B*40:01,VELTPLCVTL,0,10,0.18290779
HLA-B*40:01,VENITIENI,0,9,0.10548156
HLA-B*40:01,VEQMHEDII,0,9,0.054627184
HLA-B*40:01,VEQMHEDVI,0,9,0.062006295
HLA-B*40:01,VEQMQEDII,0,9,0.037386235
HLA-B*40:01,VEQMQEDVI,0,9,0.03967124
HLA-B*40:01,VERFALNPGL,0,10,0.13413534
HLA-B*40:01,VERYLEDQKF,0,10,0.18221018
HLA-B*40:01,VERYLKDQQF,0,10,0.15721646
HLA-B*40:01,VERYLKDQQL,0,10,0.45467702
HLA-B*40:01,VERYLKDQRL,0,10,0.32151872
HLA-B*40:01,VERYLKDQTF,0,10,0.23488022
HLA-B*40:01,VERYLKDQTL,0,10,0.545963
HLA-B*40:01,VERYLRDQRL,0,10,0.18421629
HLA-B*40:01,VERYLSDQKF,0,10,0.087923825
HLA-B*40:01,VQYKFHKLL,0,9,0.13832249
HLA-B*40:01,VVELLGRNSL,0,10,0.45621112
HLA-B*40:01,WEDLRSLCL,0,9,0.63044274
HLA-B*40:01,WEEGLKPCV,0,9,0.2809353
HLA-B*40:01,WEKEIGNYTY,0,10,0.43948016
HLA-B*40:01,WENDMVEQM,0,9,0.39506146
HLA-B*40:01,WENNMVEQM,0,9,0.32803482
HLA-B*40:01,WEQSLKPCV,0,9,0.06995859
HLA-B*40:01,WEQSLQPCV,0,9,0.085841715
HLA-B*40:01,WEVLKYLGSL,0,10,0.45770258
HLA-B*40:01,YEAGIGNIT,0,9,0.114151634
HLA-B*40:01,YELDIVSTNY,0,10,0.20295589
HLA-B*40:01,YELLTVSQI,0,9,0.2291919
HLA-B*40:01,YEREVHNVW,0,9,0.08521774
HLA-B*40:01,YETEKHNVW,0,9,0.105895035
HLA-B*40:01,YETEVHNVW,0,9,0.2613015
HLA-B*40:01,YEVIGVLYI,0,9,0.33176285
HLA-B*40:01,YEVIGVSYI,0,9,0.2849944
HLA-B*40:01,YEVNSTMTL,0,9,0.555697
HLA-B*40:01,YEVNSTMTLS,0,10,0.04349615
HLA-B*40:01,YLEDQKFLGL,0,10,0.58658665
HLA-B*40:01,YQALSPRTL,0,9,0.20596218
HLA-C*04:01,AADPGNSSKV,0,10,0.10890128
HLA-C*04:01,AFNPEVIPM,0,9,0.20645495
HLA-C*04:01,AFSPEIIPM,0,9,0.2519011
HLA-C*04:01,AFSPEVIPM,0,9,0.19063255
HLA-C*04:01,AHDPEVHNV,0,9,0.17953907
HLA-C*04:01,AHDTEVHNV,0,9,0.27789813
HLA-C*04:01,AHSPEVHNI,0,9,0.02153817
HLA-C*04:01,AIEAQHHLL,0,9,0.021415954
HLA-C*04:01,AIEAQQHLL,0,9,0.018005507
HLA-C*04:01,AIEAQQHML,0,9,0.03007719
HLA-C*04:01,ALDPGLLET,0,9,0.1672722
HLA-C*04:01,ALDQWASLW,0,9,0.09957857
HLA-C*04:01,ALDSWKNLW,0,9,0.05433057
HLA-C*04:01,ALEQVAKKL,0,9,0.01457533
HLA-C*04:01,ALNTGTEEL,0,9,0.042080957
HLA-C*04:01,ALQTGTEEL,0,9,0.035910387
HLA-C*04:01,APGSPTNLEF,0,10,0.03180201
HLA-C*04:01,APQDLNMML,0,9,0.1618029
HLA-C*04:01,AQDTEAHNI,0,9,0.13423245
HLA-C*04:01,ARIGPGQVF,0,9,0.0086353
HLA-C*04:01,AWDDIRNLC,0,9,0.4231731
HLA-C*04:01,AWDDIRNLCL,0,10,0.24378367
HLA-C*04:01,AWDDLRNLC,0,9,0.37009344
HLA-C*04:01,AWDDLRNLCL,0,10,0.26925474
HLA-C*04:01,AWDDLRSLC,0,9,0.38634562
HLA-C*04:01,AWDDLRSLCL,0,10,0.22974442
HLA-C*04:01,AWDDLRSLW,0,9,0.43937436
HLA-C*04:01,AWDDLRSLWL,0,10,0.29886934
HLA-C*04:01,AWDGVMKRV,0,9,0.20420735
HLA-C*04:01,AWRDADTTL,0,9,0.034330484
HLA-C*04:01,AWRDADTTLF,0,10,0.065749444
HLA-C*04:01,AWYEVLNQV,0,9,0.6212134
HLA-C*04:01,AYDTEVHNV,0,9,0.83264357
HLA-C*04:01,AYDTEVHNVW,0,10,0.4779214
HLA-C*04:01,AYEREVHNV,0,9,0.21120107
HLA-C*04:01,AYETEKHNV,0,9,0.24616037
HLA-C*04:01,CTDAKFTKI,0,9,0.35384923
HLA-C*04:01,DLEIITHHF,0,9,0.25082865
HLA-C*04:01,DLEIMTHHF,0,9,0.31706908
HLA-C*04:01,DLEITTHHF,0,9,0.28042713
HLA-C*04:01,DLETTMHHF,0,9,0.34107733
HLA-C*04:01,DLETTTHSF,0,9,0.3191701
HLA-C*04:01,DNDTTSYTL,0,9,0.10472853
HLA-C*04:01,DPDPQEIHM,0,9,0.19398013
HLA-C*04:01,DPEITLHHF,0,9,0.15593
HLA-C*04:01,DPEITMHHF,0,9,0.1675981
HLA-C*04:01,DPEVTMHHF,0,9,0.15392408
HLA-C*04:01,DPNPQEIEL,0,9,0.08916093
HLA-C*04:01,DPNPQEIFM,0,9,0.15432377
HLA-C*04:01,DPNPQEIHL,0,9,0.13477711
HLA-C*04:01,DPNPQEIHM,0,9,0.1614095
HLA-C*04:01,DPNPQEIKL,0,9,0.07470159
HLA-C*04:01,DPNPQEILL,0,9,0.09097594
HLA-C*04:01,DPNPQEIYL,0,9,0.10648759
HLA-C*04:01,DPNPQEIYM,0,9,0.14864695
HLA-C*04:01,DPNPQELIL,0,9,0.10735961
HLA-C*04:01,DPNPQELVL,0,9,0.09452065
HLA-C*04:01,DPNPQELYL,0,9,0.12626013
HLA-C*04:01,DPNPQEMLL,0,9,0.087496296
HLA-C*04:01,DPNPQEMRL,0,9,0.091749646
HLA-C*04:01,DPNPQEMYL,0,9,0.14096321
HLA-C*04:01,DPNPQEVVL,0,9,0.08661909
HLA-C*04:01,DVEITTHHF,0,9,0.1777035
HLA-C*04:01,DWEETLHNV,0,9,0.5226353
HLA-C*04:01,EALDKIEEL,0,9,0.12787087
HLA-C*04:01,EAQHHLLQL,0,9,0.06377497
HLA-C*04:01,EAQQHLLQL,0,9,0.08310248
HLA-C*04:01,ELDIVSTNY,0,9,0.26000538
HLA-C*04:01,EWDRLHPVQV,0,10,0.20683719
HLA-C*04:01,EWDRVLKQV,0,9,0.2010202
HLA-C*04:01,EWNETLNQV,0,9,0.5483672
HLA-C*04:01,EWTDTVIEV,0,9,0.4752338
HLA-C*04:01,EYFNGTIQF,0,9,0.356912
HLA-C*04:01,FEDAKANCV,0,9,0.22524185
HLA-C*04:01,FFYCDTSQL,0,9,0.3080829
HLA-C*04:01,FFYCDTSQLF,0,10,0.41869578
HLA-C*04:01,FFYCNTSKL,0,9,0.33525673
HLA-C*04:01,FFYCNTSNL,0,9,0.4265642
HLA-C*04:01,FFYCNTSQL,0,9,0.3490288
HLA-C*04:01,FFYCNTSRL,0,9,0.31444722
HLA-C*04:01,FFYCNTTGL,0,9,0.3119666
HLA-C*04:01,FFYCNTTKL,0,9,0.35021257
HLA-C*04:01,FFYCNTTNL,0,9,0.45349762
HLA-C*04:01,FFYCNTTQL,0,9,0.36312532
HLA-C*04:01,FMENVTENF,0,9,0.36621162
HLA-C*04:01,FNDKQKVTF,0,9,0.050524823
HLA-C*04:01,FNDNKTIIF,0,9,0.19214632
HLA-C*04:01,FNDTSNGTI,0,9,0.19537559
HLA-C*04:01,FNPEVIPMF,0,9,0.2147552
HLA-C*04:01,FQPPSGGDL,0,9,0.021774309
HLA-C*04:01,FRDYVDRFF,0,9,0.11807471
HLA-C*04:01,FRDYVDRFY,0,9,0.086017504
HLA-C*04:01,FRIGPGQVF,0,9,0.008589193
HLA-C*04:01,FSIGGVIHL,0,9,0.03247067
HLA-C*04:01,FSPEIIPMF,0,9,0.34634128
HLA-C*04:01,FSPEVIPMF,0,9,0.2529749
HLA-C*04:01,FTCDLGYHSL,0,10,0.27538893
HLA-C*04:01,FTCDSGYHSL,0,10,0.19969359
HLA-C*04:01,FVTTRTVEL,0,9,0.064138144
HLA-C*04:01,FWDDLRSLC,0,9,0.4077111
HLA-C*04:01,FWDDLRSLCL,0,10,0.28242952
HLA-C*04:01,FWEDLRSLCL,0,10,0.18086931
HLA-C*04:01,FYCDTSQLF,0,9,0.49083117
HLA-C*04:01,FYCNSTPLF,0,9,0.34842137
HLA-C*04:01,FYCNTSNLF,0,9,0.48905367
HLA-C*04:01,FYCNTSQLF,0,9,0.49100238
HLA-C*04:01,FYCNTSRLF,0,9,0.45175758
HLA-C*04:01,FYCNTTKLF,0,9,0.3702588
HLA-C*04:01,FYCNTTNLF,0,9,0.49906924
HLA-C*04:01,FYCNTTQLF,0,9,0.46593472
HLA-C*04:01,FYKLDIVQM,0,9,0.25559217
HLA-C*04:01,FYKLDIVSL,0,9,0.157643
HLA-C*04:01,FYNLDIVQI,0,9,0.47729212
HLA-C*04:01,FYTLDIVKM,0,9,0.38006005
HLA-C*04:01,GAPGSPTNL,0,9,0.030081898
HLA-C*04:01,GGDLEITML,0,9,0.10008146
HLA-C*04:01,GPKEPFREY,0,9,0.017956171
HLA-C*04:01,GPNRTNETF,0,9,0.019533385
HLA-C*04:01,GWTDRIIEV,0,9,0.37582088
HLA-C*04:01,GWTDRVIEI,0,9,0.18666711
HLA-C*04:01,GWTDRVIEL,0,9,0.19696966
HLA-C*04:01,GWTDRVIEV,0,9,0.28047863
HLA-C*04:01,GYETEVHNV,0,9,0.40830216
HLA-C*04:01,GYEVIGVLY,0,9,0.07560597
HLA-C*04:01,GYEVIGVSY,0,9,0.09584335
HLA-C*04:01,GYSPLSLQI,0,9,0.27128845
HLA-C*04:01,GYSPVSFQI,0,9,0.17500809
HLA-C*04:01,HFGPGQALY,0,9,0.085598275
HLA-C*04:01,HFINKNITF,0,9,0.14642604
HLA-C*04:01,HFKNSSIIF,0,9,0.06053821
HLA-C*04:01,HFNCKGEFF,0,9,0.5248352
HLA-C*04:01,HFNDNKTII,0,9,0.1469216
HLA-C*04:01,HFNDNKTIIF,0,10,0.092613675
HLA-C*04:01,HFNNKTIIF,0,9,0.15449761
HLA-C*04:01,HFNNKTIVF,0,9,0.16587922
HLA-C*04:01,HFNNTTITF,0,9,0.18672466
HLA-C*04:01,HFPNKTITF,0,9,0.16718563
HLA-C*04:01,HFQNKTINF,0,9,0.36346534
HLA-C*04:01,HFSNKTIIF,0,9,0.1555034
HLA-C*04:01,HFTNKNISF,0,9,0.23182115
HLA-C*04:01,HMENVTENF,0,9,0.20955642
HLA-C*04:01,HQALSPRTL,0,9,0.0053878524
HLA-C*04:01,HQAMTPRTL,0,9,0.010143264
HLA-C*04:01,HQAVSPRTL,0,9,0.0076009207
HLA-C*04:01,HQNMSPRTL,0,9,0.008060036
HLA-C*04:01,HQPFSPRTL,0,9,0.006634438
HLA-C*04:01,HQPIAPRTL,0,9,0.010860296
HLA-C*04:01,HQPISPRTL,0,9,0.012192674
HLA-C*04:01,HQPISPTTL,0,9,0.01397564
HLA-C*04:01,HQPLSPRTL,0,9,0.0074617625
HLA-C*04:01,HQPVSPRTL,0,9,0.00872746
HLA-C*04:01,HQSLSPRTL,0,9,0.008526395
HLA-C*04:01,HWMTETLLV,0,9,0.43500784
HLA-C*04:01,IAWDDLRSL,0,9,0.056257457
HLA-C*04:01,IFWDDLRSL,0,9,0.35428545
HLA-C*04:01,IHFGPGQAL,0,9,0.006299104
HLA-C*04:01,IHIGPGQAF,0,9,0.008815641
HLA-C*04:01,IHIGPGQVF,0,9,0.009129949
HLA-C*04:01,IHMGPGRTF,0,9,0.015928399
HLA-C*04:01,IIEQLQPAL,0,9,0.03130579
HLA-C*04:01,IIEQLQPNL,0,9,0.061400358
HLA-C*04:01,IIEQLQPTL,0,9,0.030106094
HLA-C*04:01,IIEQLQSTL,0,9,0.035400204
HLA-C*04:01,IIGDPRQAF,0,9,0.04706006
HLA-C*04:01,IITQLQPTL,0,9,0.040907647
HLA-C*04:01,IKDNWKNEL,0,9,0.061021626
HLA-C*04:01,IKDNWRNEL,0,9,0.10213934
HLA-C*04:01,IKDNWRSEL,0,9,0.13925822
HLA-C*04:01,ILENVTEYF,0,9,0.28503528
HLA-C*04:01,ILEQLQPSL,0,9,0.032953378
HLA-C*04:01,ILQQLQPAL,0,9,0.04735887
HLA-C*04:01,IMDQLQSAL,0,9,0.06274754
HLA-C*04:01,IMEQLQPAL,0,9,0.026630819
HLA-C*04:01,IMEQLQPTL,0,9,0.030364212
HLA-C*04:01,IMEQLQSTL,0,9,0.030753208
HLA-C*04:01,IPIGPGQVF,0,9,0.019403279
HLA-C*04:01,IPLDNVTENF,0,10,0.11543443
HLA-C*04:01,IPNPEGLDRL,0,10,0.08761753
HLA-C*04:01,IPSHQQREL,0,9,0.08911025
HLA-C*04:01,IRDKKQETY,0,9,0.014774779
HLA-C*04:01,IRDKKQRVY,0,9,0.01717327
HLA-C*04:01,IRDKQQEVY,0,9,0.030579371
HLA-C*04:01,IRDNWRNEL,0,9,0.06251003
HLA-C*04:01,IRDNWRSEL,0,9,0.07978489
HLA-C*04:01,IRDPTGSDI,0,9,0.105832085
HLA-C*04:01,IRDRKKQFY,0,9,0.024755154
HLA-C*04:01,IRIGPGQTF,0,9,0.01029398
HLA-C*04:01,IRPVVSTQL,0,9,0.030984396
HLA-C*04:01,ISDKQQKAY,0,9,0.038617093
HLA-C*04:01,ISFDPIPIHY,0,10,0.081497304
HLA-C*04:01,ISFEPIPIHY,0,10,0.053738184
HLA-C*04:01,ISIGPGQVF,0,9,0.012793283
HLA-C*04:01,ITDDIRNCTF,0,10,0.5027841
HLA-C*04:01,ITDDMRNCSF,0,10,0.5979478
HLA-C*04:01,ITDEIKSCTF,0,10,0.35379985
HLA-C*04:01,ITDEIRENI,0,9,0.5639188
HLA-C*04:01,ITDEIRNCTF,0,10,0.40393144
HLA-C*04:01,ITDELRNCSF,0,10,0.46616623
HLA-C*04:01,ITDEMKNCSF,0,10,0.44083095
HLA-C*04:01,ITDEMRNCSF,0,10,0.47007266
HLA-C*04:01,ITDEVKNCTF,0,10,0.3677064
HLA-C*04:01,ITDEVRNCSF,0,10,0.46075365
HLA-C*04:01,ITDEVRNCTF,0,10,0.4107058
HLA-C*04:01,ITDNAKNII,0,9,0.12486841
HLA-C*04:01,ITDNAKTII,0,9,0.15098508
HLA-C*04:01,ITFDPIPIHY,0,10,0.12413735
HLA-C*04:01,ITIGPGQVF,0,9,0.01952414
HLA-C*04:01,ITMGPGQAF,0,9,0.04806421
HLA-C*04:01,IWDDLRSLC,0,9,0.46182618
HLA-C*04:01,IWDDLRSLCL,0,10,0.34076586
HLA-C*04:01,IWDDLRSLF,0,9,0.6485466
HLA-C*04:01,IWDDLRSLFL,0,10,0.46012968
HLA-C*04:01,IWDNMTWTEW,0,10,0.7167076
HLA-C*04:01,IWDNMTWTQW,0,10,0.6609281
HLA-C*04:01,IWDNMTWVEW,0,10,0.6243557
HLA-C*04:01,IYDILIESQ,0,9,0.5095941
HLA-C*04:01,IYDILTESQ,0,9,0.39914423
HLA-C*04:01,IYDILTESQI,0,10,0.73001194
HLA-C*04:01,IYDILTETQ,0,9,0.40548992
HLA-C*04:01,IYDLITKSQ,0,9,0.38298598
HLA-C*04:01,IYDLLTESQ,0,9,0.367718
HLA-C*04:01,IYWGQELKI,0,9,0.1719609
HLA-C*04:01,KAIEAQHRL,0,9,0.015906544
HLA-C*04:01,KALGPAASL,0,9,0.01820302
HLA-C*04:01,KALGPAATL,0,9,0.01499522
HLA-C*04:01,KAYDTEVHNV,0,10,0.12387522
HLA-C*04:01,KFDSNKTYA,0,9,0.44054914
HLA-C*04:01,KFDVLTTWL,0,9,0.4773448
HLA-C*04:01,KHFNKTIVF,0,9,0.021306438
HLA-C*04:01,KHFTGNISF,0,9,0.020779803
HLA-C*04:01,KLDKWSSLW,0,9,0.08357514
HLA-C*04:01,KLDQWASLW,0,9,0.124355316
HLA-C*04:01,KLENVTVNF,0,9,0.15583597
HLA-C*04:01,KLTPFCVTL,0,9,0.07840263
HLA-C*04:01,KNDEEQTSV,0,9,0.12604743
HLA-C*04:01,KPMVSTQLL,0,9,0.045966446
HLA-C*04:01,KPVISTQLL,0,9,0.039894205
HLA-C*04:01,KPVVSTHFL,0,9,0.05534079
HLA-C*04:01,KPVVSTQLL,0,9,0.033017863
HLA-C*04:01,KPVVTTQLL,0,9,0.046347965
HLA-C*04:01,KQQEVYALF,0,9,0.0674275
HLA-C*04:01,KSDVLTTWL,0,9,0.1507807
HLA-C*04:01,KSFDDIWNNM,0,10,0.33868283
HLA-C*04:01,KSYDDIWGNM,0,10,0.53996503
HLA-C*04:01,KSYDEIWKNM,0,10,0.21304755
HLA-C*04:01,KSYDEIWNNM,0,10,0.303451
HLA-C*04:01,KTYPGNETM,0,9,0.051589422
HLA-C*04:01,KWKEVLTQV,0,9,0.22588257
HLA-C*04:01,KWNDVLTQV,0,9,0.5245671
HLA-C*04:01,KWNETINQV,0,9,0.41447783
HLA-C*04:01,KWNETLKQV,0,9,0.15411599
HLA-C*04:01,KYENPCKKM,0,9,0.21540835
HLA-C*04:01,KYLGNLLLY,0,9,0.13272552
HLA-C*04:01,KYLGSLVQY,0,9,0.099727385
HLA-C*04:01,KYWGNLLQY,0,9,0.09781311
HLA-C*04:01,LEDQKFLGL,0,9,0.13418001
HLA-C*04:01,LFDAIAIAV,0,9,0.49039093
HLA-C*04:01,LFDAIAVAV,0,9,0.44016096
HLA-C*04:01,LFDASAIAV,0,9,0.39271387
HLA-C*04:01,LFDATAIAI,0,9,0.2937209
HLA-C*04:01,LFDTIAIAV,0,9,0.6256142
HLA-C*04:01,LFDTTAIVV,0,9,0.4845758
HLA-C*04:01,LFNATAITI,0,9,0.16732466
HLA-C*04:01,LFNDKQKVTF,0,10,0.17942551
HLA-C*04:01,LFNITTISF,0,9,0.2589191
HLA-C*04:01,LFNTTNITF,0,9,0.25662395
HLA-C*04:01,LFWDDLRSL,0,9,0.22251955
HLA-C*04:01,LFWEDLRSL,0,9,0.24591036
HLA-C*04:01,LIAARTVEL,0,9,0.011771533
HLA-C*04:01,LIAKRTVEL,0,9,0.008977839
HLA-C*04:01,LIATRTVEL,0,9,0.021214632
HLA-C*04:01,LIDKKQKFY,0,9,0.01779021
HLA-C*04:01,LIDQLQPTL,0,9,0.025443545
HLA-C*04:01,LIEQLQPTL,0,9,0.015032383
HLA-C*04:01,LIEQLQSTL,0,9,0.020945076
HLA-C*04:01,LIEQLQTTL,0,9,0.019969642
HLA-C*04:01,LIWDDLRSLF,0,10,0.05931033
HLA-C*04:01,LKDQKFLAL,0,9,0.025725085
HLA-C*04:01,LKDQKFLGL,0,9,0.030216498
HLA-C*04:01,LKDQQFLGL,0,9,0.04770587
HLA-C*04:01,LKDQRFLGL,0,9,0.029192304
HLA-C*04:01,LLDAIAIAV,0,9,0.3117785
HLA-C*04:01,LLDAIAITV,0,9,0.31419802
HLA-C*04:01,LLDATAIAV,0,9,0.2716059
HLA-C*04:01,LLDATAITI,0,9,0.16754553
HLA-C*04:01,LLDTIAIAV,0,9,0.38714534
HLA-C*04:01,LLDTIAVAV,0,9,0.33479795
HLA-C*04:01,LLDTLAIAV,0,9,0.34304023
HLA-C*04:01,LLDTTAVAV,0,9,0.27267006
HLA-C*04:01,LLEQLQVTL,0,9,0.02273583
HLA-C*04:01,LLWDDLRSL,0,9,0.08385688
HLA-C*04:01,LQDQKFLGL,0,9,0.042798016
HLA-C*04:01,LRDKKKMAY,0,9,0.010129067
HLA-C*04:01,LRDKKQQVY,0,9,0.008555361
HLA-C*04:01,LRDQRLLGL,0,9,0.020310286
HLA-C*04:01,LSDQKFLGI,0,9,0.0989837
HLA-C*04:01,LSDQKFLGL,0,9,0.046319608
HLA-C*04:01,LTDNTKTII,0,9,0.12653865
HLA-C*04:01,LVAARTVEL,0,9,0.009942276
HLA-C*04:01,LVDATAIAV,0,9,0.202544
HLA-C*04:01,LVWDDLRSLV,0,10,0.12579052
HLA-C*04:01,LWDDLRSLC,0,9,0.27239668
HLA-C*04:01,LWDDLRSLCL,0,10,0.15229075
HLA-C*04:01,LWQEVGQAM,0,9,0.23390712
HLA-C*04:01,LWQEVGRAM,0,9,0.17089884
HLA-C*04:01,LYAPPISGV,0,9,0.11898609
HLA-C*04:01,LYDKPLYEV,0,9,0.29549155
HLA-C*04:01,LYDKPLYKV,0,9,0.20383623
HLA-C*04:01,LYDTAAIAI,0,9,0.46533325
HLA-C*04:01,LYEVNSTMTL,0,10,0.097975425
HLA-C*04:01,LYNTIAVLY,0,9,0.24272062
HLA-C*04:01,LYNTVSVLY,0,9,0.19089699
HLA-C*04:01,LYNTVVTLL,0,9,0.24590302
HLA-C*04:01,MAIEAQQHL,0,9,0.017572308
HLA-C*04:01,MHEDIISLW,0,9,0.10378126
HLA-C*04:01,MHEDVINLW,0,9,0.083020754
HLA-C*04:01,MHEDVISLW,0,9,0.10951249
HLA-C*04:01,MKDNWRNEL,0,9,0.091724105
HLA-C*04:01,MKDNWRSEL,0,9,0.11125786
HLA-C*04:01,MKDTMNMTM,0,9,0.27549526
HLA-C*04:01,MRDNWRNEL,0,9,0.051121246
HLA-C*04:01,MRDNWRSEL,0,9,0.066221364
HLA-C*04:01,MRDPRGSDI,0,9,0.04595701
HLA-C*04:01,MSFDPIPIHY,0,10,0.04458006
HLA-C*04:01,MWQAVGQAM,0,9,0.20890813
HLA-C*04:01,MWQEVGKAM,0,9,0.23919626
HLA-C*04:01,MWQEVGQAM,0,9,0.32618496
HLA-C*04:01,MWQEVGRAM,0,9,0.27889204
HLA-C*04:01,MWQGAGQAM,0,9,0.15717964
HLA-C*04:01,MWQGTGQAM,0,9,0.14848216
HLA-C*04:01,MWQGVGQAI,0,9,0.10854177
HLA-C*04:01,MWQGVGQAM,0,9,0.16439155
HLA-C*04:01,MWQGVGQTL,0,9,0.08437372
HLA-C*04:01,MWQRTGQAM,0,9,0.07007588
HLA-C*04:01,MWQRVGQAM,0,9,0.079991885
HLA-C*04:01,MYAPPIEGV,0,9,0.1211123
HLA-C*04:01,MYAPPIKGI,0,9,0.07361034
HLA-C*04:01,MYAPPIRGI,0,9,0.08427992
HLA-C*04:01,MYAPPIRGL,0,9,0.06486303
HLA-C*04:01,MYAPPISGI,0,9,0.10282513
HLA-C*04:01,MYAPPVRGI,0,9,0.06914453
HLA-C*04:01,NAECQPLQL,0,9,0.08476353
HLA-C*04:01,NAKNIIVQL,0,9,0.05972851
HLA-C*04:01,NFDMWRNSM,0,9,0.45596477
HLA-C*04:01,NITDKIREL,0,9,0.10455596
HLA-C*04:01,NKFDVLTTWL,0,10,0.08001973
HLA-C*04:01,NNDNKTYIL,0,9,0.064161435
HLA-C*04:01,NNDSREYRL,0,9,0.10560838
HLA-C*04:01,NNDTDTFKL,0,9,0.09688147
HLA-C*04:01,NSNNKNITF,0,9,0.11769141
HLA-C*04:01,NVECQPLQL,0,9,0.16642554
HLA-C*04:01,NWFDISNWL,0,9,0.40556622
HLA-C*04:01,NWFDITNWL,0,9,0.43662834
HLA-C*04:01,NWFDITQWL,0,9,0.3627755
HLA-C*04:01,NWFEITNWL,0,9,0.44444957
HLA-C*04:01,NYNNTKNVM,0,9,0.3013062
HLA-C*04:01,NYTDQIYAL,0,9,0.33160645
HLA-C*04:01,NYTDQIYDIL,0,10,0.18435194
HLA-C*04:01,NYTDQIYEI,0,9,0.48075944
HLA-C*04:01,NYTDQIYEIL,0,10,0.21744668
HLA-C*04:01,NYTDQIYEL,0,9,0.4591634
HLA-C*04:01,NYTDQIYELL,0,10,0.29919153
HLA-C*04:01,NYTDTIYTL,0,9,0.30228785
HLA-C*04:01,NYTDTIYTLL,0,10,0.30340597
HLA-C*04:01,NYTNIIYEL,0,9,0.46237072
HLA-C*04:01,NYTNQIYQL,0,9,0.3962246
HLA-C*04:01,NYTSKIYEL,0,9,0.38241225
HLA-C*04:01,NYTSQIYEL,0,9,0.3316911
HLA-C*04:01,NYTYKIYSL,0,9,0.2695656
HLA-C*04:01,PLDNVTENF,0,9,0.31437206
HLA-C*04:01,PTDPDPQEI,0,9,0.14303102
HLA-C*04:01,PTDPNPQEI,0,9,0.20494732
HLA-C*04:01,PTDPNPQEL,0,9,0.12995245
HLA-C*04:01,PTDPNPQEM,0,9,0.19968908
HLA-C*04:01,PTDPNPQEV,0,9,0.33049676
HLA-C*04:01,QFENKTIRF,0,9,0.19894592
HLA-C*04:01,QGQPMHQSL,0,9,0.06416894
HLA-C*04:01,QMHEDIISL,0,9,0.06254647
HLA-C*04:01,QMHEDVISL,0,9,0.044191573
HLA-C*04:01,QMQEDIISL,0,9,0.06475733
HLA-C*04:01,QMQEDVISL,0,9,0.043505054
HLA-C*04:01,QQDKNEKDL,0,9,0.019382443
HLA-C*04:01,QQDKNEKEL,0,9,0.02094752
HLA-C*04:01,QQDNNEKEL,0,9,0.0387893
HLA-C*04:01,QQDRNEKEL,0,9,0.023046346
HLA-C*04:01,QQDSNEKEL,0,9,0.029407391
HLA-C*04:01,QWDKEISNY,0,9,0.21324968
HLA-C*04:01,QYEQEIESL,0,9,0.054177642
HLA-C*04:01,RAEQATQEV,0,9,0.045128364
HLA-C*04:01,RAIEAQHHL,0,9,0.013713494
HLA-C*04:01,RAIEAQQHL,0,9,0.009983965
HLA-C*04:01,RAIEAQQHM,0,9,0.022520438
HLA-C*04:01,RALGPGASL,0,9,0.010752519
HLA-C*04:01,RALGPGATL,0,9,0.010452733
HLA-C*04:01,RFALNPELL,0,9,0.03608163
HLA-C*04:01,RFALNPSLL,0,9,0.041200627
HLA-C*04:01,RFNKETVKF,0,9,0.04546966
HLA-C*04:01,RIEEEGGEL,0,9,0.047719043
HLA-C*04:01,RLVDGFLAL,0,9,0.07997898
HLA-C*04:01,RMYNPVSIL,0,9,0.03372113
HLA-C*04:01,RMYQPVSIL,0,9,0.017676162
HLA-C*04:01,RMYSPISIL,0,9,0.025805285
HLA-C*04:01,RMYSPSSIL,0,9,0.01571457
HLA-C*04:01,RMYSPTSIL,0,9,0.014420225
HLA-C*04:01,RMYSPVNIL,0,9,0.017496089
HLA-C*04:01,RMYSPVSIL,0,9,0.020437343
HLA-C*04:01,RPGGKKHYM,0,9,0.0560638
HLA-C*04:01,RPVVSTQLL,0,9,0.019986544
HLA-C*04:01,RTTPEEVEL,0,9,0.049732216
HLA-C*04:01,RVIEIVQRV,0,9,0.034940016
HLA-C*04:01,RVWEGLKYL,0,9,0.05193787
HLA-C*04:01,RVYSPVSIL,0,9,0.034962777
HLA-C*04:01,RYLEDQKFL,0,9,0.10311128
HLA-C*04:01,RYLKDQQFL,0,9,0.080770545
HLA-C*04:01,RYLKDQQLL,0,9,0.048652757
HLA-C*04:01,RYLKDQTFL,0,9,0.12347983
HLA-C*04:01,RYLKDQTLL,0,9,0.0672717
HLA-C*04:01,RYLRDQQLL,0,9,0.03882751
HLA-C*04:01,SCDKNNVQY,0,9,0.06470121
HLA-C*04:01,SFDDIWNNM,0,9,0.6027018
HLA-C*04:01,SFDDIWNNMT,0,10,0.34410357
HLA-C*04:01,SFDPIPIHY,0,9,0.37746438
HLA-C*04:01,SFDPIPIHYC,0,10,0.4111475
HLA-C*04:01,SFEEIWDNM,0,9,0.44701204
HLA-C*04:01,SFEPIPIHY,0,9,0.15217353
HLA-C*04:01,SFNCGGEFF,0,9,0.43986294
HLA-C*04:01,SFNDKQKVTF,0,10,0.18269195
HLA-C*04:01,SFSPEVIPM,0,9,0.19478254
HLA-C*04:01,SHDDIWQRM,0,9,0.14085963
HLA-C*04:01,SIATRAVEL,0,9,0.02430054
HLA-C*04:01,SIQTTVNTL,0,9,0.03553439
HLA-C*04:01,SLFDAIAIAV,0,10,0.13301314
HLA-C*04:01,SLFDAIAVAV,0,10,0.119426645
HLA-C*04:01,SLFDASAIAV,0,10,0.08489722
HLA-C*04:01,SLFDATAIAI,0,10,0.0638573
HLA-C*04:01,SLFDTIAIAV,0,10,0.15408537
HLA-C*04:01,SLFDTTAIVV,0,10,0.10457165
HLA-C*04:01,SLFNAVATL,0,9,0.12769954
HLA-C*04:01,SLFNLVATL,0,9,0.1460291
HLA-C*04:01,SLFNSVATL,0,9,0.11594857
HLA-C*04:01,SLFNTIATL,0,9,0.16943729
HLA-C*04:01,SLFNTIVVL,0,9,0.18194406
HLA-C*04:01,SLFNTLVTL,0,9,0.11566466
HLA-C*04:01,SLFNTVATL,0,9,0.14508604
HLA-C*04:01,SLFNTVVTL,0,9,0.12909801
HLA-C*04:01,SLQTGSEEL,0,9,0.039770145
HLA-C*04:01,SLWNTIATL,0,9,0.17662792
HLA-C*04:01,SLYDTAAIAI,0,10,0.06707116
HLA-C*04:01,SLYNTIVTL,0,9,0.102741346
HLA-C*04:01,SLYNTVATL,0,9,0.099991664
HLA-C*04:01,SLYNTVSVL,0,9,0.12140485
HLA-C*04:01,SLYNTVVTL,0,9,0.09477063
HLA-C*04:01,SPLSFQTHF,0,9,0.10432585
HLA-C*04:01,SPLSFQTRL,0,9,0.06962555
HLA-C*04:01,SVTARTVEL,0,9,0.016372485
HLA-C*04:01,SWEEALEQV,0,9,0.4849567
HLA-C*04:01,SWEQIWHNM,0,9,0.2186704
HLA-C*04:01,SWFDITKWL,0,9,0.2640042
HLA-C*04:01,SWFDITNWL,0,9,0.37340584
HLA-C*04:01,SYDDIWGNM,0,9,0.66556364
HLA-C*04:01,SYDEIWGNM,0,9,0.6429437
HLA-C*04:01,SYDEIWKNM,0,9,0.5628959
HLA-C*04:01,SYDEIWNNM,0,9,0.6712294
HLA-C*04:01,SYEDIWDKM,0,9,0.36284715
HLA-C*04:01,SYEEIWENM,0,9,0.49288288
HLA-C*04:01,SYEEIWGNM,0,9,0.51950324
HLA-C*04:01,SYEEIWNNL,0,9,0.33677456
HLA-C*04:01,SYEEIWNNM,0,9,0.47496533
HLA-C*04:01,SYEKIWNNM,0,9,0.21678829
HLA-C*04:01,TCDLGYHSL,0,9,0.13797374
HLA-C*04:01,TCDSGYHSL,0,9,0.10503357
HLA-C*04:01,TCDSGYYSL,0,9,0.0777917
HLA-C*04:01,TDPDPQEIHM,0,10,0.19789447
HLA-C*04:01,TEDMRNCSF,0,9,0.1398839
HLA-C*04:01,TEDVRNCSF,0,9,0.15831272
HLA-C*04:01,TFDPIPIHY,0,9,0.3810881
HLA-C*04:01,TFDPIPIHYC,0,10,0.38696593
HLA-C*04:01,TFEPHSGGDL,0,10,0.1871741
HLA-C*04:01,TIETRYNVL,0,9,0.031216342
HLA-C*04:01,TKDNWRSEL,0,9,0.1184142
HLA-C*04:01,TLASGFLTV,0,9,0.15037982
HLA-C*04:01,TLDCADIKF,0,9,0.25403434
HLA-C*04:01,TLDQVKREL,0,9,0.046370395
HLA-C*04:01,TLEGVANKL,0,9,0.04918427
HLA-C*04:01,TLEQVTEKL,0,9,0.04521817
HLA-C*04:01,TLIPNPEGL,0,9,0.024990182
HLA-C*04:01,TLNKVATKL,0,9,0.012244234
HLA-C*04:01,TLPNKFDVL,0,9,0.11937785
HLA-C*04:01,TLPNKSNVL,0,9,0.044217546
HLA-C*04:01,TMEGSNETM,0,9,0.053813744
HLA-C*04:01,TNDKIKLIL,0,9,0.010171291
HLA-C*04:01,TPQDLNMML,0,9,0.18507592
HLA-C*04:01,TPQDLNSML,0,9,0.12667067
HLA-C*04:01,TPQDLNTHV,0,9,0.2646649
HLA-C*04:01,TPQDLNTML,0,9,0.14575782
HLA-C*04:01,TPSDLNMML,0,9,0.21667065
HLA-C*04:01,TPVPWNSTW,0,9,0.046818227
HLA-C*04:01,TRDGGINNV,0,9,0.1490682
HLA-C*04:01,TRIGPGQTF,0,9,0.008452058
HLA-C*04:01,TSDPSNGTI,0,9,0.06720557
HLA-C*04:01,TVSDYVFEL,0,9,0.06639407
HLA-C*04:01,TVSDYVSEL,0,9,0.038344998
HLA-C*04:01,TWDDLRSLC,0,9,0.39199114
HLA-C*04:01,TWDDLRSLCL,0,10,0.19851671
HLA-C*04:01,TWFDITNWL,0,9,0.37867713
HLA-C*04:01,TWIEWEREM,0,9,0.1892147
HLA-C*04:01,TWNNTLAKV,0,9,0.4001253
HLA-C*04:01,TYEAGIGNI,0,9,0.3066686
HLA-C*04:01,TYEDIWNNM,0,9,0.54646105
HLA-C*04:01,TYENITDKI,0,9,0.21974511
HLA-C*04:01,TYQEIWDNM,0,9,0.63296187
HLA-C*04:01,VFELYDKPL,0,9,0.18183732
HLA-C*04:01,VHIGPGQVF,0,9,0.012312465
HLA-C*04:01,VHQPISPTTL,0,10,0.039593786
HLA-C*04:01,VLDQVEEKL,0,9,0.18743385
HLA-C*04:01,VLEQVTAKL,0,9,0.065163866
HLA-C*04:01,VLEQVVGKL,0,9,0.08182788
HLA-C*04:01,VLTQVAVKL,0,9,0.038434274
HLA-C*04:01,VPAMFTAAL,0,9,0.04591635
HLA-C*04:01,VPIDNDTTSY,0,10,0.04837967
HLA-C*04:01,VPTDPDPQEI,0,10,0.083071135
HLA-C*04:01,VPTDPNPQEI,0,10,0.10537047
HLA-C*04:01,VPTDPNPQEL,0,10,0.09380964
HLA-C*04:01,VPTDPNPQEM,0,10,0.116081476
HLA-C*04:01,VPTDPNPQEV,0,10,0.18958874
HLA-C*04:01,VPTMNNAKL,0,9,0.05647019
HLA-C*04:01,VQNPQGQMV,0,9,0.045681864
HLA-C*04:01,VQYEQEIESL,0,10,0.03693343
HLA-C*04:01,VSDYVFELY,0,9,0.097620495
HLA-C*04:01,VSDYVSELY,0,9,0.07567419
HLA-C*04:01,VSFDPIPIHY,0,10,0.0919557
HLA-C*04:01,VSFEPIPIHY,0,10,0.05746227
HLA-C*04:01,VTDDVRNCTF,0,10,0.5361157
HLA-C*04:01,VTDEVRNCTF,0,10,0.43516847
HLA-C*04:01,VTDEVTNCTF,0,10,0.3841894
HLA-C*04:01,VWDDLRSLC,0,9,0.5000072
HLA-C*04:01,VWDDLRSLCL,0,10,0.3972676
HLA-C*04:01,VWDDLRSLV,0,9,0.69071573
HLA-C*04:01,VWDDLRSLVL,0,10,0.3288415
HLA-C*04:01,VWKDADTTL,0,9,0.070520304
HLA-C*04:01,VWKDADTTLF,0,10,0.14288028
HLA-C*04:01,VWKDAETTL,0,9,0.08304431
HLA-C*04:01,VWKDAETTLF,0,10,0.1571368
HLA-C*04:01,VWKDAKTTL,0,9,0.06060388
HLA-C*04:01,VWKDAKTTLF,0,10,0.110284045
HLA-C*04:01,VWKDANTTL,0,9,0.06885964
HLA-C*04:01,VWKDANTTLF,0,10,0.11239542
HLA-C*04:01,VWKEATTTL,0,9,0.067371964
HLA-C*04:01,VWKEATTTLF,0,10,0.11672736
HLA-C*04:01,VWRDADTTL,0,9,0.08205732
HLA-C*04:01,VWRDADTTLF,0,10,0.16341718
HLA-C*04:01,VWRDAETTL,0,9,0.08935072
HLA-C*04:01,VWRDAETTLF,0,10,0.18812017
HLA-C*04:01,VWRDANTTL,0,9,0.08168639
HLA-C*04:01,VWRDANTTLF,0,10,0.15289772
HLA-C*04:01,VWRDVVTTL,0,9,0.21611373
HLA-C*04:01,VWRDVVTTLF,0,10,0.266857
HLA-C*04:01,VWREANTTL,0,9,0.071481586
HLA-C*04:01,VWREANTTLF,0,10,0.11959223
HLA-C*04:01,VWRNAQTTL,0,9,0.06661132
HLA-C*04:01,VYWSQELKI,0,9,0.2529507
HLA-C*04:01,WEDLRSLCL,0,9,0.07252737
HLA-C*04:01,WFDISKWLW,0,9,0.20163584
HLA-C*04:01,WFDISNWLW,0,9,0.2944672
HLA-C*04:01,WFDISRWLW,0,9,0.3269612
HLA-C*04:01,WFDITKWLW,0,9,0.2039962
HLA-C*04:01,WFDITNWLW,0,9,0.30152187
HLA-C*04:01,WFDITQWLW,0,9,0.25300127
HLA-C*04:01,WFDITRWLW,0,9,0.3307984
HLA-C*04:01,WKDADTTLF,0,9,0.054716557
HLA-C*04:01,WKDAETTLF,0,9,0.09160948
HLA-C*04:01,WKDAKTTLF,0,9,0.05321467
HLA-C*04:01,WKDANTTLF,0,9,0.07135027
HLA-C*04:01,WRDADTTLF,0,9,0.0387908
HLA-C*04:01,WRDAETTLF,0,9,0.05347904
HLA-C*04:01,WRDANTTLF,0,9,0.037216153
HLA-C*04:01,WRDVVTTLF,0,9,0.059007827
HLA-C*04:01,YAPPIAGNI,0,9,0.07604027
HLA-C*04:01,YAPPIEGKI,0,9,0.047820423
HLA-C*04:01,YAPPIQGSI,0,9,0.044414245
HLA-C*04:01,YAPPIRGQI,0,9,0.07657226
HLA-C*04:01,YAPPISGHI,0,9,0.05834536
HLA-C*04:01,YAPPISGII,0,9,0.05418334
HLA-C*04:01,YAPPISGKI,0,9,0.050740544
HLA-C*04:01,YAPPISGNI,0,9,0.0702394
HLA-C*04:01,YAPPISGQI,0,9,0.057316154
HLA-C*04:01,YAPPISGRI,0,9,0.05671485
HLA-C*04:01,YAPPISGRL,0,9,0.035201844
HLA-C*04:01,YAPPISGSI,0,9,0.03586484
HLA-C*04:01,YAPPISGTI,0,9,0.039272998
HLA-C*04:01,YAPPISGVI,0,9,0.037807364
HLA-C*04:01,YAPPVEGKI,0,9,0.036714442
HLA-C*04:01,YAPPVSGNI,0,9,0.05582976
HLA-C*04:01,YAPPVSGQI,0,9,0.042206135
HLA-C*04:01,YCTPAGYAL,0,9,0.027450994
HLA-C*04:01,YFNVWKNNM,0,9,0.39745227
HLA-C*04:01,YHLLRDFTL,0,9,0.018661905
HLA-C*04:01,YLEDQKFLGL,0,10,0.13856865
HLA-C*04:01,YLENVTENF,0,9,0.27839085
HLA-C*04:01,YLKDQKFLAL,0,10,0.065828845
HLA-C*04:01,YLQDQKFLGL,0,10,0.12940535
HLA-C*04:01,YLSDQKFLGL,0,10,0.106130056
HLA-C*04:01,YMENVTEDF,0,9,0.24148118
HLA-C*04:01,YQALSPRTL,0,9,0.0044633015
HLA-C*04:01,YQDSDVSQEV,0,10,0.075133786
HLA-C*04:01,YSPLSFQIL,0,9,0.053974327
HLA-C*04:01,YSPLSFQTL,0,9,0.03647328
HLA-C*04:01,YSPLSLQTL,0,9,0.029276323
HLA-C*04:01,YTDQIYALI,0,9,0.2741943
HLA-C*04:01,YTDQIYDIL,0,9,0.07836668
HLA-C*04:01,YTDQIYEIL,0,9,0.06370449
HLA-C*04:01,YTDQIYELL,0,9,0.129871
HLA-C*04:01,YTDTIYTLL,0,9,0.24766766
HLA-C*04:01,YTNQIYQLL,0,9,0.0844061
HLA-C*04:01,YVDRFFKCL,0,9,0.05367636
HLA-C*04:01,YVDRFFKTL,0,9,0.034289546
HLA-C*04:01,YVDRFYKTL,0,9,0.033747997
HLA-C*04:01,YVDRFYKVL,0,9,0.028268745
HLA-C*04:01,YYQGSCYIL,0,9,0.17609763
HLA-C*04:01,YYSLDPNAV,0,9,0.14853492
HLA-C*07:01,AAASIQTTV,0,9,0.016960163
HLA-C*07:01,AFNPEVIPM,0,9,0.068272136
HLA-C*07:01,AHDPEVHNV,0,9,0.01859373
HLA-C*07:01,AHKTEVHNV,0,9,0.007837831
HLA-C*07:01,AHSPEVHNI,0,9,0.022644619
HLA-C*07:01,AHSTGVHNV,0,9,0.010672824
HLA-C*07:01,AIYNIPRRI,0,9,0.013587718
HLA-C*07:01,AKFDSNKTY,0,9,0.014119067
HLA-C*07:01,AQSEEVHNI,0,9,0.017473994
HLA-C*07:01,ARIGPGQVF,0,9,0.07406914
HLA-C*07:01,ARIGPGQVFY,0,10,0.21783404
HLA-C*07:01,ARILAVERY,0,9,0.049393542
HLA-C*07:01,ARVLAIERY,0,9,0.0906738
HLA-C*07:01,ARVLALERY,0,9,0.032331582
HLA-C*07:01,ARVLAVERY,0,9,0.054903112
HLA-C*07:01,AVLNANLTY,0,9,0.024044752
HLA-C*07:01,AYDTEVHNV,0,9,0.05246902
HLA-C*07:01,CRIKQFINM,0,9,0.44550556
HLA-C*07:01,CRIKQIIKM,0,9,0.32562166
HLA-C*07:01,CRIKQIINL,0,9,0.44916484
HLA-C*07:01,CRIKQIINM,0,9,0.4816021
HLA-C*07:01,CRIKQIIRM,0,9,0.2721903
HLA-C*07:01,CRIKQIVNM,0,9,0.32441738
HLA-C*07:01,CRIKQIVRM,0,9,0.1711816
HLA-C*07:01,CRIRQIINM,0,9,0.3946059
HLA-C*07:01,CRIRQIVRM,0,9,0.124251604
HLA-C*07:01,CRSNITGIL,0,9,0.46845743
HLA-C*07:01,CRSNITGLL,0,9,0.21696998
HLA-C*07:01,CTFDTTTEL,0,9,0.01560747
HLA-C*07:01,DKKQKFHAL,0,9,0.0044483724
HLA-C*07:01,DKKQKVHAL,0,9,0.0029660068
HLA-C*07:01,DKMQQVHAL,0,9,0.007680165
HLA-C*07:01,DKNNVQYKF,0,9,0.06696779
HLA-C*07:01,DREQKVYAL,0,9,0.09002356
HLA-C*07:01,DRFALNPEL,0,9,0.01898545
HLA-C*07:01,DRFALNPGL,0,9,0.019170389
HLA-C*07:01,DRKKQFYSL,0,9,0.19261739
HLA-C*07:01,DRKKQVYAL,0,9,0.16217871
HLA-C*07:01,DRKQKVSAL,0,9,0.012940117
HLA-C*07:01,DRKQQISAL,0,9,0.038167823
HLA-C*07:01,DRQREAYAL,0,9,0.025708681
HLA-C*07:01,DSSSNYSEY,0,9,0.010178549
HLA-C*07:01,EAHNIWATY,0,9,0.005579041
HLA-C*07:01,EAKNINITY,0,9,0.026226161
HLA-C*07:01,EALDKIEEL,0,9,0.0063911015
HLA-C*07:01,EALEKIEEM,0,9,0.0054543344
HLA-C*07:01,EAQHHLLQL,0,9,0.00798232
HLA-C*07:01,EAQHRLLQL,0,9,0.005660217
HLA-C*07:01,EAQQHLLQL,0,9,0.007451362
HLA-C*07:01,EAQQHMLQL,0,9,0.006769687
HLA-C*07:01,EHFNETIRF,0,9,0.00784794
HLA-C*07:01,EHFNGSITF,0,9,0.0052038827
HLA-C*07:01,EHFNKTIEF,0,9,0.01329949
HLA-C*07:01,EHFNKTIIF,0,9,0.0640006
HLA-C*07:01,EHFNKTIVF,0,9,0.0359999
HLA-C*07:01,EHFPNKTITF,0,10,0.015871894
HLA-C*07:01,EIIDKKQKF,0,9,0.0040871194
HLA-C*07:01,ELIDKKQKF,0,9,0.0021388954
HLA-C*07:01,ELYDKPLYK,0,9,0.010832553
HLA-C*07:01,EQFNRTIVF,0,9,0.019228484
HLA-C*07:01,ERFAINPGL,0,9,0.015538558
HLA-C*07:01,ERFALDPGL,0,9,0.009173334
HLA-C*07:01,ERFALNPGL,0,9,0.014399904
HLA-C*07:01,ERFALNPSL,0,9,0.011295431
HLA-C*07:01,ERFAVDPGL,0,9,0.009148581
HLA-C*07:01,ERFAVNPGL,0,9,0.012171519
HLA-C*07:01,ERFAVNSGL,0,9,0.006509737
HLA-C*07:01,ERNEKDLLEL,0,10,0.07993889
HLA-C*07:01,ERNGTITGEF,0,10,0.097398944
HLA-C*07:01,ERYLEDQKF,0,9,0.013679339
HLA-C*07:01,ERYLKDQKF,0,9,0.014619707
HLA-C*07:01,ERYLKDQQF,0,9,0.021465242
HLA-C*07:01,ERYLKDQQL,0,9,0.020896474
HLA-C*07:01,ERYLKDQRF,0,9,0.013532387
HLA-C*07:01,ERYLKDQRL,0,9,0.013534433
HLA-C*07:01,ERYLKDQTF,0,9,0.018957283
HLA-C*07:01,ERYLKDQTL,0,9,0.017098647
HLA-C*07:01,ERYLQDQKF,0,9,0.00931586
HLA-C*07:01,ERYLRDQQL,0,9,0.036937688
HLA-C*07:01,ERYLRDQRL,0,9,0.0142212575
HLA-C*07:01,ERYLSDQKF,0,9,0.008194608
HLA-C*07:01,EYFNGTIQF,0,9,0.025603393
HLA-C*07:01,FFKTSPMII,0,9,0.17040811
HLA-C*07:01,FFYCDTSQLF,0,10,0.00946057
HLA-C*07:01,FFYCNTSKL,0,9,0.009324848
HLA-C*07:01,FFYCNTSQL,0,9,0.01237627
HLA-C*07:01,FFYCNTSRL,0,9,0.008790945
HLA-C*07:01,FFYCNTTKL,0,9,0.017463703
HLA-C*07:01,FFYCNTTNL,0,9,0.02383517
HLA-C*07:01,FFYCNTTQL,0,9,0.020117808
HLA-C*07:01,FIYHRLRDF,0,9,0.06494026
HLA-C*07:01,FLYHRLRDF,0,9,0.012808368
HLA-C*07:01,FLYRRLRDL,0,9,0.011960752
HLA-C*07:01,FMYYAKRML,0,9,0.0776963
HLA-C*07:01,FNDKQKVTF,0,9,0.028674487
HLA-C*07:01,FNDNKTIIF,0,9,0.20043297
HLA-C*07:01,FNPEVIPMF,0,9,0.05177674
HLA-C*07:01,FNSTYNSTY,0,9,0.05969249
HLA-C*07:01,FQIPHHQQR,0,9,0.009285553
HLA-C*07:01,FQIPSHHQR,0,9,0.007239394
HLA-C*07:01,FQIPTHHQR,0,9,0.008874839
HLA-C*07:01,FQTPFHHQR,0,9,0.0058357106
HLA-C*07:01,FRDYVDRFF,0,9,0.35287374
HLA-C*07:01,FRDYVDRFY,0,9,0.445929
HLA-C*07:01,FREYVDRFY,0,9,0.47070414
HLA-C*07:01,FRIGPGQVF,0,9,0.14666845
HLA-C*07:01,FRIGPGQVFY,0,10,0.36359426
HLA-C*07:01,FRPGGGNTK,0,9,0.019931689
HLA-C*07:01,FRTSPIIIA,0,9,0.5848058
HLA-C*07:01,FRTSPMIIA,0,9,0.39362094
HLA-C*07:01,FSIGGVIHL,0,9,0.11914377
HLA-C*07:01,FSPEIIPMF,0,9,0.05658547
HLA-C*07:01,FSPEVIPMF,0,9,0.033855338
HLA-C*07:01,FSYHRLRDF,0,9,0.066565044
HLA-C*07:01,FSYHRLRDL,0,9,0.07979483
HLA-C*07:01,FSYHRLSDL,0,9,0.038673606
HLA-C*07:01,FSYRHLRDF,0,9,0.09568665
HLA-C*07:01,FSYRRLRDF,0,9,0.028851526
HLA-C*07:01,FTSIKNETM,0,9,0.06859747
HLA-C*07:01,FVTTRTVEL,0,9,0.055478342
HLA-C*07:01,FYCDTSQLF,0,9,0.048743755
HLA-C*07:01,FYCNSTPLF,0,9,0.034302425
HLA-C*07:01,FYCNTSGLF,0,9,0.041653357
HLA-C*07:01,FYCNTSKLF,0,9,0.0776278
HLA-C*07:01,FYCNTSNLF,0,9,0.043518282
HLA-C*07:01,FYCNTSQLF,0,9,0.05202151
HLA-C*07:01,FYCNTSRLF,0,9,0.16207886
HLA-C*07:01,FYCNTTGLF,0,9,0.041815527
HLA-C*07:01,FYCNTTKLF,0,9,0.070324264
HLA-C*07:01,FYCNTTNLF,0,9,0.035234835
HLA-C*07:01,FYCNTTQLF,0,9,0.048562635
HLA-C*07:01,FYKLDIIQI,0,9,0.30082318
HLA-C*07:01,FYKLDIVPL,0,9,0.4447731
HLA-C*07:01,FYKLDIVQI,0,9,0.19038548
HLA-C*07:01,FYKLDIVQM,0,9,0.45678458
HLA-C*07:01,FYKLDIVSL,0,9,0.4460463
HLA-C*07:01,FYKLDLTQI,0,9,0.07802183
HLA-C*07:01,FYKLDLVKM,0,9,0.1733073
HLA-C*07:01,FYKLDTVQV,0,9,0.0953055
HLA-C*07:01,FYNLDIVQI,0,9,0.15018392
HLA-C*07:01,FYRVNIVPL,0,9,0.7275986
HLA-C*07:01,FYTLDIVKM,0,9,0.09781461
HLA-C*07:01,GHFNKTIVF,0,9,0.06900058
HLA-C*07:01,GLNKIVRMY,0,9,0.03012526
HLA-C*07:01,GLNKIVRVY,0,9,0.06015853
HLA-C*07:01,GLNKVVRMY,0,9,0.024327127
HLA-C*07:01,GPKEPFRDY,0,9,0.041816976
HLA-C*07:01,GPKEPFREY,0,9,0.053041715
HLA-C*07:01,GRDKSVRLV,0,9,0.16392554
HLA-C*07:01,GRDRSIRLV,0,9,0.14565475
HLA-C*07:01,GRDRSVRLV,0,9,0.10987409
HLA-C*07:01,GRRGWEALKY,0,10,0.1224237
HLA-C*07:01,GRRGWEGLKY,0,10,0.09693794
HLA-C*07:01,GRRGWELLKY,0,10,0.1581933
HLA-C*07:01,GSAELKSLY,0,9,0.022529095
HLA-C*07:01,GWTDRVIEL,0,9,0.0910908
HLA-C*07:01,GYSPLSFQI,0,9,0.05777626
HLA-C*07:01,GYSPLSLQI,0,9,0.043419927
HLA-C*07:01,GYSPVSFQI,0,9,0.10446232
HLA-C*07:01,HFGPGQALY,0,9,0.023761675
HLA-C*07:01,HFINKNITF,0,9,0.04802072
HLA-C*07:01,HFKNSSIIF,0,9,0.1828612
HLA-C*07:01,HFNNKTIIF,0,9,0.24277894
HLA-C*07:01,HFNNKTIVF,0,9,0.09944212
HLA-C*07:01,HFNNTTITF,0,9,0.030890647
HLA-C*07:01,HFPNKTITF,0,9,0.05450562
HLA-C*07:01,HFQNKTINF,0,9,0.023329007
HLA-C*07:01,HFSNKTIIF,0,9,0.16105156
HLA-C*07:01,HFTNKNISF,0,9,0.049090207
HLA-C*07:01,HHFNCKGEF,0,9,0.004998402
HLA-C*07:01,HHFNCRGEF,0,9,0.003825394
HLA-C*07:01,HHFTCRGEF,0,9,0.003938462
HLA-C*07:01,HIGPGQVFY,0,9,0.07463713
HLA-C*07:01,HKTEVHNVW,0,9,0.016009033
HLA-C*07:01,HQAISPRTL,0,9,0.01683353
HLA-C*07:01,HQALSPRTL,0,9,0.005838104
HLA-C*07:01,HQAMTPRTL,0,9,0.008065568
HLA-C*07:01,HQAVSPRTL,0,9,0.011070932
HLA-C*07:01,HQNMSPRTL,0,9,0.014309682
HLA-C*07:01,HQPFSPRTL,0,9,0.026006354
HLA-C*07:01,HQPIAPRTL,0,9,0.033640396
HLA-C*07:01,HQPISPRTL,0,9,0.030076299
HLA-C*07:01,HQPISPTTL,0,9,0.0115935
HLA-C*07:01,HQPLSPRTL,0,9,0.012498061
HLA-C*07:01,HQPVSPRTL,0,9,0.019219398
HLA-C*07:01,HQSLSPRTL,0,9,0.0075695505
HLA-C*07:01,HRGWEGLKY,0,9,0.23675144
HLA-C*07:01,HRGWEGLKYL,0,10,0.18653338
HLA-C*07:01,HRLLQLTVW,0,9,0.023588207
HLA-C*07:01,HRLRDFIFV,0,9,0.27942735
HLA-C*07:01,HRLRDFILI,0,9,0.21437927
HLA-C*07:01,HRLRDFILV,0,9,0.27238804
HLA-C*07:01,HRLRDFISV,0,9,0.12665951
HLA-C*07:01,HRLRDFLLI,0,9,0.17957528
HLA-C*07:01,HRLRDFSLI,0,9,0.058295824
HLA-C*07:01,HRLRDFTLI,0,9,0.07258791
HLA-C*07:01,HRLRDFVLI,0,9,0.13060786
HLA-C*07:01,HRLRDFVLV,0,9,0.16930512
HLA-C*07:01,HRLRDLLLI,0,9,0.11759867
HLA-C*07:01,HRLRDLTLI,0,9,0.042294197
HLA-C*07:01,HRLSDLLLI,0,9,0.25810415
HLA-C*07:01,HSSLKGLRL,0,9,0.006251678
HLA-C*07:01,HSSQVSHNY,0,9,0.021464637
HLA-C*07:01,HYMLKHLVW,0,9,0.10847747
HLA-C*07:01,IAWDDLRSL,0,9,0.034892622
HLA-C*07:01,IERYLKDQQL,0,10,0.019865429
HLA-C*07:01,IFWDDLRSL,0,9,0.03105044
HLA-C*07:01,IGPGQMLFY,0,9,0.14342248
HLA-C*07:01,IGPGQVLFY,0,9,0.15972148
HLA-C*07:01,IHFGPGQAL,0,9,0.010886787
HLA-C*07:01,IHFGPGQALY,0,10,0.023815515
HLA-C*07:01,IHIGPGQAF,0,9,0.013750901
HLA-C*07:01,IHIGPGQAFY,0,10,0.029173808
HLA-C*07:01,IHIGPGQVF,0,9,0.03499192
HLA-C*07:01,IHIGPGQVFY,0,10,0.06336693
HLA-C*07:01,IHLNKSVEI,0,9,0.007571793
HLA-C*07:01,IHMGPGRTF,0,9,0.01555159
HLA-C*07:01,IHMGPGRTFF,0,10,0.01798605
HLA-C*07:01,IHQPFSPRTL,0,10,0.029472603
HLA-C*07:01,IHQPVSPRTL,0,10,0.014686739
HLA-C*07:01,IKDKIRKEY,0,9,0.026905317
HLA-C*07:01,IKDNWKNEL,0,9,0.031079737
HLA-C*07:01,IKDNWRNEL,0,9,0.026675684
HLA-C*07:01,IKDNWRSEL,0,9,0.016441973
HLA-C*07:01,IKPMVSTQL,0,9,0.029154388
HLA-C*07:01,IKPVISTQL,0,9,0.06514653
HLA-C*07:01,IKPVVSTHF,0,9,0.09345872
HLA-C*07:01,IKPVVSTQL,0,9,0.06379087
HLA-C*07:01,IKPVVTTQL,0,9,0.06780801
HLA-C*07:01,IKYLGNLLL,0,9,0.087108694
HLA-C*07:01,IPIGPGQVF,0,9,0.03578176
HLA-C*07:01,IRDKKQETY,0,9,0.11488893
HLA-C*07:01,IRDKKQKVH,0,9,0.029585455
HLA-C*07:01,IRDKKQRVY,0,9,0.29117927
HLA-C*07:01,IRDKQHKVH,0,9,0.04641473
HLA-C*07:01,IRDKQQEVY,0,9,0.17670633
HLA-C*07:01,IRDNWRNEL,0,9,0.23557222
HLA-C*07:01,IRDNWRNELY,0,10,0.29168162
HLA-C*07:01,IRDNWRSEL,0,9,0.17606635
HLA-C*07:01,IRDNWRSELY,0,10,0.2453022
HLA-C*07:01,IRDPTGSDI,0,9,0.032771826
HLA-C*07:01,IRDRKKQFY,0,9,0.17815544
HLA-C*07:01,IRGDIRQAF,0,9,0.15523264
HLA-C*07:01,IRIGPGQTF,0,9,0.07210206
HLA-C*07:01,IRIGPGQTFY,0,10,0.23400381
HLA-C*07:01,IRISMVISL,0,9,0.46056876
HLA-C*07:01,IRKEYALFY,0,9,0.7713127
HLA-C*07:01,IRNLCLFCY,0,9,0.37954697
HLA-C*07:01,IRPVVSTQL,0,9,0.48645738
HLA-C*07:01,IRPVVSTQLL,0,10,0.15512612
HLA-C*07:01,IRQACPKMSF,0,10,0.08912122
HLA-C*07:01,IRQACPKVSF,0,10,0.08315476
HLA-C*07:01,IRQGFEIIL,0,9,0.71606034
HLA-C*07:01,IRQGFERAL,0,9,0.13194862
HLA-C*07:01,IRQGFERSL,0,9,0.22373855
HLA-C*07:01,IRQGFERSLL,0,10,0.1047452
HLA-C*07:01,IRQGLERAL,0,9,0.11443647
HLA-C*07:01,IRQGLERAW,0,9,0.026422003
HLA-C*07:01,IRQGLERFL,0,9,0.35315102
HLA-C*07:01,IRQGLERFLL,0,10,0.21185942
HLA-C*07:01,IRQGLERIL,0,9,0.576321
HLA-C*07:01,IRQGLERSL,0,9,0.19996215
HLA-C*07:01,IRQGLERTL,0,9,0.21912003
HLA-C*07:01,IRQGLERTLL,0,10,0.13597296
HLA-C*07:01,IRQGPKEPF,0,9,0.074485235
HLA-C*07:01,IRQGYSPLSF,0,10,0.24352594
HLA-C*07:01,IRQNHGCNI,0,9,0.025203599
HLA-C*07:01,ISDKQQKAY,0,9,0.004369426
HLA-C*07:01,ISFDPIPIHY,0,10,0.10177835
HLA-C*07:01,ISFEPIPIHY,0,10,0.06660061
HLA-C*07:01,ISIGPGQVF,0,9,0.024424467
HLA-C*07:01,ISNYTGLIY,0,9,0.4123395
HLA-C*07:01,ISNYTHQIY,0,9,0.40438148
HLA-C*07:01,ISNYTNQIY,0,9,0.23103668
HLA-C*07:01,ISNYTSQIY,0,9,0.2004005
HLA-C*07:01,ITFDPIPIH,0,9,0.060442686
HLA-C*07:01,ITFDPIPIHY,0,10,0.099802926
HLA-C*07:01,ITFEDKQEM,0,9,0.04161707
HLA-C*07:01,ITGDIRQAY,0,9,0.07290165
HLA-C*07:01,ITIGPGQVF,0,9,0.029914718
HLA-C*07:01,ITIGPGRAF,0,9,0.017133018
HLA-C*07:01,ITMGPGQAF,0,9,0.014831391
HLA-C*07:01,IVGDIRRAY,0,9,0.049757753
HLA-C*07:01,IWDDLRSLF,0,9,0.030659644
HLA-C*07:01,IYWGQELKI,0,9,0.026340863
HLA-C*07:01,KAIEAQHRL,0,9,0.0145170605
HLA-C*07:01,KALGPAASL,0,9,0.01642025
HLA-C*07:01,KALGPAATL,0,9,0.012902239
HLA-C*07:01,KFLGNLLLY,0,9,0.09097988
HLA-C*07:01,KHFNKTIVF,0,9,0.06338057
HLA-C*07:01,KHFTGNISF,0,9,0.023373336
HLA-C*07:01,KHYMLKHLV,0,9,0.013862255
HLA-C*07:01,KIRKEYALFY,0,10,0.09106416
HLA-C*07:01,KKKMGHALFY,0,10,0.049294267
HLA-C*07:01,KKKQVHALF,0,9,0.04856842
HLA-C*07:01,KKMAYALFY,0,9,0.18942297
HLA-C*07:01,KKMGHALFY,0,9,0.19403794
HLA-C*07:01,KKQETYALF,0,9,0.05233637
HLA-C*07:01,KKQFYSLFY,0,9,0.20439188
HLA-C*07:01,KKQKFHALF,0,9,0.0342687
HLA-C*07:01,KKQKVHALF,0,9,0.03351352
HLA-C*07:01,KKQVHALFY,0,9,0.09598982
HLA-C*07:01,KKQVYALFY,0,9,0.14971633
HLA-C*07:01,KKYKIKHLV,0,9,0.03195535
HLA-C*07:01,KKYQLKHIV,0,9,0.05223442
HLA-C*07:01,KKYRMKHLM,0,9,0.016600808
HLA-C*07:01,KLSKDVVQY,0,9,0.02348877
HLA-C*07:01,KLSKNVVQY,0,9,0.02392928
HLA-C*07:01,KQETYALFY,0,9,0.0388189
HLA-C*07:01,KQHKVHALF,0,9,0.010833094
HLA-C*07:01,KQKFHALFY,0,9,0.08181451
HLA-C*07:01,KQKFYALFY,0,9,0.15552752
HLA-C*07:01,KQKKVHALF,0,9,0.010992719
HLA-C*07:01,KQKVHALFY,0,9,0.06256253
HLA-C*07:01,KQKVSALFY,0,9,0.03244462
HLA-C*07:01,KQQISALFY,0,9,0.038807545
HLA-C*07:01,KQQVYALFY,0,9,0.054736607
HLA-C*07:01,KQRNVHALF,0,9,0.022879975
HLA-C*07:01,KQRNVHALFY,0,10,0.03663922
HLA-C*07:01,KQYKIKHLV,0,9,0.023224529
HLA-C*07:01,KRFNKETVKF,0,10,0.110827066
HLA-C*07:01,KRGWEGLKF,0,9,0.17560138
HLA-C*07:01,KRGWEGLKFL,0,10,0.19359101
HLA-C*07:01,KRGWEGLKY,0,9,0.24997826
HLA-C*07:01,KRGWEGLKYL,0,10,0.2766099
HLA-C*07:01,KRQKVYALF,0,9,0.13093027
HLA-C*07:01,KRQKVYALFY,0,10,0.19149111
HLA-C*07:01,KRQQVHALF,0,9,0.12697415
HLA-C*07:01,KRQQVHALFY,0,10,0.13995571
HLA-C*07:01,KRTRMTMGL,0,9,0.045973837
HLA-C*07:01,KRTVELLGY,0,9,0.29679242
HLA-C*07:01,KRYKLKHIV,0,9,0.20020567
HLA-C*07:01,KRYRLKHIV,0,9,0.114077754
HLA-C*07:01,KTISVVTLL,0,9,0.18362781
HLA-C*07:01,KTYPGNETM,0,9,0.028021453
HLA-C*07:01,KVAKKLKEL,0,9,0.013198002
HLA-C*07:01,KVASSTTQY,0,9,0.011681701
HLA-C*07:01,KVSQVSQNY,0,9,0.026098717
HLA-C*07:01,KVVSSTTQY,0,9,0.013627937
HLA-C*07:01,KWNDVLTQV,0,9,0.02609862
HLA-C*07:01,KYHMKHLVW,0,9,0.13308194
HLA-C*07:01,KYKMKHLVW,0,9,0.1422702
HLA-C*07:01,KYKMRHLVW,0,9,0.14252397
HLA-C*07:01,KYKNPCKKM,0,9,0.16088025
HLA-C*07:01,KYLGNLLAY,0,9,0.1797938
HLA-C*07:01,KYLGNLLGY,0,9,0.190908
HLA-C*07:01,KYLGNLLIY,0,9,0.6567
HLA-C*07:01,KYLGNLLLY,0,9,0.30472016
HLA-C*07:01,KYLGNLLVY,0,9,0.4199387
HLA-C*07:01,KYLGSLLVY,0,9,0.336096
HLA-C*07:01,KYLGSLVQY,0,9,0.1535028
HLA-C*07:01,KYLWNLLLY,0,9,0.3735698
HLA-C*07:01,KYWGNLLQY,0,9,0.20524253
HLA-C*07:01,LAWDDIRNL,0,9,0.024239028
HLA-C*07:01,LAWDDLRSL,0,9,0.012373752
HLA-C*07:01,LFNAVATLY,0,9,0.019134408
HLA-C*07:01,LFNTTNITF,0,9,0.03501761
HLA-C*07:01,LFNTVATLY,0,9,0.027283227
HLA-C*07:01,LFNTVAVLY,0,9,0.041951213
HLA-C*07:01,LFWDDLRSL,0,9,0.013994783
HLA-C*07:01,LFWEDLRSL,0,9,0.013610793
HLA-C*07:01,LHKYKVVQI,0,9,0.0043806112
HLA-C*07:01,LIAKRTVEL,0,9,0.014439893
HLA-C*07:01,LIATRTVEL,0,9,0.020372275
HLA-C*07:01,LKDQKFLAL,0,9,0.01606157
HLA-C*07:01,LKDRKKQVY,0,9,0.008209341
HLA-C*07:01,LKISAISLY,0,9,0.04709422
HLA-C*07:01,LKKSAISLF,0,9,0.04126809
HLA-C*07:01,LKNSAISLL,0,9,0.059411533
HLA-C*07:01,LLWDDLRSL,0,9,0.00804371
HLA-C*07:01,LRAIEAQHHL,0,10,0.111916944
HLA-C*07:01,LRAIEAQQHL,0,10,0.114779234
HLA-C*07:01,LRAIEAQQHM,0,10,0.13760084
HLA-C*07:01,LRALGPGASL,0,10,0.043032866
HLA-C*07:01,LRALGPGATL,0,10,0.034827996
HLA-C*07:01,LRDKKKMAY,0,9,0.04657393
HLA-C*07:01,LRDKKQQVY,0,9,0.110819854
HLA-C*07:01,LRDKQQKAY,0,9,0.020191554
HLA-C*07:01,LRDKRQKVY,0,9,0.07650272
HLA-C*07:01,LRDKRQQVH,0,9,0.013569037
HLA-C*07:01,LRDQRLLGL,0,9,0.07257808
HLA-C*07:01,LRIGPGRVF,0,9,0.09099177
HLA-C*07:01,LRLGWEGIKY,0,10,0.08815066
HLA-C*07:01,LRLGWEGLKY,0,10,0.070817545
HLA-C*07:01,LRNLCIFLY,0,9,0.53076524
HLA-C*07:01,LRNLCLFSY,0,9,0.24849372
HLA-C*07:01,LRNSAISLL,0,9,0.33334613
HLA-C*07:01,LRPGGKKHY,0,9,0.22592734
HLA-C*07:01,LRPGGKKHYM,0,10,0.27328056
HLA-C*07:01,LRPGGKKKY,0,9,0.11804457
HLA-C*07:01,LRPGGKKQY,0,9,0.21656667
HLA-C*07:01,LRPGGKKTY,0,9,0.22822294
HLA-C*07:01,LRPGGNKRY,0,9,0.07440774
HLA-C*07:01,LRPGGRKKY,0,9,0.10319426
HLA-C*07:01,LRQGWEGLKY,0,10,0.051849972
HLA-C*07:01,LRRGWEGLKY,0,10,0.06555729
HLA-C*07:01,LRRGWEILKY,0,10,0.21407579
HLA-C*07:01,LRSGGKKHY,0,9,0.057305094
HLA-C*07:01,LRSGGKKHYM,0,10,0.1417131
HLA-C*07:01,LRSLCIFSY,0,9,0.3530472
HLA-C*07:01,LRSLCLFLY,0,9,0.2833677
HLA-C*07:01,LRSLCLFSY,0,9,0.15657459
HLA-C*07:01,LRSLFLFSY,0,9,0.21155523
HLA-C*07:01,LRSLFNTLV,0,9,0.07846675
HLA-C*07:01,LRSLVLFSY,0,9,0.21847713
HLA-C*07:01,LRSLWLFSY,0,9,0.22113606
HLA-C*07:01,LRSLYNTIV,0,9,0.26926154
HLA-C*07:01,LSFQTPTLL,0,9,0.020772768
HLA-C*07:01,LTWDDLRSL,0,9,0.019746099
HLA-C*07:01,LTYTNITNY,0,9,0.020089786
HLA-C*07:01,LVAARTVEL,0,9,0.0061516957
HLA-C*07:01,LVTARVVEL,0,9,0.014329268
HLA-C*07:01,LVWDDLRSL,0,9,0.012669681
HLA-C*07:01,LYAPPISGV,0,9,0.030195666
HLA-C*07:01,LYDKPLYEV,0,9,0.027101098
HLA-C*07:01,LYDKPLYKV,0,9,0.019216109
HLA-C*07:01,LYKYKVIQI,0,9,0.22739656
HLA-C*07:01,LYKYKVVEI,0,9,0.17756924
HLA-C*07:01,LYKYKVVKI,0,9,0.05916914
HLA-C*07:01,LYKYKVVKL,0,9,0.1694453
HLA-C*07:01,LYKYKVVQI,0,9,0.13251065
HLA-C*07:01,LYNTIAVLY,0,9,0.15709044
HLA-C*07:01,LYNTIVTLW,0,9,0.048113603
HLA-C*07:01,LYNTVSVLY,0,9,0.09215771
HLA-C*07:01,LYNTVVTLL,0,9,0.14034814
HLA-C*07:01,LYNTVVTLW,0,9,0.043403737
HLA-C*07:01,LYWGRELKI,0,9,0.014511289
HLA-C*07:01,LYWSRELKI,0,9,0.01755171
HLA-C*07:01,MAIEAQQHL,0,9,0.008911152
HLA-C*07:01,MGNNNSSEY,0,9,0.005265878
HLA-C*07:01,MGNSNSSEY,0,9,0.004530143
HLA-C*07:01,MHEDIISLW,0,9,0.008670395
HLA-C*07:01,MHEDVINLW,0,9,0.011140964
HLA-C*07:01,MHEDVISLW,0,9,0.0058761267
HLA-C*07:01,MKDNWRNEL,0,9,0.013798657
HLA-C*07:01,MKDNWRSEL,0,9,0.008532783
HLA-C*07:01,MKNNGTIIL,0,9,0.14150783
HLA-C*07:01,MQQVHALFY,0,9,0.0123080015
HLA-C*07:01,MRDNWRNEL,0,9,0.11728164
HLA-C*07:01,MRDNWRNELY,0,10,0.1483446
HLA-C*07:01,MRDNWRSEL,0,9,0.07690186
HLA-C*07:01,MRDNWRSELY,0,10,0.101140276
HLA-C*07:01,MRDPRGSDI,0,9,0.005977665
HLA-C*07:01,MRLENVTENF,0,10,0.07451807
HLA-C*07:01,MSFDPIPIH,0,9,0.028707176
HLA-C*07:01,MSFDPIPIHY,0,10,0.053894162
HLA-C*07:01,MTIGPGQVF,0,9,0.011711369
HLA-C*07:01,MTMGLGHVF,0,9,0.010827183
HLA-C*07:01,MWRNDMVEQM,0,10,0.016991585
HLA-C*07:01,MYAPPIEGV,0,9,0.035768677
HLA-C*07:01,MYAPPIKGI,0,9,0.04363882
HLA-C*07:01,MYAPPIRGI,0,9,0.08361835
HLA-C*07:01,MYAPPIRGL,0,9,0.26001137
HLA-C*07:01,MYAPPISGH,0,9,0.04003439
HLA-C*07:01,MYAPPISGI,0,9,0.029174218
HLA-C*07:01,MYAPPVRGI,0,9,0.05613318
HLA-C*07:01,MYNPPVQGH,0,9,0.047292512
HLA-C*07:01,MYYAKRMLF,0,9,0.14386559
HLA-C*07:01,MYYAKRMLL,0,9,0.2227027
HLA-C*07:01,NAKAIIVHL,0,9,0.059701372
HLA-C*07:01,NAKCQPLQL,0,9,0.033183005
HLA-C*07:01,NAKIIIVHL,0,9,0.111757874
HLA-C*07:01,NAKNIIVHL,0,9,0.08226944
HLA-C*07:01,NAKNIIVQL,0,9,0.12037427
HLA-C*07:01,NAKTIIIHL,0,9,0.19897816
HLA-C*07:01,NAKTIIVHL,0,9,0.09138979
HLA-C*07:01,NAKTIIVQL,0,9,0.12937658
HLA-C*07:01,NAKTITVHL,0,9,0.030929983
HLA-C*07:01,NITDKIREL,0,9,0.11795151
HLA-C*07:01,NKFDVLTTW,0,9,0.011007783
HLA-C*07:01,NKNSNYSEY,0,9,0.03234048
HLA-C*07:01,NKSDVLTTW,0,9,0.02121371
HLA-C*07:01,NKTKWTTVL,0,9,0.059776492
HLA-C*07:01,NRAEGANEV,0,9,0.029931184
HLA-C*07:01,NRAVENITI,0,9,0.20098673
HLA-C*07:01,NRSMPNVSI,0,9,0.100926496
HLA-C*07:01,NRSNYSDYM,0,9,0.4548641
HLA-C*07:01,NRTAWNITM,0,9,0.6348279
HLA-C*07:01,NRTETFRPI,0,9,0.041562166
HLA-C*07:01,NRTEWDRVL,0,9,0.61575276
HLA-C*07:01,NRTEWNETL,0,9,0.36347744
HLA-C*07:01,NRTKWNKTL,0,9,0.22901404
HLA-C*07:01,NSKNIIVHL,0,9,0.09770678
HLA-C*07:01,NSNNKNITF,0,9,0.10659971
HLA-C*07:01,NSNSTSREY,0,9,0.055298965
HLA-C*07:01,NSSKISQNY,0,9,0.02719106
HLA-C*07:01,NSSKVSHNY,0,9,0.018925281
HLA-C*07:01,NSSKVSQNY,0,9,0.020093467
HLA-C*07:01,NSSQVSQNY,0,9,0.022592613
HLA-C*07:01,NSSTVSHNY,0,9,0.049422823
HLA-C*07:01,NSTWSNRSY,0,9,0.05142
HLA-C*07:01,NTKTIIVHL,0,9,0.1252935
HLA-C*07:01,NTNNSYSEY,0,9,0.04183262
HLA-C*07:01,NWFDISRWL,0,9,0.060395215
HLA-C*07:01,NWFDITNWL,0,9,0.018283071
HLA-C*07:01,NWFDITQWL,0,9,0.021779416
HLA-C*07:01,NWFDITRWL,0,9,0.051096883
HLA-C*07:01,NYNNTKNVM,0,9,0.2681999
HLA-C*07:01,NYTAQIYEI,0,9,0.28563467
HLA-C*07:01,NYTDQIYAL,0,9,0.41517994
HLA-C*07:01,NYTDQIYEI,0,9,0.34745997
HLA-C*07:01,NYTDQIYEL,0,9,0.590687
HLA-C*07:01,NYTDTIYTL,0,9,0.42094892
HLA-C*07:01,NYTGLIYEI,0,9,0.36916986
HLA-C*07:01,NYTHQIYEI,0,9,0.34340435
HLA-C*07:01,NYTNIIYDL,0,9,0.6185023
HLA-C*07:01,NYTNIIYEL,0,9,0.63261837
HLA-C*07:01,NYTNQIYAI,0,9,0.13512063
HLA-C*07:01,NYTNQIYDL,0,9,0.4891324
HLA-C*07:01,NYTNQIYEI,0,9,0.2918722
HLA-C*07:01,NYTNQIYQL,0,9,0.5452828
HLA-C*07:01,NYTSKIYDL,0,9,0.54788274
HLA-C*07:01,NYTSKIYEL,0,9,0.6360045
HLA-C*07:01,NYTSQIYEI,0,9,0.30393633
HLA-C*07:01,NYTSQIYEL,0,9,0.5736009
HLA-C*07:01,NYTYKIYSL,0,9,0.4937519
HLA-C*07:01,QHKVHALFY,0,9,0.039279938
HLA-C*07:01,QKKVHALFY,0,9,0.06852212
HLA-C*07:01,QMHEDIISL,0,9,0.019576639
HLA-C*07:01,QQKAYALFY,0,9,0.035640627
HLA-C*07:01,QQKVHALFY,0,9,0.022500357
HLA-C*07:01,QRAGRAILH,0,9,0.17538288
HLA-C*07:01,QRAGRGVLH,0,9,0.046565425
HLA-C*07:01,QRAWRAFIH,0,9,0.42013842
HLA-C*07:01,QRAWRAFLH,0,9,0.19037168
HLA-C*07:01,QRAWRAILH,0,9,0.24991147
HLA-C*07:01,QRAWRALLH,0,9,0.18988876
HLA-C*07:01,QREAYALFY,0,9,0.27309576
HLA-C*07:01,QRFGRALLH,0,9,0.16972494
HLA-C*07:01,QRGWEGLKY,0,9,0.13045922
HLA-C*07:01,QRGWEGLKYL,0,10,0.14038078
HLA-C*07:01,QRGWEVLKY,0,9,0.36560005
HLA-C*07:01,QRIGRAVIH,0,9,0.1903657
HLA-C*07:01,QRKVQALFY,0,9,0.19223022
HLA-C*07:01,QRNVHALFY,0,9,0.6105962
HLA-C*07:01,QRTWRAILH,0,9,0.16922379
HLA-C*07:01,QRVWRAILH,0,9,0.1515961
HLA-C*07:01,QRVWRGILH,0,9,0.101544335
HLA-C*07:01,QSNIKNITY,0,9,0.098853834
HLA-C*07:01,RAIEAQHHL,0,9,0.02446557
HLA-C*07:01,RAIEAQQHL,0,9,0.024377538
HLA-C*07:01,RAIEAQQHM,0,9,0.018458094
HLA-C*07:01,RAKRRVVEM,0,9,0.021686014
HLA-C*07:01,RALGPGASL,0,9,0.014507109
HLA-C*07:01,RALGPGATL,0,9,0.011590478
HLA-C*07:01,RFNKETVKF,0,9,0.010113784
HLA-C*07:01,RIGPGQMFY,0,9,0.13931356
HLA-C*07:01,RIIEVGQRL,0,9,0.016018689
HLA-C*07:01,RIRQGFEIIL,0,10,0.1956378
HLA-C*07:01,RIRQGFERAL,0,10,0.02832563
HLA-C*07:01,RIRQGFERSL,0,10,0.03710373
HLA-C*07:01,RIRQGLERSL,0,10,0.02272305
HLA-C*07:01,RIRQGLERTL,0,10,0.025269285
HLA-C*07:01,RKGYSPLSF,0,9,0.090431854
HLA-C*07:01,RKKQFYSLF,0,9,0.10465922
HLA-C*07:01,RKKQVYALF,0,9,0.08602251
HLA-C*07:01,RKQKVSALF,0,9,0.024734152
HLA-C*07:01,RKQQISALF,0,9,0.038577676
HLA-C*07:01,RLRPGGKKHY,0,10,0.0136154145
HLA-C*07:01,RLRPGGKKKY,0,10,0.006747441
HLA-C*07:01,RLRPGGKKQY,0,10,0.01210433
HLA-C*07:01,RLRPGGKKTY,0,10,0.014333032
HLA-C*07:01,RLRPGGNKRY,0,10,0.005764983
HLA-C*07:01,RLRPGGRKKY,0,10,0.0043598684
HLA-C*07:01,RLRSGGKKHY,0,10,0.0045712627
HLA-C*07:01,RMYNPVSIL,0,9,0.051034037
HLA-C*07:01,RMYQPVSIL,0,9,0.0475477
HLA-C*07:01,RMYSPISIL,0,9,0.08346439
HLA-C*07:01,RMYSPTSIL,0,9,0.037575983
HLA-C*07:01,RMYSPVNIL,0,9,0.07521852
HLA-C*07:01,RMYSPVSIL,0,9,0.05706183
HLA-C*07:01,RQACPKMSF,0,9,0.01564882
HLA-C*07:01,RQKVYALFY,0,9,0.09948484
HLA-C*07:01,RQQVHALFY,0,9,0.0364675
HLA-C*07:01,RRGWEALKY,0,9,0.3496673
HLA-C*07:01,RRGWEALKYL,0,10,0.31600586
HLA-C*07:01,RRGWEGLKY,0,9,0.24369751
HLA-C*07:01,RRGWEGLKYL,0,10,0.26680583
HLA-C*07:01,RRGWEILKY,0,9,0.580929
HLA-C*07:01,RRGWEILKYL,0,10,0.41628146
HLA-C*07:01,RRGWELLKY,0,9,0.40774342
HLA-C*07:01,RRIRQGFEI,0,9,0.030871423
HLA-C*07:01,RRIRQGLER,0,9,0.011078842
HLA-C*07:01,RRIRQGLERF,0,10,0.017861564
HLA-C*07:01,RRLRDFSLI,0,9,0.06540969
HLA-C*07:01,RRLRDLILI,0,9,0.122129805
HLA-C*07:01,RRLSDFILI,0,9,0.3296527
HLA-C*07:01,RRVWEGLKY,0,9,0.16144216
HLA-C*07:01,RRVWEGLKYL,0,10,0.17294146
HLA-C*07:01,RSGGKKHYM,0,9,0.051506422
HLA-C*07:01,RSNITGILL,0,9,0.32525268
HLA-C*07:01,RSNITGLLL,0,9,0.28570744
HLA-C*07:01,RSRNGSFQEY,0,10,0.10726349
HLA-C*07:01,RTTPEEVEL,0,9,0.107220314
HLA-C*07:01,RVIEAAQRF,0,9,0.0064356965
HLA-C*07:01,RVIEIVQRV,0,9,0.015743358
HLA-C*07:01,RVIEVTQRI,0,9,0.006628192
HLA-C*07:01,RVRQGYSPLF,0,10,0.012725229
HLA-C*07:01,RVWEGLKYL,0,9,0.036950197
HLA-C*07:01,RVYSPVSIL,0,9,0.066181384
HLA-C*07:01,RYKLKHIVW,0,9,0.22217332
HLA-C*07:01,RYLEDQKFL,0,9,0.13173817
HLA-C*07:01,RYLKDQQFL,0,9,0.13269493
HLA-C*07:01,RYLKDQQLL,0,9,0.14011887
HLA-C*07:01,RYLKDQRFL,0,9,0.2581427
HLA-C*07:01,RYLKDQRLL,0,9,0.2863302
HLA-C*07:01,RYLKDQTFL,0,9,0.13131294
HLA-C*07:01,RYLKDQTLL,0,9,0.14312407
HLA-C*07:01,RYLQDQKFL,0,9,0.1255583
HLA-C*07:01,RYLRDQQLL,0,9,0.11401888
HLA-C*07:01,RYLRDQRLL,0,9,0.23174138
HLA-C*07:01,RYLSDQKFL,0,9,0.1306762
HLA-C*07:01,SARIGPGQVF,0,10,0.02541058
HLA-C*07:01,SFDDIWNNM,0,9,0.022304103
HLA-C*07:01,SFDPIPIHY,0,9,0.02438848
HLA-C*07:01,SFEPIPIHY,0,9,0.020659748
HLA-C*07:01,SFRIGPGQVF,0,10,0.022815559
HLA-C*07:01,SFSPEVIPM,0,9,0.050534435
HLA-C*07:01,SHDDIWQRM,0,9,0.028444812
HLA-C*07:01,SIATRAVEL,0,9,0.039628804
HLA-C*07:01,SIGPGQVFY,0,9,0.075668536
HLA-C*07:01,SIHFGPGQAL,0,10,0.012263537
HLA-C*07:01,SIHMGPGRTF,0,10,0.013367123
HLA-C*07:01,SIRIGPGQTF,0,10,0.021091778
HLA-C*07:01,SKKDWEETL,0,9,0.088345364
HLA-C*07:01,SKNNSIYRL,0,9,0.121543266
HLA-C*07:01,SLFNAVATL,0,9,0.00964451
HLA-C*07:01,SLFNLVATL,0,9,0.008981125
HLA-C*07:01,SLFNSVATL,0,9,0.0084854495
HLA-C*07:01,SLFNTIATL,0,9,0.013912548
HLA-C*07:01,SLFNTIVVL,0,9,0.050308585
HLA-C*07:01,SLFNTLVTL,0,9,0.010982575
HLA-C*07:01,SLFNTVATL,0,9,0.00933062
HLA-C*07:01,SLFNTVVTL,0,9,0.015253991
HLA-C*07:01,SLRIGPGRVF,0,10,0.017319793
HLA-C*07:01,SLYNTIAVL,0,9,0.029077755
HLA-C*07:01,SLYNTIVTL,0,9,0.023982476
HLA-C*07:01,SLYNTVATL,0,9,0.009273907
HLA-C*07:01,SLYNTVSVL,0,9,0.013098176
HLA-C*07:01,SLYNTVVTL,0,9,0.017284794
HLA-C*07:01,SNSKVSLNY,0,9,0.115058444
HLA-C*07:01,SNYTDTIYTL,0,10,0.092732534
HLA-C*07:01,SRAKRRVVEM,0,10,0.0403206
HLA-C*07:01,SRATWNNTL,0,9,0.2347749
HLA-C*07:01,SRELDRFAL,0,9,0.04255248
HLA-C*07:01,SRELERFAL,0,9,0.046784334
HLA-C*07:01,SRELKISAI,0,9,0.015231318
HLA-C*07:01,SREVERFAL,0,9,0.06388113
HLA-C*07:01,SRLFNSTCF,0,9,0.113315366
HLA-C*07:01,SRNGSFQEY,0,9,0.55847406
HLA-C*07:01,SRWLWYIKI,0,9,0.20440911
HLA-C*07:01,SSGEISHNY,0,9,0.022220204
HLA-C*07:01,SSHPVSQNY,0,9,0.021278013
HLA-C*07:01,SSNKVSQNY,0,9,0.014956002
HLA-C*07:01,SSRTVSQNY,0,9,0.020438617
HLA-C*07:01,SSSKVSHNY,0,9,0.011527688
HLA-C*07:01,SSSKVSQNY,0,9,0.0124642225
HLA-C*07:01,SSSQVSHNY,0,9,0.024312917
HLA-C*07:01,SSSTVSQNY,0,9,0.019746909
HLA-C*07:01,STNDKIKLI,0,9,0.0355412
HLA-C*07:01,STNNTNNSY,0,9,0.014852217
HLA-C*07:01,STRIGPGQTF,0,10,0.0201547
HLA-C*07:01,STRIGPGSVF,0,10,0.016630324
HLA-C*07:01,SVNTVVRDF,0,9,0.11862285
HLA-C*07:01,SVRIGPGQMF,0,10,0.012616153
HLA-C*07:01,SVTARTVEL,0,9,0.0143054575
HLA-C*07:01,SWFDITKWL,0,9,0.03473809
HLA-C*07:01,SWFDITNWL,0,9,0.022073869
HLA-C*07:01,SYDDIWGNM,0,9,0.121212326
HLA-C*07:01,SYDEIWGNM,0,9,0.08023644
HLA-C*07:01,SYDEIWKNM,0,9,0.049465526
HLA-C*07:01,SYDEIWNNM,0,9,0.08773821
HLA-C*07:01,SYEDIWDKM,0,9,0.062119048
HLA-C*07:01,SYEEIWNNL,0,9,0.06464004
HLA-C*07:01,SYEEIWNNM,0,9,0.061453164
HLA-C*07:01,SYHLLRDLL,0,9,0.10237205
HLA-C*07:01,SYHRLRDLL,0,9,0.06606232
HLA-C*07:01,SYKEIWDNM,0,9,0.24581549
HLA-C*07:01,SYSEYRLIH,0,9,0.48452434
HLA-C*07:01,TAVPWNTTW,0,9,0.013919258
HLA-C*07:01,TFDPIPIHY,0,9,0.02207815
HLA-C*07:01,THIGPGQVW,0,9,0.008594944
HLA-C*07:01,THIGPGQVWY,0,10,0.04086984
HLA-C*07:01,TIGPGQVFY,0,9,0.054216582
HLA-C*07:01,TKDNWRSEL,0,9,0.0067519434
HLA-C*07:01,TLAEQIRWM,0,9,0.016579442
HLA-C*07:01,TLAKVTRKL,0,9,0.003947073
HLA-C*07:01,TLDQVKREL,0,9,0.0061442023
HLA-C*07:01,TLNQVIKKL,0,9,0.008010412
HLA-C*07:01,TNIGPGQVL,0,9,0.035548437
HLA-C*07:01,TRDGGINNV,0,9,0.06301255
HLA-C*07:01,TRIGPGQTF,0,9,0.05174852
HLA-C*07:01,TRIGPGQTFY,0,10,0.20349081
HLA-C*07:01,TRIGPGSVF,0,9,0.064486876
HLA-C*07:01,TRIGPGSVFY,0,10,0.22958183
HLA-C*07:01,TRLVDGFLAL,0,10,0.13523592
HLA-C*07:01,TRVLAIERY,0,9,0.07636701
HLA-C*07:01,TRWKTVLKR,0,9,0.012371884
HLA-C*07:01,TRYNVLKNI,0,9,0.043648873
HLA-C*07:01,TSKLFNKTY,0,9,0.0124729425
HLA-C*07:01,TSKLFNSTY,0,9,0.010942091
HLA-C*07:01,TTKLFNITY,0,9,0.18959069
HLA-C*07:01,TTNLFNYTY,0,9,0.100644775
HLA-C*07:01,TVSDYVFEL,0,9,0.12901983
HLA-C*07:01,TVSDYVSEL,0,9,0.027131075
HLA-C*07:01,TWFDITNWL,0,9,0.01748144
HLA-C*07:01,TWIEWEREM,0,9,0.042635977
HLA-C*07:01,TYEDIWNNM,0,9,0.083731346
HLA-C*07:01,TYHIIIMAL,0,9,0.20481703
HLA-C*07:01,TYKDIWENM,0,9,0.27115005
HLA-C*07:01,VAGTGVQFY,0,9,0.03865966
HLA-C*07:01,VERYLKDQQF,0,10,0.013452753
HLA-C*07:01,VERYLKDQQL,0,10,0.015416914
HLA-C*07:01,VERYLKDQTF,0,10,0.01350584
HLA-C*07:01,VERYLKDQTL,0,10,0.013556792
HLA-C*07:01,VHIGPGQVF,0,9,0.027230322
HLA-C*07:01,VHIGPGQVFY,0,10,0.05847314
HLA-C*07:01,VHLNKSIEI,0,9,0.011356359
HLA-C*07:01,VHLNKSVEI,0,9,0.0054255254
HLA-C*07:01,VHLNKSVTI,0,9,0.0054838206
HLA-C*07:01,VHLNRSIEI,0,9,0.0074436055
HLA-C*07:01,VHLNRSVEI,0,9,0.0037370904
HLA-C*07:01,VHLNRTIII,0,9,0.037273057
HLA-C*07:01,VHNPMSPRTL,0,10,0.03650346
HLA-C*07:01,VHQPIAPRTL,0,10,0.017525684
HLA-C*07:01,VHQPISPRTL,0,10,0.017152013
HLA-C*07:01,VHQPVSPRTL,0,10,0.009851287
HLA-C*07:01,VPINNKSEY,0,9,0.021032486
HLA-C*07:01,VQYKFHKLL,0,9,0.025730524
HLA-C*07:01,VRDREQKVY,0,9,0.15308444
HLA-C*07:01,VRDRQREAY,0,9,0.044733386
HLA-C*07:01,VREKLKEQF,0,9,0.066006064
HLA-C*07:01,VRIGPGQMF,0,9,0.1011007
HLA-C*07:01,VRIGPGQMFY,0,10,0.30095392
HLA-C*07:01,VRKGYSPLSF,0,10,0.2495105
HLA-C*07:01,VRLTPLCVSL,0,10,0.089845605
HLA-C*07:01,VRLVSGFLSL,0,10,0.29082417
HLA-C*07:01,VRMYNPVSI,0,9,0.19015907
HLA-C*07:01,VRMYNPVSIL,0,10,0.38494307
HLA-C*07:01,VRMYQPVGI,0,9,0.12942798
HLA-C*07:01,VRMYQPVSI,0,9,0.16319606
HLA-C*07:01,VRMYQPVSIL,0,10,0.37067738
HLA-C*07:01,VRMYRPVGI,0,9,0.09349023
HLA-C*07:01,VRMYRPVSI,0,9,0.16654655
HLA-C*07:01,VRMYRPVSIL,0,10,0.33957067
HLA-C*07:01,VRMYSPISI,0,9,0.23176654
HLA-C*07:01,VRMYSPISIL,0,10,0.48999682
HLA-C*07:01,VRMYSPSSI,0,9,0.05080209
HLA-C*07:01,VRMYSPSSIL,0,10,0.17479049
HLA-C*07:01,VRMYSPTSI,0,9,0.08566679
HLA-C*07:01,VRMYSPTSIL,0,10,0.21015534
HLA-C*07:01,VRMYSPVGI,0,9,0.116652675
HLA-C*07:01,VRMYSPVGIL,0,10,0.38637176
HLA-C*07:01,VRMYSPVNI,0,9,0.18358669
HLA-C*07:01,VRMYSPVNIL,0,10,0.4123614
HLA-C*07:01,VRMYSPVSI,0,9,0.14300562
HLA-C*07:01,VRMYSPVSIL,0,10,0.34853405
HLA-C*07:01,VRQGYSPLF,0,9,0.1984985
HLA-C*07:01,VRQGYSPLFF,0,10,0.40728933
HLA-C*07:01,VRQGYSPLSF,0,10,0.20427778
HLA-C*07:01,VRQGYSPLSL,0,10,0.18646808
HLA-C*07:01,VRQGYSPVSF,0,10,0.14601967
HLA-C*07:01,VRVYSPVSI,0,9,0.13841604
HLA-C*07:01,VRVYSPVSIL,0,10,0.30723634
HLA-C*07:01,VSDYVFELY,0,9,0.025244461
HLA-C*07:01,VSDYVSELY,0,9,0.017033748
HLA-C*07:01,VSFDPIPIH,0,9,0.042779345
HLA-C*07:01,VSFDPIPIHY,0,10,0.09796719
HLA-C*07:01,VSFEPIPIHY,0,10,0.064809486
HLA-C*07:01,VSQEVRKYF,0,9,0.016756758
HLA-C*07:01,VSRATWNNTL,0,10,0.020783778
HLA-C*07:01,VTIGPGQVF,0,9,0.025923772
HLA-C*07:01,VWKDAETTL,0,9,0.026044847
HLA-C*07:01,VWKDAKTTL,0,9,0.057397697
HLA-C*07:01,VWKDANTTL,0,9,0.027412578
HLA-C*07:01,VWKEATTTL,0,9,0.024169087
HLA-C*07:01,VWRDANTTLF,0,10,0.025009362
HLA-C*07:01,VWRDVVTTL,0,9,0.060185205
HLA-C*07:01,VWRDVVTTLF,0,10,0.018393103
HLA-C*07:01,VWRNAQTTLF,0,10,0.03041706
HLA-C*07:01,VYWGQELKI,0,9,0.021858826
HLA-C*07:01,VYWSQELKI,0,9,0.026877377
HLA-C*07:01,WKDAKTTLF,0,9,0.016020156
HLA-C*07:01,WKDANTTLF,0,9,0.010655354
HLA-C*07:01,WKNDMVEQM,0,9,0.034752864
HLA-C*07:01,WKNDMVNQM,0,9,0.04589028
HLA-C*07:01,WRDADTTLF,0,9,0.0403996
HLA-C*07:01,WRDAETTLF,0,9,0.044812948
HLA-C*07:01,WRDANTTLF,0,9,0.071434125
HLA-C*07:01,WRDVVTTLF,0,9,0.0924139
HLA-C*07:01,WREANTTLF,0,9,0.04296035
HLA-C*07:01,WRNAQTTLF,0,9,0.1818268
HLA-C*07:01,WRNDMVEQM,0,9,0.32645184
HLA-C*07:01,WRNSMAEQM,0,9,0.08194227
HLA-C*07:01,YAPPIQGSI,0,9,0.026870122
HLA-C*07:01,YAPPIRGLI,0,9,0.03766205
HLA-C*07:01,YAPPIRGQI,0,9,0.025743078
HLA-C*07:01,YAPPISGHI,0,9,0.019519117
HLA-C*07:01,YAPPISGKI,0,9,0.01323989
HLA-C*07:01,YAPPISGQI,0,9,0.02122927
HLA-C*07:01,YAPPISGRI,0,9,0.010707857
HLA-C*07:01,YAPPISGRL,0,9,0.021038603
HLA-C*07:01,YAPPISGSI,0,9,0.022794936
HLA-C*07:01,YAPPISGTI,0,9,0.024801746
HLA-C*07:01,YAPPISGVI,0,9,0.040213995
HLA-C*07:01,YAPPVSGQI,0,9,0.025310298
HLA-C*07:01,YFNVWKNNM,0,9,0.11519857
HLA-C*07:01,YHLLRDFTL,0,9,0.025099022
HLA-C*07:01,YHRLRDFIF,0,9,0.06951449
HLA-C*07:01,YHRLRDFIL,0,9,0.05962331
HLA-C*07:01,YHRLRDFLL,0,9,0.03845471
HLA-C*07:01,YHRLRDFSL,0,9,0.016085492
HLA-C*07:01,YHRLRDFTL,0,9,0.012463474
HLA-C*07:01,YHRLRDFVL,0,9,0.029936584
HLA-C*07:01,YHRLRDLLL,0,9,0.03523611
HLA-C*07:01,YHRLRDLTL,0,9,0.011001803
HLA-C*07:01,YHRLSDLLL,0,9,0.036768
HLA-C*07:01,YKRWIILGL,0,9,0.30016097
HLA-C*07:01,YKRWIVLGL,0,9,0.259818
HLA-C*07:01,YKVNSTMTL,0,9,0.026978878
HLA-C*07:01,YQALSPRTL,0,9,0.0089215385
HLA-C*07:01,YRHLRDFIL,0,9,0.5886973
HLA-C*07:01,YRIKHLVWA,0,9,0.1853995
HLA-C*07:01,YRLDIIQTE,0,9,0.2754002
HLA-C*07:01,YRLKHIVWA,0,9,0.24338436
HLA-C*07:01,YRLKHLIWA,0,9,0.26140752
HLA-C*07:01,YRLKHLVWA,0,9,0.14222981
HLA-C*07:01,YRLKHVVWA,0,9,0.19194901
HLA-C*07:01,YRMKHIVWA,0,9,0.24364021
HLA-C*07:01,YRMKHLMWA,0,9,0.1125852
HLA-C*07:01,YRMKHLVWA,0,9,0.13155712
HLA-C*07:01,YRPVGILDI,0,9,0.56390697
HLA-C*07:01,YRPVSILDI,0,9,0.590703
HLA-C*07:01,YRQLRDFVL,0,9,0.43502787
HLA-C*07:01,YRRLRDFSL,0,9,0.37421012
HLA-C*07:01,YRRLRDLIL,0,9,0.39765334
HLA-C*07:01,YRRLSDFIL,0,9,0.47570866
HLA-C*07:01,YSFGEYITI,0,9,0.074316
HLA-C*07:01,YSFGEYMTI,0,9,0.037256725
HLA-C*07:01,YSPLSFQIL,0,9,0.16501535
HLA-C*07:01,YSPLSFQTL,0,9,0.053214468
HLA-C*07:01,YSPLSLQTL,0,9,0.029876824
HLA-C*07:01,YTDQIYEIL,0,9,0.17028877
HLA-C*07:01,YTDQIYELL,0,9,0.074805096
HLA-C*07:01,YTDTIYTLL,0,9,0.113688074
HLA-C*07:01,YTHQIYEIL,0,9,0.19935532
HLA-C*07:01,YTNQIYAIL,0,9,0.36467904
HLA-C*07:01,YTNQIYEIL,0,9,0.26838756
HLA-C*07:01,YTNQIYQLL,0,9,0.17783152
HLA-C*07:01,YTSKIYELL,0,9,0.16004786
HLA-C*07:01,YTSQIYEIL,0,9,0.27962375
HLA-C*07:01,YTYKIYSLL,0,9,0.10546422
HLA-C*07:01,YTYNGTLVK,0,9,0.033319574
HLA-C*07:01,YVDRFFKTL,0,9,0.0065305238
HLA-C*07:01,YVDRFYKTL,0,9,0.008218111
HLA-C*07:01,YYQGSCYIL,0,9,0.5289188
