Phase 1/.DS_Store	1788874975	8196
Phase 1/STEP A/Phase1A_provenanceCorrection.py	1788005427	24440
Phase 1/STEP A/Phase1A_sequenceRetrival.py	1788092832	29490
Phase 1/STEP A/Phase1A_sequenceRetrival.py.pre_identitygate.bak	1788090428	12000
Phase 1/STEP A/__pycache__/Phase1A_sequenceRetrival.cpython-311.pyc	1788090812	29808
Phase 1/STEP B/Phase1B_stabilityTesting.py	1787878025	7016
Phase 1/STEP C/.DS_Store	1788874966	6148
Phase 1/STEP C/Phase1C_antigenicity.py	1788095044	12220
Phase 1/STEP C/Phase1C_antigenicity.py.pre_consistencycheck.bak	1788095044	9182
Phase 1/STEP C/data/benchmark_dataset.csv	1787398962	312226
Phase 1/STEP C/models/esm2_antigenicity_finetuned/VALIDATION_REPORT.md	1787407158	530
Phase 1/STEP C/models/esm2_antigenicity_finetuned/config.json	1787407157	932
Phase 1/STEP C/models/esm2_antigenicity_finetuned/model.safetensors	1787407157	134028292
Phase 1/STEP C/models/esm2_antigenicity_finetuned/tokenizer_config.json	1787407158	1159
Phase 1/STEP C/models/esm2_antigenicity_finetuned/vocab.txt	1787407158	93
Phase 1/STEP C/train_esm2_antigenicity.py	1787399087	7602
Phase 1/STEP D/.Phase1Db_filtration.py.pre_diskcache.bak	1788006146	23272
Phase 1/STEP D/.Phase1De_conformational.py.pre_sema3d.bak	1788003404	12243
Phase 1/STEP D/Phase1Da_identification.py	1787878025	5941
Phase 1/STEP D/Phase1Db_filtration.py	1788006146	25697
Phase 1/STEP D/Phase1Dc_benchmark.py	1787878025	10473
Phase 1/STEP D/Phase1Dd_immunogenicity.py	1787878025	7403
Phase 1/STEP D/Phase1De_conformational.py	1788097078	24235
Phase 1/STEP D/Phase1De_conformational.py.pre_maturesubunit.bak	1788097078	23001
Phase 1/STEP D/Phase1De_foldIngest.py	1788070814	11958
Phase 1/STEP D/Phase1De_foldPrep.py	1788095742	10399
Phase 1/STEP D/Phase1De_foldPrep.py.pre_maturesubunit.bak	1788095529	7711
Phase 1/STEP D/__pycache__/Phase1Db_filtration.cpython-311.pyc	1788118947	30398
Phase 1/STEP D/__pycache__/Phase1De_conformational.cpython-311.pyc	1788097078	28415
Phase 1/STEP D/__pycache__/Phase1De_foldIngest.cpython-311.pyc	1788097135	19323
Phase 1/STEP D/__pycache__/sema3d_local.cpython-311.pyc	1788006211	18474
Phase 1/STEP D/sema3d_local.py	1788005496	13580
Phase 1/STEP E/Phase1Ea_toxicity.py	1787878025	24361
Phase 1/STEP E/Phase1Eb_allergenicity.py	1788147996	22388
Phase 1/STEP E/Phase1Eb_allergenicity.py.pre_batchexport.bak	1788147969	19830
Phase 1/STEP E/Phase1Eb_allergenicity.py.pre_homologyscreen.bak	1788119390	18009
Phase 1/STEP E/Phase1Eb_manual_worklist.py	1788150131	15152
Phase 1/STEP E/Phase1Ec_selfHomology.py	1788168712	19507
Phase 1/STEP E/Phase1Ec_selfHomology.py.pre_exactmatch.bak	1788168603	11085
Phase 1/STEP E/_tool_validation/allertop_v2_reimplementation.py	1788149869	4083
Phase 1/STEP F/Phase1F_coverage.py	1787878025	29715
Phase 1/STEP F/__pycache__/Phase1F_coverage.cpython-311.pyc	1788169098	40045
Phase 1/STEP G/Phase1G_construction.py	1788173920	32641
Phase 1/STEP G/Phase1G_construction.py.pre_priorityfix.bak	1788173909	31446
Phase 1/STEP G/Phase1G_sensitivity.py	1788003232	13051
Phase 1/STEP G/__pycache__/Phase1G_construction.cpython-311.pyc	1788174545	38739
Phase 1/STEP G/__pycache__/Phase1G_construction.cpython-314.pyc	1788000291	34172
Phase 1/STEP H/Phase1H_iedbValidation.py	1788172764	22041
Phase 1/STEP H/Phase1H_iedbValidation.py.pre_ipv4fix.bak	1788172734	20407
Phase 1/_common/__pycache__/phase1_common.cpython-311.pyc	1788168807	31117
Phase 1/_common/__pycache__/phase1_common.cpython-314.pyc	1788089987	7808
Phase 1/_common/phase1_common.py	1788168596	33615
Phase 1/_common/phase1_common.py.pre_allergenscreen.bak	1788119094	22497
Phase 1/_common/phase1_common.py.pre_identitygate.bak	1788089987	7830
Phase 1/_common/phase1_common.py.pre_mergedref.bak	1788150051	27070
Phase 1/_common/phase1_common.py.pre_selfhomology.bak	1788168570	27671
Phase 2/.DS_Store	1788874961	6148
Phase 2/AlphaFold Results/fold_complex_tlr2_vax_var1_fb3faeb6.zip	1786846877	13587801
Phase 2/AlphaFold Results/fold_complex_tlr4_vax_var1_fb3faeb6.zip	1786846876	15116266
Phase 2/AlphaFold Results/fold_monomer_vax_var1_fb3faeb6.zip	1786846516	1010453
Phase 2/STEP A/Phase2A_secondaryScreening.py	1788178059	59908
Phase 2/STEP A/Phase2A_secondaryScreening.py.pre_toxenvfix.bak	1788178051	59240
Phase 2/STEP B/Phase2B_secondaryAndTertiary.py	1788181966	61517
Phase 2/STEP B/Phase2B_secondaryAndTertiary.py.pre_netsurfpfix.bak	1788181915	58660
Phase 2/STEP B/__pycache__/Phase2B_secondaryAndTertiary.cpython-311.pyc	1788181974	84903
Phase 2/STEP C/Phase2C_solubilityAnalysis.py	1787742083	45892
Phase 2/STEP C/__pycache__/Phase2C_solubilityAnalysis.cpython-311.pyc	1788180367	52356
Phase 2/STEP D/Phase2D_modelValidation.py	1787864131	27352
Phase 2/_common/__pycache__/phase2_common.cpython-311.pyc	1787878060	14311
Phase 2/_common/phase2_common.py	1787878025	10367
Step_Outputs/Phase1/.DS_Store	1788874980	8196
Step_Outputs/Phase1/Phase1A/.DS_Store	1788763568	6148
Step_Outputs/Phase1/Phase1A/HIV_gp120_Var_01_AXP14231.1.fasta	1788093469	573
Step_Outputs/Phase1/Phase1A/HIV_gp120_Var_02_AFV34432.1.fasta	1788093469	579
Step_Outputs/Phase1/Phase1A/HIV_gp120_Var_03_QRC49169.1.fasta	1788093469	577
Step_Outputs/Phase1/Phase1A/HIV_gp120_Var_04_QGV15582.1.fasta	1788093469	578
Step_Outputs/Phase1/Phase1A/HIV_gp120_Var_05_XKC16435.1.fasta	1788093469	576
Step_Outputs/Phase1/Phase1A/HIV_gp120_Var_06_WMD30114.1.fasta	1788093469	597
Step_Outputs/Phase1/Phase1A/HIV_gp120_Var_07_XPO03727.1.fasta	1788093469	583
Step_Outputs/Phase1/Phase1A/HIV_gp120_Var_08_AFU27265.1.fasta	1788093469	594
Step_Outputs/Phase1/Phase1A/HIV_gp120_Var_09_UMQ71371.1.fasta	1788093469	576
Step_Outputs/Phase1/Phase1A/HIV_gp120_Var_10_QIX05989.1.fasta	1788093469	595
Step_Outputs/Phase1/Phase1A/HIV_gp120_Var_11_UBW87652.1.fasta	1788093469	602
Step_Outputs/Phase1/Phase1A/HIV_gp120_Var_12_QIX05460.1.fasta	1788093469	585
Step_Outputs/Phase1/Phase1A/HIV_gp120_Var_13_AFU31404.1.fasta	1788093469	592
Step_Outputs/Phase1/Phase1A/HIV_gp120_Var_14_UBW85602.1.fasta	1788093469	587
Step_Outputs/Phase1/Phase1A/HIV_gp120_Var_15_QIX06234.1.fasta	1788093469	578
Step_Outputs/Phase1/Phase1A/HIV_gp120_Var_16_AFU29819.1.fasta	1788093469	577
Step_Outputs/Phase1/Phase1A/HIV_gp120_Var_17_UMQ72542.1.fasta	1788093469	591
Step_Outputs/Phase1/Phase1A/HIV_gp120_Var_18_AMQ63183.1.fasta	1788093469	581
Step_Outputs/Phase1/Phase1A/HIV_gp120_Var_19_AHN16434.1.fasta	1788093469	577
Step_Outputs/Phase1/Phase1A/HIV_gp120_Var_20_UBW83035.1.fasta	1788093469	585
Step_Outputs/Phase1/Phase1A/HIV_gp120_Var_21_UBW87851.1.fasta	1788093469	590
Step_Outputs/Phase1/Phase1A/HIV_gp120_Var_22_AFR42744.1.fasta	1788093469	586
Step_Outputs/Phase1/Phase1A/HIV_gp120_Var_23_AMQ63332.1.fasta	1788093469	570
Step_Outputs/Phase1/Phase1A/HIV_gp120_Var_24_QAB37601.1.fasta	1788093469	580
Step_Outputs/Phase1/Phase1A/HIV_gp120_Var_25_UMQ71839.1.fasta	1788093469	590
Step_Outputs/Phase1/Phase1A/HIV_gp120_Var_26_ADU04884.1.fasta	1788093469	575
Step_Outputs/Phase1/Phase1A/HIV_gp120_Var_27_UBW82422.1.fasta	1788093469	608
Step_Outputs/Phase1/Phase1A/HIV_gp120_Var_28_ATW67223.1.fasta	1788093469	585
Step_Outputs/Phase1/Phase1A/HIV_gp120_Var_29_UBW85812.1.fasta	1788093469	586
Step_Outputs/Phase1/Phase1A/HIV_gp120_Var_30_QAB37192.1.fasta	1788093469	573
Step_Outputs/Phase1/Phase1A/HIV_gp41_Var_01_QAB37996.1.fasta	1788093469	452
Step_Outputs/Phase1/Phase1A/HIV_gp41_Var_02_QGV15582.1.fasta	1788093469	445
Step_Outputs/Phase1/Phase1A/HIV_gp41_Var_03_QRC49169.1.fasta	1788093469	448
Step_Outputs/Phase1/Phase1A/HIV_gp41_Var_04_AFV34432.1.fasta	1788093469	452
Step_Outputs/Phase1/Phase1A/HIV_gp41_Var_05_XKC16435.1.fasta	1788093469	452
Step_Outputs/Phase1/Phase1A/HIV_gp41_Var_06_QIX06234.1.fasta	1788093469	452
Step_Outputs/Phase1/Phase1A/HIV_gp41_Var_07_QIC93331.1.fasta	1788093469	445
Step_Outputs/Phase1/Phase1A/HIV_gp41_Var_08_UBW86827.1.fasta	1788093469	454
Step_Outputs/Phase1/Phase1A/HIV_gp41_Var_09_UBW83425.1.fasta	1788093469	461
Step_Outputs/Phase1/Phase1A/HIV_gp41_Var_10_AFU27265.1.fasta	1788093469	452
Step_Outputs/Phase1/Phase1A/HIV_gp41_Var_11_UBW82422.1.fasta	1788093469	461
Step_Outputs/Phase1/Phase1A/HIV_gp41_Var_12_XPO03727.1.fasta	1788093469	449
Step_Outputs/Phase1/Phase1A/HIV_gp41_Var_13_UMQ72343.1.fasta	1788093469	452
Step_Outputs/Phase1/Phase1A/HIV_gp41_Var_14_UBW82834.1.fasta	1788093469	461
Step_Outputs/Phase1/Phase1A/HIV_gp41_Var_15_AFU31404.1.fasta	1788093469	453
Step_Outputs/Phase1/Phase1A/HIV_gp41_Var_16_UBW87031.1.fasta	1788093469	461
Step_Outputs/Phase1/Phase1A/HIV_gp41_Var_17_UMQ70433.1.fasta	1788093469	452
Step_Outputs/Phase1/Phase1A/HIV_gp41_Var_18_WMD30114.1.fasta	1788093469	452
Step_Outputs/Phase1/Phase1A/HIV_gp41_Var_19_UMQ71839.1.fasta	1788093469	452
Step_Outputs/Phase1/Phase1A/HIV_gp41_Var_20_UBW88050.1.fasta	1788093469	454
Step_Outputs/Phase1/Phase1A/HIV_gp41_Var_21_AVP73563.1.fasta	1788093469	452
Step_Outputs/Phase1/Phase1A/HIV_gp41_Var_22_AFU32842.1.fasta	1788093469	452
Step_Outputs/Phase1/Phase1A/HIV_gp41_Var_23_QIX05989.1.fasta	1788093469	446
Step_Outputs/Phase1/Phase1A/HIV_gp41_Var_24_AYM47111.1.fasta	1788093469	448
Step_Outputs/Phase1/Phase1A/HIV_gp41_Var_25_AMQ63183.1.fasta	1788093469	452
Step_Outputs/Phase1/Phase1A/HIV_gp41_Var_26_UBW85202.1.fasta	1788093469	461
Step_Outputs/Phase1/Phase1A/HIV_gp41_Var_27_UBW87448.1.fasta	1788093469	462
Step_Outputs/Phase1/Phase1A/HIV_gp41_Var_28_WDY92899.1.fasta	1788093469	452
Step_Outputs/Phase1/Phase1A/HIV_gp41_Var_29_AIS43912.1.fasta	1788093469	452
Step_Outputs/Phase1/Phase1A/HIV_gp41_Var_30_QGV14251.1.fasta	1788093469	448
Step_Outputs/Phase1/Phase1A/HIV_p17_Var_01_QID00154.1.fasta	1788093480	217
Step_Outputs/Phase1/Phase1A/HIV_p17_Var_02_ACH99177.1.fasta	1788093480	213
Step_Outputs/Phase1/Phase1A/HIV_p17_Var_03_QGV15380.1.fasta	1788093480	218
Step_Outputs/Phase1/Phase1A/HIV_p17_Var_04_QJE62256.1.fasta	1788093480	217
Step_Outputs/Phase1/Phase1A/HIV_p17_Var_05_UDP22692.1.fasta	1788093480	216
Step_Outputs/Phase1/Phase1A/HIV_p17_Var_06_ASM59364.1.fasta	1788093480	217
Step_Outputs/Phase1/Phase1A/HIV_p17_Var_07_QIC95607.1.fasta	1788093480	217
Step_Outputs/Phase1/Phase1A/HIV_p17_Var_08_AFU26093.1.fasta	1788093480	217
Step_Outputs/Phase1/Phase1A/HIV_p17_Var_09_QIC96180.1.fasta	1788093480	214
Step_Outputs/Phase1/Phase1A/HIV_p17_Var_10_AFU32291.1.fasta	1788093480	217
Step_Outputs/Phase1/Phase1A/HIV_p17_Var_11_AXR99486.1.fasta	1788093480	214
Step_Outputs/Phase1/Phase1A/HIV_p17_Var_12_AFN81319.1.fasta	1788093480	213
Step_Outputs/Phase1/Phase1A/HIV_p17_Var_13_QIX06459.1.fasta	1788093480	217
Step_Outputs/Phase1/Phase1A/HIV_p17_Var_14_AFU28327.1.fasta	1788093480	217
Step_Outputs/Phase1/Phase1A/HIV_p17_Var_15_ABD04289.1.fasta	1788093480	231
Step_Outputs/Phase1/Phase1A/HIV_p17_Var_16_AEZ35907.1.fasta	1788093480	217
Step_Outputs/Phase1/Phase1A/HIV_p17_Var_17_QIC99563.1.fasta	1788093480	217
Step_Outputs/Phase1/Phase1A/HIV_p17_Var_18_QIC99916.1.fasta	1788093480	215
Step_Outputs/Phase1/Phase1A/HIV_p17_Var_19_AXP13305.1.fasta	1788093480	217
Step_Outputs/Phase1/Phase1A/HIV_p17_Var_20_YFN08105.1.fasta	1788093480	217
Step_Outputs/Phase1/Phase1A/HIV_p17_Var_21_AFU32525.1.fasta	1788093480	217
Step_Outputs/Phase1/Phase1A/HIV_p17_Var_22_AKN89917.1.fasta	1788093480	214
Step_Outputs/Phase1/Phase1A/HIV_p17_Var_23_QAB36255.1.fasta	1788093480	217
Step_Outputs/Phase1/Phase1A/HIV_p17_Var_24_AFU33753.1.fasta	1788093480	217
Step_Outputs/Phase1/Phase1A/HIV_p17_Var_25_XFC51684.1.fasta	1788093480	219
Step_Outputs/Phase1/Phase1A/HIV_p17_Var_26_QAB36020.1.fasta	1788093480	217
Step_Outputs/Phase1/Phase1A/HIV_p17_Var_27_AFU28675.1.fasta	1788093480	217
Step_Outputs/Phase1/Phase1A/HIV_p17_Var_28_WMD30065.1.fasta	1788093480	220
Step_Outputs/Phase1/Phase1A/HIV_p17_Var_29_AFU27899.1.fasta	1788093480	217
Step_Outputs/Phase1/Phase1A/HIV_p17_Var_30_AFU26915.1.fasta	1788093480	217
Step_Outputs/Phase1/Phase1A/HIV_p24_Var_01_AFU33511.1.fasta	1788093480	318
Step_Outputs/Phase1/Phase1A/HIV_p24_Var_02_AKN89917.1.fasta	1788093480	318
Step_Outputs/Phase1/Phase1A/HIV_p24_Var_03_QJE62256.1.fasta	1788093480	318
Step_Outputs/Phase1/Phase1A/HIV_p24_Var_04_AZB80127.1.fasta	1788093480	318
Step_Outputs/Phase1/Phase1A/HIV_p24_Var_05_AEZ35406.1.fasta	1788093480	318
Step_Outputs/Phase1/Phase1A/HIV_p24_Var_06_XPO04964.1.fasta	1788093480	318
Step_Outputs/Phase1/Phase1A/HIV_p24_Var_07_AFN81319.1.fasta	1788093480	318
Step_Outputs/Phase1/Phase1A/HIV_p24_Var_08_AEZ35352.1.fasta	1788093480	327
Step_Outputs/Phase1/Phase1A/HIV_p24_Var_09_AXR99486.1.fasta	1788093480	318
Step_Outputs/Phase1/Phase1A/HIV_p24_Var_10_UDP23202.1.fasta	1788093480	318
Step_Outputs/Phase1/Phase1A/HIV_p24_Var_11_AEZ51323.1.fasta	1788093480	327
Step_Outputs/Phase1/Phase1A/HIV_p24_Var_12_BAT33730.1.fasta	1788093480	318
Step_Outputs/Phase1/Phase1A/HIV_p24_Var_13_QIC95607.1.fasta	1788093480	318
Step_Outputs/Phase1/Phase1A/HIV_p24_Var_14_UDP22692.1.fasta	1788093480	318
Step_Outputs/Phase1/Phase1A/HIV_p24_Var_15_ASM59127.1.fasta	1788093480	318
Step_Outputs/Phase1/Phase1A/HIV_p24_Var_16_QAB36905.1.fasta	1788093480	318
Step_Outputs/Phase1/Phase1A/HIV_p24_Var_17_QAB36479.1.fasta	1788093480	318
Step_Outputs/Phase1/Phase1A/HIV_p24_Var_18_WVT29333.1.fasta	1788093480	318
Step_Outputs/Phase1/Phase1A/HIV_p24_Var_19_AIY24491.1.fasta	1788093480	327
Step_Outputs/Phase1/Phase1A/HIV_p24_Var_20_AFU26093.1.fasta	1788093480	318
Step_Outputs/Phase1/Phase1A/HIV_p24_Var_21_AFU29402.1.fasta	1788093480	318
Step_Outputs/Phase1/Phase1A/HIV_p24_Var_22_QNG98205.1.fasta	1788093480	318
Step_Outputs/Phase1/Phase1A/HIV_p24_Var_23_AXP13305.1.fasta	1788093480	318
Step_Outputs/Phase1/Phase1A/HIV_p24_Var_24_AFU28090.1.fasta	1788093480	318
Step_Outputs/Phase1/Phase1A/HIV_p24_Var_25_AHC29697.1.fasta	1788093480	318
Step_Outputs/Phase1/Phase1A/HIV_p24_Var_26_ARA72373.1.fasta	1788093480	318
Step_Outputs/Phase1/Phase1A/HIV_p24_Var_27_QGV15380.1.fasta	1788093480	318
Step_Outputs/Phase1/Phase1A/HIV_p24_Var_28_UMQ69966.2.fasta	1788093480	318
Step_Outputs/Phase1/Phase1A/HIV_p24_Var_29_AFU30498.1.fasta	1788093480	318
Step_Outputs/Phase1/Phase1A/HIV_p24_Var_30_QIX06459.1.fasta	1788093480	318
Step_Outputs/Phase1/Phase1A/Mpox_A35R_Var_01_YGB80085.1.fasta	1788093058	264
Step_Outputs/Phase1/Phase1A/Mpox_A35R_Var_02_YFT67491.1.fasta	1788093058	264
Step_Outputs/Phase1/Phase1A/Mpox_A35R_Var_03_XPA18444.1.fasta	1788093058	264
Step_Outputs/Phase1/Phase1A/Mpox_A35R_Var_04_YDB03291.1.fasta	1788093058	264
Step_Outputs/Phase1/Phase1A/Mpox_A35R_Var_05_YCG62894.1.fasta	1788093058	264
Step_Outputs/Phase1/Phase1A/Mpox_A35R_Var_06_XEX31249.1.fasta	1788093058	264
Step_Outputs/Phase1/Phase1A/Mpox_A35R_Var_07_XEO29617.1.fasta	1788093058	264
Step_Outputs/Phase1/Phase1A/Mpox_A35R_Var_08_WDR55323.1.fasta	1788093058	264
Step_Outputs/Phase1/Phase1A/Mpox_A35R_Var_09_XNX19922.1.fasta	1788093058	264
Step_Outputs/Phase1/Phase1A/Mpox_A35R_Var_10_YFI67686.1.fasta	1788093058	264
Step_Outputs/Phase1/Phase1A/Mpox_A35R_Var_11_UXY84798.1.fasta	1788093058	264
Step_Outputs/Phase1/Phase1A/Mpox_A35R_Var_12_XEX34609.1.fasta	1788093058	261
Step_Outputs/Phase1/Phase1A/Mpox_A35R_Var_13_XCI57720.1.fasta	1788093058	264
Step_Outputs/Phase1/Phase1A/Mpox_A35R_Var_14_UXL69934.1.fasta	1788093058	264
Step_Outputs/Phase1/Phase1A/Mpox_A35R_Var_15_WZB43812.1.fasta	1788093058	264
Step_Outputs/Phase1/Phase1A/Mpox_A35R_Var_16_XOL55170.1.fasta	1788093058	264
Step_Outputs/Phase1/Phase1A/Mpox_A35R_Var_17_XEX61452.1.fasta	1788093058	264
Step_Outputs/Phase1/Phase1A/Mpox_A35R_Var_18_WPD90593.1.fasta	1788093058	264
Step_Outputs/Phase1/Phase1A/Mpox_A35R_Var_19_XYA25057.1.fasta	1788093058	264
Step_Outputs/Phase1/Phase1A/Mpox_A35R_Var_20_NP_536572.1.fasta	1788093058	266
Step_Outputs/Phase1/Phase1A/Mpox_A35R_Var_21_XEX24427.1.fasta	1788093058	264
Step_Outputs/Phase1/Phase1A/Mpox_A35R_Var_22_YBX69776.1.fasta	1788093058	269
Step_Outputs/Phase1/Phase1A/Mpox_A35R_Var_23_XEX38983.1.fasta	1788093058	263
Step_Outputs/Phase1/Phase1A/Mpox_B5R_Var_01_YFT67509.1.fasta	1788093459	413
Step_Outputs/Phase1/Phase1A/Mpox_B5R_Var_02_XBH37476.1.fasta	1788093459	413
Step_Outputs/Phase1/Phase1A/Mpox_B5R_Var_03_XIF87325.1.fasta	1788093459	404
Step_Outputs/Phase1/Phase1A/Mpox_B5R_Var_04_XBH42952.1.fasta	1788093459	413
Step_Outputs/Phase1/Phase1A/Mpox_B5R_Var_05_XBH37124.1.fasta	1788093459	413
Step_Outputs/Phase1/Phase1A/Mpox_B5R_Var_06_XYA27940.1.fasta	1788093459	413
Step_Outputs/Phase1/Phase1A/Mpox_B5R_Var_07_YDH68289.1.fasta	1788093459	413
Step_Outputs/Phase1/Phase1A/Mpox_B5R_Var_08_XBH42043.1.fasta	1788093459	413
Step_Outputs/Phase1/Phase1A/Mpox_B5R_Var_09_UVF73928.1.fasta	1788093459	407
Step_Outputs/Phase1/Phase1A/Mpox_B5R_Var_10_XYR87323.1.fasta	1788093459	413
Step_Outputs/Phase1/Phase1A/Mpox_B5R_Var_11_XYA03408.1.fasta	1788093459	413
Step_Outputs/Phase1/Phase1A/Mpox_B5R_Var_12_YGB80106.1.fasta	1788093459	413
Step_Outputs/Phase1/Phase1A/Mpox_B5R_Var_13_XEX49068.1.fasta	1788093459	413
Step_Outputs/Phase1/Phase1A/Mpox_B5R_Var_14_XEX31267.1.fasta	1788093459	413
Step_Outputs/Phase1/Phase1A/Mpox_B5R_Var_15_UXP56267.1.fasta	1788093459	413
Step_Outputs/Phase1/Phase1A/Mpox_B5R_Var_16_XIF86968.1.fasta	1788093459	413
Step_Outputs/Phase1/Phase1A/Mpox_B5R_Var_17_BFV54706.1.fasta	1788093459	413
Step_Outputs/Phase1/Phase1A/Mpox_B5R_Var_18_WDP53175.1.fasta	1788093459	413
Step_Outputs/Phase1/Phase1A/Mpox_B5R_Var_19_XDC02371.1.fasta	1788093459	413
Step_Outputs/Phase1/Phase1A/Mpox_B5R_Var_20_XYA04115.1.fasta	1788093459	413
Step_Outputs/Phase1/Phase1A/Mpox_B5R_Var_21_XKU46019.1.fasta	1788093459	413
Step_Outputs/Phase1/Phase1A/Mpox_B5R_Var_22_XEX43843.1.fasta	1788093459	413
Step_Outputs/Phase1/Phase1A/Mpox_B5R_Var_23_WDP32808.1.fasta	1788093459	413
Step_Outputs/Phase1/Phase1A/Mpox_B5R_Var_24_XBH42219.1.fasta	1788093459	413
Step_Outputs/Phase1/Phase1A/Mpox_B5R_Var_25_WDR58878.1.fasta	1788093459	413
Step_Outputs/Phase1/Phase1A/Mpox_B5R_Var_26_UXL78092.1.fasta	1788093459	413
Step_Outputs/Phase1/Phase1A/Mpox_B5R_Var_27_UZV11444.1.fasta	1788093459	413
Step_Outputs/Phase1/Phase1A/Mpox_B5R_Var_28_YDS69278.1.fasta	1788093459	413
Step_Outputs/Phase1/Phase1A/Mpox_B5R_Var_29_XYW47977.1.fasta	1788093459	413
Step_Outputs/Phase1/Phase1A/Mpox_B5R_Var_30_YBX66761.1.fasta	1788093459	413
Step_Outputs/Phase1/Phase1A/Mpox_L1R_Var_01_YGB80020.1.fasta	1788093246	337
Step_Outputs/Phase1/Phase1A/Mpox_L1R_Var_02_XYA10566.1.fasta	1788093246	337
Step_Outputs/Phase1/Phase1A/Mpox_L1R_Var_03_XEX45268.1.fasta	1788093246	337
Step_Outputs/Phase1/Phase1A/Mpox_L1R_Var_04_WMB89274.1.fasta	1788093246	337
Step_Outputs/Phase1/Phase1A/Mpox_L1R_Var_05_XYH50751.1.fasta	1788093246	337
Step_Outputs/Phase1/Phase1A/Mpox_L1R_Var_06_XEX43928.1.fasta	1788093246	337
Step_Outputs/Phase1/Phase1A/Mpox_L1R_Var_07_WCS91417.1.fasta	1788093246	337
Step_Outputs/Phase1/Phase1A/Mpox_L1R_Var_08_XEX15305.1.fasta	1788093246	337
Step_Outputs/Phase1/Phase1A/Mpox_L1R_Var_09_WDR64122.1.fasta	1788093246	337
Step_Outputs/Phase1/Phase1A/Mpox_L1R_Var_10_WHP54173.1.fasta	1788093246	341
Step_Outputs/Phase1/Phase1A/Mpox_L1R_Var_11_XEX14969.1.fasta	1788093246	344
Step_Outputs/Phase1/Phase1A/Mpox_L1R_Var_12_XEX18485.1.fasta	1788093246	340
Step_Outputs/Phase1/Phase1A/Mpox_L1R_Var_13_XBU14245.1.fasta	1788093246	342
Step_Outputs/Phase1/Phase1A/Mpox_L1R_Var_14_XHC56541.1.fasta	1788093246	345
Step_Outputs/Phase1/Phase1A/Mpox_L1R_Var_15_UTZ19597.1.fasta	1788093246	337
Step_Outputs/Phase1/Phase1A/Mpox_L1R_Var_16_UUW22440.1.fasta	1788093246	337
Step_Outputs/Phase1/Phase1A/Mpox_L1R_Var_17_XSF39763.1.fasta	1788093246	337
Step_Outputs/Phase1/Phase1A/Mpox_L1R_Var_18_WDY77164.1.fasta	1788093246	337
Step_Outputs/Phase1/Phase1A/Mpox_L1R_Var_19_XEX41419.1.fasta	1788093246	337
Step_Outputs/Phase1/Phase1A/Mpox_L1R_Var_20_WVH08125.1.fasta	1788093246	335
Step_Outputs/Phase1/Phase1A/Mpox_L1R_Var_21_XEX05742.1.fasta	1788093246	335
Step_Outputs/Phase1/Phase1A/Phase1A_Clade_Audit.csv	1788093480	3469
Step_Outputs/Phase1/Phase1A/Phase1A_IdentityGate.csv	1788093480	174525
Step_Outputs/Phase1/Phase1A/Reference_Antigens/A0A7H0DN26.fasta	1788091072	321
Step_Outputs/Phase1/Phase1A/Reference_Antigens/A0A7H0DND2.fasta	1788091133	275
Step_Outputs/Phase1/Phase1A/Reference_Antigens/A0A7H0DNF1.fasta	1788091194	676
Step_Outputs/Phase1/Phase1A/Reference_Antigens/M1LBP0.fasta	1788091255	373
Step_Outputs/Phase1/Phase1A/Reference_Antigens/P04578.fasta	1788091316	1018
Step_Outputs/Phase1/Phase1A/Reference_Antigens/P04591.fasta	1788091377	644
Step_Outputs/Phase1/Phase1A/Reference_Antigens/P0DTN2.fasta	1788091438	409
Step_Outputs/Phase1/Phase1A/_fetch_cache/Mpox_A35R_all.fasta	1788092990	2149063
Step_Outputs/Phase1/Phase1A/_fetch_cache/Mpox_B5R_all.fasta	1788093387	3437443
Step_Outputs/Phase1/Phase1A/_fetch_cache/Mpox_L1R_all.fasta	1788093194	2813354
Step_Outputs/Phase1/Phase1B/.DS_Store	1788763568	6148
Step_Outputs/Phase1/Phase1B/Filtered_Stability/HIV_gp120_Var_01_AXP14231.1.fasta	1788094240	573
Step_Outputs/Phase1/Phase1B/Filtered_Stability/HIV_gp120_Var_02_AFV34432.1.fasta	1788094240	579
Step_Outputs/Phase1/Phase1B/Filtered_Stability/HIV_gp120_Var_03_QRC49169.1.fasta	1788094240	577
Step_Outputs/Phase1/Phase1B/Filtered_Stability/HIV_gp120_Var_04_QGV15582.1.fasta	1788094240	578
Step_Outputs/Phase1/Phase1B/Filtered_Stability/HIV_gp120_Var_05_XKC16435.1.fasta	1788094240	576
Step_Outputs/Phase1/Phase1B/Filtered_Stability/HIV_gp120_Var_06_WMD30114.1.fasta	1788094240	597
Step_Outputs/Phase1/Phase1B/Filtered_Stability/HIV_gp120_Var_07_XPO03727.1.fasta	1788094240	583
Step_Outputs/Phase1/Phase1B/Filtered_Stability/HIV_gp120_Var_08_AFU27265.1.fasta	1788094240	594
Step_Outputs/Phase1/Phase1B/Filtered_Stability/HIV_gp120_Var_09_UMQ71371.1.fasta	1788094240	576
Step_Outputs/Phase1/Phase1B/Filtered_Stability/HIV_gp120_Var_10_QIX05989.1.fasta	1788094240	595
Step_Outputs/Phase1/Phase1B/Filtered_Stability/HIV_gp120_Var_11_UBW87652.1.fasta	1788094240	602
Step_Outputs/Phase1/Phase1B/Filtered_Stability/HIV_gp120_Var_12_QIX05460.1.fasta	1788094240	585
Step_Outputs/Phase1/Phase1B/Filtered_Stability/HIV_gp120_Var_13_AFU31404.1.fasta	1788094240	592
Step_Outputs/Phase1/Phase1B/Filtered_Stability/HIV_gp120_Var_14_UBW85602.1.fasta	1788094240	587
Step_Outputs/Phase1/Phase1B/Filtered_Stability/HIV_gp120_Var_15_QIX06234.1.fasta	1788094240	578
Step_Outputs/Phase1/Phase1B/Filtered_Stability/HIV_gp120_Var_16_AFU29819.1.fasta	1788094240	577
Step_Outputs/Phase1/Phase1B/Filtered_Stability/HIV_gp120_Var_17_UMQ72542.1.fasta	1788094240	591
Step_Outputs/Phase1/Phase1B/Filtered_Stability/HIV_gp120_Var_18_AMQ63183.1.fasta	1788094240	581
Step_Outputs/Phase1/Phase1B/Filtered_Stability/HIV_gp120_Var_19_AHN16434.1.fasta	1788094240	577
Step_Outputs/Phase1/Phase1B/Filtered_Stability/HIV_gp120_Var_20_UBW83035.1.fasta	1788094240	585
Step_Outputs/Phase1/Phase1B/Filtered_Stability/HIV_gp120_Var_21_UBW87851.1.fasta	1788094240	590
Step_Outputs/Phase1/Phase1B/Filtered_Stability/HIV_gp120_Var_22_AFR42744.1.fasta	1788094240	586
Step_Outputs/Phase1/Phase1B/Filtered_Stability/HIV_gp120_Var_23_AMQ63332.1.fasta	1788094240	570
Step_Outputs/Phase1/Phase1B/Filtered_Stability/HIV_gp120_Var_24_QAB37601.1.fasta	1788094240	580
Step_Outputs/Phase1/Phase1B/Filtered_Stability/HIV_gp120_Var_25_UMQ71839.1.fasta	1788094240	590
Step_Outputs/Phase1/Phase1B/Filtered_Stability/HIV_gp120_Var_26_ADU04884.1.fasta	1788094240	575
Step_Outputs/Phase1/Phase1B/Filtered_Stability/HIV_gp120_Var_27_UBW82422.1.fasta	1788094240	608
Step_Outputs/Phase1/Phase1B/Filtered_Stability/HIV_gp120_Var_28_ATW67223.1.fasta	1788094240	585
Step_Outputs/Phase1/Phase1B/Filtered_Stability/HIV_gp120_Var_29_UBW85812.1.fasta	1788094240	586
Step_Outputs/Phase1/Phase1B/Filtered_Stability/HIV_gp120_Var_30_QAB37192.1.fasta	1788094240	573
Step_Outputs/Phase1/Phase1B/Filtered_Stability/HIV_gp41_Var_01_QAB37996.1.fasta	1788094240	452
Step_Outputs/Phase1/Phase1B/Filtered_Stability/HIV_gp41_Var_02_QGV15582.1.fasta	1788094240	445
Step_Outputs/Phase1/Phase1B/Filtered_Stability/HIV_gp41_Var_03_QRC49169.1.fasta	1788094240	448
Step_Outputs/Phase1/Phase1B/Filtered_Stability/HIV_gp41_Var_04_AFV34432.1.fasta	1788094240	452
Step_Outputs/Phase1/Phase1B/Filtered_Stability/HIV_gp41_Var_05_XKC16435.1.fasta	1788094240	452
Step_Outputs/Phase1/Phase1B/Filtered_Stability/HIV_gp41_Var_06_QIX06234.1.fasta	1788094240	452
Step_Outputs/Phase1/Phase1B/Filtered_Stability/HIV_gp41_Var_07_QIC93331.1.fasta	1788094240	445
Step_Outputs/Phase1/Phase1B/Filtered_Stability/HIV_gp41_Var_08_UBW86827.1.fasta	1788094240	454
Step_Outputs/Phase1/Phase1B/Filtered_Stability/HIV_gp41_Var_09_UBW83425.1.fasta	1788094240	461
Step_Outputs/Phase1/Phase1B/Filtered_Stability/HIV_gp41_Var_10_AFU27265.1.fasta	1788094240	452
Step_Outputs/Phase1/Phase1B/Filtered_Stability/HIV_gp41_Var_11_UBW82422.1.fasta	1788094240	461
Step_Outputs/Phase1/Phase1B/Filtered_Stability/HIV_gp41_Var_12_XPO03727.1.fasta	1788094240	449
Step_Outputs/Phase1/Phase1B/Filtered_Stability/HIV_gp41_Var_13_UMQ72343.1.fasta	1788094240	452
Step_Outputs/Phase1/Phase1B/Filtered_Stability/HIV_gp41_Var_14_UBW82834.1.fasta	1788094240	461
Step_Outputs/Phase1/Phase1B/Filtered_Stability/HIV_gp41_Var_15_AFU31404.1.fasta	1788094240	453
Step_Outputs/Phase1/Phase1B/Filtered_Stability/HIV_gp41_Var_16_UBW87031.1.fasta	1788094240	461
Step_Outputs/Phase1/Phase1B/Filtered_Stability/HIV_gp41_Var_17_UMQ70433.1.fasta	1788094240	452
Step_Outputs/Phase1/Phase1B/Filtered_Stability/HIV_gp41_Var_18_WMD30114.1.fasta	1788094240	452
Step_Outputs/Phase1/Phase1B/Filtered_Stability/HIV_gp41_Var_19_UMQ71839.1.fasta	1788094240	452
Step_Outputs/Phase1/Phase1B/Filtered_Stability/HIV_gp41_Var_20_UBW88050.1.fasta	1788094240	454
Step_Outputs/Phase1/Phase1B/Filtered_Stability/HIV_gp41_Var_21_AVP73563.1.fasta	1788094240	452
Step_Outputs/Phase1/Phase1B/Filtered_Stability/HIV_gp41_Var_22_AFU32842.1.fasta	1788094240	452
Step_Outputs/Phase1/Phase1B/Filtered_Stability/HIV_gp41_Var_23_QIX05989.1.fasta	1788094240	446
Step_Outputs/Phase1/Phase1B/Filtered_Stability/HIV_gp41_Var_24_AYM47111.1.fasta	1788094240	448
Step_Outputs/Phase1/Phase1B/Filtered_Stability/HIV_gp41_Var_25_AMQ63183.1.fasta	1788094240	452
Step_Outputs/Phase1/Phase1B/Filtered_Stability/HIV_gp41_Var_26_UBW85202.1.fasta	1788094240	461
Step_Outputs/Phase1/Phase1B/Filtered_Stability/HIV_gp41_Var_27_UBW87448.1.fasta	1788094240	462
Step_Outputs/Phase1/Phase1B/Filtered_Stability/HIV_gp41_Var_28_WDY92899.1.fasta	1788094240	452
Step_Outputs/Phase1/Phase1B/Filtered_Stability/HIV_gp41_Var_29_AIS43912.1.fasta	1788094240	452
Step_Outputs/Phase1/Phase1B/Filtered_Stability/HIV_gp41_Var_30_QGV14251.1.fasta	1788094240	448
Step_Outputs/Phase1/Phase1B/Filtered_Stability/HIV_p17_Var_01_QID00154.1.fasta	1788094240	217
Step_Outputs/Phase1/Phase1B/Filtered_Stability/HIV_p17_Var_02_ACH99177.1.fasta	1788094240	213
Step_Outputs/Phase1/Phase1B/Filtered_Stability/HIV_p17_Var_03_QGV15380.1.fasta	1788094240	218
Step_Outputs/Phase1/Phase1B/Filtered_Stability/HIV_p17_Var_04_QJE62256.1.fasta	1788094240	217
Step_Outputs/Phase1/Phase1B/Filtered_Stability/HIV_p17_Var_05_UDP22692.1.fasta	1788094240	216
Step_Outputs/Phase1/Phase1B/Filtered_Stability/HIV_p17_Var_06_ASM59364.1.fasta	1788094240	217
Step_Outputs/Phase1/Phase1B/Filtered_Stability/HIV_p17_Var_07_QIC95607.1.fasta	1788094240	217
Step_Outputs/Phase1/Phase1B/Filtered_Stability/HIV_p17_Var_08_AFU26093.1.fasta	1788094240	217
Step_Outputs/Phase1/Phase1B/Filtered_Stability/HIV_p17_Var_09_QIC96180.1.fasta	1788094240	214
Step_Outputs/Phase1/Phase1B/Filtered_Stability/HIV_p17_Var_10_AFU32291.1.fasta	1788094240	217
Step_Outputs/Phase1/Phase1B/Filtered_Stability/HIV_p17_Var_11_AXR99486.1.fasta	1788094240	214
Step_Outputs/Phase1/Phase1B/Filtered_Stability/HIV_p17_Var_12_AFN81319.1.fasta	1788094240	213
Step_Outputs/Phase1/Phase1B/Filtered_Stability/HIV_p17_Var_13_QIX06459.1.fasta	1788094240	217
Step_Outputs/Phase1/Phase1B/Filtered_Stability/HIV_p17_Var_14_AFU28327.1.fasta	1788094240	217
Step_Outputs/Phase1/Phase1B/Filtered_Stability/HIV_p17_Var_15_ABD04289.1.fasta	1788094240	231
Step_Outputs/Phase1/Phase1B/Filtered_Stability/HIV_p17_Var_16_AEZ35907.1.fasta	1788094240	217
Step_Outputs/Phase1/Phase1B/Filtered_Stability/HIV_p17_Var_17_QIC99563.1.fasta	1788094240	217
Step_Outputs/Phase1/Phase1B/Filtered_Stability/HIV_p17_Var_18_QIC99916.1.fasta	1788094240	215
Step_Outputs/Phase1/Phase1B/Filtered_Stability/HIV_p17_Var_19_AXP13305.1.fasta	1788094240	217
Step_Outputs/Phase1/Phase1B/Filtered_Stability/HIV_p17_Var_20_YFN08105.1.fasta	1788094240	217
Step_Outputs/Phase1/Phase1B/Filtered_Stability/HIV_p17_Var_21_AFU32525.1.fasta	1788094240	217
Step_Outputs/Phase1/Phase1B/Filtered_Stability/HIV_p17_Var_22_AKN89917.1.fasta	1788094240	214
Step_Outputs/Phase1/Phase1B/Filtered_Stability/HIV_p17_Var_23_QAB36255.1.fasta	1788094240	217
Step_Outputs/Phase1/Phase1B/Filtered_Stability/HIV_p17_Var_24_AFU33753.1.fasta	1788094240	217
Step_Outputs/Phase1/Phase1B/Filtered_Stability/HIV_p17_Var_25_XFC51684.1.fasta	1788094240	219
Step_Outputs/Phase1/Phase1B/Filtered_Stability/HIV_p17_Var_26_QAB36020.1.fasta	1788094240	217
Step_Outputs/Phase1/Phase1B/Filtered_Stability/HIV_p17_Var_27_AFU28675.1.fasta	1788094240	217
Step_Outputs/Phase1/Phase1B/Filtered_Stability/HIV_p17_Var_28_WMD30065.1.fasta	1788094240	220
Step_Outputs/Phase1/Phase1B/Filtered_Stability/HIV_p17_Var_29_AFU27899.1.fasta	1788094240	217
Step_Outputs/Phase1/Phase1B/Filtered_Stability/HIV_p17_Var_30_AFU26915.1.fasta	1788094240	217
Step_Outputs/Phase1/Phase1B/Filtered_Stability/HIV_p24_Var_01_AFU33511.1.fasta	1788094240	318
Step_Outputs/Phase1/Phase1B/Filtered_Stability/HIV_p24_Var_02_AKN89917.1.fasta	1788094240	318
Step_Outputs/Phase1/Phase1B/Filtered_Stability/HIV_p24_Var_03_QJE62256.1.fasta	1788094240	318
Step_Outputs/Phase1/Phase1B/Filtered_Stability/HIV_p24_Var_04_AZB80127.1.fasta	1788094240	318
Step_Outputs/Phase1/Phase1B/Filtered_Stability/HIV_p24_Var_05_AEZ35406.1.fasta	1788094240	318
Step_Outputs/Phase1/Phase1B/Filtered_Stability/HIV_p24_Var_06_XPO04964.1.fasta	1788094240	318
Step_Outputs/Phase1/Phase1B/Filtered_Stability/HIV_p24_Var_07_AFN81319.1.fasta	1788094240	318
Step_Outputs/Phase1/Phase1B/Filtered_Stability/HIV_p24_Var_08_AEZ35352.1.fasta	1788094240	327
Step_Outputs/Phase1/Phase1B/Filtered_Stability/HIV_p24_Var_09_AXR99486.1.fasta	1788094240	318
Step_Outputs/Phase1/Phase1B/Filtered_Stability/HIV_p24_Var_10_UDP23202.1.fasta	1788094240	318
Step_Outputs/Phase1/Phase1B/Filtered_Stability/HIV_p24_Var_11_AEZ51323.1.fasta	1788094240	327
Step_Outputs/Phase1/Phase1B/Filtered_Stability/HIV_p24_Var_12_BAT33730.1.fasta	1788094240	318
Step_Outputs/Phase1/Phase1B/Filtered_Stability/HIV_p24_Var_13_QIC95607.1.fasta	1788094240	318
Step_Outputs/Phase1/Phase1B/Filtered_Stability/HIV_p24_Var_14_UDP22692.1.fasta	1788094240	318
Step_Outputs/Phase1/Phase1B/Filtered_Stability/HIV_p24_Var_15_ASM59127.1.fasta	1788094240	318
Step_Outputs/Phase1/Phase1B/Filtered_Stability/HIV_p24_Var_16_QAB36905.1.fasta	1788094240	318
Step_Outputs/Phase1/Phase1B/Filtered_Stability/HIV_p24_Var_17_QAB36479.1.fasta	1788094240	318
Step_Outputs/Phase1/Phase1B/Filtered_Stability/HIV_p24_Var_18_WVT29333.1.fasta	1788094240	318
Step_Outputs/Phase1/Phase1B/Filtered_Stability/HIV_p24_Var_19_AIY24491.1.fasta	1788094240	327
Step_Outputs/Phase1/Phase1B/Filtered_Stability/HIV_p24_Var_20_AFU26093.1.fasta	1788094240	318
Step_Outputs/Phase1/Phase1B/Filtered_Stability/HIV_p24_Var_21_AFU29402.1.fasta	1788094240	318
Step_Outputs/Phase1/Phase1B/Filtered_Stability/HIV_p24_Var_22_QNG98205.1.fasta	1788094240	318
Step_Outputs/Phase1/Phase1B/Filtered_Stability/HIV_p24_Var_23_AXP13305.1.fasta	1788094240	318
Step_Outputs/Phase1/Phase1B/Filtered_Stability/HIV_p24_Var_24_AFU28090.1.fasta	1788094240	318
Step_Outputs/Phase1/Phase1B/Filtered_Stability/HIV_p24_Var_25_AHC29697.1.fasta	1788094240	318
Step_Outputs/Phase1/Phase1B/Filtered_Stability/HIV_p24_Var_26_ARA72373.1.fasta	1788094240	318
Step_Outputs/Phase1/Phase1B/Filtered_Stability/HIV_p24_Var_27_QGV15380.1.fasta	1788094240	318
Step_Outputs/Phase1/Phase1B/Filtered_Stability/HIV_p24_Var_28_UMQ69966.2.fasta	1788094240	318
Step_Outputs/Phase1/Phase1B/Filtered_Stability/HIV_p24_Var_29_AFU30498.1.fasta	1788094240	318
Step_Outputs/Phase1/Phase1B/Filtered_Stability/HIV_p24_Var_30_QIX06459.1.fasta	1788094240	318
Step_Outputs/Phase1/Phase1B/Filtered_Stability/Mpox_A35R_Var_01_YGB80085.1.fasta	1788094240	264
Step_Outputs/Phase1/Phase1B/Filtered_Stability/Mpox_A35R_Var_02_YFT67491.1.fasta	1788094240	264
Step_Outputs/Phase1/Phase1B/Filtered_Stability/Mpox_A35R_Var_03_XPA18444.1.fasta	1788094240	264
Step_Outputs/Phase1/Phase1B/Filtered_Stability/Mpox_A35R_Var_04_YDB03291.1.fasta	1788094240	264
Step_Outputs/Phase1/Phase1B/Filtered_Stability/Mpox_A35R_Var_05_YCG62894.1.fasta	1788094240	264
Step_Outputs/Phase1/Phase1B/Filtered_Stability/Mpox_A35R_Var_06_XEX31249.1.fasta	1788094240	264
Step_Outputs/Phase1/Phase1B/Filtered_Stability/Mpox_A35R_Var_07_XEO29617.1.fasta	1788094240	264
Step_Outputs/Phase1/Phase1B/Filtered_Stability/Mpox_A35R_Var_08_WDR55323.1.fasta	1788094240	264
Step_Outputs/Phase1/Phase1B/Filtered_Stability/Mpox_A35R_Var_09_XNX19922.1.fasta	1788094240	264
Step_Outputs/Phase1/Phase1B/Filtered_Stability/Mpox_A35R_Var_10_YFI67686.1.fasta	1788094240	264
Step_Outputs/Phase1/Phase1B/Filtered_Stability/Mpox_A35R_Var_11_UXY84798.1.fasta	1788094240	264
Step_Outputs/Phase1/Phase1B/Filtered_Stability/Mpox_A35R_Var_12_XEX34609.1.fasta	1788094240	261
Step_Outputs/Phase1/Phase1B/Filtered_Stability/Mpox_A35R_Var_13_XCI57720.1.fasta	1788094240	264
Step_Outputs/Phase1/Phase1B/Filtered_Stability/Mpox_A35R_Var_14_UXL69934.1.fasta	1788094240	264
Step_Outputs/Phase1/Phase1B/Filtered_Stability/Mpox_A35R_Var_15_WZB43812.1.fasta	1788094240	264
Step_Outputs/Phase1/Phase1B/Filtered_Stability/Mpox_A35R_Var_16_XOL55170.1.fasta	1788094240	264
Step_Outputs/Phase1/Phase1B/Filtered_Stability/Mpox_A35R_Var_17_XEX61452.1.fasta	1788094240	264
Step_Outputs/Phase1/Phase1B/Filtered_Stability/Mpox_A35R_Var_18_WPD90593.1.fasta	1788094240	264
Step_Outputs/Phase1/Phase1B/Filtered_Stability/Mpox_A35R_Var_19_XYA25057.1.fasta	1788094240	264
Step_Outputs/Phase1/Phase1B/Filtered_Stability/Mpox_A35R_Var_20_NP_536572.1.fasta	1788094240	266
Step_Outputs/Phase1/Phase1B/Filtered_Stability/Mpox_A35R_Var_21_XEX24427.1.fasta	1788094240	264
Step_Outputs/Phase1/Phase1B/Filtered_Stability/Mpox_A35R_Var_22_YBX69776.1.fasta	1788094240	269
Step_Outputs/Phase1/Phase1B/Filtered_Stability/Mpox_A35R_Var_23_XEX38983.1.fasta	1788094240	263
Step_Outputs/Phase1/Phase1B/Filtered_Stability/Mpox_B5R_Var_01_YFT67509.1.fasta	1788094240	413
Step_Outputs/Phase1/Phase1B/Filtered_Stability/Mpox_B5R_Var_02_XBH37476.1.fasta	1788094240	413
Step_Outputs/Phase1/Phase1B/Filtered_Stability/Mpox_B5R_Var_03_XIF87325.1.fasta	1788094240	404
Step_Outputs/Phase1/Phase1B/Filtered_Stability/Mpox_B5R_Var_04_XBH42952.1.fasta	1788094240	413
Step_Outputs/Phase1/Phase1B/Filtered_Stability/Mpox_B5R_Var_05_XBH37124.1.fasta	1788094240	413
Step_Outputs/Phase1/Phase1B/Filtered_Stability/Mpox_B5R_Var_06_XYA27940.1.fasta	1788094240	413
Step_Outputs/Phase1/Phase1B/Filtered_Stability/Mpox_B5R_Var_07_YDH68289.1.fasta	1788094240	413
Step_Outputs/Phase1/Phase1B/Filtered_Stability/Mpox_B5R_Var_08_XBH42043.1.fasta	1788094240	413
Step_Outputs/Phase1/Phase1B/Filtered_Stability/Mpox_B5R_Var_09_UVF73928.1.fasta	1788094240	407
Step_Outputs/Phase1/Phase1B/Filtered_Stability/Mpox_B5R_Var_10_XYR87323.1.fasta	1788094240	413
Step_Outputs/Phase1/Phase1B/Filtered_Stability/Mpox_B5R_Var_11_XYA03408.1.fasta	1788094240	413
Step_Outputs/Phase1/Phase1B/Filtered_Stability/Mpox_B5R_Var_12_YGB80106.1.fasta	1788094240	413
Step_Outputs/Phase1/Phase1B/Filtered_Stability/Mpox_B5R_Var_13_XEX49068.1.fasta	1788094240	413
Step_Outputs/Phase1/Phase1B/Filtered_Stability/Mpox_B5R_Var_14_XEX31267.1.fasta	1788094240	413
Step_Outputs/Phase1/Phase1B/Filtered_Stability/Mpox_B5R_Var_15_UXP56267.1.fasta	1788094240	413
Step_Outputs/Phase1/Phase1B/Filtered_Stability/Mpox_B5R_Var_16_XIF86968.1.fasta	1788094240	413
Step_Outputs/Phase1/Phase1B/Filtered_Stability/Mpox_B5R_Var_17_BFV54706.1.fasta	1788094240	413
Step_Outputs/Phase1/Phase1B/Filtered_Stability/Mpox_B5R_Var_18_WDP53175.1.fasta	1788094240	413
Step_Outputs/Phase1/Phase1B/Filtered_Stability/Mpox_B5R_Var_19_XDC02371.1.fasta	1788094240	413
Step_Outputs/Phase1/Phase1B/Filtered_Stability/Mpox_B5R_Var_20_XYA04115.1.fasta	1788094240	413
Step_Outputs/Phase1/Phase1B/Filtered_Stability/Mpox_B5R_Var_21_XKU46019.1.fasta	1788094240	413
Step_Outputs/Phase1/Phase1B/Filtered_Stability/Mpox_B5R_Var_22_XEX43843.1.fasta	1788094240	413
Step_Outputs/Phase1/Phase1B/Filtered_Stability/Mpox_B5R_Var_23_WDP32808.1.fasta	1788094240	413
Step_Outputs/Phase1/Phase1B/Filtered_Stability/Mpox_B5R_Var_24_XBH42219.1.fasta	1788094240	413
Step_Outputs/Phase1/Phase1B/Filtered_Stability/Mpox_B5R_Var_25_WDR58878.1.fasta	1788094240	413
Step_Outputs/Phase1/Phase1B/Filtered_Stability/Mpox_B5R_Var_26_UXL78092.1.fasta	1788094240	413
Step_Outputs/Phase1/Phase1B/Filtered_Stability/Mpox_B5R_Var_27_UZV11444.1.fasta	1788094240	413
Step_Outputs/Phase1/Phase1B/Filtered_Stability/Mpox_B5R_Var_28_YDS69278.1.fasta	1788094240	413
Step_Outputs/Phase1/Phase1B/Filtered_Stability/Mpox_B5R_Var_29_XYW47977.1.fasta	1788094240	413
Step_Outputs/Phase1/Phase1B/Filtered_Stability/Mpox_B5R_Var_30_YBX66761.1.fasta	1788094240	413
Step_Outputs/Phase1/Phase1B/Filtered_Stability/Mpox_L1R_Var_01_YGB80020.1.fasta	1788094240	337
Step_Outputs/Phase1/Phase1B/Filtered_Stability/Mpox_L1R_Var_02_XYA10566.1.fasta	1788094240	337
Step_Outputs/Phase1/Phase1B/Filtered_Stability/Mpox_L1R_Var_03_XEX45268.1.fasta	1788094240	337
Step_Outputs/Phase1/Phase1B/Filtered_Stability/Mpox_L1R_Var_04_WMB89274.1.fasta	1788094240	337
Step_Outputs/Phase1/Phase1B/Filtered_Stability/Mpox_L1R_Var_05_XYH50751.1.fasta	1788094240	337
Step_Outputs/Phase1/Phase1B/Filtered_Stability/Mpox_L1R_Var_06_XEX43928.1.fasta	1788094240	337
Step_Outputs/Phase1/Phase1B/Filtered_Stability/Mpox_L1R_Var_07_WCS91417.1.fasta	1788094240	337
Step_Outputs/Phase1/Phase1B/Filtered_Stability/Mpox_L1R_Var_08_XEX15305.1.fasta	1788094240	337
Step_Outputs/Phase1/Phase1B/Filtered_Stability/Mpox_L1R_Var_09_WDR64122.1.fasta	1788094240	337
Step_Outputs/Phase1/Phase1B/Filtered_Stability/Mpox_L1R_Var_10_WHP54173.1.fasta	1788094240	341
Step_Outputs/Phase1/Phase1B/Filtered_Stability/Mpox_L1R_Var_11_XEX14969.1.fasta	1788094240	344
Step_Outputs/Phase1/Phase1B/Filtered_Stability/Mpox_L1R_Var_12_XEX18485.1.fasta	1788094240	340
Step_Outputs/Phase1/Phase1B/Filtered_Stability/Mpox_L1R_Var_13_XBU14245.1.fasta	1788094240	342
Step_Outputs/Phase1/Phase1B/Filtered_Stability/Mpox_L1R_Var_14_XHC56541.1.fasta	1788094240	345
Step_Outputs/Phase1/Phase1B/Filtered_Stability/Mpox_L1R_Var_15_UTZ19597.1.fasta	1788094240	337
Step_Outputs/Phase1/Phase1B/Filtered_Stability/Mpox_L1R_Var_16_UUW22440.1.fasta	1788094240	337
Step_Outputs/Phase1/Phase1B/Filtered_Stability/Mpox_L1R_Var_17_XSF39763.1.fasta	1788094240	337
Step_Outputs/Phase1/Phase1B/Filtered_Stability/Mpox_L1R_Var_18_WDY77164.1.fasta	1788094240	337
Step_Outputs/Phase1/Phase1B/Filtered_Stability/Mpox_L1R_Var_19_XEX41419.1.fasta	1788094240	337
Step_Outputs/Phase1/Phase1B/Filtered_Stability/Mpox_L1R_Var_20_WVH08125.1.fasta	1788094240	335
Step_Outputs/Phase1/Phase1B/Filtered_Stability/Mpox_L1R_Var_21_XEX05742.1.fasta	1788094240	335
Step_Outputs/Phase1/Phase1B/Filtered_Stability/Phase1B_Filtered_Stable_2026-08-30_2050.csv	1788094240	13166
Step_Outputs/Phase1/Phase1B/Raw_Stability/Phase1B_Raw_Full_2026-08-30_2050.csv	1788094240	13166
Step_Outputs/Phase1/Phase1C/.DS_Store	1788763568	6148
Step_Outputs/Phase1/Phase1C/Disagreements/Phase1C_Disagreements_2026-08-30_2104.csv	1788095056	2281
Step_Outputs/Phase1/Phase1C/Filtered_Antigenicity/HIV_gp120_Var_01_AXP14231.1.fasta	1788095048	500
Step_Outputs/Phase1/Phase1C/Filtered_Antigenicity/HIV_gp120_Var_02_AFV34432.1.fasta	1788095048	506
Step_Outputs/Phase1/Phase1C/Filtered_Antigenicity/HIV_gp120_Var_03_QRC49169.1.fasta	1788095048	504
Step_Outputs/Phase1/Phase1C/Filtered_Antigenicity/HIV_gp120_Var_04_QGV15582.1.fasta	1788095048	505
Step_Outputs/Phase1/Phase1C/Filtered_Antigenicity/HIV_gp120_Var_05_XKC16435.1.fasta	1788095048	503
Step_Outputs/Phase1/Phase1C/Filtered_Antigenicity/HIV_gp120_Var_06_WMD30114.1.fasta	1788095048	523
Step_Outputs/Phase1/Phase1C/Filtered_Antigenicity/HIV_gp120_Var_07_XPO03727.1.fasta	1788095049	510
Step_Outputs/Phase1/Phase1C/Filtered_Antigenicity/HIV_gp120_Var_08_AFU27265.1.fasta	1788095049	520
Step_Outputs/Phase1/Phase1C/Filtered_Antigenicity/HIV_gp120_Var_09_UMQ71371.1.fasta	1788095049	503
Step_Outputs/Phase1/Phase1C/Filtered_Antigenicity/HIV_gp120_Var_10_QIX05989.1.fasta	1788095049	521
Step_Outputs/Phase1/Phase1C/Filtered_Antigenicity/HIV_gp120_Var_11_UBW87652.1.fasta	1788095049	519
Step_Outputs/Phase1/Phase1C/Filtered_Antigenicity/HIV_gp120_Var_12_QIX05460.1.fasta	1788095049	511
Step_Outputs/Phase1/Phase1C/Filtered_Antigenicity/HIV_gp120_Var_13_AFU31404.1.fasta	1788095049	518
Step_Outputs/Phase1/Phase1C/Filtered_Antigenicity/HIV_gp120_Var_14_UBW85602.1.fasta	1788095049	505
Step_Outputs/Phase1/Phase1C/Filtered_Antigenicity/HIV_gp120_Var_15_QIX06234.1.fasta	1788095049	505
Step_Outputs/Phase1/Phase1C/Filtered_Antigenicity/HIV_gp120_Var_16_AFU29819.1.fasta	1788095049	504
Step_Outputs/Phase1/Phase1C/Filtered_Antigenicity/HIV_gp120_Var_17_UMQ72542.1.fasta	1788095049	517
Step_Outputs/Phase1/Phase1C/Filtered_Antigenicity/HIV_gp120_Var_18_AMQ63183.1.fasta	1788095049	508
Step_Outputs/Phase1/Phase1C/Filtered_Antigenicity/HIV_gp120_Var_19_AHN16434.1.fasta	1788095049	504
Step_Outputs/Phase1/Phase1C/Filtered_Antigenicity/HIV_gp120_Var_20_UBW83035.1.fasta	1788095050	503
Step_Outputs/Phase1/Phase1C/Filtered_Antigenicity/HIV_gp120_Var_21_UBW87851.1.fasta	1788095050	508
Step_Outputs/Phase1/Phase1C/Filtered_Antigenicity/HIV_gp120_Var_22_AFR42744.1.fasta	1788095050	512
Step_Outputs/Phase1/Phase1C/Filtered_Antigenicity/HIV_gp120_Var_23_AMQ63332.1.fasta	1788095050	497
Step_Outputs/Phase1/Phase1C/Filtered_Antigenicity/HIV_gp120_Var_24_QAB37601.1.fasta	1788095050	507
Step_Outputs/Phase1/Phase1C/Filtered_Antigenicity/HIV_gp120_Var_25_UMQ71839.1.fasta	1788095050	516
Step_Outputs/Phase1/Phase1C/Filtered_Antigenicity/HIV_gp120_Var_26_ADU04884.1.fasta	1788095050	502
Step_Outputs/Phase1/Phase1C/Filtered_Antigenicity/HIV_gp120_Var_27_UBW82422.1.fasta	1788095050	525
Step_Outputs/Phase1/Phase1C/Filtered_Antigenicity/HIV_gp120_Var_28_ATW67223.1.fasta	1788095050	511
Step_Outputs/Phase1/Phase1C/Filtered_Antigenicity/HIV_gp120_Var_29_UBW85812.1.fasta	1788095050	504
Step_Outputs/Phase1/Phase1C/Filtered_Antigenicity/HIV_gp120_Var_30_QAB37192.1.fasta	1788095050	500
Step_Outputs/Phase1/Phase1C/Filtered_Antigenicity/HIV_gp41_Var_01_QAB37996.1.fasta	1788095050	381
Step_Outputs/Phase1/Phase1C/Filtered_Antigenicity/HIV_gp41_Var_02_QGV15582.1.fasta	1788095050	374
Step_Outputs/Phase1/Phase1C/Filtered_Antigenicity/HIV_gp41_Var_03_QRC49169.1.fasta	1788095050	377
Step_Outputs/Phase1/Phase1C/Filtered_Antigenicity/HIV_gp41_Var_04_AFV34432.1.fasta	1788095051	381
Step_Outputs/Phase1/Phase1C/Filtered_Antigenicity/HIV_gp41_Var_05_XKC16435.1.fasta	1788095051	381
Step_Outputs/Phase1/Phase1C/Filtered_Antigenicity/HIV_gp41_Var_06_QIX06234.1.fasta	1788095051	381
Step_Outputs/Phase1/Phase1C/Filtered_Antigenicity/HIV_gp41_Var_07_QIC93331.1.fasta	1788095051	374
Step_Outputs/Phase1/Phase1C/Filtered_Antigenicity/HIV_gp41_Var_08_UBW86827.1.fasta	1788095051	374
Step_Outputs/Phase1/Phase1C/Filtered_Antigenicity/HIV_gp41_Var_09_UBW83425.1.fasta	1788095051	381
Step_Outputs/Phase1/Phase1C/Filtered_Antigenicity/HIV_gp41_Var_10_AFU27265.1.fasta	1788095051	381
Step_Outputs/Phase1/Phase1C/Filtered_Antigenicity/HIV_gp41_Var_11_UBW82422.1.fasta	1788095051	381
Step_Outputs/Phase1/Phase1C/Filtered_Antigenicity/HIV_gp41_Var_12_XPO03727.1.fasta	1788095051	378
Step_Outputs/Phase1/Phase1C/Filtered_Antigenicity/HIV_gp41_Var_13_UMQ72343.1.fasta	1788095051	381
Step_Outputs/Phase1/Phase1C/Filtered_Antigenicity/HIV_gp41_Var_14_UBW82834.1.fasta	1788095051	381
Step_Outputs/Phase1/Phase1C/Filtered_Antigenicity/HIV_gp41_Var_15_AFU31404.1.fasta	1788095051	382
Step_Outputs/Phase1/Phase1C/Filtered_Antigenicity/HIV_gp41_Var_16_UBW87031.1.fasta	1788095051	381
Step_Outputs/Phase1/Phase1C/Filtered_Antigenicity/HIV_gp41_Var_17_UMQ70433.1.fasta	1788095051	381
Step_Outputs/Phase1/Phase1C/Filtered_Antigenicity/HIV_gp41_Var_18_WMD30114.1.fasta	1788095051	381
Step_Outputs/Phase1/Phase1C/Filtered_Antigenicity/HIV_gp41_Var_19_UMQ71839.1.fasta	1788095051	381
Step_Outputs/Phase1/Phase1C/Filtered_Antigenicity/HIV_gp41_Var_20_UBW88050.1.fasta	1788095051	374
Step_Outputs/Phase1/Phase1C/Filtered_Antigenicity/HIV_gp41_Var_21_AVP73563.1.fasta	1788095051	381
Step_Outputs/Phase1/Phase1C/Filtered_Antigenicity/HIV_gp41_Var_22_AFU32842.1.fasta	1788095051	381
Step_Outputs/Phase1/Phase1C/Filtered_Antigenicity/HIV_gp41_Var_23_QIX05989.1.fasta	1788095051	375
Step_Outputs/Phase1/Phase1C/Filtered_Antigenicity/HIV_gp41_Var_24_AYM47111.1.fasta	1788095051	377
Step_Outputs/Phase1/Phase1C/Filtered_Antigenicity/HIV_gp41_Var_25_AMQ63183.1.fasta	1788095052	381
Step_Outputs/Phase1/Phase1C/Filtered_Antigenicity/HIV_gp41_Var_26_UBW85202.1.fasta	1788095052	381
Step_Outputs/Phase1/Phase1C/Filtered_Antigenicity/HIV_gp41_Var_27_UBW87448.1.fasta	1788095052	382
Step_Outputs/Phase1/Phase1C/Filtered_Antigenicity/HIV_gp41_Var_28_WDY92899.1.fasta	1788095052	381
Step_Outputs/Phase1/Phase1C/Filtered_Antigenicity/HIV_gp41_Var_29_AIS43912.1.fasta	1788095052	381
Step_Outputs/Phase1/Phase1C/Filtered_Antigenicity/HIV_gp41_Var_30_QGV14251.1.fasta	1788095052	377
Step_Outputs/Phase1/Phase1C/Filtered_Antigenicity/HIV_p17_Var_01_QID00154.1.fasta	1788095052	159
Step_Outputs/Phase1/Phase1C/Filtered_Antigenicity/HIV_p17_Var_02_ACH99177.1.fasta	1788095052	155
Step_Outputs/Phase1/Phase1C/Filtered_Antigenicity/HIV_p17_Var_03_QGV15380.1.fasta	1788095052	160
Step_Outputs/Phase1/Phase1C/Filtered_Antigenicity/HIV_p17_Var_04_QJE62256.1.fasta	1788095052	159
Step_Outputs/Phase1/Phase1C/Filtered_Antigenicity/HIV_p17_Var_05_UDP22692.1.fasta	1788095052	158
Step_Outputs/Phase1/Phase1C/Filtered_Antigenicity/HIV_p17_Var_06_ASM59364.1.fasta	1788095052	159
Step_Outputs/Phase1/Phase1C/Filtered_Antigenicity/HIV_p17_Var_07_QIC95607.1.fasta	1788095052	159
Step_Outputs/Phase1/Phase1C/Filtered_Antigenicity/HIV_p17_Var_08_AFU26093.1.fasta	1788095052	159
Step_Outputs/Phase1/Phase1C/Filtered_Antigenicity/HIV_p17_Var_09_QIC96180.1.fasta	1788095052	156
Step_Outputs/Phase1/Phase1C/Filtered_Antigenicity/HIV_p17_Var_10_AFU32291.1.fasta	1788095052	159
Step_Outputs/Phase1/Phase1C/Filtered_Antigenicity/HIV_p17_Var_11_AXR99486.1.fasta	1788095052	156
Step_Outputs/Phase1/Phase1C/Filtered_Antigenicity/HIV_p17_Var_12_AFN81319.1.fasta	1788095052	155
Step_Outputs/Phase1/Phase1C/Filtered_Antigenicity/HIV_p17_Var_13_QIX06459.1.fasta	1788095052	159
Step_Outputs/Phase1/Phase1C/Filtered_Antigenicity/HIV_p17_Var_14_AFU28327.1.fasta	1788095052	159
Step_Outputs/Phase1/Phase1C/Filtered_Antigenicity/HIV_p17_Var_15_ABD04289.1.fasta	1788095052	164
Step_Outputs/Phase1/Phase1C/Filtered_Antigenicity/HIV_p17_Var_16_AEZ35907.1.fasta	1788095052	159
Step_Outputs/Phase1/Phase1C/Filtered_Antigenicity/HIV_p17_Var_17_QIC99563.1.fasta	1788095052	159
Step_Outputs/Phase1/Phase1C/Filtered_Antigenicity/HIV_p17_Var_18_QIC99916.1.fasta	1788095052	157
Step_Outputs/Phase1/Phase1C/Filtered_Antigenicity/HIV_p17_Var_19_AXP13305.1.fasta	1788095052	159
Step_Outputs/Phase1/Phase1C/Filtered_Antigenicity/HIV_p17_Var_20_YFN08105.1.fasta	1788095052	159
Step_Outputs/Phase1/Phase1C/Filtered_Antigenicity/HIV_p17_Var_21_AFU32525.1.fasta	1788095052	159
Step_Outputs/Phase1/Phase1C/Filtered_Antigenicity/HIV_p17_Var_22_AKN89917.1.fasta	1788095052	156
Step_Outputs/Phase1/Phase1C/Filtered_Antigenicity/HIV_p17_Var_23_QAB36255.1.fasta	1788095052	159
Step_Outputs/Phase1/Phase1C/Filtered_Antigenicity/HIV_p17_Var_24_AFU33753.1.fasta	1788095052	159
Step_Outputs/Phase1/Phase1C/Filtered_Antigenicity/HIV_p17_Var_25_XFC51684.1.fasta	1788095052	161
Step_Outputs/Phase1/Phase1C/Filtered_Antigenicity/HIV_p17_Var_26_QAB36020.1.fasta	1788095052	159
Step_Outputs/Phase1/Phase1C/Filtered_Antigenicity/HIV_p17_Var_27_AFU28675.1.fasta	1788095052	159
Step_Outputs/Phase1/Phase1C/Filtered_Antigenicity/HIV_p17_Var_28_WMD30065.1.fasta	1788095052	162
Step_Outputs/Phase1/Phase1C/Filtered_Antigenicity/HIV_p17_Var_29_AFU27899.1.fasta	1788095052	159
Step_Outputs/Phase1/Phase1C/Filtered_Antigenicity/HIV_p17_Var_30_AFU26915.1.fasta	1788095052	159
Step_Outputs/Phase1/Phase1C/Filtered_Antigenicity/HIV_p24_Var_01_AFU33511.1.fasta	1788095052	259
Step_Outputs/Phase1/Phase1C/Filtered_Antigenicity/HIV_p24_Var_02_AKN89917.1.fasta	1788095052	259
Step_Outputs/Phase1/Phase1C/Filtered_Antigenicity/HIV_p24_Var_03_QJE62256.1.fasta	1788095053	259
Step_Outputs/Phase1/Phase1C/Filtered_Antigenicity/HIV_p24_Var_04_AZB80127.1.fasta	1788095053	259
Step_Outputs/Phase1/Phase1C/Filtered_Antigenicity/HIV_p24_Var_05_AEZ35406.1.fasta	1788095053	259
Step_Outputs/Phase1/Phase1C/Filtered_Antigenicity/HIV_p24_Var_06_XPO04964.1.fasta	1788095053	259
Step_Outputs/Phase1/Phase1C/Filtered_Antigenicity/HIV_p24_Var_07_AFN81319.1.fasta	1788095053	259
Step_Outputs/Phase1/Phase1C/Filtered_Antigenicity/HIV_p24_Var_08_AEZ35352.1.fasta	1788095053	259
Step_Outputs/Phase1/Phase1C/Filtered_Antigenicity/HIV_p24_Var_09_AXR99486.1.fasta	1788095053	259
Step_Outputs/Phase1/Phase1C/Filtered_Antigenicity/HIV_p24_Var_10_UDP23202.1.fasta	1788095053	259
Step_Outputs/Phase1/Phase1C/Filtered_Antigenicity/HIV_p24_Var_11_AEZ51323.1.fasta	1788095053	259
Step_Outputs/Phase1/Phase1C/Filtered_Antigenicity/HIV_p24_Var_12_BAT33730.1.fasta	1788095053	259
Step_Outputs/Phase1/Phase1C/Filtered_Antigenicity/HIV_p24_Var_13_QIC95607.1.fasta	1788095053	259
Step_Outputs/Phase1/Phase1C/Filtered_Antigenicity/HIV_p24_Var_14_UDP22692.1.fasta	1788095053	259
Step_Outputs/Phase1/Phase1C/Filtered_Antigenicity/HIV_p24_Var_15_ASM59127.1.fasta	1788095053	259
Step_Outputs/Phase1/Phase1C/Filtered_Antigenicity/HIV_p24_Var_16_QAB36905.1.fasta	1788095053	259
Step_Outputs/Phase1/Phase1C/Filtered_Antigenicity/HIV_p24_Var_17_QAB36479.1.fasta	1788095053	259
Step_Outputs/Phase1/Phase1C/Filtered_Antigenicity/HIV_p24_Var_18_WVT29333.1.fasta	1788095053	259
Step_Outputs/Phase1/Phase1C/Filtered_Antigenicity/HIV_p24_Var_19_AIY24491.1.fasta	1788095053	259
Step_Outputs/Phase1/Phase1C/Filtered_Antigenicity/HIV_p24_Var_20_AFU26093.1.fasta	1788095053	259
Step_Outputs/Phase1/Phase1C/Filtered_Antigenicity/HIV_p24_Var_21_AFU29402.1.fasta	1788095053	259
Step_Outputs/Phase1/Phase1C/Filtered_Antigenicity/HIV_p24_Var_22_QNG98205.1.fasta	1788095053	259
Step_Outputs/Phase1/Phase1C/Filtered_Antigenicity/HIV_p24_Var_23_AXP13305.1.fasta	1788095053	259
Step_Outputs/Phase1/Phase1C/Filtered_Antigenicity/HIV_p24_Var_24_AFU28090.1.fasta	1788095053	259
Step_Outputs/Phase1/Phase1C/Filtered_Antigenicity/HIV_p24_Var_25_AHC29697.1.fasta	1788095053	259
Step_Outputs/Phase1/Phase1C/Filtered_Antigenicity/HIV_p24_Var_26_ARA72373.1.fasta	1788095053	259
Step_Outputs/Phase1/Phase1C/Filtered_Antigenicity/HIV_p24_Var_27_QGV15380.1.fasta	1788095053	259
Step_Outputs/Phase1/Phase1C/Filtered_Antigenicity/HIV_p24_Var_28_UMQ69966.2.fasta	1788095053	259
Step_Outputs/Phase1/Phase1C/Filtered_Antigenicity/HIV_p24_Var_29_AFU30498.1.fasta	1788095053	259
Step_Outputs/Phase1/Phase1C/Filtered_Antigenicity/HIV_p24_Var_30_QIX06459.1.fasta	1788095053	259
Step_Outputs/Phase1/Phase1C/Filtered_Antigenicity/Mpox_A35R_Var_01_YGB80085.1.fasta	1788095053	211
Step_Outputs/Phase1/Phase1C/Filtered_Antigenicity/Mpox_A35R_Var_02_YFT67491.1.fasta	1788095053	211
Step_Outputs/Phase1/Phase1C/Filtered_Antigenicity/Mpox_A35R_Var_03_XPA18444.1.fasta	1788095053	211
Step_Outputs/Phase1/Phase1C/Filtered_Antigenicity/Mpox_A35R_Var_04_YDB03291.1.fasta	1788095053	211
Step_Outputs/Phase1/Phase1C/Filtered_Antigenicity/Mpox_A35R_Var_05_YCG62894.1.fasta	1788095053	211
Step_Outputs/Phase1/Phase1C/Filtered_Antigenicity/Mpox_A35R_Var_06_XEX31249.1.fasta	1788095054	211
Step_Outputs/Phase1/Phase1C/Filtered_Antigenicity/Mpox_A35R_Var_07_XEO29617.1.fasta	1788095054	211
Step_Outputs/Phase1/Phase1C/Filtered_Antigenicity/Mpox_A35R_Var_08_WDR55323.1.fasta	1788095054	211
Step_Outputs/Phase1/Phase1C/Filtered_Antigenicity/Mpox_A35R_Var_09_XNX19922.1.fasta	1788095054	211
Step_Outputs/Phase1/Phase1C/Filtered_Antigenicity/Mpox_A35R_Var_10_YFI67686.1.fasta	1788095054	211
Step_Outputs/Phase1/Phase1C/Filtered_Antigenicity/Mpox_A35R_Var_11_UXY84798.1.fasta	1788095054	211
Step_Outputs/Phase1/Phase1C/Filtered_Antigenicity/Mpox_A35R_Var_12_XEX34609.1.fasta	1788095054	200
Step_Outputs/Phase1/Phase1C/Filtered_Antigenicity/Mpox_A35R_Var_13_XCI57720.1.fasta	1788095054	211
Step_Outputs/Phase1/Phase1C/Filtered_Antigenicity/Mpox_A35R_Var_14_UXL69934.1.fasta	1788095054	211
Step_Outputs/Phase1/Phase1C/Filtered_Antigenicity/Mpox_A35R_Var_15_WZB43812.1.fasta	1788095054	203
Step_Outputs/Phase1/Phase1C/Filtered_Antigenicity/Mpox_A35R_Var_16_XOL55170.1.fasta	1788095054	211
Step_Outputs/Phase1/Phase1C/Filtered_Antigenicity/Mpox_A35R_Var_17_XEX61452.1.fasta	1788095054	211
Step_Outputs/Phase1/Phase1C/Filtered_Antigenicity/Mpox_A35R_Var_18_WPD90593.1.fasta	1788095054	211
Step_Outputs/Phase1/Phase1C/Filtered_Antigenicity/Mpox_A35R_Var_19_XYA25057.1.fasta	1788095054	211
Step_Outputs/Phase1/Phase1C/Filtered_Antigenicity/Mpox_A35R_Var_20_NP_536572.1.fasta	1788095054	212
Step_Outputs/Phase1/Phase1C/Filtered_Antigenicity/Mpox_A35R_Var_21_XEX24427.1.fasta	1788095054	211
Step_Outputs/Phase1/Phase1C/Filtered_Antigenicity/Mpox_A35R_Var_22_YBX69776.1.fasta	1788095054	208
Step_Outputs/Phase1/Phase1C/Filtered_Antigenicity/Mpox_A35R_Var_23_XEX38983.1.fasta	1788095054	202
Step_Outputs/Phase1/Phase1C/Filtered_Antigenicity/Mpox_B5R_Var_01_YFT67509.1.fasta	1788095054	346
Step_Outputs/Phase1/Phase1C/Filtered_Antigenicity/Mpox_B5R_Var_02_XBH37476.1.fasta	1788095054	346
Step_Outputs/Phase1/Phase1C/Filtered_Antigenicity/Mpox_B5R_Var_03_XIF87325.1.fasta	1788095054	329
Step_Outputs/Phase1/Phase1C/Filtered_Antigenicity/Mpox_B5R_Var_04_XBH42952.1.fasta	1788095054	346
Step_Outputs/Phase1/Phase1C/Filtered_Antigenicity/Mpox_B5R_Var_05_XBH37124.1.fasta	1788095054	346
Step_Outputs/Phase1/Phase1C/Filtered_Antigenicity/Mpox_B5R_Var_06_XYA27940.1.fasta	1788095054	346
Step_Outputs/Phase1/Phase1C/Filtered_Antigenicity/Mpox_B5R_Var_07_YDH68289.1.fasta	1788095054	346
Step_Outputs/Phase1/Phase1C/Filtered_Antigenicity/Mpox_B5R_Var_08_XBH42043.1.fasta	1788095054	346
Step_Outputs/Phase1/Phase1C/Filtered_Antigenicity/Mpox_B5R_Var_09_UVF73928.1.fasta	1788095054	331
Step_Outputs/Phase1/Phase1C/Filtered_Antigenicity/Mpox_B5R_Var_10_XYR87323.1.fasta	1788095054	346
Step_Outputs/Phase1/Phase1C/Filtered_Antigenicity/Mpox_B5R_Var_11_XYA03408.1.fasta	1788095054	346
Step_Outputs/Phase1/Phase1C/Filtered_Antigenicity/Mpox_B5R_Var_12_YGB80106.1.fasta	1788095054	346
Step_Outputs/Phase1/Phase1C/Filtered_Antigenicity/Mpox_B5R_Var_13_XEX49068.1.fasta	1788095054	346
Step_Outputs/Phase1/Phase1C/Filtered_Antigenicity/Mpox_B5R_Var_14_XEX31267.1.fasta	1788095055	346
Step_Outputs/Phase1/Phase1C/Filtered_Antigenicity/Mpox_B5R_Var_15_UXP56267.1.fasta	1788095055	346
Step_Outputs/Phase1/Phase1C/Filtered_Antigenicity/Mpox_B5R_Var_16_XIF86968.1.fasta	1788095055	346
Step_Outputs/Phase1/Phase1C/Filtered_Antigenicity/Mpox_B5R_Var_17_BFV54706.1.fasta	1788095055	346
Step_Outputs/Phase1/Phase1C/Filtered_Antigenicity/Mpox_B5R_Var_18_WDP53175.1.fasta	1788095055	346
Step_Outputs/Phase1/Phase1C/Filtered_Antigenicity/Mpox_B5R_Var_19_XDC02371.1.fasta	1788095055	346
Step_Outputs/Phase1/Phase1C/Filtered_Antigenicity/Mpox_B5R_Var_20_XYA04115.1.fasta	1788095055	346
Step_Outputs/Phase1/Phase1C/Filtered_Antigenicity/Mpox_B5R_Var_21_XKU46019.1.fasta	1788095055	346
Step_Outputs/Phase1/Phase1C/Filtered_Antigenicity/Mpox_B5R_Var_22_XEX43843.1.fasta	1788095055	346
Step_Outputs/Phase1/Phase1C/Filtered_Antigenicity/Mpox_B5R_Var_23_WDP32808.1.fasta	1788095055	346
Step_Outputs/Phase1/Phase1C/Filtered_Antigenicity/Mpox_B5R_Var_24_XBH42219.1.fasta	1788095055	346
Step_Outputs/Phase1/Phase1C/Filtered_Antigenicity/Mpox_B5R_Var_25_WDR58878.1.fasta	1788095055	346
Step_Outputs/Phase1/Phase1C/Filtered_Antigenicity/Mpox_B5R_Var_26_UXL78092.1.fasta	1788095055	346
Step_Outputs/Phase1/Phase1C/Filtered_Antigenicity/Mpox_B5R_Var_27_UZV11444.1.fasta	1788095055	346
Step_Outputs/Phase1/Phase1C/Filtered_Antigenicity/Mpox_B5R_Var_28_YDS69278.1.fasta	1788095055	346
Step_Outputs/Phase1/Phase1C/Filtered_Antigenicity/Mpox_B5R_Var_29_XYW47977.1.fasta	1788095055	346
Step_Outputs/Phase1/Phase1C/Filtered_Antigenicity/Mpox_B5R_Var_30_YBX66761.1.fasta	1788095055	346
Step_Outputs/Phase1/Phase1C/Filtered_Antigenicity/Mpox_L1R_Var_01_YGB80020.1.fasta	1788095055	279
Step_Outputs/Phase1/Phase1C/Filtered_Antigenicity/Mpox_L1R_Var_02_XYA10566.1.fasta	1788095055	279
Step_Outputs/Phase1/Phase1C/Filtered_Antigenicity/Mpox_L1R_Var_03_XEX45268.1.fasta	1788095055	279
Step_Outputs/Phase1/Phase1C/Filtered_Antigenicity/Mpox_L1R_Var_04_WMB89274.1.fasta	1788095055	279
Step_Outputs/Phase1/Phase1C/Filtered_Antigenicity/Mpox_L1R_Var_05_XYH50751.1.fasta	1788095055	279
Step_Outputs/Phase1/Phase1C/Filtered_Antigenicity/Mpox_L1R_Var_06_XEX43928.1.fasta	1788095055	279
Step_Outputs/Phase1/Phase1C/Filtered_Antigenicity/Mpox_L1R_Var_07_WCS91417.1.fasta	1788095055	279
Step_Outputs/Phase1/Phase1C/Filtered_Antigenicity/Mpox_L1R_Var_08_XEX15305.1.fasta	1788095056	279
Step_Outputs/Phase1/Phase1C/Filtered_Antigenicity/Mpox_L1R_Var_09_WDR64122.1.fasta	1788095056	279
Step_Outputs/Phase1/Phase1C/Filtered_Antigenicity/Mpox_L1R_Var_10_WHP54173.1.fasta	1788095056	274
Step_Outputs/Phase1/Phase1C/Filtered_Antigenicity/Mpox_L1R_Var_11_XEX14969.1.fasta	1788095056	277
Step_Outputs/Phase1/Phase1C/Filtered_Antigenicity/Mpox_L1R_Var_12_XEX18485.1.fasta	1788095056	273
Step_Outputs/Phase1/Phase1C/Filtered_Antigenicity/Mpox_L1R_Var_13_XBU14245.1.fasta	1788095056	275
Step_Outputs/Phase1/Phase1C/Filtered_Antigenicity/Mpox_L1R_Var_14_XHC56541.1.fasta	1788095056	278
Step_Outputs/Phase1/Phase1C/Filtered_Antigenicity/Mpox_L1R_Var_15_UTZ19597.1.fasta	1788095056	279
Step_Outputs/Phase1/Phase1C/Filtered_Antigenicity/Mpox_L1R_Var_16_UUW22440.1.fasta	1788095056	279
Step_Outputs/Phase1/Phase1C/Filtered_Antigenicity/Mpox_L1R_Var_17_XSF39763.1.fasta	1788095056	279
Step_Outputs/Phase1/Phase1C/Filtered_Antigenicity/Mpox_L1R_Var_18_WDY77164.1.fasta	1788095056	279
Step_Outputs/Phase1/Phase1C/Filtered_Antigenicity/Mpox_L1R_Var_19_XEX41419.1.fasta	1788095056	270
Step_Outputs/Phase1/Phase1C/Filtered_Antigenicity/Mpox_L1R_Var_20_WVH08125.1.fasta	1788095056	269
Step_Outputs/Phase1/Phase1C/Filtered_Antigenicity/Mpox_L1R_Var_21_XEX05742.1.fasta	1788095056	269
Step_Outputs/Phase1/Phase1C/Raw/Phase1C_Raw_2026-08-30_2104.csv	1788095056	14716
Step_Outputs/Phase1/Phase1D/.DS_Store	1788874980	8196
Step_Outputs/Phase1/Phase1D/Phase1Da/Phase1Da_Master_Library_2026-08-30_2107.csv	1788095264	14564651
Step_Outputs/Phase1/Phase1D/Phase1Db/.DS_Store	1788763568	6148
Step_Outputs/Phase1/Phase1D/Phase1Db/Phase1Db_Elite_20260831_0501.csv	1788123661	4085593
Step_Outputs/Phase1/Phase1D/Phase1Db/_superseded/Phase1Db_Elite_20260830_2354.csv	1788105244	3658343
Step_Outputs/Phase1/Phase1D/Phase1Db/_superseded/Phase1Db_Elite_20260831_0405.csv	1788120304	3711584
Step_Outputs/Phase1/Phase1D/Phase1Db/_superseded/Phase1Db_Elite_20260831_0438.csv	1788122330	3852002
Step_Outputs/Phase1/Phase1D/Phase1Db/_tool_runs/iedb_cache/bcell_04c8f2aa62b79158fa4dd1a90a7bebb0.txt	1788104719	3424
Step_Outputs/Phase1/Phase1D/Phase1Db/_tool_runs/iedb_cache/bcell_05adbc1db9c0bd7f53b07563f150c9b7.txt	1788101865	3158
Step_Outputs/Phase1/Phase1D/Phase1Db/_tool_runs/iedb_cache/bcell_0606f100c38ecd255029d0bbcefe528f.txt	1788100305	1758
Step_Outputs/Phase1/Phase1D/Phase1Db/_tool_runs/iedb_cache/bcell_0828518282d32bd550a67aca4976005f.txt	1788096298	6658
Step_Outputs/Phase1/Phase1D/Phase1Db/_tool_runs/iedb_cache/bcell_0829e0cfa617f62cd0c0035543c90efe.txt	1788104998	3410
Step_Outputs/Phase1/Phase1D/Phase1Db/_tool_runs/iedb_cache/bcell_0949a0ed5404067b0bd79cc091445817.txt	1788098350	4852
Step_Outputs/Phase1/Phase1D/Phase1Db/_tool_runs/iedb_cache/bcell_0a57bf5103971a3db77de2ac28fe8205.txt	1788095598	6588
Step_Outputs/Phase1/Phase1D/Phase1Db/_tool_runs/iedb_cache/bcell_0dab11acd6669fc7ac55bd4579907715.txt	1788105099	3424
Step_Outputs/Phase1/Phase1D/Phase1Db/_tool_runs/iedb_cache/bcell_0e2232a3913a7540371dfd9d203c7096.txt	1788099468	4852
Step_Outputs/Phase1/Phase1D/Phase1Db/_tool_runs/iedb_cache/bcell_0e8bbd0a409bf607ab14618be63386c6.txt	1788103996	4362
Step_Outputs/Phase1/Phase1D/Phase1Db/_tool_runs/iedb_cache/bcell_0f551dacd1cea0752c0682ce97e30e8a.txt	1788102750	2332
Step_Outputs/Phase1/Phase1D/Phase1Db/_tool_runs/iedb_cache/bcell_103a803658bf31134ffb428ae53b5a14.txt	1788100766	1758
Step_Outputs/Phase1/Phase1D/Phase1Db/_tool_runs/iedb_cache/bcell_11aebf92e113c92be4c655704fbd67eb.txt	1788100227	1716
Step_Outputs/Phase1/Phase1D/Phase1Db/_tool_runs/iedb_cache/bcell_11bcfb28a94977b82ca39d6222021c6d.txt	1788102796	4362
Step_Outputs/Phase1/Phase1D/Phase1Db/_tool_runs/iedb_cache/bcell_133a976496fd7c63497e335ddac76f0f.txt	1788099763	4852
Step_Outputs/Phase1/Phase1D/Phase1Db/_tool_runs/iedb_cache/bcell_13696d9584639ad630110357e1617da4.txt	1788095876	6826
Step_Outputs/Phase1/Phase1D/Phase1Db/_tool_runs/iedb_cache/bcell_13b9b3e7df0bb722c9e838db1dd27cc5.txt	1788098718	4754
Step_Outputs/Phase1/Phase1D/Phase1Db/_tool_runs/iedb_cache/bcell_150f0510998c7b2b6e9debada9d21c28.txt	1788103515	4362
Step_Outputs/Phase1/Phase1D/Phase1Db/_tool_runs/iedb_cache/bcell_1529a9978a3c53469cb49417a386c62e.txt	1788104860	3354
Step_Outputs/Phase1/Phase1D/Phase1Db/_tool_runs/iedb_cache/bcell_15bacdfa39a7d5ea03bc93dbe141c7de.txt	1788104752	3424
Step_Outputs/Phase1/Phase1D/Phase1Db/_tool_runs/iedb_cache/bcell_1ae1d171a249be3e5953adf3a84c6825.txt	1788103747	4362
Step_Outputs/Phase1/Phase1D/Phase1Db/_tool_runs/iedb_cache/bcell_1c6211e0924e128a67e267f89d282cb3.txt	1788097345	6672
Step_Outputs/Phase1/Phase1D/Phase1Db/_tool_runs/iedb_cache/bcell_1d41e9a6566d3621d5e55bdb8e45c650.txt	1788099413	4852
Step_Outputs/Phase1/Phase1D/Phase1Db/_tool_runs/iedb_cache/bcell_1efc4502b23cf7561841202be56cd33d.txt	1788101610	3158
Step_Outputs/Phase1/Phase1D/Phase1Db/_tool_runs/iedb_cache/bcell_1f6563ec2debe13242588f5e5e65a253.txt	1788100877	3158
Step_Outputs/Phase1/Phase1D/Phase1Db/_tool_runs/iedb_cache/bcell_1f80555dea7ff911ff70c9987e8bfc45.txt	1788101059	3158
Step_Outputs/Phase1/Phase1D/Phase1Db/_tool_runs/iedb_cache/bcell_21045809eaee080402b49afac3d2cba1.txt	1788100486	1758
Step_Outputs/Phase1/Phase1D/Phase1Db/_tool_runs/iedb_cache/bcell_21421fbef39f19b9305574b00cbed550.txt	1788099361	4754
Step_Outputs/Phase1/Phase1D/Phase1Db/_tool_runs/iedb_cache/bcell_214c133112eec2edfc89a597fd128bdd.txt	1788100048	1758
Step_Outputs/Phase1/Phase1D/Phase1Db/_tool_runs/iedb_cache/bcell_2247b7a357aae6c674829f590f5aef98.txt	1788100954	3158
Step_Outputs/Phase1/Phase1D/Phase1Db/_tool_runs/iedb_cache/bcell_2537baedfe51f2968c7ffbbe2c32b4b7.txt	1788097410	6462
Step_Outputs/Phase1/Phase1D/Phase1Db/_tool_runs/iedb_cache/bcell_2555c41931ac677573c926cbcad83816.txt	1788101940	3158
Step_Outputs/Phase1/Phase1D/Phase1Db/_tool_runs/iedb_cache/bcell_25873b5f4262e4b0da2976210b1f2b49.txt	1788104102	4362
Step_Outputs/Phase1/Phase1D/Phase1Db/_tool_runs/iedb_cache/bcell_2606473e66e4cc3a8abeb81f780cc4dc.txt	1788103700	4362
Step_Outputs/Phase1/Phase1D/Phase1Db/_tool_runs/iedb_cache/bcell_2643c5845e85076d9d8d1a9ba563cf97.txt	1788101025	3158
Step_Outputs/Phase1/Phase1D/Phase1Db/_tool_runs/iedb_cache/bcell_26fe4483676aba921deab141da5854be.txt	1788101167	3158
Step_Outputs/Phase1/Phase1D/Phase1Db/_tool_runs/iedb_cache/bcell_28cdf5dc2fd40a06faac8f1998c6f1a0.txt	1788101132	3158
Step_Outputs/Phase1/Phase1D/Phase1Db/_tool_runs/iedb_cache/bcell_294f3a839d091cad4f9af629a0a554b3.txt	1788104893	3396
Step_Outputs/Phase1/Phase1D/Phase1Db/_tool_runs/iedb_cache/bcell_2b14f9c1000442cafc2e464ff31f7b6b.txt	1788100458	1758
Step_Outputs/Phase1/Phase1D/Phase1Db/_tool_runs/iedb_cache/bcell_2d478712e6a0493a907b2fb0d6dc75ec.txt	1788100510	1716
Step_Outputs/Phase1/Phase1D/Phase1Db/_tool_runs/iedb_cache/bcell_2dbdf2e49767bad6e65d6b6d797857b8.txt	1788102202	2458
Step_Outputs/Phase1/Phase1D/Phase1Db/_tool_runs/iedb_cache/bcell_337bdf73775372786e5fb0efe48b1192.txt	1788100918	3158
Step_Outputs/Phase1/Phase1D/Phase1Db/_tool_runs/iedb_cache/bcell_33b4b60e9fa366c7ca74829148347dbe.txt	1788098297	6504
Step_Outputs/Phase1/Phase1D/Phase1Db/_tool_runs/iedb_cache/bcell_346dc352012860827b9800e0c1ef56bf.txt	1788101390	3158
Step_Outputs/Phase1/Phase1D/Phase1Db/_tool_runs/iedb_cache/bcell_36355e52f23036e3dc8c12082b16a616.txt	1788095528	6504
Step_Outputs/Phase1/Phase1D/Phase1Db/_tool_runs/iedb_cache/bcell_3648bcd3a233ab24a10d78febb72d04e.txt	1788096502	6574
Step_Outputs/Phase1/Phase1D/Phase1Db/_tool_runs/iedb_cache/bcell_37a2ac4c1b04260bae225736dca8ff39.txt	1788100178	1716
Step_Outputs/Phase1/Phase1D/Phase1Db/_tool_runs/iedb_cache/bcell_3854c3af33ff4c98e257706986d72cb4.txt	1788104928	3340
Step_Outputs/Phase1/Phase1D/Phase1Db/_tool_runs/iedb_cache/bcell_3983dd888465db9ca2c7235a9373a57c.txt	1788099169	4852
Step_Outputs/Phase1/Phase1D/Phase1Db/_tool_runs/iedb_cache/bcell_3b16fa52a2712e088f013ecb7b45d05e.txt	1788104221	4362
Step_Outputs/Phase1/Phase1D/Phase1Db/_tool_runs/iedb_cache/bcell_3d1c2721073939e6bd04c872619b37c0.txt	1788100025	1772
Step_Outputs/Phase1/Phase1D/Phase1Db/_tool_runs/iedb_cache/bcell_3eacaa9e3d39c5715b65d51fb0ae73a6.txt	1788102630	2458
Step_Outputs/Phase1/Phase1D/Phase1Db/_tool_runs/iedb_cache/bcell_3ecd89e70fa5ec9621a4f9feeb6392d7.txt	1788102536	2458
Step_Outputs/Phase1/Phase1D/Phase1Db/_tool_runs/iedb_cache/bcell_3f29f631a7e1136337aa36e392834b92.txt	1788096711	6616
Step_Outputs/Phase1/Phase1D/Phase1Db/_tool_runs/iedb_cache/bcell_45cb12fb073bca4f9c8d9a924b54b73c.txt	1788105033	3424
Step_Outputs/Phase1/Phase1D/Phase1Db/_tool_runs/iedb_cache/bcell_4699c06d57c0cd67cdb7ea1de9e048f0.txt	1788095948	6644
Step_Outputs/Phase1/Phase1D/Phase1Db/_tool_runs/iedb_cache/bcell_4833839f097c4f43c341d393e143fd46.txt	1788104958	3368
Step_Outputs/Phase1/Phase1D/Phase1Db/_tool_runs/iedb_cache/bcell_4a5baa2c4e4700a40e9c9a7382b259ae.txt	1788101097	3158
Step_Outputs/Phase1/Phase1D/Phase1Db/_tool_runs/iedb_cache/bcell_4b5670b784b115b1ca777baf5389d51b.txt	1788104785	3424
Step_Outputs/Phase1/Phase1D/Phase1Db/_tool_runs/iedb_cache/bcell_4beed9d1f3f97b1b7db5bca63ad3fa51.txt	1788101754	3158
Step_Outputs/Phase1/Phase1D/Phase1Db/_tool_runs/iedb_cache/bcell_4c3b7c10b316f52442f25e91931b2101.txt	1788102038	2458
Step_Outputs/Phase1/Phase1D/Phase1Db/_tool_runs/iedb_cache/bcell_4cc16a14bddb20c0d5a0edb4f3063d64.txt	1788098227	6560
Step_Outputs/Phase1/Phase1D/Phase1Db/_tool_runs/iedb_cache/bcell_4e04fd4b273111feae418588c37c2f3c.txt	1788099121	4866
Step_Outputs/Phase1/Phase1D/Phase1Db/_tool_runs/iedb_cache/bcell_4ecab427a4c6c0861e0fde36586860a7.txt	1788099610	4852
Step_Outputs/Phase1/Phase1D/Phase1Db/_tool_runs/iedb_cache/bcell_4f6a90b1fd5dfde9eb6c129f8426ae3a.txt	1788098869	4852
Step_Outputs/Phase1/Phase1D/Phase1Db/_tool_runs/iedb_cache/bcell_4ff8d8ccae98a314ab3ff1bc3e12ece9.txt	1788104435	4362
Step_Outputs/Phase1/Phase1D/Phase1Db/_tool_runs/iedb_cache/bcell_5088f645221407f6c32f59afbdc6c9db.txt	1788104168	4362
Step_Outputs/Phase1/Phase1D/Phase1Db/_tool_runs/iedb_cache/bcell_50a0f146a19a04a4e8c6b812fc22dd38.txt	1788100989	3158
Step_Outputs/Phase1/Phase1D/Phase1Db/_tool_runs/iedb_cache/bcell_52b117f496718ff7afd9d16b023117f4.txt	1788099972	1758
Step_Outputs/Phase1/Phase1D/Phase1Db/_tool_runs/iedb_cache/bcell_5582d89e48cfe847a0c0077067e20a71.txt	1788098451	4796
Step_Outputs/Phase1/Phase1D/Phase1Db/_tool_runs/iedb_cache/bcell_565ae23f173372b17e7702adbac4ba94.txt	1788098054	6854
Step_Outputs/Phase1/Phase1D/Phase1Db/_tool_runs/iedb_cache/bcell_568f53b841d1684df44582f39b2d19a4.txt	1788099514	4768
Step_Outputs/Phase1/Phase1D/Phase1Db/_tool_runs/iedb_cache/bcell_59105ffb0a5d0ec25b9117b0426ddd67.txt	1788103797	4362
Step_Outputs/Phase1/Phase1D/Phase1Db/_tool_runs/iedb_cache/bcell_5a34d65f111d6fc35502fff5748a9e05.txt	1788104820	3424
Step_Outputs/Phase1/Phase1D/Phase1Db/_tool_runs/iedb_cache/bcell_5d9e132da5c6b06f86fa61e722ede4aa.txt	1788104551	3424
Step_Outputs/Phase1/Phase1D/Phase1Db/_tool_runs/iedb_cache/bcell_5e431e38df2d851c99c69158453f4a55.txt	1788097767	6602
Step_Outputs/Phase1/Phase1D/Phase1Db/_tool_runs/iedb_cache/bcell_60c341a98ea7a9737533e57a56d5b374.txt	1788100792	1758
Step_Outputs/Phase1/Phase1D/Phase1Db/_tool_runs/iedb_cache/bcell_6160f77a98f1f743a0b0c04ed9d5c104.txt	1788102388	2458
Step_Outputs/Phase1/Phase1D/Phase1Db/_tool_runs/iedb_cache/bcell_647c0957055df935ba330c07676fbabc.txt	1788103243	4152
Step_Outputs/Phase1/Phase1D/Phase1Db/_tool_runs/iedb_cache/bcell_65b2d651be5d632a24345475780c3600.txt	1788100333	1828
Step_Outputs/Phase1/Phase1D/Phase1Db/_tool_runs/iedb_cache/bcell_65c96a4dfc86cb5653085945bda24daa.txt	1788096436	6574
Step_Outputs/Phase1/Phase1D/Phase1Db/_tool_runs/iedb_cache/bcell_6602cfbb84fdf52efc49c229d67c6dca.txt	1788096571	6560
Step_Outputs/Phase1/Phase1D/Phase1Db/_tool_runs/iedb_cache/bcell_66c6c60706a8713d47293d8bb45f3605.txt	1788099713	4866
Step_Outputs/Phase1/Phase1D/Phase1Db/_tool_runs/iedb_cache/bcell_67cd870acd927ab27ff4c551830dc125.txt	1788102844	4362
Step_Outputs/Phase1/Phase1D/Phase1Db/_tool_runs/iedb_cache/bcell_6834e311d364e61d5e8c4f55400dc5de.txt	1788096779	6560
Step_Outputs/Phase1/Phase1D/Phase1Db/_tool_runs/iedb_cache/bcell_68a92569dbd7ef2e77444ced6d5abfdb.txt	1788099999	1702
Step_Outputs/Phase1/Phase1D/Phase1Db/_tool_runs/iedb_cache/bcell_697e9c1f8582e64c0171faffc282af66.txt	1788100280	1758
Step_Outputs/Phase1/Phase1D/Phase1Db/_tool_runs/iedb_cache/bcell_6aea5b45f23b75555b513b4a081db7f0.txt	1788097877	6728
Step_Outputs/Phase1/Phase1D/Phase1Db/_tool_runs/iedb_cache/bcell_6cb474d27ba47ded5240570296792f2b.txt	1788103564	4362
Step_Outputs/Phase1/Phase1D/Phase1Db/_tool_runs/iedb_cache/bcell_71bbef460cf5286dd9b96350674a1cbc.txt	1788103462	4362
Step_Outputs/Phase1/Phase1D/Phase1Db/_tool_runs/iedb_cache/bcell_729611081385ee1c164d0f4b93d6a276.txt	1788098620	4852
Step_Outputs/Phase1/Phase1D/Phase1Db/_tool_runs/iedb_cache/bcell_73205fe4d4a08ead525650f06f2cd728.txt	1788101903	3158
Step_Outputs/Phase1/Phase1D/Phase1Db/_tool_runs/iedb_cache/bcell_744c1f481cee6fdee5bc51613d8aa510.txt	1788099313	4852
Step_Outputs/Phase1/Phase1D/Phase1Db/_tool_runs/iedb_cache/bcell_74b5532cc7f6141dd8d8706b00f518a4.txt	1788102445	2458
Step_Outputs/Phase1/Phase1D/Phase1Db/_tool_runs/iedb_cache/bcell_74bec1d41973d97b7394bdfa53e544a5.txt	1788099267	4852
Step_Outputs/Phase1/Phase1D/Phase1Db/_tool_runs/iedb_cache/bcell_752f3f2578dc6d74c3aa3786ca7379df.txt	1788100739	1800
Step_Outputs/Phase1/Phase1D/Phase1Db/_tool_runs/iedb_cache/bcell_761f0d606b0e457140723b215c5d6a59.txt	1788103846	4362
Step_Outputs/Phase1/Phase1D/Phase1Db/_tool_runs/iedb_cache/bcell_7b67f06843cf21ddfd94c00861764db2.txt	1788100688	1758
Step_Outputs/Phase1/Phase1D/Phase1Db/_tool_runs/iedb_cache/bcell_7ef6c665bebdc9b96c95be91182854fc.txt	1788100433	1758
Step_Outputs/Phase1/Phase1D/Phase1Db/_tool_runs/iedb_cache/bcell_7f11d557aa20a2b6ee5b4c58d582b2a6.txt	1788103153	4362
Step_Outputs/Phase1/Phase1D/Phase1Db/_tool_runs/iedb_cache/bcell_8229d7bbe83b249e40bb3da565e2444a.txt	1788101282	3158
Step_Outputs/Phase1/Phase1D/Phase1Db/_tool_runs/iedb_cache/bcell_833fa1593cd3147fd69ada3cd69ee605.txt	1788102660	2458
Step_Outputs/Phase1/Phase1D/Phase1Db/_tool_runs/iedb_cache/bcell_86143e052e7c46222c89930c99eaa011.txt	1788105066	3424
Step_Outputs/Phase1/Phase1D/Phase1Db/_tool_runs/iedb_cache/bcell_8659fad9f764cee4fecaa14e8a86666d.txt	1788100072	1744
Step_Outputs/Phase1/Phase1D/Phase1Db/_tool_runs/iedb_cache/bcell_874f9bd6f3f2a570248f79518707fa75.txt	1788104346	4362
Step_Outputs/Phase1/Phase1D/Phase1Db/_tool_runs/iedb_cache/bcell_8813e3f02475a026260f2a2b6cded6eb.txt	1788101975	3158
Step_Outputs/Phase1/Phase1D/Phase1Db/_tool_runs/iedb_cache/bcell_8afe41bb021f2ba38554b093449a0f41.txt	1788102691	2458
Step_Outputs/Phase1/Phase1D/Phase1Db/_tool_runs/iedb_cache/bcell_8f45577b902068ba2ed04eaaad35e606.txt	1788100098	1758
Step_Outputs/Phase1/Phase1D/Phase1Db/_tool_runs/iedb_cache/bcell_9021c2c9a0659669e51553850d79adfe.txt	1788102506	2346
Step_Outputs/Phase1/Phase1D/Phase1Db/_tool_runs/iedb_cache/bcell_90ac2846b5cbce7bc7efdc5b591da732.txt	1788104045	4362
Step_Outputs/Phase1/Phase1D/Phase1Db/_tool_runs/iedb_cache/bcell_91093d587ca70a6eb3b222baddc1fa48.txt	1788100714	1758
Step_Outputs/Phase1/Phase1D/Phase1Db/_tool_runs/iedb_cache/bcell_937657cb07bcf4a2946b07ccf267ac59.txt	1788103943	4362
Step_Outputs/Phase1/Phase1D/Phase1Db/_tool_runs/iedb_cache/bcell_9606e040e2c42c5420d4f92d423f8a78.txt	1788098144	6658
Step_Outputs/Phase1/Phase1D/Phase1Db/_tool_runs/iedb_cache/bcell_97204cd8dca9835ac94be0df47ad3ce7.txt	1788102356	2458
Step_Outputs/Phase1/Phase1D/Phase1Db/_tool_runs/iedb_cache/bcell_97629e1c1d6b643cc541075d3dc68463.txt	1788104621	3424
Step_Outputs/Phase1/Phase1D/Phase1Db/_tool_runs/iedb_cache/bcell_97a7fb87717666bf5b275a6f4a0d3b21.txt	1788105175	3298
Step_Outputs/Phase1/Phase1D/Phase1Db/_tool_runs/iedb_cache/bcell_98f3f56bd84604d841bbca3d5eb4085c.txt	1788102324	2458
Step_Outputs/Phase1/Phase1D/Phase1Db/_tool_runs/iedb_cache/bcell_9b6ec47b090e431a3e218e3553ecdf24.txt	1788097964	6532
Step_Outputs/Phase1/Phase1D/Phase1Db/_tool_runs/iedb_cache/bcell_9c6fc8f92f8ea8f191796785f07a158e.txt	1788102599	2458
Step_Outputs/Phase1/Phase1D/Phase1Db/_tool_runs/iedb_cache/bcell_9eea5dc91ebdacf78518fba60e1283a3.txt	1788102294	2458
Step_Outputs/Phase1/Phase1D/Phase1Db/_tool_runs/iedb_cache/bcell_a292d10e6cd9c757e7bcf7c0817a3669.txt	1788096369	6756
Step_Outputs/Phase1/Phase1D/Phase1Db/_tool_runs/iedb_cache/bcell_a3a49ca39248553e048eb92ce142463e.txt	1788119850	2458
Step_Outputs/Phase1/Phase1D/Phase1Db/_tool_runs/iedb_cache/bcell_a3ba1d5d0c92144c4fd0f1f8301dc533.txt	1788104586	3424
Step_Outputs/Phase1/Phase1D/Phase1Db/_tool_runs/iedb_cache/bcell_a68ebd03818638c26a0f99c887b5cbd8.txt	1788103609	4362
Step_Outputs/Phase1/Phase1D/Phase1Db/_tool_runs/iedb_cache/bcell_a79724b3fefb53c23fc6906d20c5bd68.txt	1788099012	4852
Step_Outputs/Phase1/Phase1D/Phase1Db/_tool_runs/iedb_cache/bcell_a79b6562f94e692cc405ccef367a7872.txt	1788101538	3158
Step_Outputs/Phase1/Phase1D/Phase1Db/_tool_runs/iedb_cache/bcell_a9083a378391ca61e0ed2b4ba2451c34.txt	1788101831	3158
Step_Outputs/Phase1/Phase1D/Phase1Db/_tool_runs/iedb_cache/bcell_aa30c9cbe2450b7e6c90b3a8f7d240f8.txt	1788101719	3158
Step_Outputs/Phase1/Phase1D/Phase1Db/_tool_runs/iedb_cache/bcell_ab17aa5d9c0ba1aa8e3ffe9ea7312d7b.txt	1788098668	4852
Step_Outputs/Phase1/Phase1D/Phase1Db/_tool_runs/iedb_cache/bcell_ab25948bece58612070a3bfed0723d2d.txt	1788102416	2304
Step_Outputs/Phase1/Phase1D/Phase1Db/_tool_runs/iedb_cache/bcell_ac17a16f6ccb1cd411cd148871a5515b.txt	1788097129	6546
Step_Outputs/Phase1/Phase1D/Phase1Db/_tool_runs/iedb_cache/bcell_ac1c8f135c9aa742254f5097b0265b77.txt	1788104505	4362
Step_Outputs/Phase1/Phase1D/Phase1Db/_tool_runs/iedb_cache/bcell_ac99a91317aca8d6a7527b76f874eb2a.txt	1788100202	1758
Step_Outputs/Phase1/Phase1D/Phase1Db/_tool_runs/iedb_cache/bcell_ad9be97649a760c3e9196fec0732cc1e.txt	1788101318	3158
Step_Outputs/Phase1/Phase1D/Phase1Db/_tool_runs/iedb_cache/bcell_b023db088e41cf28b83fa19e098caee0.txt	1788105243	3284
Step_Outputs/Phase1/Phase1D/Phase1Db/_tool_runs/iedb_cache/bcell_b0bc9fab68030e02d788563c65bf407b.txt	1788101206	3158
Step_Outputs/Phase1/Phase1D/Phase1Db/_tool_runs/iedb_cache/bcell_b1224dd8d88bdb398604d48c11749da6.txt	1788100253	1702
Step_Outputs/Phase1/Phase1D/Phase1Db/_tool_runs/iedb_cache/bcell_b1a4a4e2b2841c544bfa8918b1a930d0.txt	1788095735	6574
Step_Outputs/Phase1/Phase1D/Phase1Db/_tool_runs/iedb_cache/bcell_b1df4cf63598a7b6b70a1583d8551054.txt	1788100123	1758
Step_Outputs/Phase1/Phase1D/Phase1Db/_tool_runs/iedb_cache/bcell_b542c9092afe5770ecb94d755a29885e.txt	1788096640	6742
Step_Outputs/Phase1/Phase1D/Phase1Db/_tool_runs/iedb_cache/bcell_b5c0c3b2c1913a1910dc69d597d5d2ba.txt	1788102263	2458
Step_Outputs/Phase1/Phase1D/Phase1Db/_tool_runs/iedb_cache/bcell_b6b9fd78b0d6032c1f5371535ca44f37.txt	1788099659	4852
Step_Outputs/Phase1/Phase1D/Phase1Db/_tool_runs/iedb_cache/bcell_b7c28becaa544747d184f82095b460ba.txt	1788097220	6616
Step_Outputs/Phase1/Phase1D/Phase1Db/_tool_runs/iedb_cache/bcell_b7e15cc75a9e2a2045c3fcbd6e23d874.txt	1788103197	4362
Step_Outputs/Phase1/Phase1D/Phase1Db/_tool_runs/iedb_cache/bcell_ba25ced6092c726e480cb75f1383d554.txt	1788102722	2416
Step_Outputs/Phase1/Phase1D/Phase1Db/_tool_runs/iedb_cache/bcell_ba48f544c3d41112eb09a18d42bafaa6.txt	1788098405	4754
Step_Outputs/Phase1/Phase1D/Phase1Db/_tool_runs/iedb_cache/bcell_bae915cb6c07e0724f55e9af03338cce.txt	1788096230	6770
Step_Outputs/Phase1/Phase1D/Phase1Db/_tool_runs/iedb_cache/bcell_bc03df60cff719439aeb91b1b3773721.txt	1788100661	1786
Step_Outputs/Phase1/Phase1D/Phase1Db/_tool_runs/iedb_cache/bcell_bdac69dddf512e96002ab236979af438.txt	1788105137	3424
Step_Outputs/Phase1/Phase1D/Phase1Db/_tool_runs/iedb_cache/bcell_be291999e5bfccd9bc4485720d2998c5.txt	1788105206	3284
Step_Outputs/Phase1/Phase1D/Phase1Db/_tool_runs/iedb_cache/bcell_bee607c59ec25bc41bdea16379beef3f.txt	1788100839	3158
Step_Outputs/Phase1/Phase1D/Phase1Db/_tool_runs/iedb_cache/bcell_bef0120694082828eb6a39d225110f61.txt	1788100384	1758
Step_Outputs/Phase1/Phase1D/Phase1Db/_tool_runs/iedb_cache/bcell_c4fa369c6496cdd6e789ef45715685be.txt	1788095802	6546
Step_Outputs/Phase1/Phase1D/Phase1Db/_tool_runs/iedb_cache/bcell_c5321b6e4424127d2b9a5c09c8bd26d8.txt	1788102007	2458
Step_Outputs/Phase1/Phase1D/Phase1Db/_tool_runs/iedb_cache/bcell_c5b6b2065b509fc3fb337480fba528bb.txt	1788102937	4362
Step_Outputs/Phase1/Phase1D/Phase1Db/_tool_runs/iedb_cache/bcell_c6c13fab1732bd9e2cccc463f9d0a2b5.txt	1788103652	4362
Step_Outputs/Phase1/Phase1D/Phase1Db/_tool_runs/iedb_cache/bcell_c9ccc272a3573d1e57c6c9e25eabaa34.txt	1788101425	3158
Step_Outputs/Phase1/Phase1D/Phase1Db/_tool_runs/iedb_cache/bcell_c9cf6fadf8e4465df576355c756def2f.txt	1788103106	4362
Step_Outputs/Phase1/Phase1D/Phase1Db/_tool_runs/iedb_cache/bcell_cc9e0974c2a3c3f19fbf19b7ef1932d5.txt	1788103344	4362
Step_Outputs/Phase1/Phase1D/Phase1Db/_tool_runs/iedb_cache/bcell_cd88c72d6cb742895d855f9a07387edc.txt	1788101683	3158
Step_Outputs/Phase1/Phase1D/Phase1Db/_tool_runs/iedb_cache/bcell_d2c1b1935d150e391505864c0b411cfe.txt	1788104653	3424
Step_Outputs/Phase1/Phase1D/Phase1Db/_tool_runs/iedb_cache/bcell_d5ab2a6d089cd947e65271b145a61c7b.txt	1788100534	1758
Step_Outputs/Phase1/Phase1D/Phase1Db/_tool_runs/iedb_cache/bcell_d5c667c0eb9f6a1f247e5534b9f63186.txt	1788099063	4852
Step_Outputs/Phase1/Phase1D/Phase1Db/_tool_runs/iedb_cache/bcell_d6082af767af4ff2bc4de2ba18a9b107.txt	1788099900	4852
Step_Outputs/Phase1/Phase1D/Phase1Db/_tool_runs/iedb_cache/bcell_d92fc770a3fc1271df92acdfe04eafdf.txt	1788100151	1758
Step_Outputs/Phase1/Phase1D/Phase1Db/_tool_runs/iedb_cache/bcell_d94d2509c73b049b916d77e80da8e37b.txt	1788096021	6784
Step_Outputs/Phase1/Phase1D/Phase1Db/_tool_runs/iedb_cache/bcell_d95de3237703c49dbdd9bf204f011512.txt	1788100559	1758
Step_Outputs/Phase1/Phase1D/Phase1Db/_tool_runs/iedb_cache/bcell_d9e76bf623a013f37fa79f8ff049325a.txt	1788095666	6560
Step_Outputs/Phase1/Phase1D/Phase1Db/_tool_runs/iedb_cache/bcell_deae7daacbf7a872668cf390d13444b8.txt	1788098916	4852
Step_Outputs/Phase1/Phase1D/Phase1Db/_tool_runs/iedb_cache/bcell_df748fb2b0ceb05565ab1522fc476fab.txt	1788099948	4796
Step_Outputs/Phase1/Phase1D/Phase1Db/_tool_runs/iedb_cache/bcell_dfef965111eaf4303693bfdf1262909a.txt	1788103891	4362
Step_Outputs/Phase1/Phase1D/Phase1Db/_tool_runs/iedb_cache/bcell_e15bead4d4a5599997847fa1b30f33e6.txt	1788103295	4362
Step_Outputs/Phase1/Phase1D/Phase1Db/_tool_runs/iedb_cache/bcell_e25dab85cc9219bc104978b2dc1f3664.txt	1788102984	4362
Step_Outputs/Phase1/Phase1D/Phase1Db/_tool_runs/iedb_cache/bcell_e39d6de79fbe718631dd673be6dd0747.txt	1788101648	3158
Step_Outputs/Phase1/Phase1D/Phase1Db/_tool_runs/iedb_cache/bcell_e3e7528e0579919a445316135b8fd66b.txt	1788099219	4852
Step_Outputs/Phase1/Phase1D/Phase1Db/_tool_runs/iedb_cache/bcell_e50389a8522be06a28dcc4caee3611aa.txt	1788101794	3158
Step_Outputs/Phase1/Phase1D/Phase1Db/_tool_runs/iedb_cache/bcell_e6f284f0a541accc947f03ee03890f4a.txt	1788102232	2458
Step_Outputs/Phase1/Phase1D/Phase1Db/_tool_runs/iedb_cache/bcell_ead6f144735c9736d855d2e691aab2ec.txt	1788098767	4754
Step_Outputs/Phase1/Phase1D/Phase1Db/_tool_runs/iedb_cache/bcell_eb937be36d17d4d2ae6f1565ca9daae2.txt	1788101244	3158
Step_Outputs/Phase1/Phase1D/Phase1Db/_tool_runs/iedb_cache/bcell_ed4eaf59d1a1f19354bb11d6515d6768.txt	1788101575	3158
Step_Outputs/Phase1/Phase1D/Phase1Db/_tool_runs/iedb_cache/bcell_edd2c4d94fe7aeb8addbed426463a37e.txt	1788098821	4852
Step_Outputs/Phase1/Phase1D/Phase1Db/_tool_runs/iedb_cache/bcell_f08af060152421ccbf02e516913a2e19.txt	1788102568	2458
Step_Outputs/Phase1/Phase1D/Phase1Db/_tool_runs/iedb_cache/bcell_f12a28f83db0c39abd305964abd3ecbd.txt	1788098966	4810
Step_Outputs/Phase1/Phase1D/Phase1Db/_tool_runs/iedb_cache/bcell_f34bcbd3d1eb7e30eee8e99e41c1cb8c.txt	1788102476	2458
Step_Outputs/Phase1/Phase1D/Phase1Db/_tool_runs/iedb_cache/bcell_f36bef99509123a816c9580854b8805d.txt	1788101354	3158
Step_Outputs/Phase1/Phase1D/Phase1Db/_tool_runs/iedb_cache/bcell_f38c538ab01843de65b50f05de5e512d.txt	1788102171	2458
Step_Outputs/Phase1/Phase1D/Phase1Db/_tool_runs/iedb_cache/bcell_f55b93fe37774465c4330b2b0fa798c3.txt	1788098574	4852
Step_Outputs/Phase1/Phase1D/Phase1Db/_tool_runs/iedb_cache/bcell_f5b1a8a007cf2ca8e49b3d1c3d2160f2.txt	1788096160	6798
Step_Outputs/Phase1/Phase1D/Phase1Db/_tool_runs/iedb_cache/bcell_f78382833e210b0e530dbe5d6172948e.txt	1788102892	4124
Step_Outputs/Phase1/Phase1D/Phase1Db/_tool_runs/iedb_cache/bcell_f7f09dce6446f297bc287f544e01c0e6.txt	1788104685	3424
Step_Outputs/Phase1/Phase1D/Phase1Db/_tool_runs/iedb_cache/bcell_f92ac655b682775d414a77118f5c013a.txt	1788096084	6546
Step_Outputs/Phase1/Phase1D/Phase1Db/_tool_runs/iedb_cache/bcell_fb5489ecad20f2b325679bc37b5e7b9e.txt	1788099563	4796
Step_Outputs/Phase1/Phase1D/Phase1Db/_tool_runs/iedb_cache/bcell_fceace5566fc728bd46392e54d971213.txt	1788100358	1758
Step_Outputs/Phase1/Phase1D/Phase1Db/_tool_runs/iedb_cache/bcell_fd7b06abdbde9c803d92c8891291de9e.txt	1788100409	1730
Step_Outputs/Phase1/Phase1D/Phase1Db/_tool_runs/iedb_cache/mhci_batch_0105293c48d5adf2584b65eaf3049368.txt	1788099418	199516
Step_Outputs/Phase1/Phase1D/Phase1Db/_tool_runs/iedb_cache/mhci_batch_0127a7d5eaeef3d0e3f8bc200b0f544c.txt	1788099472	196043
Step_Outputs/Phase1/Phase1D/Phase1Db/_tool_runs/iedb_cache/mhci_batch_01430113c010353b415e098387335014.txt	1788104179	184593
Step_Outputs/Phase1/Phase1D/Phase1Db/_tool_runs/iedb_cache/mhci_batch_01a054bd3a8c145925b14d9919ad8eff.txt	1788101652	128778
Step_Outputs/Phase1/Phase1D/Phase1Db/_tool_runs/iedb_cache/mhci_batch_02e3716f61c4d4a010a3a2c92241e5f5.txt	1788102267	99370
Step_Outputs/Phase1/Phase1D/Phase1Db/_tool_runs/iedb_cache/mhci_batch_036a526f730acd4dd9fed44923d4150f.txt	1788101255	133411
Step_Outputs/Phase1/Phase1D/Phase1Db/_tool_runs/iedb_cache/mhci_batch_05100e40bd5558bd447c01bba2a1b2b8.txt	1788096517	280058
Step_Outputs/Phase1/Phase1D/Phase1Db/_tool_runs/iedb_cache/mhci_batch_0590e43f88d83b61dae237c091ba3cde.txt	1788102480	94646
Step_Outputs/Phase1/Phase1D/Phase1Db/_tool_runs/iedb_cache/mhci_batch_08ce6b6e6b4a855ef74cb5284630273f.txt	1788098302	199484
Step_Outputs/Phase1/Phase1D/Phase1Db/_tool_runs/iedb_cache/mhci_batch_08d23760fd858c659bab698baee33346.txt	1788104115	184562
Step_Outputs/Phase1/Phase1D/Phase1Db/_tool_runs/iedb_cache/mhci_batch_092a3c2bf714c567a23efce6b6713018.txt	1788102578	102649
Step_Outputs/Phase1/Phase1D/Phase1Db/_tool_runs/iedb_cache/mhci_batch_093edf0c3e8504110f9b24d9ed1ebbd7.txt	1788100257	70143
Step_Outputs/Phase1/Phase1D/Phase1Db/_tool_runs/iedb_cache/mhci_batch_0a31cd566c0a61236d3235ec8e68eb90.txt	1788098416	204260
Step_Outputs/Phase1/Phase1D/Phase1Db/_tool_runs/iedb_cache/mhci_batch_0a3c93c4ecde43777d1e1fccfc1238cd.txt	1788098977	206872
Step_Outputs/Phase1/Phase1D/Phase1Db/_tool_runs/iedb_cache/mhci_batch_0a6f2e1508664518c96468400da291b9.txt	1788105104	139904
Step_Outputs/Phase1/Phase1D/Phase1Db/_tool_runs/iedb_cache/mhci_batch_0ae0dc2692521744611ae286e1021940.txt	1788098779	206864
Step_Outputs/Phase1/Phase1D/Phase1Db/_tool_runs/iedb_cache/mhci_batch_0aed4b6a03a223e78dd1ac514916ed3c.txt	1788103209	175424
Step_Outputs/Phase1/Phase1D/Phase1Db/_tool_runs/iedb_cache/mhci_batch_0cd222a2d032dd017baa869f27e22171.txt	1788100206	68417
Step_Outputs/Phase1/Phase1D/Phase1Db/_tool_runs/iedb_cache/mhci_batch_0d4f63e080c30a4bba9ad4cc7b60eaf8.txt	1788105077	144667
Step_Outputs/Phase1/Phase1D/Phase1Db/_tool_runs/iedb_cache/mhci_batch_0d9792fe103af16b8fc89e49362a10f6.txt	1788097968	281966
Step_Outputs/Phase1/Phase1D/Phase1Db/_tool_runs/iedb_cache/mhci_batch_109a54197ab53e941a96b78a7b2f1fb9.txt	1788096243	284035
Step_Outputs/Phase1/Phase1D/Phase1Db/_tool_runs/iedb_cache/mhci_batch_10f2900fe6bd4e260c4a198b894e50b8.txt	1788100744	70139
Step_Outputs/Phase1/Phase1D/Phase1Db/_tool_runs/iedb_cache/mhci_batch_1161e9db909dcdb2a2190b83b960e891.txt	1788099913	204395
Step_Outputs/Phase1/Phase1D/Phase1Db/_tool_runs/iedb_cache/mhci_batch_1166d6d9b26c8b6a1b9451daefcb59db.txt	1788103955	184598
Step_Outputs/Phase1/Phase1D/Phase1Db/_tool_runs/iedb_cache/mhci_batch_118565491440883f561219be7d43f13a.txt	1788104625	139912
Step_Outputs/Phase1/Phase1D/Phase1Db/_tool_runs/iedb_cache/mhci_batch_12318328adfb57bd5116736f075417a0.txt	1788098873	199595
Step_Outputs/Phase1/Phase1D/Phase1Db/_tool_runs/iedb_cache/mhci_batch_1312a10f54e7fecae64cbf5ce02d134e.txt	1788097793	276930
Step_Outputs/Phase1/Phase1D/Phase1Db/_tool_runs/iedb_cache/mhci_batch_157702fa68aa1c497169fc7e87c10b55.txt	1788099664	200061
Step_Outputs/Phase1/Phase1D/Phase1Db/_tool_runs/iedb_cache/mhci_batch_167f49109d944858cd5e2335f28a00fc.txt	1788100187	72514
Step_Outputs/Phase1/Phase1D/Phase1Db/_tool_runs/iedb_cache/mhci_batch_168ecef6e108b2d7b272ba0be9b652a7.txt	1788100155	68396
Step_Outputs/Phase1/Phase1D/Phase1Db/_tool_runs/iedb_cache/mhci_batch_16b6602eb718f4000a54f642e6a69ec8.txt	1788096724	279912
Step_Outputs/Phase1/Phase1D/Phase1Db/_tool_runs/iedb_cache/mhci_batch_1708e9316f0fcd7ccdeb921471e3a715.txt	1788102695	97612
Step_Outputs/Phase1/Phase1D/Phase1Db/_tool_runs/iedb_cache/mhci_batch_18470e398f578d222f517e149a6cb5c4.txt	1788095458	267624
Step_Outputs/Phase1/Phase1D/Phase1Db/_tool_runs/iedb_cache/mhci_batch_19d0ee7eee8a29b87ff49a8eee14dc2e.txt	1788098731	202572
Step_Outputs/Phase1/Phase1D/Phase1Db/_tool_runs/iedb_cache/mhci_batch_1bc0f951115d0778c4b12ff00b000f6e.txt	1788101072	133239
Step_Outputs/Phase1/Phase1D/Phase1Db/_tool_runs/iedb_cache/mhci_batch_1c5e8cef574e95da3ec95ff4d956613c.txt	1788102241	102636
Step_Outputs/Phase1/Phase1D/Phase1Db/_tool_runs/iedb_cache/mhci_batch_1c8bb1d3a87f1eba4626d401863ea98f.txt	1788100083	72452
Step_Outputs/Phase1/Phase1D/Phase1Db/_tool_runs/iedb_cache/mhci_batch_1d894ab5e99f36d57b6da337ba7faa59.txt	1788098232	267502
Step_Outputs/Phase1/Phase1D/Phase1Db/_tool_runs/iedb_cache/mhci_batch_1de355a55484d0fec24f23530bed12d2.txt	1788104591	139893
Step_Outputs/Phase1/Phase1D/Phase1Db/_tool_runs/iedb_cache/mhci_batch_1e91a8302537b1ab193dce4673905793.txt	1788100693	70111
Step_Outputs/Phase1/Phase1D/Phase1Db/_tool_runs/iedb_cache/mhci_batch_1eca0983baeeb0524e00da2ac9dfe164.txt	1788102603	99349
Step_Outputs/Phase1/Phase1D/Phase1Db/_tool_runs/iedb_cache/mhci_batch_1ed8e2ae1a0f3c00c2e3adb9cd182044.txt	1788096089	279923
Step_Outputs/Phase1/Phase1D/Phase1Db/_tool_runs/iedb_cache/mhci_batch_20d8f60fb61e6bec30425ac9074fd655.txt	1788100538	70127
Step_Outputs/Phase1/Phase1D/Phase1Db/_tool_runs/iedb_cache/mhci_batch_20e1c033210921ab37f681be6fc263e1.txt	1788101249	128803
Step_Outputs/Phase1/Phase1D/Phase1Db/_tool_runs/iedb_cache/mhci_batch_211174eb76f2a631353e0696c1ad8144.txt	1788101908	128755
Step_Outputs/Phase1/Phase1D/Phase1Db/_tool_runs/iedb_cache/mhci_batch_2247daeb21b13fda477eb5fcf659dcc5.txt	1788104517	144665
Step_Outputs/Phase1/Phase1D/Phase1Db/_tool_runs/iedb_cache/mhci_batch_22e7fc6672c9249c78d6103b290dc0ee.txt	1788101723	128707
Step_Outputs/Phase1/Phase1D/Phase1Db/_tool_runs/iedb_cache/mhci_batch_231d67dde8103416b2c1ac6d029dd3bd.txt	1788101509	133320
Step_Outputs/Phase1/Phase1D/Phase1Db/_tool_runs/iedb_cache/mhci_batch_247d9e08e0cb4c9b336fcbad3ff291b9.txt	1788096577	277803
Step_Outputs/Phase1/Phase1D/Phase1Db/_tool_runs/iedb_cache/mhci_batch_2573fb8d8d193f3c2fa7c779718b6c92.txt	1788104963	139321
Step_Outputs/Phase1/Phase1D/Phase1Db/_tool_runs/iedb_cache/mhci_batch_258b7f8e458a523a6cec00ebf4f90d1f.txt	1788096716	269950
Step_Outputs/Phase1/Phase1D/Phase1Db/_tool_runs/iedb_cache/mhci_batch_26af80a58881b47934034ada4263d6ce.txt	1788099478	203298
Step_Outputs/Phase1/Phase1D/Phase1Db/_tool_runs/iedb_cache/mhci_batch_2779f1583b635a66da3b37010d34465a.txt	1788100102	70102
Step_Outputs/Phase1/Phase1D/Phase1Db/_tool_runs/iedb_cache/mhci_batch_277f01f62e8caf6f3177386b22a99bee.txt	1788099777	206812
Step_Outputs/Phase1/Phase1D/Phase1Db/_tool_runs/iedb_cache/mhci_batch_297334550fa54049040dc3dba1666ad9.txt	1788101758	128733
Step_Outputs/Phase1/Phase1D/Phase1Db/_tool_runs/iedb_cache/mhci_batch_298472626355a9c0f4e89b35b628b853.txt	1788100311	73114
Step_Outputs/Phase1/Phase1D/Phase1Db/_tool_runs/iedb_cache/mhci_batch_2998ae29312747ede017b16fde18c76b.txt	1788095741	269585
Step_Outputs/Phase1/Phase1D/Phase1Db/_tool_runs/iedb_cache/mhci_batch_29fde3c697d5fff65a7f600d9321e465.txt	1788102572	99369
Step_Outputs/Phase1/Phase1D/Phase1Db/_tool_runs/iedb_cache/mhci_batch_2a13f6c3792cfc387466b588523d9080.txt	1788104730	144662
Step_Outputs/Phase1/Phase1D/Phase1Db/_tool_runs/iedb_cache/mhci_batch_2aba7430433c9a11ea168739bd5bd570.txt	1788103948	178171
Step_Outputs/Phase1/Phase1D/Phase1Db/_tool_runs/iedb_cache/mhci_batch_2ad894ea76ef8b9d3bb9aece788ba514.txt	1788104830	141654
Step_Outputs/Phase1/Phase1D/Phase1Db/_tool_runs/iedb_cache/mhci_batch_2b3f4100ebd1ba2cda26f8266a784d74.txt	1788101805	133290
Step_Outputs/Phase1/Phase1D/Phase1Db/_tool_runs/iedb_cache/mhci_batch_2be13e9181a4422cd04529568e2d2c45.txt	1788099953	70186
Step_Outputs/Phase1/Phase1D/Phase1Db/_tool_runs/iedb_cache/mhci_batch_2bfcd8817f95bc8640993a33152b8e29.txt	1788100129	70089
Step_Outputs/Phase1/Phase1D/Phase1Db/_tool_runs/iedb_cache/mhci_batch_2c88985c5de74be3b406e4f6499a6ee1.txt	1788098633	206688
Step_Outputs/Phase1/Phase1D/Phase1Db/_tool_runs/iedb_cache/mhci_batch_2c8c7611370b15e9fd8904d62b704c1f.txt	1788097415	271697
Step_Outputs/Phase1/Phase1D/Phase1Db/_tool_runs/iedb_cache/mhci_batch_2d09e212953617da61f41f2569430636.txt	1788103118	184618
Step_Outputs/Phase1/Phase1D/Phase1Db/_tool_runs/iedb_cache/mhci_batch_2d384ed69a9b8e1e213b6e7fc53d5021.txt	1788101063	128693
Step_Outputs/Phase1/Phase1D/Phase1Db/_tool_runs/iedb_cache/mhci_batch_2de187aea323ad6269993b0b164023c5.txt	1788102541	99367
Step_Outputs/Phase1/Phase1D/Phase1Db/_tool_runs/iedb_cache/mhci_batch_2e7395bd54e32976adff3529ed08d6cc.txt	1788102303	102649
Step_Outputs/Phase1/Phase1D/Phase1Db/_tool_runs/iedb_cache/mhci_batch_307ee371026ef2c02f109e17d00c47b9.txt	1788102849	168348
Step_Outputs/Phase1/Phase1D/Phase1Db/_tool_runs/iedb_cache/mhci_batch_30a9f53451c2c0fd7a7904f24bd536e6.txt	1788101950	133273
Step_Outputs/Phase1/Phase1D/Phase1Db/_tool_runs/iedb_cache/mhci_batch_3155236bc8edf3492e02dd324f62b700.txt	1788099224	199482
Step_Outputs/Phase1/Phase1D/Phase1Db/_tool_runs/iedb_cache/mhci_batch_3182b8ea75844668a594f3cc8cf0ab16.txt	1788105180	134027
Step_Outputs/Phase1/Phase1D/Phase1Db/_tool_runs/iedb_cache/mhci_batch_3297e6057f25611a853fe39dba2e470b.txt	1788099374	206768
Step_Outputs/Phase1/Phase1D/Phase1Db/_tool_runs/iedb_cache/mhci_batch_3339f48827ee44a2b5429d6aff263b05.txt	1788101621	133202
Step_Outputs/Phase1/Phase1D/Phase1Db/_tool_runs/iedb_cache/mhci_batch_3404e6b969ee5bf07517576bb143d06f.txt	1788103801	178149
Step_Outputs/Phase1/Phase1D/Phase1Db/_tool_runs/iedb_cache/mhci_batch_34e0147aba2933fafd58922c7d719a9b.txt	1788103858	184588
Step_Outputs/Phase1/Phase1D/Phase1Db/_tool_runs/iedb_cache/mhci_batch_355dc076da399d614ff4e9a71da33202.txt	1788105071	139908
Step_Outputs/Phase1/Phase1D/Phase1Db/_tool_runs/iedb_cache/mhci_batch_356710ca6681deedb4d78bafa7d4c3b2.txt	1788102942	178160
Step_Outputs/Phase1/Phase1D/Phase1Db/_tool_runs/iedb_cache/mhci_batch_359c505048f444d105a07f9b8bbdda6f.txt	1788120208	184611
Step_Outputs/Phase1/Phase1D/Phase1Db/_tool_runs/iedb_cache/mhci_batch_35e248e2eb2931cdc22803983fe17bb8.txt	1788101944	128695
Step_Outputs/Phase1/Phase1D/Phase1Db/_tool_runs/iedb_cache/mhci_batch_3627dfe4244cdb359c48fb04e500dc6e.txt	1788102486	97755
Step_Outputs/Phase1/Phase1D/Phase1Db/_tool_runs/iedb_cache/mhci_batch_3664b26254e0f8936e1e24e5ec375475.txt	1788102761	184581
Step_Outputs/Phase1/Phase1D/Phase1Db/_tool_runs/iedb_cache/mhci_batch_3683e2fe7aa87f9a15a976d31cf5a36c.txt	1788104932	137578
Step_Outputs/Phase1/Phase1D/Phase1Db/_tool_runs/iedb_cache/mhci_batch_369b38216c48fc6cc52bdf4efb82b6af.txt	1788101842	133368
Step_Outputs/Phase1/Phase1D/Phase1Db/_tool_runs/iedb_cache/mhci_batch_36f1508b29cae2ea48af15a9221a3002.txt	1788096098	290241
Step_Outputs/Phase1/Phase1D/Phase1Db/_tool_runs/iedb_cache/mhci_batch_395337c583f096c793ae59f2704f8cd6.txt	1788103665	184593
Step_Outputs/Phase1/Phase1D/Phase1Db/_tool_runs/iedb_cache/mhci_batch_3a5cd5bd2382888a2407af7a64e5becd.txt	1788104797	144661
Step_Outputs/Phase1/Phase1D/Phase1Db/_tool_runs/iedb_cache/mhci_batch_3c9acfe493d3dfbecc3901e65c55cbf6.txt	1788105037	139913
Step_Outputs/Phase1/Phase1D/Phase1Db/_tool_runs/iedb_cache/mhci_batch_3cdf03096674d3e83556c9b3366f6cd5.txt	1788100850	133260
Step_Outputs/Phase1/Phase1D/Phase1Db/_tool_runs/iedb_cache/mhci_batch_3d77af5a06122ab577dc85fd863156a8.txt	1788096647	272358
Step_Outputs/Phase1/Phase1D/Phase1Db/_tool_runs/iedb_cache/mhci_batch_3e57655f16d3a027a7eef29e60801778.txt	1788100519	72486
Step_Outputs/Phase1/Phase1D/Phase1Db/_tool_runs/iedb_cache/mhci_batch_3f0964d59792781cf3a61613c26b6cf4.txt	1788101586	133277
Step_Outputs/Phase1/Phase1D/Phase1Db/_tool_runs/iedb_cache/mhci_batch_3f19a2da9c480a854d01fa470bb689cd.txt	1788099424	206917
Step_Outputs/Phase1/Phase1D/Phase1Db/_tool_runs/iedb_cache/mhci_batch_3ff647a91cb2a728aea9cbef2833cdc1.txt	1788100368	72421
Step_Outputs/Phase1/Phase1D/Phase1Db/_tool_runs/iedb_cache/mhci_batch_3ff8ce584ca8cf5a366fbff4457fde02.txt	1788100468	72424
Step_Outputs/Phase1/Phase1D/Phase1Db/_tool_runs/iedb_cache/mhci_batch_402f3340d30f224c7086b95feea03300.txt	1788100235	70041
Step_Outputs/Phase1/Phase1D/Phase1Db/_tool_runs/iedb_cache/mhci_batch_40edcd99c0000772beebb9de390eb7f1.txt	1788103111	178182
Step_Outputs/Phase1/Phase1D/Phase1Db/_tool_runs/iedb_cache/mhci_batch_4134fed8565a8ea8d6215f821b23d874.txt	1788102012	99350
Step_Outputs/Phase1/Phase1D/Phase1Db/_tool_runs/iedb_cache/mhci_batch_4185ebebe982c243c1ec3ce381196fe3.txt	1788097885	268809
Step_Outputs/Phase1/Phase1D/Phase1Db/_tool_runs/iedb_cache/mhci_batch_41a7f44cce70e76b8b34d1a2251652f6.txt	1788097892	278793
Step_Outputs/Phase1/Phase1D/Phase1Db/_tool_runs/iedb_cache/mhci_batch_41d9ed16f66abfd5ff183d316570cb59.txt	1788105113	144672
Step_Outputs/Phase1/Phase1D/Phase1Db/_tool_runs/iedb_cache/mhci_batch_432a0e6908dc316b5cb9ac8c903d6feb.txt	1788098158	280001
Step_Outputs/Phase1/Phase1D/Phase1Db/_tool_runs/iedb_cache/mhci_batch_437c1e6c21047a2e027d595efd75ba88.txt	1788101394	128716
Step_Outputs/Phase1/Phase1D/Phase1Db/_tool_runs/iedb_cache/mhci_batch_43e80846ad32c519e4cf9f5593f27c7f.txt	1788095532	271110
Step_Outputs/Phase1/Phase1D/Phase1Db/_tool_runs/iedb_cache/mhci_batch_4488503f4589462933f05452dcc78668.txt	1788101142	133368
Step_Outputs/Phase1/Phase1D/Phase1Db/_tool_runs/iedb_cache/mhci_batch_45d4ffb5eb30995331297a7bfbe95d62.txt	1788095603	269837
Step_Outputs/Phase1/Phase1D/Phase1Db/_tool_runs/iedb_cache/mhci_batch_469913540ca47a7f3639d0d23404d70b.txt	1788096025	269526
Step_Outputs/Phase1/Phase1D/Phase1Db/_tool_runs/iedb_cache/mhci_batch_4767034f70f9ca1a594b143cfe70b48c.txt	1788104723	139904
Step_Outputs/Phase1/Phase1D/Phase1Db/_tool_runs/iedb_cache/mhci_batch_47efad6cdbc3e17f2a76917399e0a968.txt	1788095749	279455
Step_Outputs/Phase1/Phase1D/Phase1Db/_tool_runs/iedb_cache/mhci_batch_491abb0d899844d2f45fe6c634499d18.txt	1788100211	70651
Step_Outputs/Phase1/Phase1D/Phase1Db/_tool_runs/iedb_cache/mhci_batch_4974d7638b33fecc8d9a003ddf931bd1.txt	1788103071	184590
Step_Outputs/Phase1/Phase1D/Phase1Db/_tool_runs/iedb_cache/mhci_batch_4a16940778512e8b0621567d2104abce.txt	1788102144	99372
Step_Outputs/Phase1/Phase1D/Phase1Db/_tool_runs/iedb_cache/mhci_batch_4a9ef5b53ea045627435657b58248bc4.txt	1788104696	144639
Step_Outputs/Phase1/Phase1D/Phase1Db/_tool_runs/iedb_cache/mhci_batch_4bb0e11ca11382854d96cb1e95fb3b9d.txt	1788102361	99382
Step_Outputs/Phase1/Phase1D/Phase1Db/_tool_runs/iedb_cache/mhci_batch_4bea18b7887e338960d8ec57467026d2.txt	1788104906	140993
Step_Outputs/Phase1/Phase1D/Phase1Db/_tool_runs/iedb_cache/mhci_batch_4cb21352a11b8de59a853be160d02fa6.txt	1788105212	133996
Step_Outputs/Phase1/Phase1D/Phase1Db/_tool_runs/iedb_cache/mhci_batch_4d1ccc71c601f951ae7bf7e285294bf4.txt	1788104001	178283
Step_Outputs/Phase1/Phase1D/Phase1Db/_tool_runs/iedb_cache/mhci_batch_4d91a88df4130c273c3867d5bc273d91.txt	1788095816	291650
Step_Outputs/Phase1/Phase1D/Phase1Db/_tool_runs/iedb_cache/mhci_batch_4db3a37d2dcd5d0981c6c85ba72a3989.txt	1788102670	102643
Step_Outputs/Phase1/Phase1D/Phase1Db/_tool_runs/iedb_cache/mhci_batch_4ea9af80256ddae609c0d7ba8e7c091f.txt	1788104791	139895
Step_Outputs/Phase1/Phase1D/Phase1Db/_tool_runs/iedb_cache/mhci_batch_4fa0f4af43519e8840a9a52e380bc75b.txt	1788097359	275762
Step_Outputs/Phase1/Phase1D/Phase1Db/_tool_runs/iedb_cache/mhci_batch_504ff87d5d523736098c3a995539486c.txt	1788100667	70220
Step_Outputs/Phase1/Phase1D/Phase1Db/_tool_runs/iedb_cache/mhci_batch_505a95660fcc3c4359089e576f24ec6a.txt	1788104441	178169
Step_Outputs/Phase1/Phase1D/Phase1Db/_tool_runs/iedb_cache/mhci_batch_5115bb60ead07e9ac0a4fc3e21a294b4.txt	1788104350	178138
Step_Outputs/Phase1/Phase1D/Phase1Db/_tool_runs/iedb_cache/mhci_batch_5139b6819e991a39f068d91fa6e4523a.txt	1788104657	139883
Step_Outputs/Phase1/Phase1D/Phase1Db/_tool_runs/iedb_cache/mhci_batch_515c77579d95e20659d9d56a07e5acad.txt	1788102950	184571
Step_Outputs/Phase1/Phase1D/Phase1Db/_tool_runs/iedb_cache/mhci_batch_53236d6deb0e28ff899096fcaee77510.txt	1788102151	102639
Step_Outputs/Phase1/Phase1D/Phase1Db/_tool_runs/iedb_cache/mhci_batch_53814fc955f8084b37150397d0783af0.txt	1788103575	184565
Step_Outputs/Phase1/Phase1D/Phase1Db/_tool_runs/iedb_cache/mhci_batch_5450c52347a319f24aa234908f940682.txt	1788100930	133371
Step_Outputs/Phase1/Phase1D/Phase1Db/_tool_runs/iedb_cache/mhci_batch_549e8b681296ab2ae35a8822bae61619.txt	1788103299	178146
Step_Outputs/Phase1/Phase1D/Phase1Db/_tool_runs/iedb_cache/mhci_batch_5527dc95d6d5de6c8059835ff357bd93.txt	1788098879	206999
Step_Outputs/Phase1/Phase1D/Phase1Db/_tool_runs/iedb_cache/mhci_batch_569f7c91750f590d2ffbeb93160467c4.txt	1788100078	70169
Step_Outputs/Phase1/Phase1D/Phase1Db/_tool_runs/iedb_cache/mhci_batch_56c40524c917de9dd72e848f9260f1f8.txt	1788100058	71842
Step_Outputs/Phase1/Phase1D/Phase1Db/_tool_runs/iedb_cache/mhci_batch_5743fac924939834a31ea1ce3a71a027.txt	1788097805	287169
Step_Outputs/Phase1/Phase1D/Phase1Db/_tool_runs/iedb_cache/mhci_batch_57b2562ab5872f067b2ece4220cce2e6.txt	1788099126	199606
Step_Outputs/Phase1/Phase1D/Phase1Db/_tool_runs/iedb_cache/mhci_batch_57c7dfb041a0f98508d5ee352b48003e.txt	1788104358	184564
Step_Outputs/Phase1/Phase1D/Phase1Db/_tool_runs/iedb_cache/mhci_batch_590792fa8bd2b61db7bee1bc298add06.txt	1788100802	133308
Step_Outputs/Phase1/Phase1D/Phase1Db/_tool_runs/iedb_cache/mhci_batch_5915c9ca645fe92e2036fd29ec96193b.txt	1788100316	75502
Step_Outputs/Phase1/Phase1D/Phase1Db/_tool_runs/iedb_cache/mhci_batch_5a8731311a660a6de004b4a79be6f86d.txt	1788104664	144667
Step_Outputs/Phase1/Phase1D/Phase1Db/_tool_runs/iedb_cache/mhci_batch_5af027a36f625c26d13e2477c09dca06.txt	1788096784	269649
Step_Outputs/Phase1/Phase1D/Phase1Db/_tool_runs/iedb_cache/mhci_batch_5c1a76de2051898e426f3203a96e4823.txt	1788096796	279495
Step_Outputs/Phase1/Phase1D/Phase1Db/_tool_runs/iedb_cache/mhci_batch_5cd48bd9c869ec729bc18bce251d96b4.txt	1788100343	72420
Step_Outputs/Phase1/Phase1D/Phase1Db/_tool_runs/iedb_cache/mhci_batch_5ce4d9560335a8d994baad654df64af2.txt	1788103704	178151
Step_Outputs/Phase1/Phase1D/Phase1Db/_tool_runs/iedb_cache/mhci_batch_5d5d73c8e0fabf3a12615c932247fef3.txt	1788102212	102640
Step_Outputs/Phase1/Phase1D/Phase1Db/_tool_runs/iedb_cache/mhci_batch_5e55bed4845ea27eb8edfa949086269e.txt	1788096449	280483
Step_Outputs/Phase1/Phase1D/Phase1Db/_tool_runs/iedb_cache/mhci_batch_5e91a43239e08981bb99332a28184a44.txt	1788100544	72453
Step_Outputs/Phase1/Phase1D/Phase1Db/_tool_runs/iedb_cache/mhci_batch_5ed49613c6c184fdb0c03b7ad28696a6.txt	1788101329	133350
Step_Outputs/Phase1/Phase1D/Phase1Db/_tool_runs/iedb_cache/mhci_batch_5fcc14d053deb1135fd2930e5d97b6e0.txt	1788103527	184548
Step_Outputs/Phase1/Phase1D/Phase1Db/_tool_runs/iedb_cache/mhci_batch_5ff93bce3f37e3f29b744ecb6a7011c3.txt	1788100231	67852
Step_Outputs/Phase1/Phase1D/Phase1Db/_tool_runs/iedb_cache/mhci_batch_605f1c6e5115e3898001d4ca2047b3eb.txt	1788104865	138716
Step_Outputs/Phase1/Phase1D/Phase1Db/_tool_runs/iedb_cache/mhci_batch_606f082eb45759eed7824500523a81e1.txt	1788099977	67817
Step_Outputs/Phase1/Phase1D/Phase1Db/_tool_runs/iedb_cache/mhci_batch_60a478ea69867fa7657ba109edcff480.txt	1788101211	128783
Step_Outputs/Phase1/Phase1D/Phase1Db/_tool_runs/iedb_cache/mhci_batch_617b5f7c8ca2d0c0eea4f98d4758ec10.txt	1788099174	199540
Step_Outputs/Phase1/Phase1D/Phase1Db/_tool_runs/iedb_cache/mhci_batch_62196f5c772569d8a52b44b045efd8f2.txt	1788101178	133305
Step_Outputs/Phase1/Phase1D/Phase1Db/_tool_runs/iedb_cache/mhci_batch_645b0d804c2eb8b33d5ae11ba2fcdf4e.txt	1788100495	70601
Step_Outputs/Phase1/Phase1D/Phase1Db/_tool_runs/iedb_cache/mhci_batch_659650d4655ebc2cbd98bc53944b10f9.txt	1788102328	99379
Step_Outputs/Phase1/Phase1D/Phase1Db/_tool_runs/iedb_cache/mhci_batch_66171c7d6327588e52753999b64bdeb4.txt	1788098928	205057
Step_Outputs/Phase1/Phase1D/Phase1Db/_tool_runs/iedb_cache/mhci_batch_666a4363b08e07f97956c4518fa31080.txt	1788099957	72462
Step_Outputs/Phase1/Phase1D/Phase1Db/_tool_runs/iedb_cache/mhci_batch_68e5a71448f5a51977faf3183121f1d9.txt	1788101980	99364
Step_Outputs/Phase1/Phase1D/Phase1Db/_tool_runs/iedb_cache/mhci_batch_6908b778e0fed623ba098c97a934b4bb.txt	1788101035	133347
Step_Outputs/Phase1/Phase1D/Phase1Db/_tool_runs/iedb_cache/mhci_batch_6ad0f2728f35a2b5471a0e258d050252.txt	1788101876	133316
Step_Outputs/Phase1/Phase1D/Phase1Db/_tool_runs/iedb_cache/mhci_batch_6ad6c9dcb68944d5bcdfa58e883d07f9.txt	1788103902	184586
Step_Outputs/Phase1/Phase1D/Phase1Db/_tool_runs/iedb_cache/mhci_batch_6afed435c76e668fea8064762b01415c.txt	1788103614	178162
Step_Outputs/Phase1/Phase1D/Phase1Db/_tool_runs/iedb_cache/mhci_batch_6b84a8ba6957dbf27c10c56e046ad978.txt	1788096585	288028
Step_Outputs/Phase1/Phase1D/Phase1Db/_tool_runs/iedb_cache/mhci_batch_6bf13bc51cf4c14588fb6f429ca3c932.txt	1788103851	178161
Step_Outputs/Phase1/Phase1D/Phase1Db/_tool_runs/iedb_cache/mhci_batch_6c68da6c2b8e7053a6b3f3ae5baa6cc2.txt	1788100288	72456
Step_Outputs/Phase1/Phase1D/Phase1Db/_tool_runs/iedb_cache/mhci_batch_6ca40b754c76291fbc8abc59ae288138.txt	1788099519	197016
Step_Outputs/Phase1/Phase1D/Phase1Db/_tool_runs/iedb_cache/mhci_batch_6d0932a7f01db7e736b3de83a846e140.txt	1788103657	178170
Step_Outputs/Phase1/Phase1D/Phase1Db/_tool_runs/iedb_cache/mhci_batch_70eec9f14a10e0a9899060be6692af1a.txt	1788099724	206755
Step_Outputs/Phase1/Phase1D/Phase1Db/_tool_runs/iedb_cache/mhci_batch_719bd6dad850220e6e8536e966b9a633.txt	1788100393	71235
Step_Outputs/Phase1/Phase1D/Phase1Db/_tool_runs/iedb_cache/mhci_batch_72319843f11f80111248ca1c5ee2b569.txt	1788097148	272586
Step_Outputs/Phase1/Phase1D/Phase1Db/_tool_runs/iedb_cache/mhci_batch_734e1c1046241efee95202412fe084aa.txt	1788100443	72429
Step_Outputs/Phase1/Phase1D/Phase1Db/_tool_runs/iedb_cache/mhci_batch_73b929173df961128f4b7cf732c9a6ea.txt	1788097446	281800
Step_Outputs/Phase1/Phase1D/Phase1Db/_tool_runs/iedb_cache/mhci_batch_74a447fda3609520098f208d73727266.txt	1788104597	144671
Step_Outputs/Phase1/Phase1D/Phase1Db/_tool_runs/iedb_cache/mhci_batch_7560d4d1b6b587bd35d44f085e41fcae.txt	1788097159	282618
Step_Outputs/Phase1/Phase1D/Phase1Db/_tool_runs/iedb_cache/mhci_batch_75b88efd57e403af7e840329c7d3d9e9.txt	1788103306	184584
Step_Outputs/Phase1/Phase1D/Phase1Db/_tool_runs/iedb_cache/mhci_batch_75faba066022e28c5967397b6104912f.txt	1788102450	99350
Step_Outputs/Phase1/Phase1D/Phase1Db/_tool_runs/iedb_cache/mhci_batch_7607bac38b580ed844b73e45acb965ab.txt	1788102515	102651
Step_Outputs/Phase1/Phase1D/Phase1Db/_tool_runs/iedb_cache/mhci_batch_7610b7f609a38a53b6f3e61db3f727ad.txt	1788101765	133337
Step_Outputs/Phase1/Phase1D/Phase1Db/_tool_runs/iedb_cache/mhci_batch_7636cef082803bc27d6ca07dbb7c771e.txt	1788098626	199357
Step_Outputs/Phase1/Phase1D/Phase1Db/_tool_runs/iedb_cache/mhci_batch_77dedd5990c487c9f21f5cabb6db5f18.txt	1788098832	206871
Step_Outputs/Phase1/Phase1D/Phase1Db/_tool_runs/iedb_cache/mhci_batch_784f5c123961ec1f2ea691be82ced179.txt	1788102898	178204
Step_Outputs/Phase1/Phase1D/Phase1Db/_tool_runs/iedb_cache/mhci_batch_79e85488835fbfbba4e768277a1b1e25.txt	1788096384	280593
Step_Outputs/Phase1/Phase1D/Phase1Db/_tool_runs/iedb_cache/mhci_batch_7a47d1b12d74f598989afd60d1369282.txt	1788098586	206810
Step_Outputs/Phase1/Phase1D/Phase1Db/_tool_runs/iedb_cache/mhci_batch_7a55e341b776f30c109fdc3a2d04af79.txt	1788098464	206813
Step_Outputs/Phase1/Phase1D/Phase1Db/_tool_runs/iedb_cache/mhci_batch_7af6d26dad0b10c2e3056d3e9065a843.txt	1788103467	178160
Step_Outputs/Phase1/Phase1D/Phase1Db/_tool_runs/iedb_cache/mhci_batch_7bd93be319139b2fc3b1e1312a8b5b7c.txt	1788105186	138558
Step_Outputs/Phase1/Phase1D/Phase1Db/_tool_runs/iedb_cache/mhci_batch_7c897f06d49ef703fed8f918b2f63dde.txt	1788101694	133332
Step_Outputs/Phase1/Phase1D/Phase1Db/_tool_runs/iedb_cache/mhci_batch_7d5ba689446a209953c958426afc6011.txt	1788098921	197757
Step_Outputs/Phase1/Phase1D/Phase1Db/_tool_runs/iedb_cache/mhci_batch_7d6d1b9bfab6b760767e035c86c22d29.txt	1788100034	72460
Step_Outputs/Phase1/Phase1D/Phase1Db/_tool_runs/iedb_cache/mhci_batch_7d926de637d8c729ebf6dffc4aa2ced3.txt	1788098355	195316
Step_Outputs/Phase1/Phase1D/Phase1Db/_tool_runs/iedb_cache/mhci_batch_7dfdafa3d1f045fa4f83d4b2b797df51.txt	1788096033	279442
Step_Outputs/Phase1/Phase1D/Phase1Db/_tool_runs/iedb_cache/mhci_batch_7f478aeb0175b747a99460b836c57194.txt	1788101001	133333
Step_Outputs/Phase1/Phase1D/Phase1Db/_tool_runs/iedb_cache/mhci_batch_7f7bf1049c3f5ce429930e58b8a9eee1.txt	1788101544	128777
Step_Outputs/Phase1/Phase1D/Phase1Db/_tool_runs/iedb_cache/mhci_batch_7fe11e18a830ba34896620670b48f54f.txt	1788101401	133288
Step_Outputs/Phase1/Phase1D/Phase1Db/_tool_runs/iedb_cache/mhci_batch_7ff2ab15bc93254fb9c7fedb10648b20.txt	1788102457	102627
Step_Outputs/Phase1/Phase1D/Phase1Db/_tool_runs/iedb_cache/mhci_batch_80221e2ca19f1993b74990e2da6fe172.txt	1788100958	128621
Step_Outputs/Phase1/Phase1D/Phase1Db/_tool_runs/iedb_cache/mhci_batch_8085dd96edf061c8a838a1a765848518.txt	1788099067	200096
Step_Outputs/Phase1/Phase1D/Phase1Db/_tool_runs/iedb_cache/mhci_batch_814e0f460da7932ffdff5274db1543a7.txt	1788102274	102659
Step_Outputs/Phase1/Phase1D/Phase1Db/_tool_runs/iedb_cache/mhci_batch_8202f3a1c9fb6b1516ce45406b29ce1e.txt	1788100264	72439
Step_Outputs/Phase1/Phase1D/Phase1Db/_tool_runs/iedb_cache/mhci_batch_82340fa8dc39ac9a7cb5fbf94010a1d8.txt	1788100673	72535
Step_Outputs/Phase1/Phase1D/Phase1Db/_tool_runs/iedb_cache/mhci_batch_825c1421873b17808e412d6c32dd0013.txt	1788098410	197065
Step_Outputs/Phase1/Phase1D/Phase1Db/_tool_runs/iedb_cache/mhci_batch_82744ebdfff59fe132430cb181533457.txt	1788102731	97148
Step_Outputs/Phase1/Phase1D/Phase1Db/_tool_runs/iedb_cache/mhci_batch_82a11ef4f7380e10e7e3d8d144d4bde9.txt	1788104938	142270
Step_Outputs/Phase1/Phase1D/Phase1Db/_tool_runs/iedb_cache/mhci_batch_83e0eb8efa976d1b23d6dc1fc5ec99be.txt	1788096235	273952
Step_Outputs/Phase1/Phase1D/Phase1Db/_tool_runs/iedb_cache/mhci_batch_8439320f2a2dc8e048ec1b7983ec86dd.txt	1788096302	277908
Step_Outputs/Phase1/Phase1D/Phase1Db/_tool_runs/iedb_cache/mhci_batch_84fdd06233e142e75c3d50a42a0c4aae.txt	1788102049	102641
Step_Outputs/Phase1/Phase1D/Phase1Db/_tool_runs/iedb_cache/mhci_batch_85132d64cd84ae5b5c64a41c58418569.txt	1788102510	99363
Step_Outputs/Phase1/Phase1D/Phase1Db/_tool_runs/iedb_cache/mhci_batch_86f69e7fa693ae1b0762ffebde132c62.txt	1788100182	70154
Step_Outputs/Phase1/Phase1D/Phase1Db/_tool_runs/iedb_cache/mhci_batch_87586bec5ecbc291ce0e6cb44388188c.txt	1788100994	128748
Step_Outputs/Phase1/Phase1D/Phase1Db/_tool_runs/iedb_cache/mhci_batch_8855b73bac2cbd0a823bef8b3d4fdaa9.txt	1788097350	266002
Step_Outputs/Phase1/Phase1D/Phase1Db/_tool_runs/iedb_cache/mhci_batch_89f1d90623baa580de244202a60fd096.txt	1788102335	102638
Step_Outputs/Phase1/Phase1D/Phase1Db/_tool_runs/iedb_cache/mhci_batch_8ba17e041be8f32e842b4e8b89c3389f.txt	1788099769	199468
Step_Outputs/Phase1/Phase1D/Phase1Db/_tool_runs/iedb_cache/mhci_batch_8c819851e08f5dcbf30c0a59809bda8c.txt	1788103569	178147
Step_Outputs/Phase1/Phase1D/Phase1Db/_tool_runs/iedb_cache/mhci_batch_8d222e727d0c011706112b651b0f15cc.txt	1788100965	133248
Step_Outputs/Phase1/Phase1D/Phase1Db/_tool_runs/iedb_cache/mhci_batch_8d52866f74a1b1f5bd0aa0c07e8a5a5c.txt	1788099624	206911
Step_Outputs/Phase1/Phase1D/Phase1Db/_tool_runs/iedb_cache/mhci_batch_90433a17a84c37c7945c915d15c0e954.txt	1788103164	184559
Step_Outputs/Phase1/Phase1D/Phase1Db/_tool_runs/iedb_cache/mhci_batch_908c8ce50ed9df8c94b3db962f7b3a1e.txt	1788102426	102659
Step_Outputs/Phase1/Phase1D/Phase1Db/_tool_runs/iedb_cache/mhci_batch_90a8b5026db3e235d7a93c5be8472d05.txt	1788099325	202611
Step_Outputs/Phase1/Phase1D/Phase1Db/_tool_runs/iedb_cache/mhci_batch_917445430ed7511efeb94007a26fbc1a.txt	1788100363	70089
Step_Outputs/Phase1/Phase1D/Phase1Db/_tool_runs/iedb_cache/mhci_batch_91d26df1a7ccb327e98778b02b7f4cee.txt	1788103157	178187
Step_Outputs/Phase1/Phase1D/Phase1Db/_tool_runs/iedb_cache/mhci_batch_91e820a2f7d76d61e5c09b1d2abaae39.txt	1788104172	178184
Step_Outputs/Phase1/Phase1D/Phase1Db/_tool_runs/iedb_cache/mhci_batch_9218ae5c40ebbe7bdfccef9c96d673fe.txt	1788096311	288289
Step_Outputs/Phase1/Phase1D/Phase1Db/_tool_runs/iedb_cache/mhci_batch_92783ef5f49b6c7ebb8a64cc3d851721.txt	1788102808	184669
Step_Outputs/Phase1/Phase1D/Phase1Db/_tool_runs/iedb_cache/mhci_batch_92b7da4164125469d1cd67e313b57d0c.txt	1788095889	283858
Step_Outputs/Phase1/Phase1D/Phase1Db/_tool_runs/iedb_cache/mhci_batch_9344264bf56525df4d3c8a3bdb4ad314.txt	1788102755	178153
Step_Outputs/Phase1/Phase1D/Phase1Db/_tool_runs/iedb_cache/mhci_batch_9347a633179b3a1689e0ed0493f50f11.txt	1788101358	128695
Step_Outputs/Phase1/Phase1D/Phase1Db/_tool_runs/iedb_cache/mhci_batch_93f887acdade6a238ac7502d374d7cb2.txt	1788095541	281150
Step_Outputs/Phase1/Phase1D/Phase1Db/_tool_runs/iedb_cache/mhci_batch_946d307e87db37d6f78e7036d5243d9c.txt	1788103620	184595
Step_Outputs/Phase1/Phase1D/Phase1Db/_tool_runs/iedb_cache/mhci_batch_94ae0efb3df6622751fbbc732a08b86f.txt	1788105147	139159
Step_Outputs/Phase1/Phase1D/Phase1Db/_tool_runs/iedb_cache/mhci_batch_9511d279f72255b73e66fb5928a4d014.txt	1788101219	133381
Step_Outputs/Phase1/Phase1D/Phase1Db/_tool_runs/iedb_cache/mhci_batch_95377a3ee778651e701d2b086998b383.txt	1788100107	72400
Step_Outputs/Phase1/Phase1D/Phase1Db/_tool_runs/iedb_cache/mhci_batch_96b17a2461e7dc0466fcd21fa687e7ba.txt	1788102367	102641
Step_Outputs/Phase1/Phase1D/Phase1Db/_tool_runs/iedb_cache/mhci_batch_96c3f8593623a4e6cbc60e61c42e7fce.txt	1788104756	139897
Step_Outputs/Phase1/Phase1D/Phase1Db/_tool_runs/iedb_cache/mhci_batch_96eebf88f9e0af87ec5d28ca3f069874.txt	1788103202	169340
Step_Outputs/Phase1/Phase1D/Phase1Db/_tool_runs/iedb_cache/mhci_batch_98792c6f3bc326fe7ef7afd24f63ead6.txt	1788099132	206925
Step_Outputs/Phase1/Phase1D/Phase1Db/_tool_runs/iedb_cache/mhci_batch_9a452eafb02efff01b5a5d8038b134f3.txt	1788105220	138538
Step_Outputs/Phase1/Phase1D/Phase1Db/_tool_runs/iedb_cache/mhci_batch_9aa27bfb9bfe7acdff4a25d9eaaf3b7b.txt	1788101799	128680
Step_Outputs/Phase1/Phase1D/Phase1Db/_tool_runs/iedb_cache/mhci_batch_9ae8a36ea35df2781314297a01376ff0.txt	1788100887	133298
Step_Outputs/Phase1/Phase1D/Phase1Db/_tool_runs/iedb_cache/mhci_batch_9c481f26ea96197bcde16ee7aa2af65a.txt	1788102042	99396
Step_Outputs/Phase1/Phase1D/Phase1Db/_tool_runs/iedb_cache/mhci_batch_9d2827a1c26b20ab85003d1fa7be8839.txt	1788102801	178279
Step_Outputs/Phase1/Phase1D/Phase1Db/_tool_runs/iedb_cache/mhci_batch_9dab68c05dd1b8e26eb051e2c68bad8f.txt	1788101658	133330
Step_Outputs/Phase1/Phase1D/Phase1Db/_tool_runs/iedb_cache/mhci_batch_9f2cafeaae031f98d324320ed609da4b.txt	1788098771	199577
Step_Outputs/Phase1/Phase1D/Phase1Db/_tool_runs/iedb_cache/mhci_batch_a06e3ca128cfd8fd6534f3c86c97727a.txt	1788099020	199474
Step_Outputs/Phase1/Phase1D/Phase1Db/_tool_runs/iedb_cache/mhci_batch_a1ee3b2659074ebf5506e073f712e42a.txt	1788098673	195366
Step_Outputs/Phase1/Phase1D/Phase1Db/_tool_runs/iedb_cache/mhci_batch_a20c6a786a79cc559d3675af9123299b.txt	1788098364	202413
Step_Outputs/Phase1/Phase1D/Phase1Db/_tool_runs/iedb_cache/mhci_batch_a2100fd4f8fc541321aa258b4f892f36.txt	1788099231	206783
Step_Outputs/Phase1/Phase1D/Phase1Db/_tool_runs/iedb_cache/mhci_batch_a23f03c169b2f1c17770459fd9528223.txt	1788095678	280435
Step_Outputs/Phase1/Phase1D/Phase1Db/_tool_runs/iedb_cache/mhci_batch_a4c4b2c80c90c9f16a91a92339aa5a84.txt	1788104562	144645
Step_Outputs/Phase1/Phase1D/Phase1Db/_tool_runs/iedb_cache/mhci_batch_a5d90500bdfc13e007e135d9d8bf9630.txt	1788100029	70131
Step_Outputs/Phase1/Phase1D/Phase1Db/_tool_runs/iedb_cache/mhci_batch_a7bea20f86ff47bb52e91dbf2a15bed9.txt	1788104555	139906
Step_Outputs/Phase1/Phase1D/Phase1Db/_tool_runs/iedb_cache/mhci_batch_a7d60d9aa86916ac9acdafba319248dd.txt	1788100008	72960
Step_Outputs/Phase1/Phase1D/Phase1Db/_tool_runs/iedb_cache/mhci_batch_a804975cfe632d2dca8aceea91c8223c.txt	1788095953	279263
Step_Outputs/Phase1/Phase1D/Phase1Db/_tool_runs/iedb_cache/mhci_batch_a99e6eba5a56eb58694c0339778b5f8f.txt	1788104870	143422
Step_Outputs/Phase1/Phase1D/Phase1Db/_tool_runs/iedb_cache/mhci_batch_a9cc3d35972a99fab388513ba79ff984.txt	1788104008	184695
Step_Outputs/Phase1/Phase1D/Phase1Db/_tool_runs/iedb_cache/mhci_batch_a9fc0452a4d5b9036dc1bf5b761b1b02.txt	1788101986	102634
Step_Outputs/Phase1/Phase1D/Phase1Db/_tool_runs/iedb_cache/mhci_batch_abdb1b09eefa6e2c5caf8a8befb32b80.txt	1788100770	70162
Step_Outputs/Phase1/Phase1D/Phase1Db/_tool_runs/iedb_cache/mhci_batch_ac4c46e94a0b7cdecffcddbed5e2d5b8.txt	1788101323	128728
Step_Outputs/Phase1/Phase1D/Phase1Db/_tool_runs/iedb_cache/mhci_batch_ac7cb0f570ad0ad0110916d10a4de594.txt	1788100718	71916
Step_Outputs/Phase1/Phase1D/Phase1Db/_tool_runs/iedb_cache/mhci_batch_aed483f76293c6033685058f2ec14886.txt	1788101836	128780
Step_Outputs/Phase1/Phase1D/Phase1Db/_tool_runs/iedb_cache/mhci_batch_af6ba8a0edc9cee66e5dc01b4423db5d.txt	1788104898	136380
Step_Outputs/Phase1/Phase1D/Phase1Db/_tool_runs/iedb_cache/mhci_batch_af7b250502d9314c51b0ee120dd4fa3a.txt	1788101294	133389
Step_Outputs/Phase1/Phase1D/Phase1Db/_tool_runs/iedb_cache/mhci_batch_af8cec99820d1530d045e943e68d469e.txt	1788104448	184579
Step_Outputs/Phase1/Phase1D/Phase1Db/_tool_runs/iedb_cache/mhci_batch_b0d8ba32fec68743583ba4e59a881caf.txt	1788105010	144661
Step_Outputs/Phase1/Phase1D/Phase1Db/_tool_runs/iedb_cache/mhci_batch_b1480f6d52f385eac23006646ed4cfb6.txt	1788103255	184562
Step_Outputs/Phase1/Phase1D/Phase1Db/_tool_runs/iedb_cache/mhci_batch_b1f319ac484a03fabf05abe3c7dbef90.txt	1788104050	178157
Step_Outputs/Phase1/Phase1D/Phase1Db/_tool_runs/iedb_cache/mhci_batch_b24fdd1be9693cada29c05caee28cc93.txt	1788101136	128729
Step_Outputs/Phase1/Phase1D/Phase1Db/_tool_runs/iedb_cache/mhci_batch_b2b507f25ac3a06b6f90dc5dcb7d2e34.txt	1788096375	270607
Step_Outputs/Phase1/Phase1D/Phase1Db/_tool_runs/iedb_cache/mhci_batch_b403560e333611cd5046204a1ebf5bd2.txt	1788098826	199548
Step_Outputs/Phase1/Phase1D/Phase1Db/_tool_runs/iedb_cache/mhci_batch_b4394adedc31a9cd921d9a1bc316a85d.txt	1788100698	72476
Step_Outputs/Phase1/Phase1D/Phase1Db/_tool_runs/iedb_cache/mhci_batch_b61d9c7cc5ba8ede98e3e28b529d7390.txt	1788095962	289506
Step_Outputs/Phase1/Phase1D/Phase1Db/_tool_runs/iedb_cache/mhci_batch_b6ceb682285e20540d14fdd556c59875.txt	1788100796	128727
Step_Outputs/Phase1/Phase1D/Phase1Db/_tool_runs/iedb_cache/mhci_batch_b736a08e30939bacea9b43b560b868b5.txt	1788101914	133335
Step_Outputs/Phase1/Phase1D/Phase1Db/_tool_runs/iedb_cache/mhci_batch_b7644bce6736a30c6d793cb122de45a2.txt	1788104690	139865
Step_Outputs/Phase1/Phase1D/Phase1Db/_tool_runs/iedb_cache/mhci_batch_b85422f7d5f955a41c0e7888ee3404c9.txt	1788101171	128718
Step_Outputs/Phase1/Phase1D/Phase1Db/_tool_runs/iedb_cache/mhci_batch_b8601d1113a03c8caf733534de1929a0.txt	1788103807	184585
Step_Outputs/Phase1/Phase1D/Phase1Db/_tool_runs/iedb_cache/mhci_batch_b895608ddacf566f5bbc52b4c89097e3.txt	1788104057	184590
Step_Outputs/Phase1/Phase1D/Phase1Db/_tool_runs/iedb_cache/mhci_batch_b8f444f69399d9e4479fbdf4a51be801.txt	1788099526	204273
Step_Outputs/Phase1/Phase1D/Phase1Db/_tool_runs/iedb_cache/mhci_batch_b9b9a85c0ffe98baadef42391a5e22c3.txt	1788099318	195471
Step_Outputs/Phase1/Phase1D/Phase1Db/_tool_runs/iedb_cache/mhci_batch_ba7752dba5027e1cf37c3732f00d252d.txt	1788101729	133275
Step_Outputs/Phase1/Phase1D/Phase1Db/_tool_runs/iedb_cache/mhci_batch_bd35ba9a324ee83122a0b9a49e86a131.txt	1788102018	102639
Step_Outputs/Phase1/Phase1D/Phase1Db/_tool_runs/iedb_cache/mhci_batch_be2133b9e4141bd20603e990ea3c482c.txt	1788101029	128742
Step_Outputs/Phase1/Phase1D/Phase1Db/_tool_runs/iedb_cache/mhci_batch_be45580055d4098dd3ac090cb2abc618.txt	1788100775	72487
Step_Outputs/Phase1/Phase1D/Phase1Db/_tool_runs/iedb_cache/mhci_batch_bf4dbd0ea67a6edfc2add250b9ec0d9b.txt	1788102904	184588
Step_Outputs/Phase1/Phase1D/Phase1Db/_tool_runs/iedb_cache/mhci_batch_c06ff38608c15bb4c3aed4375008367d.txt	1788104107	178162
Step_Outputs/Phase1/Phase1D/Phase1Db/_tool_runs/iedb_cache/mhci_batch_c0dda334cb972b9f269c3fcfb66cc7bd.txt	1788100388	68959
Step_Outputs/Phase1/Phase1D/Phase1Db/_tool_runs/iedb_cache/mhci_batch_c0ebe68f50a3f8043adc91e61fd327bf.txt	1788103712	184553
Step_Outputs/Phase1/Phase1D/Phase1Db/_tool_runs/iedb_cache/mhci_batch_c1e7a7a486a78b728fa998c8120851a2.txt	1788100751	72488
Step_Outputs/Phase1/Phase1D/Phase1Db/_tool_runs/iedb_cache/mhci_batch_c2f33f175b60c7e754001d95ad4eb465.txt	1788099278	206735
Step_Outputs/Phase1/Phase1D/Phase1Db/_tool_runs/iedb_cache/mhci_batch_c327b221d83be0658d91d098ba4fb0bd.txt	1788098723	195455
Step_Outputs/Phase1/Phase1D/Phase1Db/_tool_runs/iedb_cache/mhci_batch_c3632842264dd99c9dc1f5b419c6edef.txt	1788103429	184606
Step_Outputs/Phase1/Phase1D/Phase1Db/_tool_runs/iedb_cache/mhci_batch_c463b9cd33f64fd72d34c16ed8cdc44a.txt	1788097278	284729
Step_Outputs/Phase1/Phase1D/Phase1Db/_tool_runs/iedb_cache/mhci_batch_c5118430fbbbb907bf8901c85ec11d49.txt	1788103519	178098
Step_Outputs/Phase1/Phase1D/Phase1Db/_tool_runs/iedb_cache/mhci_batch_c59cad08df8c572c05151080e5d45e84.txt	1788100160	70637
Step_Outputs/Phase1/Phase1D/Phase1Db/_tool_runs/iedb_cache/mhci_batch_c5ebe90149844d96a8b756db9e564d40.txt	1788095670	270508
Step_Outputs/Phase1/Phase1D/Phase1Db/_tool_runs/iedb_cache/mhci_batch_c6f597504087d7dc4e6bbd82315dd532.txt	1788105004	139905
Step_Outputs/Phase1/Phase1D/Phase1Db/_tool_runs/iedb_cache/mhci_batch_c728a9e9bee66c0e5e2526ccb896ac53.txt	1788099567	199518
Step_Outputs/Phase1/Phase1D/Phase1Db/_tool_runs/iedb_cache/mhci_batch_c7ce278eb2c7f99ad7167083dd0a2fe4.txt	1788100513	70174
Step_Outputs/Phase1/Phase1D/Phase1Db/_tool_runs/iedb_cache/mhci_batch_c9fb2a163cdf7630778af4cc89a5cb18.txt	1788102206	99352
Step_Outputs/Phase1/Phase1D/Phase1Db/_tool_runs/iedb_cache/mhci_batch_ca469663be314f6496b7a8f830726a67.txt	1788095808	281183
Step_Outputs/Phase1/Phase1D/Phase1Db/_tool_runs/iedb_cache/mhci_batch_cb6969e607e206345a88732c883e0aaa.txt	1788099671	207509
Step_Outputs/Phase1/Phase1D/Phase1Db/_tool_runs/iedb_cache/mhci_batch_cb825ad62c71d43e8610bc2d43d2a33b.txt	1788100283	70116
Step_Outputs/Phase1/Phase1D/Phase1Db/_tool_runs/iedb_cache/mhci_batch_cbc1b8baf30ca7d2ed2206ba8e8a0a7b.txt	1788102182	102636
Step_Outputs/Phase1/Phase1D/Phase1Db/_tool_runs/iedb_cache/mhci_batch_cc3b6288418c3d76596be0b0303bc3d7.txt	1788096164	278697
Step_Outputs/Phase1/Phase1D/Phase1Db/_tool_runs/iedb_cache/mhci_batch_ccf36e0eb135ed2f4f43ff8bf1840ad6.txt	1788102664	99344
Step_Outputs/Phase1/Phase1D/Phase1Db/_tool_runs/iedb_cache/mhci_batch_cd29876a02bf08b8bb9b87b11cb1c064.txt	1788098456	199568
Step_Outputs/Phase1/Phase1D/Phase1Db/_tool_runs/iedb_cache/mhci_batch_cd65cd58f5798595af62c35d8a7b7eb5.txt	1788100003	70698
Step_Outputs/Phase1/Phase1D/Phase1Db/_tool_runs/iedb_cache/mhci_batch_cdabe04ce5c8d0ebf56ebcdcff4a02c8.txt	1788103759	184580
Step_Outputs/Phase1/Phase1D/Phase1Db/_tool_runs/iedb_cache/mhci_batch_ce1b678f25cfab19d83b1a794d1c986e.txt	1788100881	128657
Step_Outputs/Phase1/Phase1D/Phase1Db/_tool_runs/iedb_cache/mhci_batch_ce942f867707bbfc90398b006ed4926a.txt	1788098075	273944
Step_Outputs/Phase1/Phase1D/Phase1Db/_tool_runs/iedb_cache/mhci_batch_cf2de5f1535e2004431d4538599b161f.txt	1788102856	174399
Step_Outputs/Phase1/Phase1D/Phase1Db/_tool_runs/iedb_cache/mhci_batch_cf3c6e9dc9a7756648cd079332c2f073.txt	1788100923	128836
Step_Outputs/Phase1/Phase1D/Phase1Db/_tool_runs/iedb_cache/mhci_batch_cf51d9f4cbbe270113fe12556af1835c.txt	1788100844	128693
Step_Outputs/Phase1/Phase1D/Phase1Db/_tool_runs/iedb_cache/mhci_batch_cfd9143dd7e7888dd555b449713e8c44.txt	1788098680	202506
Step_Outputs/Phase1/Phase1D/Phase1Db/_tool_runs/iedb_cache/mhci_batch_d0b2b7a4c04e2db0122955f1b09ce35f.txt	1788103752	178141
Step_Outputs/Phase1/Phase1D/Phase1Db/_tool_runs/iedb_cache/mhci_batch_d1945ee552610aef884c420f38023026.txt	1788095881	273685
Step_Outputs/Phase1/Phase1D/Phase1Db/_tool_runs/iedb_cache/mhci_batch_d1ec06f15e98418bbd9ed43a2be78fcd.txt	1788099906	197145
Step_Outputs/Phase1/Phase1D/Phase1Db/_tool_runs/iedb_cache/mhci_batch_d239a068ef7304ac98037fa46e8d52f1.txt	1788100639	71366
Step_Outputs/Phase1/Phase1D/Phase1Db/_tool_runs/iedb_cache/mhci_batch_d2e49470bb234b73bce6d9e350eb60c8.txt	1788097264	274676
Step_Outputs/Phase1/Phase1D/Phase1Db/_tool_runs/iedb_cache/mhci_batch_d3d1f9cdf904d2183d5320943c312982.txt	1788099075	207436
Step_Outputs/Phase1/Phase1D/Phase1Db/_tool_runs/iedb_cache/mhci_batch_d4f57ca9c7a60fe84e490861fdb428e4.txt	1788102640	102650
Step_Outputs/Phase1/Phase1D/Phase1Db/_tool_runs/iedb_cache/mhci_batch_d4f6dbd4099084d896fc6f384e5f01a9.txt	1788096173	288948
Step_Outputs/Phase1/Phase1D/Phase1Db/_tool_runs/iedb_cache/mhci_batch_d678add0dcd2bf12ba56e76dbae24331.txt	1788102398	95920
Step_Outputs/Phase1/Phase1D/Phase1Db/_tool_runs/iedb_cache/mhci_batch_d9126f284c38d56a31db72fdf23629dd.txt	1788102175	99356
Step_Outputs/Phase1/Phase1D/Phase1Db/_tool_runs/iedb_cache/mhci_batch_d96d1a399d669269bd31e75397b348ac.txt	1788101101	128713
Step_Outputs/Phase1/Phase1D/Phase1Db/_tool_runs/iedb_cache/mhci_batch_da019856f41c6df74f61e4e639587572.txt	1788099366	199508
Step_Outputs/Phase1/Phase1D/Phase1Db/_tool_runs/iedb_cache/mhci_batch_da6a28c6601db0a8a1425337b8a74bcd.txt	1788099574	206796
Step_Outputs/Phase1/Phase1D/Phase1Db/_tool_runs/iedb_cache/mhci_batch_db39246d1d3bb297d331e3f2de036ea1.txt	1788104225	178190
Step_Outputs/Phase1/Phase1D/Phase1Db/_tool_runs/iedb_cache/mhci_batch_dce6171a4914095b6cd29f5113b9a5a2.txt	1788096506	270051
Step_Outputs/Phase1/Phase1D/Phase1Db/_tool_runs/iedb_cache/mhci_batch_dd28c6f1a81b30b68575f491b6d5251e.txt	1788101689	128735
Step_Outputs/Phase1/Phase1D/Phase1Db/_tool_runs/iedb_cache/mhci_batch_dd3e162b741470905d171a23054b605c.txt	1788100645	73714
Step_Outputs/Phase1/Phase1D/Phase1Db/_tool_runs/iedb_cache/mhci_batch_ddb4b3f309213af3bb709647df4cc304.txt	1788102298	99384
Step_Outputs/Phase1/Phase1D/Phase1Db/_tool_runs/iedb_cache/mhci_batch_de572057a3c3170faf45770934ea253a.txt	1788104763	144654
Step_Outputs/Phase1/Phase1D/Phase1Db/_tool_runs/iedb_cache/mhci_batch_debf3bc28f4f6ef4d67bc521be7f338e.txt	1788096441	270633
Step_Outputs/Phase1/Phase1D/Phase1Db/_tool_runs/iedb_cache/mhci_batch_df31b70f5f469037c0161e3842d39953.txt	1788101288	128802
Step_Outputs/Phase1/Phase1D/Phase1Db/_tool_runs/iedb_cache/mhci_batch_df6a8bf3fa03d441753e7edd8635b7d4.txt	1788102988	178157
Step_Outputs/Phase1/Phase1D/Phase1Db/_tool_runs/iedb_cache/mhci_batch_e0692950f678a671a21ffb2c9343622b.txt	1788098150	269991
Step_Outputs/Phase1/Phase1D/Phase1Db/_tool_runs/iedb_cache/mhci_batch_e06d19b7c1c4fe45fa47e65ec4b00b67.txt	1788098970	199469
Step_Outputs/Phase1/Phase1D/Phase1Db/_tool_runs/iedb_cache/mhci_batch_e19eeeaf6b5fe12e21026ee45ac61441.txt	1788102236	99362
Step_Outputs/Phase1/Phase1D/Phase1Db/_tool_runs/iedb_cache/mhci_batch_e2418c7f8f469fe8d8b576f3c709cb4d.txt	1788104825	136989
Step_Outputs/Phase1/Phase1D/Phase1Db/_tool_runs/iedb_cache/mhci_batch_e2b19692047ab785da84f33484a73fa6.txt	1788100412	70116
Step_Outputs/Phase1/Phase1D/Phase1Db/_tool_runs/iedb_cache/mhci_batch_e2c6e7321571863a795187395de9c464.txt	1788099271	199469
Step_Outputs/Phase1/Phase1D/Phase1Db/_tool_runs/iedb_cache/mhci_batch_e2fda5524b60195087ffd18ee0eb5c83.txt	1788101364	133269
Step_Outputs/Phase1/Phase1D/Phase1Db/_tool_runs/iedb_cache/mhci_batch_e47b00edd5d75ea498dabc174fcca6a0.txt	1788120057	178165
Step_Outputs/Phase1/Phase1D/Phase1Db/_tool_runs/iedb_cache/mhci_batch_e4d96cefa82e8da07c076284f3f40dab.txt	1788098086	284089
Step_Outputs/Phase1/Phase1D/Phase1Db/_tool_runs/iedb_cache/mhci_batch_e4ed1536868c3c4ceaee4529ab7007df.txt	1788099181	206780
Step_Outputs/Phase1/Phase1D/Phase1Db/_tool_runs/iedb_cache/mhci_batch_e52ff3c2d9c3604bce73822d8cabb99c.txt	1788100490	68328
Step_Outputs/Phase1/Phase1D/Phase1Db/_tool_runs/iedb_cache/mhci_batch_e54ee12ebe69c37362cdd90f9c316721.txt	1788098311	206808
Step_Outputs/Phase1/Phase1D/Phase1Db/_tool_runs/iedb_cache/mhci_batch_e62389e3501de1eee3b6200d4ef7ce61.txt	1788099982	70018
Step_Outputs/Phase1/Phase1D/Phase1Db/_tool_runs/iedb_cache/mhci_batch_e647cf50d87a6a825fc29c2e4692229f.txt	1788103895	178171
Step_Outputs/Phase1/Phase1D/Phase1Db/_tool_runs/iedb_cache/mhci_batch_e7b0ca1b4690b8cafb3ba5ce4dff53f7.txt	1788098241	277397
Step_Outputs/Phase1/Phase1D/Phase1Db/_tool_runs/iedb_cache/mhci_batch_e7f9403dfc5ec0bf5fe041ebb0291d9f.txt	1788102609	102652
Step_Outputs/Phase1/Phase1D/Phase1Db/_tool_runs/iedb_cache/mhci_batch_e87f4de049c16340caa6b3cb30a62c2d.txt	1788102701	100812
Step_Outputs/Phase1/Phase1D/Phase1Db/_tool_runs/iedb_cache/mhci_batch_e9147e438288c8d072868d62fc6ad5be.txt	1788101106	133266
Step_Outputs/Phase1/Phase1D/Phase1Db/_tool_runs/iedb_cache/mhci_batch_e9a19b372f4b9310cfb486c6ca945c3f.txt	1788097976	292424
Step_Outputs/Phase1/Phase1D/Phase1Db/_tool_runs/iedb_cache/mhci_batch_ea266426a3f21175bcc2a1344e63f8a3.txt	1788105043	144673
Step_Outputs/Phase1/Phase1D/Phase1Db/_tool_runs/iedb_cache/mhci_batch_eac185c2219b7d9f25ded50784b54b9b.txt	1788104969	144074
Step_Outputs/Phase1/Phase1D/Phase1Db/_tool_runs/iedb_cache/mhci_batch_edf96589329a8cb7da3a1dd909d06a51.txt	1788095611	279892
Step_Outputs/Phase1/Phase1D/Phase1Db/_tool_runs/iedb_cache/mhci_batch_eebe2c67a4280d8fa7eaf27d5f5fc7dc.txt	1788100337	70108
Step_Outputs/Phase1/Phase1D/Phase1Db/_tool_runs/iedb_cache/mhci_batch_eeef41a33a63ffd7fc40c146b9056127.txt	1788100723	74311
Step_Outputs/Phase1/Phase1D/Phase1Db/_tool_runs/iedb_cache/mhci_batch_efa8a416fa5604b65fe73f288cacb028.txt	1788102634	99348
Step_Outputs/Phase1/Phase1D/Phase1Db/_tool_runs/iedb_cache/mhci_batch_f00be2e74d5809af538ec8c29e08026e.txt	1788095467	277486
Step_Outputs/Phase1/Phase1D/Phase1Db/_tool_runs/iedb_cache/mhci_batch_f09d8c1d7f05b8a95313333cade77252.txt	1788103249	178156
Step_Outputs/Phase1/Phase1D/Phase1Db/_tool_runs/iedb_cache/mhci_batch_f0c1dbd720b3b79d4332a6b10a7d013e.txt	1788105141	134620
Step_Outputs/Phase1/Phase1D/Phase1Db/_tool_runs/iedb_cache/mhci_batch_f1fb8eb19ac667757b5fd11e3ab11474.txt	1788119697	128746
Step_Outputs/Phase1/Phase1D/Phase1Db/_tool_runs/iedb_cache/mhci_batch_f20e6278b1eaca04aac2a7b2f8c3fa3f.txt	1788101550	133395
Step_Outputs/Phase1/Phase1D/Phase1Db/_tool_runs/iedb_cache/mhci_batch_f25cba3a2d98ea1ef70dd9919d2b88a6.txt	1788099717	199455
Step_Outputs/Phase1/Phase1D/Phase1Db/_tool_runs/iedb_cache/mhci_batch_f3ca34165a615e0edc2e79f5ee2c3b8f.txt	1788099027	206878
Step_Outputs/Phase1/Phase1D/Phase1Db/_tool_runs/iedb_cache/mhci_batch_f3f3b1a2096d10a81baea904a1e37526.txt	1788100462	70142
Step_Outputs/Phase1/Phase1D/Phase1Db/_tool_runs/iedb_cache/mhci_batch_f593d1b060e65ae26a46d21823fe5c8f.txt	1788102392	92893
Step_Outputs/Phase1/Phase1D/Phase1Db/_tool_runs/iedb_cache/mhci_batch_f625d4b0609ae07c2a496d829df8a260.txt	1788101579	128746
Step_Outputs/Phase1/Phase1D/Phase1Db/_tool_runs/iedb_cache/mhci_batch_f62f55f0c20efb1a099e66fe7b407365.txt	1788099617	199562
Step_Outputs/Phase1/Phase1D/Phase1Db/_tool_runs/iedb_cache/mhci_batch_f7d1d6d8b6bc8701905f244bd8889b41.txt	1788101616	128654
Step_Outputs/Phase1/Phase1D/Phase1Db/_tool_runs/iedb_cache/mhci_batch_f7e71e7c949bc68facf3daf43e6236d6.txt	1788103473	184587
Step_Outputs/Phase1/Phase1D/Phase1Db/_tool_runs/iedb_cache/mhci_batch_f879653e69136ebca6703c333d1692e4.txt	1788102546	102658
Step_Outputs/Phase1/Phase1D/Phase1Db/_tool_runs/iedb_cache/mhci_batch_f90875d766394afc41ea905c78166130.txt	1788098579	199421
Step_Outputs/Phase1/Phase1D/Phase1Db/_tool_runs/iedb_cache/mhci_batch_f98e7dec3de3d1d0e0e4b4d3de4810c7.txt	1788104512	139901
Step_Outputs/Phase1/Phase1D/Phase1Db/_tool_runs/iedb_cache/mhci_batch_f9b3329ff3fada2992fc07cbd7741ce1.txt	1788100418	72452
Step_Outputs/Phase1/Phase1D/Phase1Db/_tool_runs/iedb_cache/mhci_batch_fb2da4a20de9e6a18373429a6505e229.txt	1788100052	69536
Step_Outputs/Phase1/Phase1D/Phase1Db/_tool_runs/iedb_cache/mhci_batch_fb73b200ed891210b1e1ebc2a186081b.txt	1788101869	128716
Step_Outputs/Phase1/Phase1D/Phase1Db/_tool_runs/iedb_cache/mhci_batch_fbd834cbbdddd233408c1b23ae3bb684.txt	1788104631	144659
Step_Outputs/Phase1/Phase1D/Phase1Db/_tool_runs/iedb_cache/mhci_batch_fd46f79cdd04fc0819efd0d863d421d5.txt	1788102421	99369
Step_Outputs/Phase1/Phase1D/Phase1Db/_tool_runs/iedb_cache/mhci_batch_fd5dc98f8fd542120396f48894afdc2e.txt	1788096656	282448
Step_Outputs/Phase1/Phase1D/Phase1Db/_tool_runs/iedb_cache/mhci_batch_fdcede0bbee2c49f10e99570e93fc89c.txt	1788102726	94090
Step_Outputs/Phase1/Phase1D/Phase1Db/_tool_runs/iedb_cache/mhci_batch_fed37c09754b9b0b499d2da7d7f9fb35.txt	1788100135	72393
Step_Outputs/Phase1/Phase1D/Phase1Db/_tool_runs/iedb_cache/mhci_batch_fee6739fa22ff4748b2e0a0041c90dcb.txt	1788100437	70132
Step_Outputs/Phase1/Phase1D/Phase1Db/_tool_runs/iedb_cache/mhcii_batch_00d22867092dbfa7c3e31389d82fa037.txt	1788100650	176492
Step_Outputs/Phase1/Phase1D/Phase1Db/_tool_runs/iedb_cache/mhcii_batch_0148c8faed04ce431ab4cc7930052b70.txt	1788100474	173480
Step_Outputs/Phase1/Phase1D/Phase1Db/_tool_runs/iedb_cache/mhcii_batch_0456fab1c64b5e70ca00595654520657.txt	1788104605	353910
Step_Outputs/Phase1/Phase1D/Phase1Db/_tool_runs/iedb_cache/mhcii_batch_081abb9465c35ad9666126ffc2d70783.txt	1788101041	325000
Step_Outputs/Phase1/Phase1D/Phase1Db/_tool_runs/iedb_cache/mhcii_batch_0852b6f737db47b790fa61f880a0cdae.txt	1788095901	702807
Step_Outputs/Phase1/Phase1D/Phase1Db/_tool_runs/iedb_cache/mhcii_batch_08ca157e4cc355de0e4baa50a712a2d9.txt	1788100013	174961
Step_Outputs/Phase1/Phase1D/Phase1Db/_tool_runs/iedb_cache/mhcii_batch_0f6afe06e5b67feb69ec2ad3a0cdc634.txt	1788103482	455903
Step_Outputs/Phase1/Phase1D/Phase1Db/_tool_runs/iedb_cache/mhcii_batch_11acb40abf7985010309bf6b3e053070.txt	1788096393	695260
Step_Outputs/Phase1/Phase1D/Phase1Db/_tool_runs/iedb_cache/mhcii_batch_1554715b4af65a4a7d3bd514c808b27b.txt	1788096734	693781
Step_Outputs/Phase1/Phase1D/Phase1Db/_tool_runs/iedb_cache/mhcii_batch_164e1994c580d9fd64eff521cf6d999a.txt	1788103582	455916
Step_Outputs/Phase1/Phase1D/Phase1Db/_tool_runs/iedb_cache/mhcii_batch_174d21fab7ef8c5bffac510651426b0c.txt	1788098690	498059
Step_Outputs/Phase1/Phase1D/Phase1Db/_tool_runs/iedb_cache/mhcii_batch_187ef16fd242fe4ca164b9322bb2a2d4.txt	1788102055	249203
Step_Outputs/Phase1/Phase1D/Phase1Db/_tool_runs/iedb_cache/mhcii_batch_1ac07cb792d322c6ae2ec403617e6326.txt	1788101847	324998
Step_Outputs/Phase1/Phase1D/Phase1Db/_tool_runs/iedb_cache/mhcii_batch_1bca2ac0e528b961e8383127e79a7ec6.txt	1788096527	693640
Step_Outputs/Phase1/Phase1D/Phase1Db/_tool_runs/iedb_cache/mhcii_batch_1bd73984a1b8f3773532732a714a36ec.txt	1788102552	249249
Step_Outputs/Phase1/Phase1D/Phase1Db/_tool_runs/iedb_cache/mhcii_batch_1d321b4c0a0da9630c237b6fde4fa203.txt	1788103262	455912
Step_Outputs/Phase1/Phase1D/Phase1Db/_tool_runs/iedb_cache/mhcii_batch_1de05bf5ef66ece7ce923fd2e19edab1.txt	1788100140	173488
Step_Outputs/Phase1/Phase1D/Phase1Db/_tool_runs/iedb_cache/mhcii_batch_21c85ee0e2e4a59142aab0d50d1bb10f.txt	1788099987	167431
Step_Outputs/Phase1/Phase1D/Phase1Db/_tool_runs/iedb_cache/mhcii_batch_2219cb90ea82037c6931841e351b0761.txt	1788102431	249240
Step_Outputs/Phase1/Phase1D/Phase1Db/_tool_runs/iedb_cache/mhcii_batch_237983d18fa9436c5d0e8e375be4ebd2.txt	1788100398	170433
Step_Outputs/Phase1/Phase1D/Phase1Db/_tool_runs/iedb_cache/mhcii_batch_2489da8b2a996f3a1748f6a69553ef9e.txt	1788105084	353914
Step_Outputs/Phase1/Phase1D/Phase1Db/_tool_runs/iedb_cache/mhcii_batch_24c8dbacf76097187243eb2a1e947fbc.txt	1788101702	325023
Step_Outputs/Phase1/Phase1D/Phase1Db/_tool_runs/iedb_cache/mhcii_batch_2578c063d76f415c4753848c467fabc7.txt	1788098840	508721
Step_Outputs/Phase1/Phase1D/Phase1Db/_tool_runs/iedb_cache/mhcii_batch_27c5def5458033313e93342db04811ac.txt	1788100112	173484
Step_Outputs/Phase1/Phase1D/Phase1Db/_tool_runs/iedb_cache/mhcii_batch_29b25b8ac68d2e08d35e49b31535e093.txt	1788098253	687604
Step_Outputs/Phase1/Phase1D/Phase1Db/_tool_runs/iedb_cache/mhcii_batch_2addebdfc21a4510b040f71ac7252d91.txt	1788100894	324974
Step_Outputs/Phase1/Phase1D/Phase1Db/_tool_runs/iedb_cache/mhcii_batch_2d535e722f272e68876afea0951e680b.txt	1788101113	325009
Step_Outputs/Phase1/Phase1D/Phase1Db/_tool_runs/iedb_cache/mhcii_batch_2d9883fd8f0ef3cf8fb30af5424d3669.txt	1788102187	249245
Step_Outputs/Phase1/Phase1D/Phase1Db/_tool_runs/iedb_cache/mhcii_batch_2f91008905656588790dd49eb2f96e2c.txt	1788097174	699761
Step_Outputs/Phase1/Phase1D/Phase1Db/_tool_runs/iedb_cache/mhcii_batch_31a9ccc3869bed135ab013728696624d.txt	1788101592	324976
Step_Outputs/Phase1/Phase1D/Phase1Db/_tool_runs/iedb_cache/mhcii_batch_31bc5c1813a0277ca582e5c528db2717.txt	1788095974	718077
Step_Outputs/Phase1/Phase1D/Phase1Db/_tool_runs/iedb_cache/mhcii_batch_3522165328fb61e505ce851787182102.txt	1788098640	508722
Step_Outputs/Phase1/Phase1D/Phase1Db/_tool_runs/iedb_cache/mhcii_batch_35bcc572b957ad5eff43bde33955c0f7.txt	1788098181	693736
Step_Outputs/Phase1/Phase1D/Phase1Db/_tool_runs/iedb_cache/mhcii_batch_36da7e567d952b14269da7a8368d0c3d.txt	1788099487	499565
Step_Outputs/Phase1/Phase1D/Phase1Db/_tool_runs/iedb_cache/mhcii_batch_3759f9b8bacc5839203c5ff102d0d9e5.txt	1788104124	455899
Step_Outputs/Phase1/Phase1D/Phase1Db/_tool_runs/iedb_cache/mhcii_batch_377e9f7907134ab118c603078c6d96dc.txt	1788098888	508625
Step_Outputs/Phase1/Phase1D/Phase1Db/_tool_runs/iedb_cache/mhcii_batch_37bfd72f2f651816cbb18ba97008b4eb.txt	1788103911	455896
Step_Outputs/Phase1/Phase1D/Phase1Db/_tool_runs/iedb_cache/mhcii_batch_382853844bbed6f78f293b721d7d4b27.txt	1788104802	353916
Step_Outputs/Phase1/Phase1D/Phase1Db/_tool_runs/iedb_cache/mhcii_batch_39ce8ebec97a2481a7e3c2dc39a9be55.txt	1788099035	508692
Step_Outputs/Phase1/Phase1D/Phase1Db/_tool_runs/iedb_cache/mhcii_batch_3b632a814652853f24f1164dc6593a38.txt	1788098424	502686
Step_Outputs/Phase1/Phase1D/Phase1Db/_tool_runs/iedb_cache/mhcii_batch_3bcc621fc1bd3182b76b3cf60c156992.txt	1788101663	325011
Step_Outputs/Phase1/Phase1D/Phase1Db/_tool_runs/iedb_cache/mhcii_batch_3d05ff1e3310a0de24d746113af36f8b.txt	1788101226	325016
Step_Outputs/Phase1/Phase1D/Phase1Db/_tool_runs/iedb_cache/mhcii_batch_3ff3608866eedd8b1561dc4bacc73858.txt	1788100422	173449
Step_Outputs/Phase1/Phase1D/Phase1Db/_tool_runs/iedb_cache/mhcii_batch_404510b3abf7bca79d6ea0ea618ff9ca.txt	1788098985	508707
Step_Outputs/Phase1/Phase1D/Phase1Db/_tool_runs/iedb_cache/mhcii_batch_42a0e54ec3d5ccd8714a3549124f1a29.txt	1788102865	430072
Step_Outputs/Phase1/Phase1D/Phase1Db/_tool_runs/iedb_cache/mhcii_batch_42d680d119aaaac72e98421dc42b943c.txt	1788103865	455915
Step_Outputs/Phase1/Phase1D/Phase1Db/_tool_runs/iedb_cache/mhcii_batch_433cdf01d3f8c3132c04c8550e4cc56e.txt	1788097292	705791
Step_Outputs/Phase1/Phase1D/Phase1Db/_tool_runs/iedb_cache/mhcii_batch_48ba186fcad78c065031a8dbd4c273b0.txt	1788099383	508750
Step_Outputs/Phase1/Phase1D/Phase1Db/_tool_runs/iedb_cache/mhcii_batch_48f7f0064e76a846c7065287091bbecc.txt	1788104944	347852
Step_Outputs/Phase1/Phase1D/Phase1Db/_tool_runs/iedb_cache/mhcii_batch_4934403eb689e874d3414f17caa7d5fb.txt	1788097369	683018
Step_Outputs/Phase1/Phase1D/Phase1Db/_tool_runs/iedb_cache/mhcii_batch_49f27d3989c6921dd3666eff920c5501.txt	1788099084	510179
Step_Outputs/Phase1/Phase1D/Phase1Db/_tool_runs/iedb_cache/mhcii_batch_4aa8062b076d898e4d5ed7bcd786f024.txt	1788096459	695241
Step_Outputs/Phase1/Phase1D/Phase1Db/_tool_runs/iedb_cache/mhcii_batch_4b257e583ed283058753b7e1c3f7e6a4.txt	1788101372	325005
Step_Outputs/Phase1/Phase1D/Phase1Db/_tool_runs/iedb_cache/mhcii_batch_4b5cbc1993e4b15b6d7cf2b7c6a460e1.txt	1788100191	173480
Step_Outputs/Phase1/Phase1D/Phase1Db/_tool_runs/iedb_cache/mhcii_batch_4b8a7c4916e1e604403e848013cf6d4b.txt	1788098547	508644
Step_Outputs/Phase1/Phase1D/Phase1Db/_tool_runs/iedb_cache/mhcii_batch_4bf08cdf45613d8b3e49db80c214611b.txt	1788100373	173510
Step_Outputs/Phase1/Phase1D/Phase1Db/_tool_runs/iedb_cache/mhcii_batch_4c7dc5b7794ac9d834fc7d212c880495.txt	1788099631	508702
Step_Outputs/Phase1/Phase1D/Phase1Db/_tool_runs/iedb_cache/mhcii_batch_4f22b08a1cc813764146e9b1ba1d18db.txt	1788101811	325021
Step_Outputs/Phase1/Phase1D/Phase1Db/_tool_runs/iedb_cache/mhcii_batch_5266d8a87d62feb6adab09543e343109.txt	1788100062	171934
Step_Outputs/Phase1/Phase1D/Phase1Db/_tool_runs/iedb_cache/mhcii_batch_54bf6560e71e05dc0d38ad47a3fca72c.txt	1788102705	244692
Step_Outputs/Phase1/Phase1D/Phase1Db/_tool_runs/iedb_cache/mhcii_batch_56a09ed0c7183bcfbaa92dc619d68e74.txt	1788100447	173501
Step_Outputs/Phase1/Phase1D/Phase1Db/_tool_runs/iedb_cache/mhcii_batch_5888f35cc7742c7779998f8946fa18a0.txt	1788095690	695241
Step_Outputs/Phase1/Phase1D/Phase1Db/_tool_runs/iedb_cache/mhcii_batch_5abd28ec5265c4917a3bb4163e890a8d.txt	1788104310	455903
Step_Outputs/Phase1/Phase1D/Phase1Db/_tool_runs/iedb_cache/mhcii_batch_5bd86bd671c76fee32cbfec94ac37f17.txt	1788105228	338770
Step_Outputs/Phase1/Phase1D/Phase1Db/_tool_runs/iedb_cache/mhcii_batch_5c31c6e3703bec089227bf73cb2f0c3c.txt	1788104017	455903
Step_Outputs/Phase1/Phase1D/Phase1Db/_tool_runs/iedb_cache/mhcii_batch_5e782be0b54b2dc03988e62ebfec951d.txt	1788098096	704375
Step_Outputs/Phase1/Phase1D/Phase1Db/_tool_runs/iedb_cache/mhcii_batch_5ea1863105d431aa0824d2bfbe68b590.txt	1788102957	455898
Step_Outputs/Phase1/Phase1D/Phase1Db/_tool_runs/iedb_cache/mhcii_batch_5f50a2651d87a10d411621edd2257f38.txt	1788099582	508741
Step_Outputs/Phase1/Phase1D/Phase1Db/_tool_runs/iedb_cache/mhcii_batch_5fde9428a89f65d0225435420b256a5f.txt	1788102024	249254
Step_Outputs/Phase1/Phase1D/Phase1Db/_tool_runs/iedb_cache/mhcii_batch_625def3129e6e53a0e3dce431149c5a1.txt	1788104838	346339
Step_Outputs/Phase1/Phase1D/Phase1Db/_tool_runs/iedb_cache/mhcii_batch_64072e2a90027159010a47a0202b525e.txt	1788103126	455910
Step_Outputs/Phase1/Phase1D/Phase1Db/_tool_runs/iedb_cache/mhcii_batch_64feb3c8177225d71bc86f4b4c024a3f.txt	1788101007	324999
Step_Outputs/Phase1/Phase1D/Phase1Db/_tool_runs/iedb_cache/mhcii_batch_654ba20ef7b67c5409e088a07bfb152f.txt	1788097904	690611
Step_Outputs/Phase1/Phase1D/Phase1Db/_tool_runs/iedb_cache/mhcii_batch_67b3adb51b855801721ccbf38348e007.txt	1788100292	173458
Step_Outputs/Phase1/Phase1D/Phase1Db/_tool_runs/iedb_cache/mhcii_batch_694f2e4bed9e7b10322e707b117c0ba7.txt	1788102309	249245
Step_Outputs/Phase1/Phase1D/Phase1Db/_tool_runs/iedb_cache/mhcii_batch_699b193914c819eb2f6a6590c69481a9.txt	1788095759	692166
Step_Outputs/Phase1/Phase1D/Phase1Db/_tool_runs/iedb_cache/mhcii_batch_6b399a75215965a825cb7d099814543d.txt	1788102217	249252
Step_Outputs/Phase1/Phase1D/Phase1Db/_tool_runs/iedb_cache/mhcii_batch_6b51cec3a6fcd6cab2865faa1859329f.txt	1788096111	719444
Step_Outputs/Phase1/Phase1D/Phase1Db/_tool_runs/iedb_cache/mhcii_batch_6cb3aef6dcf6403e3f16037d00ccbe17.txt	1788095622	693626
Step_Outputs/Phase1/Phase1D/Phase1Db/_tool_runs/iedb_cache/mhcii_batch_6e09a36a6026ae037cd2877e45b334cf.txt	1788098593	508713
Step_Outputs/Phase1/Phase1D/Phase1Db/_tool_runs/iedb_cache/mhcii_batch_70c92eedb0af73c40eda076747d39e2f.txt	1788098788	508684
Step_Outputs/Phase1/Phase1D/Phase1Db/_tool_runs/iedb_cache/mhcii_batch_7103e36d883bd665c823acbd521b4a9f.txt	1788100755	173512
Step_Outputs/Phase1/Phase1D/Phase1Db/_tool_runs/iedb_cache/mhcii_batch_73c2be6c1c76a7e82c60b797e68f4b8e.txt	1788102462	249246
Step_Outputs/Phase1/Phase1D/Phase1Db/_tool_runs/iedb_cache/mhcii_batch_75a1ee98048c38e5a9066e586982b7a9.txt	1788095553	696730
Step_Outputs/Phase1/Phase1D/Phase1Db/_tool_runs/iedb_cache/mhcii_batch_75cf2f61485e4b74b971b9a2570715b8.txt	1788099735	508665
Step_Outputs/Phase1/Phase1D/Phase1Db/_tool_runs/iedb_cache/mhcii_batch_783b7e23208e08b4b39c233da0ec1725.txt	1788104736	353917
Step_Outputs/Phase1/Phase1D/Phase1Db/_tool_runs/iedb_cache/mhcii_batch_7a1259e8aad268c5622b3ba715a381e8.txt	1788100501	168954
Step_Outputs/Phase1/Phase1D/Phase1Db/_tool_runs/iedb_cache/mhcii_batch_7a1683d069c1223b730a3f9048f63601.txt	1788105153	340272
Step_Outputs/Phase1/Phase1D/Phase1Db/_tool_runs/iedb_cache/mhcii_batch_7a1cdec6a5eb9feca0bbe29d38ae2f9c.txt	1788105192	338754
Step_Outputs/Phase1/Phase1D/Phase1Db/_tool_runs/iedb_cache/mhcii_batch_7a499f44da824190dd87664df74ad748.txt	1788104670	353914
Step_Outputs/Phase1/Phase1D/Phase1Db/_tool_runs/iedb_cache/mhcii_batch_7c7b5bdf1acd067eeb33e27a07e9d575.txt	1788104526	353913
Step_Outputs/Phase1/Phase1D/Phase1Db/_tool_runs/iedb_cache/mhcii_batch_7e0af9bedbf8d2b4af6218e39687b546.txt	1788100523	173508
Step_Outputs/Phase1/Phase1D/Phase1Db/_tool_runs/iedb_cache/mhcii_batch_7e274b1ee9d29b8ea45d891cf7b52fff.txt	1788101735	325014
Step_Outputs/Phase1/Phase1D/Phase1Db/_tool_runs/iedb_cache/mhcii_batch_7e2a21166522a4c3a2ca6f6d842e3384.txt	1788104770	353908
Step_Outputs/Phase1/Phase1D/Phase1Db/_tool_runs/iedb_cache/mhcii_batch_7f7a3184c17cc00b6473c1cc0eddc39c.txt	1788099191	508703
Step_Outputs/Phase1/Phase1D/Phase1Db/_tool_runs/iedb_cache/mhcii_batch_804a7d00ac8e41f1144300ff1c4890b4.txt	1788104913	344818
Step_Outputs/Phase1/Phase1D/Phase1Db/_tool_runs/iedb_cache/mhcii_batch_8636da3c48d866101f5ee5f7789cd5f3.txt	1788103171	455915
Step_Outputs/Phase1/Phase1D/Phase1Db/_tool_runs/iedb_cache/mhcii_batch_891cc9d031d66be7b211dba9e95998f4.txt	1788099140	508674
Step_Outputs/Phase1/Phase1D/Phase1Db/_tool_runs/iedb_cache/mhcii_batch_8a6e51717370c113c2773e086c34543d.txt	1788103079	455921
Step_Outputs/Phase1/Phase1D/Phase1Db/_tool_runs/iedb_cache/mhcii_batch_8aef9dbbb57db6ade50c7d604c2f1c59.txt	1788095476	687638
Step_Outputs/Phase1/Phase1D/Phase1Db/_tool_runs/iedb_cache/mhcii_batch_8dae9fa54561e689758f6786f48a337e.txt	1788097818	711926
Step_Outputs/Phase1/Phase1D/Phase1Db/_tool_runs/iedb_cache/mhcii_batch_8de0480e90c48c94d3b5c66b2f9e7e10.txt	1788099921	502658
Step_Outputs/Phase1/Phase1D/Phase1Db/_tool_runs/iedb_cache/mhcii_batch_8ded409ceb00e8731a557f7e60b6d987.txt	1788097986	725605
Step_Outputs/Phase1/Phase1D/Phase1Db/_tool_runs/iedb_cache/mhcii_batch_8ef818555ed9ee795bc1ec36bd45e64f.txt	1788095826	722515
Step_Outputs/Phase1/Phase1D/Phase1Db/_tool_runs/iedb_cache/mhcii_batch_8f74d4b54729b287ca2d13ceef786099.txt	1788103720	455904
Step_Outputs/Phase1/Phase1D/Phase1Db/_tool_runs/iedb_cache/mhcii_batch_90da2a99f6dbcfed6ec1d385d159d954.txt	1788100810	325014
Step_Outputs/Phase1/Phase1D/Phase1Db/_tool_runs/iedb_cache/mhcii_batch_953ef0a5701bbfdf9dc32df724d0c1de.txt	1788100165	168902
Step_Outputs/Phase1/Phase1D/Phase1Db/_tool_runs/iedb_cache/mhcii_batch_95f2d84fe001f2b2a659e819617daead.txt	1788103536	455913
Step_Outputs/Phase1/Phase1D/Phase1Db/_tool_runs/iedb_cache/mhcii_batch_964c620e69ee38681f2132cbc8025baf.txt	1788100216	168935
Step_Outputs/Phase1/Phase1D/Phase1Db/_tool_runs/iedb_cache/mhcii_batch_96dad0c9320d1fdfdf2b03c3d0647994.txt	1788102279	249239
Step_Outputs/Phase1/Phase1D/Phase1Db/_tool_runs/iedb_cache/mhcii_batch_99955869801694ea05a4d5f685c25d52.txt	1788099286	508710
Step_Outputs/Phase1/Phase1D/Phase1Db/_tool_runs/iedb_cache/mhcii_batch_9a759feb3f29944bbd9776b268264948.txt	1788099682	510180
Step_Outputs/Phase1/Phase1D/Phase1Db/_tool_runs/iedb_cache/mhcii_batch_9e6cc0a39b1f87d05f8abcb990b14382.txt	1788119181	692099
Step_Outputs/Phase1/Phase1D/Phase1Db/_tool_runs/iedb_cache/mhcii_batch_a038e9c1aebe50bc4c0978c66afffd72.txt	1788101773	325008
Step_Outputs/Phase1/Phase1D/Phase1Db/_tool_runs/iedb_cache/mhcii_batch_a1e5bb64edb2d45d4f52c70633982896.txt	1788100703	173471
Step_Outputs/Phase1/Phase1D/Phase1Db/_tool_runs/iedb_cache/mhcii_batch_a2769af1887484ac0516e8fbb56a96b3.txt	1788100239	167459
Step_Outputs/Phase1/Phase1D/Phase1Db/_tool_runs/iedb_cache/mhcii_batch_a2b8dbfb01655dea8aebf370bf5f67de.txt	1788100347	173484
Step_Outputs/Phase1/Phase1D/Phase1Db/_tool_runs/iedb_cache/mhcii_batch_a32671d4f1837baebd97e72f4a8a1dc3.txt	1788101406	324998
Step_Outputs/Phase1/Phase1D/Phase1Db/_tool_runs/iedb_cache/mhcii_batch_a359f495a4df690ffd5a665b9b60a009.txt	1788102374	249227
Step_Outputs/Phase1/Phase1D/Phase1Db/_tool_runs/iedb_cache/mhcii_batch_a52cfe520577267346165c0a2258c315.txt	1788104638	353899
Step_Outputs/Phase1/Phase1D/Phase1Db/_tool_runs/iedb_cache/mhcii_batch_a643323e8198c5c55544824e6ee25a88.txt	1788096182	716437
Step_Outputs/Phase1/Phase1D/Phase1Db/_tool_runs/iedb_cache/mhcii_batch_a761c2230d26b93262a8cd8eaec5b91e.txt	1788103313	455923
Step_Outputs/Phase1/Phase1D/Phase1Db/_tool_runs/iedb_cache/mhcii_batch_a795f8fa6860810fec6989737506d2bf.txt	1788101263	325007
Step_Outputs/Phase1/Phase1D/Phase1Db/_tool_runs/iedb_cache/mhcii_batch_a7aed4a5c1c4b9e9dd9d08da0740e21f.txt	1788103627	455909
Step_Outputs/Phase1/Phase1D/Phase1Db/_tool_runs/iedb_cache/mhcii_batch_a7ef5b09c6238c434138bee8decda0ab.txt	1788102769	455911
Step_Outputs/Phase1/Phase1D/Phase1Db/_tool_runs/iedb_cache/mhcii_batch_a9462a1cec8aee96cb0e954fa8692f39.txt	1788102645	249253
Step_Outputs/Phase1/Phase1D/Phase1Db/_tool_runs/iedb_cache/mhcii_batch_acf3a54f1162a6f48b48e520aa1b3632.txt	1788101920	324994
Step_Outputs/Phase1/Phase1D/Phase1Db/_tool_runs/iedb_cache/mhcii_batch_aec302ab2a6354531daed8d93f74a42a.txt	1788099433	508701
Step_Outputs/Phase1/Phase1D/Phase1Db/_tool_runs/iedb_cache/mhcii_batch_b2feeea1175c5b341119da4a60776e79.txt	1788101517	325015
Step_Outputs/Phase1/Phase1D/Phase1Db/_tool_runs/iedb_cache/mhcii_batch_b56493cf484da4d389c8cebd959ed98d.txt	1788100728	178061
Step_Outputs/Phase1/Phase1D/Phase1Db/_tool_runs/iedb_cache/mhcii_batch_b5ac311d4ab542f9d7027f0d0ca99ae3.txt	1788100321	181035
Step_Outputs/Phase1/Phase1D/Phase1Db/_tool_runs/iedb_cache/mhcii_batch_b843e1bd8b3b66197846907290c096ac.txt	1788101078	324986
Step_Outputs/Phase1/Phase1D/Phase1Db/_tool_runs/iedb_cache/mhcii_batch_bb5d4f605f75820c6d095750e4a2c4c7.txt	1788102584	249241
Step_Outputs/Phase1/Phase1D/Phase1Db/_tool_runs/iedb_cache/mhcii_batch_bba36a6383de9d19b7106a1a9d2b78f8.txt	1788102341	249251
Step_Outputs/Phase1/Phase1D/Phase1Db/_tool_runs/iedb_cache/mhcii_batch_bc1ddcfa7932fe1bae06b2651dbde9ea.txt	1788098377	498097
Step_Outputs/Phase1/Phase1D/Phase1Db/_tool_runs/iedb_cache/mhcii_batch_bc2f2cf0882646f880823e59cf102465.txt	1788103767	455905
Step_Outputs/Phase1/Phase1D/Phase1Db/_tool_runs/iedb_cache/mhcii_batch_bce9ed681d55ab128cb48f1106e053ff.txt	1788096324	714970
Step_Outputs/Phase1/Phase1D/Phase1Db/_tool_runs/iedb_cache/mhcii_batch_be4f861ac2d6c4c1ada82641daf5b82e.txt	1788101884	325032
Step_Outputs/Phase1/Phase1D/Phase1Db/_tool_runs/iedb_cache/mhcii_batch_bf9ddb797d3d76413a7e211420213524.txt	1788101148	324995
Step_Outputs/Phase1/Phase1D/Phase1Db/_tool_runs/iedb_cache/mhcii_batch_c0d4a1e87cc71cc495d1d1bee9b349bf.txt	1788102492	237133
Step_Outputs/Phase1/Phase1D/Phase1Db/_tool_runs/iedb_cache/mhcii_batch_c117a63699b07150ed6c31f77efaa941.txt	1788100087	173487
Step_Outputs/Phase1/Phase1D/Phase1Db/_tool_runs/iedb_cache/mhcii_batch_c14a1f1d2a7ba82c28ea05d84fa49ada.txt	1788096596	713423
Step_Outputs/Phase1/Phase1D/Phase1Db/_tool_runs/iedb_cache/mhcii_batch_c294b910538e8024fbfa8ee0ccb55ff0.txt	1788104186	455914
Step_Outputs/Phase1/Phase1D/Phase1Db/_tool_runs/iedb_cache/mhcii_batch_c30a5dfc4c6d2313ca968e5266805a4d.txt	1788104365	455908
Step_Outputs/Phase1/Phase1D/Phase1Db/_tool_runs/iedb_cache/mhcii_batch_c3ff4cc78136d47b8c669898a8c283ad.txt	1788104457	455915
Step_Outputs/Phase1/Phase1D/Phase1Db/_tool_runs/iedb_cache/mhcii_batch_c55dfe52ea58f5de582d17797a4206e1.txt	1788100678	173479
Step_Outputs/Phase1/Phase1D/Phase1Db/_tool_runs/iedb_cache/mhcii_batch_c79e491efc4cdde1565b8e819e6a811a.txt	1788101629	325015
Step_Outputs/Phase1/Phase1D/Phase1Db/_tool_runs/iedb_cache/mhcii_batch_c88c63346df7bb7fb46534e3fbcfec7f.txt	1788102737	235618
Step_Outputs/Phase1/Phase1D/Phase1Db/_tool_runs/iedb_cache/mhcii_batch_cbf176218b7c6ca07d388ce6b174102d.txt	1788103816	455919
Step_Outputs/Phase1/Phase1D/Phase1Db/_tool_runs/iedb_cache/mhcii_batch_cd501c886aa450a664d98c84a9d017f4.txt	1788104878	350873
Step_Outputs/Phase1/Phase1D/Phase1Db/_tool_runs/iedb_cache/mhcii_batch_cf3aea6e0058650495af2b87fc8dbe44.txt	1788103963	455917
Step_Outputs/Phase1/Phase1D/Phase1Db/_tool_runs/iedb_cache/mhcii_batch_cf7df25397a80d9b48b845660b9b21e1.txt	1788100269	173491
Step_Outputs/Phase1/Phase1D/Phase1Db/_tool_runs/iedb_cache/mhcii_batch_d526840fb83241d5f623139e14c2562f.txt	1788099786	508677
Step_Outputs/Phase1/Phase1D/Phase1Db/_tool_runs/iedb_cache/mhcii_batch_d59071efe575ef84c541f106ea3a072e.txt	1788104066	455897
Step_Outputs/Phase1/Phase1D/Phase1Db/_tool_runs/iedb_cache/mhcii_batch_d82cba6b44a7d519b0e189c7c3f860c1.txt	1788103436	455907
Step_Outputs/Phase1/Phase1D/Phase1Db/_tool_runs/iedb_cache/mhcii_batch_d8addcba6bcecb5c2a53a369ea77d87e.txt	1788102675	249259
Step_Outputs/Phase1/Phase1D/Phase1Db/_tool_runs/iedb_cache/mhcii_batch_da621457cf299962d5e1da4bdbeade0b.txt	1788098739	498091
Step_Outputs/Phase1/Phase1D/Phase1Db/_tool_runs/iedb_cache/mhcii_batch_dc40768c395adb62203d8f9c3c711fb8.txt	1788100781	173502
Step_Outputs/Phase1/Phase1D/Phase1Db/_tool_runs/iedb_cache/mhcii_batch_dd3d045c1897682d98fb4cf3dfb1d4c3.txt	1788104569	353923
Step_Outputs/Phase1/Phase1D/Phase1Db/_tool_runs/iedb_cache/mhcii_batch_dd9aee4c792b6df943f7787f7e97b87b.txt	1788101336	325045
Step_Outputs/Phase1/Phase1D/Phase1Db/_tool_runs/iedb_cache/mhcii_batch_deca52e2d3b2fd0cd6fcd61ab603978f.txt	1788102911	455918
Step_Outputs/Phase1/Phase1D/Phase1Db/_tool_runs/iedb_cache/mhcii_batch_df8701f7424e82f715612dd893b3cd90.txt	1788105120	353919
Step_Outputs/Phase1/Phase1D/Phase1Db/_tool_runs/iedb_cache/mhcii_batch_e05ed7bd0def5c6790b6fecded3ab501.txt	1788101183	325005
Step_Outputs/Phase1/Phase1D/Phase1Db/_tool_runs/iedb_cache/mhcii_batch_e1d8a60aa63ce87b1eef5f6a5233e4e0.txt	1788096253	704370
Step_Outputs/Phase1/Phase1D/Phase1Db/_tool_runs/iedb_cache/mhcii_batch_e218d340cf360e2044fef9d860f8fd8c.txt	1788101300	324975
Step_Outputs/Phase1/Phase1D/Phase1Db/_tool_runs/iedb_cache/mhcii_batch_e23d88c308da8d1f5bf6ae4d4f46873a.txt	1788119281	698196
Step_Outputs/Phase1/Phase1D/Phase1Db/_tool_runs/iedb_cache/mhcii_batch_e25fd6b42afc27e66b321f106aeaa814.txt	1788099332	498103
Step_Outputs/Phase1/Phase1D/Phase1Db/_tool_runs/iedb_cache/mhcii_batch_e36646a9b1424cde685ae6531690be84.txt	1788102248	249248
Step_Outputs/Phase1/Phase1D/Phase1Db/_tool_runs/iedb_cache/mhcii_batch_e440dccee95e80ed21f3d23d2ebfda90.txt	1788105018	353911
Step_Outputs/Phase1/Phase1D/Phase1Db/_tool_runs/iedb_cache/mhcii_batch_e783fa5df37256a153f586f5c3801f94.txt	1788101557	325030
Step_Outputs/Phase1/Phase1D/Phase1Db/_tool_runs/iedb_cache/mhcii_batch_e865bcaa28526176f907a294223c6edd.txt	1788103674	455914
Step_Outputs/Phase1/Phase1D/Phase1Db/_tool_runs/iedb_cache/mhcii_batch_ea327bfacedafeac7ddbaa3a7e413096.txt	1788098938	504207
Step_Outputs/Phase1/Phase1D/Phase1Db/_tool_runs/iedb_cache/mhcii_batch_ea6e60921211e070bb032d0dc0b666f3.txt	1788100549	173482
Step_Outputs/Phase1/Phase1D/Phase1Db/_tool_runs/iedb_cache/mhcii_batch_ea75eb232ef3db9606e49d27c4fd6f08.txt	1788100857	325000
Step_Outputs/Phase1/Phase1D/Phase1Db/_tool_runs/iedb_cache/mhcii_batch_eb1bb593d21333aea95e4bef1fb02522.txt	1788100935	324996
Step_Outputs/Phase1/Phase1D/Phase1Db/_tool_runs/iedb_cache/mhcii_batch_ee537c621c71473bb307cd096fd4d28f.txt	1788102402	232587
Step_Outputs/Phase1/Phase1D/Phase1Db/_tool_runs/iedb_cache/mhcii_batch_ef1db11b1478e00ca7fabd89908a5ae6.txt	1788104702	353929
Step_Outputs/Phase1/Phase1D/Phase1Db/_tool_runs/iedb_cache/mhcii_batch_ef5f8e57c75e49e9aaa1310547bb930a.txt	1788100038	173458
Step_Outputs/Phase1/Phase1D/Phase1Db/_tool_runs/iedb_cache/mhcii_batch_f32a92292068a146bcacac86cc3c0b59.txt	1788101991	249245
Step_Outputs/Phase1/Phase1D/Phase1Db/_tool_runs/iedb_cache/mhcii_batch_f3c797a05b2ff09b370f168cfcdf9c1c.txt	1788102156	249243
Step_Outputs/Phase1/Phase1D/Phase1Db/_tool_runs/iedb_cache/mhcii_batch_f58b652a15659a07218ac050ccc54e6a.txt	1788096043	692155
Step_Outputs/Phase1/Phase1D/Phase1Db/_tool_runs/iedb_cache/mhcii_batch_f6093c207328f85edc49e858495804b1.txt	1788098321	508701
Step_Outputs/Phase1/Phase1D/Phase1Db/_tool_runs/iedb_cache/mhcii_batch_f6b7e65687fe6b167c789cb508532d55.txt	1788099961	173481
Step_Outputs/Phase1/Phase1D/Phase1Db/_tool_runs/iedb_cache/mhcii_batch_f6f407acab34f9990b4ad84716bb423a.txt	1788102816	455903
Step_Outputs/Phase1/Phase1D/Phase1Db/_tool_runs/iedb_cache/mhcii_batch_f93d602c0465211df1e595bccbe293da.txt	1788102521	249255
Step_Outputs/Phase1/Phase1D/Phase1Db/_tool_runs/iedb_cache/mhcii_batch_f9945b3c0b58db25bffc3729903e8e2c.txt	1788100970	325052
Step_Outputs/Phase1/Phase1D/Phase1Db/_tool_runs/iedb_cache/mhcii_batch_fa7b51817d4dc62f9f410c675b3cb23b.txt	1788104977	352397
Step_Outputs/Phase1/Phase1D/Phase1Db/_tool_runs/iedb_cache/mhcii_batch_fc5e907ad5b96a94be86485ec20e820e.txt	1788103215	433112
Step_Outputs/Phase1/Phase1D/Phase1Db/_tool_runs/iedb_cache/mhcii_batch_fca1adae78e7e8814790eac8d30bce3d.txt	1788101956	325019
Step_Outputs/Phase1/Phase1D/Phase1Db/_tool_runs/iedb_cache/mhcii_batch_fd202f70039e7d9401053cffdae78234.txt	1788096665	699700
Step_Outputs/Phase1/Phase1D/Phase1Db/_tool_runs/iedb_cache/mhcii_batch_fe01712b501a24778f61829256f5b179.txt	1788102615	249254
Step_Outputs/Phase1/Phase1D/Phase1Db/_tool_runs/iedb_cache/mhcii_batch_fe8c06cabc3547a165f4ea9159243477.txt	1788099240	508655
Step_Outputs/Phase1/Phase1D/Phase1Db/_tool_runs/iedb_cache/mhcii_batch_fecebdabcb0739769b37d06f080c17db.txt	1788099535	502636
Step_Outputs/Phase1/Phase1D/Phase1Db/_tool_runs/iedb_cache/mhcii_batch_ff9b75a791bcf0fceddacc75956189d3.txt	1788105051	353912
Step_Outputs/Phase1/Phase1D/Phase1Dc/.DS_Store	1788763568	6148
Step_Outputs/Phase1/Phase1D/Phase1Dc/Filtered_Benchmarks/Min_100pct/Phase1Dc_Min_100pct_2026-08-31_0501.csv	1788123682	35730
Step_Outputs/Phase1/Phase1D/Phase1Dc/Filtered_Benchmarks/Min_20pct/Phase1Dc_Min_20pct_2026-08-31_0501.csv	1788123682	290225
Step_Outputs/Phase1/Phase1D/Phase1Dc/Filtered_Benchmarks/Min_50pct/Phase1Dc_Min_50pct_2026-08-31_0501.csv	1788123682	179379
Step_Outputs/Phase1/Phase1D/Phase1Dc/METHODOLOGY_NOTE.md	1788123682	2304
Step_Outputs/Phase1/Phase1D/Phase1Dc/Raw_Conservancy/Phase1Dc_Raw_Full_2026-08-31_0501.csv	1788123682	4392222
Step_Outputs/Phase1/Phase1D/Phase1Dc/_superseded/Phase1Dc_Min_100pct_2026-08-31_0436.csv	1788122184	32176
Step_Outputs/Phase1/Phase1D/Phase1Dc/_superseded/Phase1Dc_Min_20pct_2026-08-31_0436.csv	1788122184	264964
Step_Outputs/Phase1/Phase1D/Phase1Dc/_superseded/Phase1Dc_Min_50pct_2026-08-31_0436.csv	1788122184	163914
Step_Outputs/Phase1/Phase1D/Phase1Dc/_superseded/Phase1Dc_Raw_Full_2026-08-31_0436.csv	1788122184	4018213
Step_Outputs/Phase1/Phase1D/Phase1Dd/_tool_runs/bigmhc_im_input.csv	1788122303	143616
Step_Outputs/Phase1/Phase1D/Phase1Dd/_tool_runs/bigmhc_im_output.csv	1788122327	214906
Step_Outputs/Phase1/Phase1D/Phase1De/.DS_Store	1788764195	8196
Step_Outputs/Phase1/Phase1D/Phase1De/Folds/.DS_Store	1788763902	8196
Step_Outputs/Phase1/Phase1D/Phase1De/Folds/HIV_gp120/fold_hiv_gp120_full_data_0.json	1788067500	1856791
Step_Outputs/Phase1/Phase1D/Phase1De/Folds/HIV_gp120/fold_hiv_gp120_full_data_1.json	1788067500	1857704
Step_Outputs/Phase1/Phase1D/Phase1De/Folds/HIV_gp120/fold_hiv_gp120_full_data_2.json	1788067500	1858324
Step_Outputs/Phase1/Phase1D/Phase1De/Folds/HIV_gp120/fold_hiv_gp120_full_data_3.json	1788067500	1857427
Step_Outputs/Phase1/Phase1D/Phase1De/Folds/HIV_gp120/fold_hiv_gp120_full_data_4.json	1788067500	1857707
Step_Outputs/Phase1/Phase1D/Phase1De/Folds/HIV_gp120/fold_hiv_gp120_job_request.json	1788067500	699
Step_Outputs/Phase1/Phase1D/Phase1De/Folds/HIV_gp120/fold_hiv_gp120_model_0.cif	1788067500	309025
Step_Outputs/Phase1/Phase1D/Phase1De/Folds/HIV_gp120/fold_hiv_gp120_model_0_converted.pdb	1788097135	299465
Step_Outputs/Phase1/Phase1D/Phase1De/Folds/HIV_gp120/fold_hiv_gp120_model_1.cif	1788067500	309025
Step_Outputs/Phase1/Phase1D/Phase1De/Folds/HIV_gp120/fold_hiv_gp120_model_2.cif	1788067500	309025
Step_Outputs/Phase1/Phase1D/Phase1De/Folds/HIV_gp120/fold_hiv_gp120_model_3.cif	1788067500	309025
Step_Outputs/Phase1/Phase1D/Phase1De/Folds/HIV_gp120/fold_hiv_gp120_model_4.cif	1788067500	309025
Step_Outputs/Phase1/Phase1D/Phase1De/Folds/HIV_gp120/fold_hiv_gp120_summary_confidences_0.json	1788067500	3555
Step_Outputs/Phase1/Phase1D/Phase1De/Folds/HIV_gp120/fold_hiv_gp120_summary_confidences_1.json	1788067500	3555
Step_Outputs/Phase1/Phase1D/Phase1De/Folds/HIV_gp120/fold_hiv_gp120_summary_confidences_2.json	1788067500	3555
Step_Outputs/Phase1/Phase1D/Phase1De/Folds/HIV_gp120/fold_hiv_gp120_summary_confidences_3.json	1788067500	3555
Step_Outputs/Phase1/Phase1D/Phase1De/Folds/HIV_gp120/fold_hiv_gp120_summary_confidences_4.json	1788067500	3555
Step_Outputs/Phase1/Phase1D/Phase1De/Folds/HIV_gp41/fold_hiv_gp41_full_data_0.json	1788067500	1130413
Step_Outputs/Phase1/Phase1D/Phase1De/Folds/HIV_gp41/fold_hiv_gp41_full_data_1.json	1788067500	1130347
Step_Outputs/Phase1/Phase1D/Phase1De/Folds/HIV_gp41/fold_hiv_gp41_full_data_2.json	1788067500	1129955
Step_Outputs/Phase1/Phase1D/Phase1De/Folds/HIV_gp41/fold_hiv_gp41_full_data_3.json	1788067500	1130635
Step_Outputs/Phase1/Phase1D/Phase1De/Folds/HIV_gp41/fold_hiv_gp41_full_data_4.json	1788067500	1131083
Step_Outputs/Phase1/Phase1D/Phase1De/Folds/HIV_gp41/fold_hiv_gp41_job_request.json	1788067500	582
Step_Outputs/Phase1/Phase1D/Phase1De/Folds/HIV_gp41/fold_hiv_gp41_model_0.cif	1788067500	239005
Step_Outputs/Phase1/Phase1D/Phase1De/Folds/HIV_gp41/fold_hiv_gp41_model_0_converted.pdb	1788097135	230372
Step_Outputs/Phase1/Phase1D/Phase1De/Folds/HIV_gp41/fold_hiv_gp41_model_1.cif	1788067500	239005
Step_Outputs/Phase1/Phase1D/Phase1De/Folds/HIV_gp41/fold_hiv_gp41_model_2.cif	1788067500	239005
Step_Outputs/Phase1/Phase1D/Phase1De/Folds/HIV_gp41/fold_hiv_gp41_model_3.cif	1788067500	239005
Step_Outputs/Phase1/Phase1D/Phase1De/Folds/HIV_gp41/fold_hiv_gp41_model_4.cif	1788067500	239005
Step_Outputs/Phase1/Phase1D/Phase1De/Folds/HIV_gp41/fold_hiv_gp41_summary_confidences_0.json	1788067500	2729
Step_Outputs/Phase1/Phase1D/Phase1De/Folds/HIV_gp41/fold_hiv_gp41_summary_confidences_1.json	1788067500	2729
Step_Outputs/Phase1/Phase1D/Phase1De/Folds/HIV_gp41/fold_hiv_gp41_summary_confidences_2.json	1788067500	2729
Step_Outputs/Phase1/Phase1D/Phase1De/Folds/HIV_gp41/fold_hiv_gp41_summary_confidences_3.json	1788067500	2725
Step_Outputs/Phase1/Phase1D/Phase1De/Folds/HIV_gp41/fold_hiv_gp41_summary_confidences_4.json	1788067500	2725
Step_Outputs/Phase1/Phase1D/Phase1De/Folds/HIV_p17/fold_hiv_p17_full_data_0.json	1788067500	157574
Step_Outputs/Phase1/Phase1D/Phase1De/Folds/HIV_p17/fold_hiv_p17_full_data_1.json	1788067500	157104
Step_Outputs/Phase1/Phase1D/Phase1De/Folds/HIV_p17/fold_hiv_p17_full_data_2.json	1788067500	157261
Step_Outputs/Phase1/Phase1D/Phase1De/Folds/HIV_p17/fold_hiv_p17_full_data_3.json	1788067500	157235
Step_Outputs/Phase1/Phase1D/Phase1De/Folds/HIV_p17/fold_hiv_p17_full_data_4.json	1788067500	157298
Step_Outputs/Phase1/Phase1D/Phase1De/Folds/HIV_p17/fold_hiv_p17_job_request.json	1788067500	361
Step_Outputs/Phase1/Phase1D/Phase1De/Folds/HIV_p17/fold_hiv_p17_model_0.cif	1788067500	91493
Step_Outputs/Phase1/Phase1D/Phase1De/Folds/HIV_p17/fold_hiv_p17_model_0_converted.pdb	1788097135	83519
Step_Outputs/Phase1/Phase1D/Phase1De/Folds/HIV_p17/fold_hiv_p17_model_1.cif	1788067500	91493
Step_Outputs/Phase1/Phase1D/Phase1De/Folds/HIV_p17/fold_hiv_p17_model_2.cif	1788067500	91493
Step_Outputs/Phase1/Phase1D/Phase1De/Folds/HIV_p17/fold_hiv_p17_model_3.cif	1788067500	91493
Step_Outputs/Phase1/Phase1D/Phase1De/Folds/HIV_p17/fold_hiv_p17_model_4.cif	1788067500	91493
Step_Outputs/Phase1/Phase1D/Phase1De/Folds/HIV_p17/fold_hiv_p17_summary_confidences_0.json	1788067500	1182
Step_Outputs/Phase1/Phase1D/Phase1De/Folds/HIV_p17/fold_hiv_p17_summary_confidences_1.json	1788067500	1182
Step_Outputs/Phase1/Phase1D/Phase1De/Folds/HIV_p17/fold_hiv_p17_summary_confidences_2.json	1788067500	1182
Step_Outputs/Phase1/Phase1D/Phase1De/Folds/HIV_p17/fold_hiv_p17_summary_confidences_3.json	1788067500	1182
Step_Outputs/Phase1/Phase1D/Phase1De/Folds/HIV_p17/fold_hiv_p17_summary_confidences_4.json	1788067500	1181
Step_Outputs/Phase1/Phase1D/Phase1De/Folds/HIV_p24/fold_hiv_p24_full_data_0.json	1788067500	476160
Step_Outputs/Phase1/Phase1D/Phase1De/Folds/HIV_p24/fold_hiv_p24_full_data_1.json	1788067500	476275
Step_Outputs/Phase1/Phase1D/Phase1De/Folds/HIV_p24/fold_hiv_p24_full_data_2.json	1788067500	476351
Step_Outputs/Phase1/Phase1D/Phase1De/Folds/HIV_p24/fold_hiv_p24_full_data_3.json	1788067500	476376
Step_Outputs/Phase1/Phase1D/Phase1De/Folds/HIV_p24/fold_hiv_p24_full_data_4.json	1788067500	476314
Step_Outputs/Phase1/Phase1D/Phase1De/Folds/HIV_p24/fold_hiv_p24_job_request.json	1788067500	461
Step_Outputs/Phase1/Phase1D/Phase1De/Folds/HIV_p24/fold_hiv_p24_model_0.cif	1788067500	154185
Step_Outputs/Phase1/Phase1D/Phase1De/Folds/HIV_p24/fold_hiv_p24_model_0_converted.pdb	1788097135	145646
Step_Outputs/Phase1/Phase1D/Phase1De/Folds/HIV_p24/fold_hiv_p24_model_1.cif	1788067500	154185
Step_Outputs/Phase1/Phase1D/Phase1De/Folds/HIV_p24/fold_hiv_p24_model_2.cif	1788067500	154185
Step_Outputs/Phase1/Phase1D/Phase1De/Folds/HIV_p24/fold_hiv_p24_model_3.cif	1788067500	154185
Step_Outputs/Phase1/Phase1D/Phase1De/Folds/HIV_p24/fold_hiv_p24_model_4.cif	1788067500	154185
Step_Outputs/Phase1/Phase1D/Phase1De/Folds/HIV_p24/fold_hiv_p24_summary_confidences_0.json	1788067500	1881
Step_Outputs/Phase1/Phase1D/Phase1De/Folds/HIV_p24/fold_hiv_p24_summary_confidences_1.json	1788067500	1882
Step_Outputs/Phase1/Phase1D/Phase1De/Folds/HIV_p24/fold_hiv_p24_summary_confidences_2.json	1788067500	1881
Step_Outputs/Phase1/Phase1D/Phase1De/Folds/HIV_p24/fold_hiv_p24_summary_confidences_3.json	1788067500	1881
Step_Outputs/Phase1/Phase1D/Phase1De/Folds/HIV_p24/fold_hiv_p24_summary_confidences_4.json	1788067500	1881
Step_Outputs/Phase1/Phase1D/Phase1De/Folds/HOW_TO_SUBMIT.txt	1788095742	2272
Step_Outputs/Phase1/Phase1D/Phase1De/Folds/Mpox_A35R/fold_mpox_a35r_full_data_0.json	1788067500	302530
Step_Outputs/Phase1/Phase1D/Phase1De/Folds/Mpox_A35R/fold_mpox_a35r_full_data_1.json	1788067500	302539
Step_Outputs/Phase1/Phase1D/Phase1De/Folds/Mpox_A35R/fold_mpox_a35r_full_data_2.json	1788067500	302488
Step_Outputs/Phase1/Phase1D/Phase1De/Folds/Mpox_A35R/fold_mpox_a35r_full_data_3.json	1788067500	302554
Step_Outputs/Phase1/Phase1D/Phase1De/Folds/Mpox_A35R/fold_mpox_a35r_full_data_4.json	1788067500	302519
Step_Outputs/Phase1/Phase1D/Phase1De/Folds/Mpox_A35R/fold_mpox_a35r_job_request.json	1788067500	412
Step_Outputs/Phase1/Phase1D/Phase1De/Folds/Mpox_A35R/fold_mpox_a35r_model_0.cif	1788067500	121813
Step_Outputs/Phase1/Phase1D/Phase1De/Folds/Mpox_A35R/fold_mpox_a35r_model_0_converted.pdb	1788097135	113489
Step_Outputs/Phase1/Phase1D/Phase1De/Folds/Mpox_A35R/fold_mpox_a35r_model_1.cif	1788067500	121813
Step_Outputs/Phase1/Phase1D/Phase1De/Folds/Mpox_A35R/fold_mpox_a35r_model_2.cif	1788067500	121813
Step_Outputs/Phase1/Phase1D/Phase1De/Folds/Mpox_A35R/fold_mpox_a35r_model_3.cif	1788067500	121813
Step_Outputs/Phase1/Phase1D/Phase1De/Folds/Mpox_A35R/fold_mpox_a35r_model_4.cif	1788067500	121813
Step_Outputs/Phase1/Phase1D/Phase1De/Folds/Mpox_A35R/fold_mpox_a35r_summary_confidences_0.json	1788067500	1532
Step_Outputs/Phase1/Phase1D/Phase1De/Folds/Mpox_A35R/fold_mpox_a35r_summary_confidences_1.json	1788067500	1532
Step_Outputs/Phase1/Phase1D/Phase1De/Folds/Mpox_A35R/fold_mpox_a35r_summary_confidences_2.json	1788067500	1532
Step_Outputs/Phase1/Phase1D/Phase1De/Folds/Mpox_A35R/fold_mpox_a35r_summary_confidences_3.json	1788067500	1532
Step_Outputs/Phase1/Phase1D/Phase1De/Folds/Mpox_A35R/fold_mpox_a35r_summary_confidences_4.json	1788067500	1532
Step_Outputs/Phase1/Phase1D/Phase1De/Folds/Mpox_B5R/fold_mpox_b5r_full_data_0.json	1788067500	908315
Step_Outputs/Phase1/Phase1D/Phase1De/Folds/Mpox_B5R/fold_mpox_b5r_full_data_1.json	1788067500	908493
Step_Outputs/Phase1/Phase1D/Phase1De/Folds/Mpox_B5R/fold_mpox_b5r_full_data_2.json	1788067500	908539
Step_Outputs/Phase1/Phase1D/Phase1De/Folds/Mpox_B5R/fold_mpox_b5r_full_data_3.json	1788067500	907971
Step_Outputs/Phase1/Phase1D/Phase1De/Folds/Mpox_B5R/fold_mpox_b5r_full_data_4.json	1788067500	908267
Step_Outputs/Phase1/Phase1D/Phase1De/Folds/Mpox_B5R/fold_mpox_b5r_job_request.json	1788067500	548
Step_Outputs/Phase1/Phase1D/Phase1De/Folds/Mpox_B5R/fold_mpox_b5r_model_0.cif	1788067500	207597
Step_Outputs/Phase1/Phase1D/Phase1De/Folds/Mpox_B5R/fold_mpox_b5r_model_0_converted.pdb	1788097135	198539
Step_Outputs/Phase1/Phase1D/Phase1De/Folds/Mpox_B5R/fold_mpox_b5r_model_1.cif	1788067500	207597
Step_Outputs/Phase1/Phase1D/Phase1De/Folds/Mpox_B5R/fold_mpox_b5r_model_2.cif	1788067500	207597
Step_Outputs/Phase1/Phase1D/Phase1De/Folds/Mpox_B5R/fold_mpox_b5r_model_3.cif	1788067500	207597
Step_Outputs/Phase1/Phase1D/Phase1De/Folds/Mpox_B5R/fold_mpox_b5r_model_4.cif	1788067500	207597
Step_Outputs/Phase1/Phase1D/Phase1De/Folds/Mpox_B5R/fold_mpox_b5r_summary_confidences_0.json	1788067500	2483
Step_Outputs/Phase1/Phase1D/Phase1De/Folds/Mpox_B5R/fold_mpox_b5r_summary_confidences_1.json	1788067500	2483
Step_Outputs/Phase1/Phase1D/Phase1De/Folds/Mpox_B5R/fold_mpox_b5r_summary_confidences_2.json	1788067500	2483
Step_Outputs/Phase1/Phase1D/Phase1De/Folds/Mpox_B5R/fold_mpox_b5r_summary_confidences_3.json	1788067500	2484
Step_Outputs/Phase1/Phase1D/Phase1De/Folds/Mpox_B5R/fold_mpox_b5r_summary_confidences_4.json	1788067500	2484
Step_Outputs/Phase1/Phase1D/Phase1De/Folds/Mpox_L1R/fold_mpox_l1r_full_data_0.json	1788067500	554434
Step_Outputs/Phase1/Phase1D/Phase1De/Folds/Mpox_L1R/fold_mpox_l1r_full_data_1.json	1788067500	554443
Step_Outputs/Phase1/Phase1D/Phase1De/Folds/Mpox_L1R/fold_mpox_l1r_full_data_2.json	1788067500	554483
Step_Outputs/Phase1/Phase1D/Phase1De/Folds/Mpox_L1R/fold_mpox_l1r_full_data_3.json	1788067500	554403
Step_Outputs/Phase1/Phase1D/Phase1De/Folds/Mpox_L1R/fold_mpox_l1r_full_data_4.json	1788067500	554476
Step_Outputs/Phase1/Phase1D/Phase1De/Folds/Mpox_L1R/fold_mpox_l1r_job_request.json	1788067500	480
Step_Outputs/Phase1/Phase1D/Phase1De/Folds/Mpox_L1R/fold_mpox_l1r_model_0.cif	1788067500	163533
Step_Outputs/Phase1/Phase1D/Phase1De/Folds/Mpox_L1R/fold_mpox_l1r_model_0_converted.pdb	1788097135	154718
Step_Outputs/Phase1/Phase1D/Phase1De/Folds/Mpox_L1R/fold_mpox_l1r_model_1.cif	1788067500	163533
Step_Outputs/Phase1/Phase1D/Phase1De/Folds/Mpox_L1R/fold_mpox_l1r_model_2.cif	1788067500	165442
Step_Outputs/Phase1/Phase1D/Phase1De/Folds/Mpox_L1R/fold_mpox_l1r_model_3.cif	1788067500	165442
Step_Outputs/Phase1/Phase1D/Phase1De/Folds/Mpox_L1R/fold_mpox_l1r_model_4.cif	1788067500	163533
Step_Outputs/Phase1/Phase1D/Phase1De/Folds/Mpox_L1R/fold_mpox_l1r_summary_confidences_0.json	1788067500	2015
Step_Outputs/Phase1/Phase1D/Phase1De/Folds/Mpox_L1R/fold_mpox_l1r_summary_confidences_1.json	1788067500	2014
Step_Outputs/Phase1/Phase1D/Phase1De/Folds/Mpox_L1R/fold_mpox_l1r_summary_confidences_2.json	1788067500	2014
Step_Outputs/Phase1/Phase1D/Phase1De/Folds/Mpox_L1R/fold_mpox_l1r_summary_confidences_3.json	1788067500	2015
Step_Outputs/Phase1/Phase1D/Phase1De/Folds/Mpox_L1R/fold_mpox_l1r_summary_confidences_4.json	1788067500	2015
Step_Outputs/Phase1/Phase1D/Phase1De/Folds/_confidence/Phase1De_FoldConfidence_2026-08-30_2131.csv	1788096667	698
Step_Outputs/Phase1/Phase1D/Phase1De/Folds/_submissions/HIV_gp120_subunit.fasta	1788095742	610
Step_Outputs/Phase1/Phase1D/Phase1De/Folds/_submissions/HIV_gp41_subunit.fasta	1788095742	487
Step_Outputs/Phase1/Phase1D/Phase1De/Folds/_submissions/HIV_p17_subunit.fasta	1788095742	260
Step_Outputs/Phase1/Phase1D/Phase1De/Folds/_submissions/HIV_p24_subunit.fasta	1788095742	361
Step_Outputs/Phase1/Phase1D/Phase1De/Folds/_submissions/Mpox_A35R_subunit.fasta	1788095742	284
Step_Outputs/Phase1/Phase1D/Phase1De/Folds/_submissions/Mpox_B5R_subunit.fasta	1788095742	420
Step_Outputs/Phase1/Phase1D/Phase1De/Folds/_submissions/Mpox_L1R_subunit.fasta	1788095742	352
Step_Outputs/Phase1/Phase1D/Phase1De/Folds/_submissions/_paste_ready/HIV_gp120.txt	1788095742	471
Step_Outputs/Phase1/Phase1D/Phase1De/Folds/_submissions/_paste_ready/HIV_gp41.txt	1788095742	353
Step_Outputs/Phase1/Phase1D/Phase1De/Folds/_submissions/_paste_ready/HIV_p17.txt	1788095742	132
Step_Outputs/Phase1/Phase1D/Phase1De/Folds/_submissions/_paste_ready/HIV_p24.txt	1788095742	232
Step_Outputs/Phase1/Phase1D/Phase1De/Folds/_submissions/_paste_ready/Mpox_A35R.txt	1788095742	182
Step_Outputs/Phase1/Phase1D/Phase1De/Folds/_submissions/_paste_ready/Mpox_B5R.txt	1788095742	318
Step_Outputs/Phase1/Phase1D/Phase1De/Folds/_submissions/_paste_ready/Mpox_L1R.txt	1788095742	251
Step_Outputs/Phase1/Phase1D/Phase1De/Sensitivity/Phase1De_SEMA3D_20260831_0440.csv	1788122416	4085593
Step_Outputs/Phase1/Phase1D/Phase1De/Sensitivity/Phase1De_SEMA3D_perResidue_20260831_0440.json	1788122416	40002
Step_Outputs/Phase1/Phase1D/Phase1De/Sensitivity/Phase1De_SEMA3D_perResidue_20260831_0501.json	1788123661	40002
Step_Outputs/Phase1/Phase1D/Phase1De/_tool_runs/sema3d_HIV_gp120.json	1788097172	10246
Step_Outputs/Phase1/Phase1D/Phase1De/_tool_runs/sema3d_HIV_gp41.json	1788097172	7680
Step_Outputs/Phase1/Phase1D/Phase1De/_tool_runs/sema3d_HIV_p17.json	1788097172	2899
Step_Outputs/Phase1/Phase1D/Phase1De/_tool_runs/sema3d_HIV_p24.json	1788097172	5040
Step_Outputs/Phase1/Phase1D/Phase1De/_tool_runs/sema3d_Mpox_A35R.json	1788097172	3980
Step_Outputs/Phase1/Phase1D/Phase1De/_tool_runs/sema3d_Mpox_B5R.json	1788097172	6844
Step_Outputs/Phase1/Phase1D/Phase1De/_tool_runs/sema3d_Mpox_L1R.json	1788097172	5454
Step_Outputs/Phase1/Phase1E/.DS_Store	1788763653	6148
Step_Outputs/Phase1/Phase1E/Phase1Ea/.DS_Store	1788763568	6148
Step_Outputs/Phase1/Phase1E/Phase1Ea/Filtered/Phase1Ea_Filtered_2026-08-31_1132.csv	1788147127	269268
Step_Outputs/Phase1/Phase1E/Phase1Ea/METHODOLOGY_NOTE.md	1788147127	3391
Step_Outputs/Phase1/Phase1E/Phase1Ea/Prioritized/Phase1Ea_Prioritized_2026-08-31_1132.csv	1788147127	42980
Step_Outputs/Phase1/Phase1E/Phase1Ea/Raw/Phase1Ea_Raw_2026-08-31_1132.csv	1788147127	276937
Step_Outputs/Phase1/Phase1E/Phase1Ea/_tool_runs/blastp_toxprot.tsv	1788147126	0
Step_Outputs/Phase1/Phase1E/Phase1Ea/_tool_runs/hemopi2_out.csv	1788147126	53500
Step_Outputs/Phase1/Phase1E/Phase1Ea/_tool_runs/toxicity_query.fasta	1788147119	30249
Step_Outputs/Phase1/Phase1E/Phase1Ea/_tool_runs/toxinpred2_hybrid.csv	1788147122	38839
Step_Outputs/Phase1/Phase1E/Phase1Eb/.DS_Store	1788763568	6148
Step_Outputs/Phase1/Phase1E/Phase1Eb/AllerCatPro_TEST_lengthprobe.fasta	1788101789	533
Step_Outputs/Phase1/Phase1E/Phase1Eb/AllerTOP_EMAIL_2_fullbatch.txt	1788148585	10986
Step_Outputs/Phase1/Phase1E/Phase1Eb/AllergenFP_Query_16aa.fasta	1788148003	1437
Step_Outputs/Phase1/Phase1E/Phase1Eb/AllergenFP_Query_16aa_PASTE.txt	1788148003	969
Step_Outputs/Phase1/Phase1E/Phase1Eb/Allergenicity_Query.fasta	1788148003	4174
Step_Outputs/Phase1/Phase1E/Phase1Eb/Allergenicity_Query_MAP.csv	1788148003	16243
Step_Outputs/Phase1/Phase1E/Phase1Eb/Allergenicity_Query_PASTE.txt	1788148003	2628
Step_Outputs/Phase1/Phase1E/Phase1Eb/CHUNKS_AllerTOP_by10.txt	1788150081	10123
Step_Outputs/Phase1/Phase1E/Phase1Eb/CHUNKS_AllergenFP_by10.txt	1788150081	3619
Step_Outputs/Phase1/Phase1E/Phase1Eb/Filtered/Phase1Eb_Filtered_2026-08-31_1717.csv	1788167835	36236
Step_Outputs/Phase1/Phase1E/Phase1Eb/METHODOLOGY_NOTE.md	1788167835	2324
Step_Outputs/Phase1/Phase1E/Phase1Eb/Manual_Allergenicity_Results.csv	1788167815	6048
Step_Outputs/Phase1/Phase1E/Phase1Eb/PREREGISTERED_predictions_2026-08-31.csv	1788150771	12326
Step_Outputs/Phase1/Phase1E/Phase1Eb/Raw/Phase1Eb_Raw_2026-08-31_1717.csv	1788167835	67735
Step_Outputs/Phase1/Phase1E/Phase1Eb/WORKLIST_1_AllerTOP.txt	1788167786	10134
Step_Outputs/Phase1/Phase1E/Phase1Eb/WORKLIST_2_AllergenFP.txt	1788167616	4233
Step_Outputs/Phase1/Phase1E/Phase1Eb/_superseded/AllerTOP_EMAIL_1_pilot.txt	1788099718	2892
Step_Outputs/Phase1/Phase1E/Phase1Eb/_superseded/AllerTOP_TEST_8seqs.fasta	1788099534	292
Step_Outputs/Phase1/Phase1E/Phase1Ec/.DS_Store	1788763568	6148
Step_Outputs/Phase1/Phase1E/Phase1Ec/Filtered/Phase1Ec_Filtered_2026-08-31_1733.csv	1788168811	40720
Step_Outputs/Phase1/Phase1E/Phase1Ec/METHODOLOGY_NOTE.md	1788168811	3891
Step_Outputs/Phase1/Phase1E/Phase1Ec/Raw/Phase1Ec_Raw_2026-08-31_1733.csv	1788168811	41801
Step_Outputs/Phase1/Phase1E/Phase1Ec/_tool_runs/blastp_human_swissprot.tsv	1788168807	19686
Step_Outputs/Phase1/Phase1E/Phase1Ec/_tool_runs/self_homology_query.fasta	1788168807	2417
Step_Outputs/Phase1/Phase1F/.DS_Store	1788764440	8196
Step_Outputs/Phase1/Phase1F/Filtered/Phase1F_Elite_Vaccine_Candidates_20260831_1742.csv	1788169329	55070
Step_Outputs/Phase1/Phase1F/Raw/Phase1F_Raw_20260831_1742.csv	1788169329	55070
Step_Outputs/Phase1/Phase1F/_superseded/Phase1F_Elite_Vaccine_Candidates_20260831_1737.csv	1788169066	51460
Step_Outputs/Phase1/Phase1F/_superseded/Phase1F_Raw_20260831_1737.csv	1788169066	51460
Step_Outputs/Phase1/Phase1F/_tool_runs/_mhcnuggets_driver.py	1788169194	235
Step_Outputs/Phase1/Phase1F/_tool_runs/mhci_batch_input.csv	1788169188	63656
Step_Outputs/Phase1/Phase1F/_tool_runs/mhci_batch_output.csv	1788169194	313742
Step_Outputs/Phase1/Phase1F/_tool_runs/mhcii_out_HLA_DPB1_01_01.csv	1788169317	694
Step_Outputs/Phase1/Phase1F/_tool_runs/mhcii_out_HLA_DPB1_01_01_ranks..csv	1788169317	916
Step_Outputs/Phase1/Phase1F/_tool_runs/mhcii_out_HLA_DPB1_02_01.csv	1788169320	692
Step_Outputs/Phase1/Phase1F/_tool_runs/mhcii_out_HLA_DPB1_02_01_ranks..csv	1788169320	915
Step_Outputs/Phase1/Phase1F/_tool_runs/mhcii_out_HLA_DPB1_03_01.csv	1788169309	694
Step_Outputs/Phase1/Phase1F/_tool_runs/mhcii_out_HLA_DPB1_03_01_ranks..csv	1788169309	914
Step_Outputs/Phase1/Phase1F/_tool_runs/mhcii_out_HLA_DPB1_04_01.csv	1788169305	716
Step_Outputs/Phase1/Phase1F/_tool_runs/mhcii_out_HLA_DPB1_04_01_ranks..csv	1788169305	930
Step_Outputs/Phase1/Phase1F/_tool_runs/mhcii_out_HLA_DPB1_04_02.csv	1788169324	711
Step_Outputs/Phase1/Phase1F/_tool_runs/mhcii_out_HLA_DPB1_04_02_ranks..csv	1788169324	928
Step_Outputs/Phase1/Phase1F/_tool_runs/mhcii_out_HLA_DPB1_05_01.csv	1788169301	697
Step_Outputs/Phase1/Phase1F/_tool_runs/mhcii_out_HLA_DPB1_05_01_ranks..csv	1788169301	912
Step_Outputs/Phase1/Phase1F/_tool_runs/mhcii_out_HLA_DPB1_09_01.csv	1788169328	709
Step_Outputs/Phase1/Phase1F/_tool_runs/mhcii_out_HLA_DPB1_09_01_ranks..csv	1788169328	926
Step_Outputs/Phase1/Phase1F/_tool_runs/mhcii_out_HLA_DPB1_14_01.csv	1788169313	707
Step_Outputs/Phase1/Phase1F/_tool_runs/mhcii_out_HLA_DPB1_14_01_ranks..csv	1788169313	927
Step_Outputs/Phase1/Phase1F/_tool_runs/mhcii_out_HLA_DQB1_02_01.csv	1788169282	714
Step_Outputs/Phase1/Phase1F/_tool_runs/mhcii_out_HLA_DQB1_02_01_ranks..csv	1788169282	932
Step_Outputs/Phase1/Phase1F/_tool_runs/mhcii_out_HLA_DQB1_03_01.csv	1788169275	703
Step_Outputs/Phase1/Phase1F/_tool_runs/mhcii_out_HLA_DQB1_03_01_ranks..csv	1788169275	924
Step_Outputs/Phase1/Phase1F/_tool_runs/mhcii_out_HLA_DQB1_03_02.csv	1788169297	721
Step_Outputs/Phase1/Phase1F/_tool_runs/mhcii_out_HLA_DQB1_03_02_ranks..csv	1788169298	943
Step_Outputs/Phase1/Phase1F/_tool_runs/mhcii_out_HLA_DQB1_05_01.csv	1788169286	711
Step_Outputs/Phase1/Phase1F/_tool_runs/mhcii_out_HLA_DQB1_05_01_ranks..csv	1788169286	931
Step_Outputs/Phase1/Phase1F/_tool_runs/mhcii_out_HLA_DQB1_05_02.csv	1788169279	710
Step_Outputs/Phase1/Phase1F/_tool_runs/mhcii_out_HLA_DQB1_05_02_ranks..csv	1788169279	929
Step_Outputs/Phase1/Phase1F/_tool_runs/mhcii_out_HLA_DQB1_05_03.csv	1788169294	712
Step_Outputs/Phase1/Phase1F/_tool_runs/mhcii_out_HLA_DQB1_05_03_ranks..csv	1788169294	934
Step_Outputs/Phase1/Phase1F/_tool_runs/mhcii_out_HLA_DQB1_06_02.csv	1788169290	695
Step_Outputs/Phase1/Phase1F/_tool_runs/mhcii_out_HLA_DQB1_06_02_ranks..csv	1788169290	915
Step_Outputs/Phase1/Phase1F/_tool_runs/mhcii_out_HLA_DRB1_01_01.csv	1788169236	676
Step_Outputs/Phase1/Phase1F/_tool_runs/mhcii_out_HLA_DRB1_01_01_ranks..csv	1788169236	899
Step_Outputs/Phase1/Phase1F/_tool_runs/mhcii_out_HLA_DRB1_03_01.csv	1788169213	715
Step_Outputs/Phase1/Phase1F/_tool_runs/mhcii_out_HLA_DRB1_03_01_ranks..csv	1788169213	936
Step_Outputs/Phase1/Phase1F/_tool_runs/mhcii_out_HLA_DRB1_04_03.csv	1788169242	698
Step_Outputs/Phase1/Phase1F/_tool_runs/mhcii_out_HLA_DRB1_04_03_ranks..csv	1788169242	916
Step_Outputs/Phase1/Phase1F/_tool_runs/mhcii_out_HLA_DRB1_04_05.csv	1788169246	686
Step_Outputs/Phase1/Phase1F/_tool_runs/mhcii_out_HLA_DRB1_04_05_ranks..csv	1788169246	907
Step_Outputs/Phase1/Phase1F/_tool_runs/mhcii_out_HLA_DRB1_07_01.csv	1788169210	682
Step_Outputs/Phase1/Phase1F/_tool_runs/mhcii_out_HLA_DRB1_07_01_ranks..csv	1788169210	903
Step_Outputs/Phase1/Phase1F/_tool_runs/mhcii_out_HLA_DRB1_08_02.csv	1788169251	700
Step_Outputs/Phase1/Phase1F/_tool_runs/mhcii_out_HLA_DRB1_08_02_ranks..csv	1788169252	922
Step_Outputs/Phase1/Phase1F/_tool_runs/mhcii_out_HLA_DRB1_09_01.csv	1788169217	691
Step_Outputs/Phase1/Phase1F/_tool_runs/mhcii_out_HLA_DRB1_09_01_ranks..csv	1788169217	910
Step_Outputs/Phase1/Phase1F/_tool_runs/mhcii_out_HLA_DRB1_10_01.csv	1788169257	676
Step_Outputs/Phase1/Phase1F/_tool_runs/mhcii_out_HLA_DRB1_10_01_ranks..csv	1788169257	895
Step_Outputs/Phase1/Phase1F/_tool_runs/mhcii_out_HLA_DRB1_11_01.csv	1788169221	698
Step_Outputs/Phase1/Phase1F/_tool_runs/mhcii_out_HLA_DRB1_11_01_ranks..csv	1788169221	918
Step_Outputs/Phase1/Phase1F/_tool_runs/mhcii_out_HLA_DRB1_11_04.csv	1788169261	698
Step_Outputs/Phase1/Phase1F/_tool_runs/mhcii_out_HLA_DRB1_11_04_ranks..csv	1788169262	916
Step_Outputs/Phase1/Phase1F/_tool_runs/mhcii_out_HLA_DRB1_12_01.csv	1788169225	705
Step_Outputs/Phase1/Phase1F/_tool_runs/mhcii_out_HLA_DRB1_12_01_ranks..csv	1788169225	924
Step_Outputs/Phase1/Phase1F/_tool_runs/mhcii_out_HLA_DRB1_12_02.csv	1788169198	693
Step_Outputs/Phase1/Phase1F/_tool_runs/mhcii_out_HLA_DRB1_12_02_ranks..csv	1788169198	915
Step_Outputs/Phase1/Phase1F/_tool_runs/mhcii_out_HLA_DRB1_13_01.csv	1788169266	700
Step_Outputs/Phase1/Phase1F/_tool_runs/mhcii_out_HLA_DRB1_13_01_ranks..csv	1788169266	919
Step_Outputs/Phase1/Phase1F/_tool_runs/mhcii_out_HLA_DRB1_13_02.csv	1788169232	686
Step_Outputs/Phase1/Phase1F/_tool_runs/mhcii_out_HLA_DRB1_13_02_ranks..csv	1788169232	909
Step_Outputs/Phase1/Phase1F/_tool_runs/mhcii_out_HLA_DRB1_14_01.csv	1788169271	670
Step_Outputs/Phase1/Phase1F/_tool_runs/mhcii_out_HLA_DRB1_14_01_ranks..csv	1788169271	888
Step_Outputs/Phase1/Phase1F/_tool_runs/mhcii_out_HLA_DRB1_15_01.csv	1788169202	694
Step_Outputs/Phase1/Phase1F/_tool_runs/mhcii_out_HLA_DRB1_15_01_ranks..csv	1788169202	912
Step_Outputs/Phase1/Phase1F/_tool_runs/mhcii_out_HLA_DRB1_15_02.csv	1788169206	689
Step_Outputs/Phase1/Phase1F/_tool_runs/mhcii_out_HLA_DRB1_15_02_ranks..csv	1788169206	908
Step_Outputs/Phase1/Phase1F/_tool_runs/mhcii_out_HLA_DRB1_16_02.csv	1788169228	686
Step_Outputs/Phase1/Phase1F/_tool_runs/mhcii_out_HLA_DRB1_16_02_ranks..csv	1788169228	906
Step_Outputs/Phase1/Phase1F/_tool_runs/mhcii_peptides.txt	1788169194	463
Step_Outputs/Phase1/Phase1G/Phase1G_FinalConstruct_2026-08-31_1908.csv	1788174512	3380
Step_Outputs/Phase1/Phase1G/Phase1G_FinalConstruct_2026-08-31_1908.fasta	1788174512	611
Step_Outputs/Phase1/Phase1G/_superseded/Phase1G_FinalConstruct_2026-08-31_1806.csv	1788170811	3383
Step_Outputs/Phase1/Phase1G/_superseded/Phase1G_FinalConstruct_2026-08-31_1806.fasta	1788170811	601
Step_Outputs/Phase1/Phase1H/.DS_Store	1788763568	6148
Step_Outputs/Phase1/Phase1H/Phase1H_IEDB_Corroboration_20260831_1910.csv	1788174600	10549
Step_Outputs/Phase1/Phase1H/_superseded/Phase1H_IEDB_Corroboration_20260831_1841.csv	1788172913	10624
Step_Outputs/Phase1/Phase1H/_tool_runs/iedb_NCBITaxon_10244.json	1788171947	9379
Step_Outputs/Phase1/Phase1H/_tool_runs/iedb_NCBITaxon_10245.json	1788172911	9546639
Step_Outputs/Phase1/Phase1H/_tool_runs/iedb_NCBITaxon_11676.json	1788171718	586945
Step_Outputs/Phase2/.DS_Store	1788874961	10244
Step_Outputs/Phase2/StepA/.DS_Store	1788763563	6148
Step_Outputs/Phase2/StepA/Construct_PASTE.txt	1788175206	571
Step_Outputs/Phase2/StepA/Filtered/Step2A_Filtered_Ranked_20260831_2034.csv	1788179683	2197
Step_Outputs/Phase2/StepA/HOW_TO_FILL_IN.txt	1788175216	1563
Step_Outputs/Phase2/StepA/Raw/Step2A_Raw_Physicochemical_20260831_2034.csv	1788179683	2197
Step_Outputs/Phase2/StepA/_tool_runs/all_candidates_727994b8f2.fasta	1788178076	591
Step_Outputs/Phase2/StepA/_tool_runs/all_junction_peptides_727994b8f2.fasta	1788179677	96258
Step_Outputs/Phase2/StepA/_tool_runs/blastp_all_candidates_727994b8f2.fasta.tsv	1788178083	0
Step_Outputs/Phase2/StepA/_tool_runs/hemopi2_all_candidates_727994b8f2.fasta.csv	1788178082	642
Step_Outputs/Phase2/StepA/_tool_runs/iedb_mhc_i_ranks_727994b8f2.json	1788178531	12628
Step_Outputs/Phase2/StepA/_tool_runs/iedb_mhc_ii_ranks_727994b8f2.json	1788179677	84103
Step_Outputs/Phase2/StepA/_tool_runs/toxinpred2_m2_all_candidates_727994b8f2.fasta.csv	1788178079	108
Step_Outputs/Phase2/StepA/_tool_runs/toxinpred2_m2_all_junction_peptides_727994b8f2.fasta.csv	1788179683	118403
Step_Outputs/Phase2/StepA/manual_sequence_tool_results.json	1788177847	194
Step_Outputs/Phase2/StepB/.DS_Store	1788763563	6148
Step_Outputs/Phase2/StepB/AlphaFold_Monomer_PASTE.txt	1788180386	571
Step_Outputs/Phase2/StepB/AlphaFold_Raw/fold_last_construct_august_31/fold_last_construct_august_31_full_data_0.json	1788181714	2981487
Step_Outputs/Phase2/StepB/AlphaFold_Raw/fold_last_construct_august_31/fold_last_construct_august_31_full_data_1.json	1788181714	2981463
Step_Outputs/Phase2/StepB/AlphaFold_Raw/fold_last_construct_august_31/fold_last_construct_august_31_full_data_2.json	1788181714	2981261
Step_Outputs/Phase2/StepB/AlphaFold_Raw/fold_last_construct_august_31/fold_last_construct_august_31_full_data_3.json	1788181714	2981485
Step_Outputs/Phase2/StepB/AlphaFold_Raw/fold_last_construct_august_31/fold_last_construct_august_31_full_data_4.json	1788181714	2981437
Step_Outputs/Phase2/StepB/AlphaFold_Raw/fold_last_construct_august_31/fold_last_construct_august_31_job_request.json	1788181714	816
Step_Outputs/Phase2/StepB/AlphaFold_Raw/fold_last_construct_august_31/fold_last_construct_august_31_model_0.cif	1788181714	356517
Step_Outputs/Phase2/StepB/AlphaFold_Raw/fold_last_construct_august_31/fold_last_construct_august_31_model_1.cif	1788181714	356517
Step_Outputs/Phase2/StepB/AlphaFold_Raw/fold_last_construct_august_31/fold_last_construct_august_31_model_2.cif	1788181714	356517
Step_Outputs/Phase2/StepB/AlphaFold_Raw/fold_last_construct_august_31/fold_last_construct_august_31_model_3.cif	1788181714	356517
Step_Outputs/Phase2/StepB/AlphaFold_Raw/fold_last_construct_august_31/fold_last_construct_august_31_model_4.cif	1788181714	356517
Step_Outputs/Phase2/StepB/AlphaFold_Raw/fold_last_construct_august_31/fold_last_construct_august_31_summary_confidences_0.json	1788181714	4255
Step_Outputs/Phase2/StepB/AlphaFold_Raw/fold_last_construct_august_31/fold_last_construct_august_31_summary_confidences_1.json	1788181714	4255
Step_Outputs/Phase2/StepB/AlphaFold_Raw/fold_last_construct_august_31/fold_last_construct_august_31_summary_confidences_2.json	1788181714	4255
Step_Outputs/Phase2/StepB/AlphaFold_Raw/fold_last_construct_august_31/fold_last_construct_august_31_summary_confidences_3.json	1788181714	4255
Step_Outputs/Phase2/StepB/AlphaFold_Raw/fold_last_construct_august_31/fold_last_construct_august_31_summary_confidences_4.json	1788181714	4255
Step_Outputs/Phase2/StepB/AlphaFold_Raw/fold_last_construct_august_31/msas/fold_last_construct_august_31_paired_msa_chains_a.a3m	1788181714	35557527
Step_Outputs/Phase2/StepB/AlphaFold_Raw/fold_last_construct_august_31/msas/fold_last_construct_august_31_unpaired_msa_chains_a.a3m	1788181714	609037
Step_Outputs/Phase2/StepB/AlphaFold_Raw/fold_last_construct_august_31/templates/fold_last_construct_august_31_template_hit_0_chains_a.cif	1788181714	391867
Step_Outputs/Phase2/StepB/AlphaFold_Raw/fold_last_construct_august_31/templates/fold_last_construct_august_31_template_hit_1_chains_a.cif	1788181714	391867
Step_Outputs/Phase2/StepB/AlphaFold_Raw/fold_last_construct_august_31/templates/fold_last_construct_august_31_template_hit_2_chains_a.cif	1788181714	399574
Step_Outputs/Phase2/StepB/AlphaFold_Raw/fold_last_construct_august_31/templates/fold_last_construct_august_31_template_hit_3_chains_a.cif	1788181714	399574
Step_Outputs/Phase2/StepB/AlphaFold_Raw/fold_last_construct_august_31/templates/fold_last_construct_august_31_template_hits_chains_a_query_to_hit.json	1788181714	4810
Step_Outputs/Phase2/StepB/AlphaFold_Raw/fold_last_construct_august_31/terms_of_use.md	1788181714	7458
Step_Outputs/Phase2/StepB/Model_Confidence/Step2B_AF3_Confidence_20260831_2113.csv	1788181990	2071
Step_Outputs/Phase2/StepB/Secondary_Structure/NetSurfP_PASTE.txt	1788180386	571
Step_Outputs/Phase2/StepB/Secondary_Structure/NetSurfP_Vax_Final_4fce119e.csv	1788182003	67745
Step_Outputs/Phase2/StepB/Secondary_Structure/NetSurfP_Vax_Final_4fce119e.fasta	1788180369	611
Step_Outputs/Phase2/StepB/Secondary_Structure/PsiPred_PASTE.txt	1788180386	571
Step_Outputs/Phase2/StepB/Secondary_Structure/PsiPred_Vax_Final_4fce119e.fasta	1788180369	610
Step_Outputs/Phase2/StepB/Secondary_Structure/PsiPred_Vax_Final_4fce119e.ss2	1788182003	17704
Step_Outputs/Phase2/StepB/Secondary_Structure/Step2B_Secondary_Structure_Comparison.csv	1788182009	218
Step_Outputs/Phase2/StepB/Tertiary_Structure/AF3_Target_Vax_Final_4fce119e.cif	1788181987	356517
Step_Outputs/Phase2/StepB/Tertiary_Structure/RCSB_TLR2_6NIG.cif	1788180369	3936644
Step_Outputs/Phase2/StepB/Tertiary_Structure/RCSB_TLR4_8WTA.cif	1788180369	1309817
Step_Outputs/Phase2/StepC/.DS_Store	1788890110	8196
Step_Outputs/Phase2/StepC/Step2C_Solubility_Report_20260831_2152.csv	1788184378	791
Step_Outputs/Phase2/StepC/Supplementary_Archive/.DS_Store	1788874956	8196
Step_Outputs/Phase2/StepC/Supplementary_Archive/Vax_Final_4fce119e.fasta	1788182436	591
Step_Outputs/Phase2/StepC/Supplementary_Archive/Vax_Final_4fce119e_manual_results.json	1788184291	248
Step_Outputs/Phase2/StepC/Supplementary_Archive/Vax_Final_4fce119e_minimized.pdb	1788184350	345483
Step_Outputs/Phase2/StepC/Supplementary_Archive/Vax_Final_4fce119e_pH7.0.log	1788184376	130386
Step_Outputs/Phase2/StepC/Supplementary_Archive/Vax_Final_4fce119e_pH7.0.pqr	1788184376	594727
Step_Outputs/Phase2/StepC/Supplementary_Archive/Vax_Final_4fce119e_pLDDT_per_residue.csv	1788184298	9522
Step_Outputs/Phase2/StepC/Supplementary_Archive/Vax_Final_4fce119e_phenix_pass1.pdb	1788184374	336896
Step_Outputs/Phase2/StepC/Supplementary_Archive/Vax_Final_4fce119e_phenix_pass1_0_ST.fxout	1788184376	190
Step_Outputs/Phase2/StepC/Supplementary_Archive/Vax_Final_4fce119e_phenix_pass1_molprobity.out	1788184516	4264
Step_Outputs/Phase2/StepC/Supplementary_Archive/Vax_Final_4fce119e_repaired.pdb	1788184298	345483
Step_Outputs/Phase2/StepC/Supplementary_Archive/apbs_input.in	1788184376	557
Step_Outputs/Phase2/StepC/Supplementary_Archive/electrostatic_surface.dx	1788184378	12200962
Step_Outputs/Phase2/StepC/Supplementary_Archive/io.mc	1788184378	42175
Step_Outputs/Phase2/StepC/Supplementary_Archive/rotabase.txt	1788182434	4609141
Step_Outputs/Phase2/StepC/_tool_runs/aggrescan3d_raw/A3D.csv	1788182489	13403
Step_Outputs/Phase2/StepC/_tool_runs/aggrescan3d_raw/output.pdb	1788182489	285633
Step_Outputs/Phase2/StepC/_tool_runs/camsol_structural_raw/README.txt	1788183181	743
Step_Outputs/Phase2/StepC/_tool_runs/camsol_structural_raw/Vax_Final_4fce119e_phenix_pass1.txt	1788183181	69213
Step_Outputs/Phase2/StepC/_tool_runs/camsol_structural_raw/Vax_Final_4fce119e_phenix_pass1_CamSol.pdb	1788183181	337209
Step_Outputs/Phase2/StepD/Step2D_Validation_Report_20260831_2155.csv	1788184516	980
Step_Outputs/Phase2/StepD/Vax_Final_4fce119e_pass1_manual_results.json	1788184516	182
