T_eff,Protein_Target_ng_mL,Bioavailability,V_d_L,Required_Serum_ng_mL,Injected_Dose_ug
0.2,50.0,0.8,5.0,312.5,1.5625
0.2,50.0,0.8,5.625,312.5,1.7578
0.2,50.0,0.8,6.25,312.5,1.9531
0.2,50.0,0.8,6.875,312.5,2.1484
0.2,50.0,0.8,7.5,312.5,2.3437
0.2,50.0,0.8,8.125,312.5,2.5391
0.2,50.0,0.8,8.75,312.5,2.7344
0.2,50.0,0.8,9.375,312.5,2.9297
0.2,50.0,0.8,10.0,312.5,3.125
0.2,50.0,0.8125,5.0,307.6923,1.5385
0.2,50.0,0.8125,5.625,307.6923,1.7308
0.2,50.0,0.8125,6.25,307.6923,1.9231
0.2,50.0,0.8125,6.875,307.6923,2.1154
0.2,50.0,0.8125,7.5,307.6923,2.3077
0.2,50.0,0.8125,8.125,307.6923,2.5
0.2,50.0,0.8125,8.75,307.6923,2.6923
0.2,50.0,0.8125,9.375,307.6923,2.8846
0.2,50.0,0.8125,10.0,307.6923,3.0769
0.2,50.0,0.825,5.0,303.0303,1.5152
0.2,50.0,0.825,5.625,303.0303,1.7045
0.2,50.0,0.825,6.25,303.0303,1.8939
0.2,50.0,0.825,6.875,303.0303,2.0833
0.2,50.0,0.825,7.5,303.0303,2.2727
0.2,50.0,0.825,8.125,303.0303,2.4621
0.2,50.0,0.825,8.75,303.0303,2.6515
0.2,50.0,0.825,9.375,303.0303,2.8409
0.2,50.0,0.825,10.0,303.0303,3.0303
0.2,50.0,0.8375,5.0,298.5075,1.4925
0.2,50.0,0.8375,5.625,298.5075,1.6791
0.2,50.0,0.8375,6.25,298.5075,1.8657
0.2,50.0,0.8375,6.875,298.5075,2.0522
0.2,50.0,0.8375,7.5,298.5075,2.2388
0.2,50.0,0.8375,8.125,298.5075,2.4254
0.2,50.0,0.8375,8.75,298.5075,2.6119
0.2,50.0,0.8375,9.375,298.5075,2.7985
0.2,50.0,0.8375,10.0,298.5075,2.9851
0.2,50.0,0.85,5.0,294.1176,1.4706
0.2,50.0,0.85,5.625,294.1176,1.6544
0.2,50.0,0.85,6.25,294.1176,1.8382
0.2,50.0,0.85,6.875,294.1176,2.0221
0.2,50.0,0.85,7.5,294.1176,2.2059
0.2,50.0,0.85,8.125,294.1176,2.3897
0.2,50.0,0.85,8.75,294.1176,2.5735
0.2,50.0,0.85,9.375,294.1176,2.7574
0.2,50.0,0.85,10.0,294.1176,2.9412
0.2,50.0,0.8625,5.0,289.8551,1.4493
0.2,50.0,0.8625,5.625,289.8551,1.6304
0.2,50.0,0.8625,6.25,289.8551,1.8116
0.2,50.0,0.8625,6.875,289.8551,1.9928
0.2,50.0,0.8625,7.5,289.8551,2.1739
0.2,50.0,0.8625,8.125,289.8551,2.3551
0.2,50.0,0.8625,8.75,289.8551,2.5362
0.2,50.0,0.8625,9.375,289.8551,2.7174
0.2,50.0,0.8625,10.0,289.8551,2.8986
0.2,50.0,0.875,5.0,285.7143,1.4286
0.2,50.0,0.875,5.625,285.7143,1.6071
0.2,50.0,0.875,6.25,285.7143,1.7857
0.2,50.0,0.875,6.875,285.7143,1.9643
0.2,50.0,0.875,7.5,285.7143,2.1429
0.2,50.0,0.875,8.125,285.7143,2.3214
0.2,50.0,0.875,8.75,285.7143,2.5
0.2,50.0,0.875,9.375,285.7143,2.6786
0.2,50.0,0.875,10.0,285.7143,2.8571
0.2,50.0,0.8875,5.0,281.6901,1.4085
0.2,50.0,0.8875,5.625,281.6901,1.5845
0.2,50.0,0.8875,6.25,281.6901,1.7606
0.2,50.0,0.8875,6.875,281.6901,1.9366
0.2,50.0,0.8875,7.5,281.6901,2.1127
0.2,50.0,0.8875,8.125,281.6901,2.2887
0.2,50.0,0.8875,8.75,281.6901,2.4648
0.2,50.0,0.8875,9.375,281.6901,2.6408
0.2,50.0,0.8875,10.0,281.6901,2.8169
0.2,50.0,0.9,5.0,277.7778,1.3889
0.2,50.0,0.9,5.625,277.7778,1.5625
0.2,50.0,0.9,6.25,277.7778,1.7361
0.2,50.0,0.9,6.875,277.7778,1.9097
0.2,50.0,0.9,7.5,277.7778,2.0833
0.2,50.0,0.9,8.125,277.7778,2.2569
0.2,50.0,0.9,8.75,277.7778,2.4306
0.2,50.0,0.9,9.375,277.7778,2.6042
0.2,50.0,0.9,10.0,277.7778,2.7778
0.2,56.25,0.8,5.0,351.5625,1.7578
0.2,56.25,0.8,5.625,351.5625,1.9775
0.2,56.25,0.8,6.25,351.5625,2.1973
0.2,56.25,0.8,6.875,351.5625,2.417
0.2,56.25,0.8,7.5,351.5625,2.6367
0.2,56.25,0.8,8.125,351.5625,2.8564
0.2,56.25,0.8,8.75,351.5625,3.0762
0.2,56.25,0.8,9.375,351.5625,3.2959
0.2,56.25,0.8,10.0,351.5625,3.5156
0.2,56.25,0.8125,5.0,346.1538,1.7308
0.2,56.25,0.8125,5.625,346.1538,1.9471
0.2,56.25,0.8125,6.25,346.1538,2.1635
0.2,56.25,0.8125,6.875,346.1538,2.3798
0.2,56.25,0.8125,7.5,346.1538,2.5962
0.2,56.25,0.8125,8.125,346.1538,2.8125
0.2,56.25,0.8125,8.75,346.1538,3.0288
0.2,56.25,0.8125,9.375,346.1538,3.2452
0.2,56.25,0.8125,10.0,346.1538,3.4615
0.2,56.25,0.825,5.0,340.9091,1.7045
0.2,56.25,0.825,5.625,340.9091,1.9176
0.2,56.25,0.825,6.25,340.9091,2.1307
0.2,56.25,0.825,6.875,340.9091,2.3437
0.2,56.25,0.825,7.5,340.9091,2.5568
0.2,56.25,0.825,8.125,340.9091,2.7699
0.2,56.25,0.825,8.75,340.9091,2.983
0.2,56.25,0.825,9.375,340.9091,3.196
0.2,56.25,0.825,10.0,340.9091,3.4091
0.2,56.25,0.8375,5.0,335.8209,1.6791
0.2,56.25,0.8375,5.625,335.8209,1.889
0.2,56.25,0.8375,6.25,335.8209,2.0989
0.2,56.25,0.8375,6.875,335.8209,2.3088
0.2,56.25,0.8375,7.5,335.8209,2.5187
0.2,56.25,0.8375,8.125,335.8209,2.7285
0.2,56.25,0.8375,8.75,335.8209,2.9384
0.2,56.25,0.8375,9.375,335.8209,3.1483
0.2,56.25,0.8375,10.0,335.8209,3.3582
0.2,56.25,0.85,5.0,330.8824,1.6544
0.2,56.25,0.85,5.625,330.8824,1.8612
0.2,56.25,0.85,6.25,330.8824,2.068
0.2,56.25,0.85,6.875,330.8824,2.2748
0.2,56.25,0.85,7.5,330.8824,2.4816
0.2,56.25,0.85,8.125,330.8824,2.6884
0.2,56.25,0.85,8.75,330.8824,2.8952
0.2,56.25,0.85,9.375,330.8824,3.102
0.2,56.25,0.85,10.0,330.8824,3.3088
0.2,56.25,0.8625,5.0,326.087,1.6304
0.2,56.25,0.8625,5.625,326.087,1.8342
0.2,56.25,0.8625,6.25,326.087,2.038
0.2,56.25,0.8625,6.875,326.087,2.2418
0.2,56.25,0.8625,7.5,326.087,2.4457
0.2,56.25,0.8625,8.125,326.087,2.6495
0.2,56.25,0.8625,8.75,326.087,2.8533
0.2,56.25,0.8625,9.375,326.087,3.0571
0.2,56.25,0.8625,10.0,326.087,3.2609
0.2,56.25,0.875,5.0,321.4286,1.6071
0.2,56.25,0.875,5.625,321.4286,1.808
0.2,56.25,0.875,6.25,321.4286,2.0089
0.2,56.25,0.875,6.875,321.4286,2.2098
0.2,56.25,0.875,7.5,321.4286,2.4107
0.2,56.25,0.875,8.125,321.4286,2.6116
0.2,56.25,0.875,8.75,321.4286,2.8125
0.2,56.25,0.875,9.375,321.4286,3.0134
0.2,56.25,0.875,10.0,321.4286,3.2143
0.2,56.25,0.8875,5.0,316.9014,1.5845
0.2,56.25,0.8875,5.625,316.9014,1.7826
0.2,56.25,0.8875,6.25,316.9014,1.9806
0.2,56.25,0.8875,6.875,316.9014,2.1787
0.2,56.25,0.8875,7.5,316.9014,2.3768
0.2,56.25,0.8875,8.125,316.9014,2.5748
0.2,56.25,0.8875,8.75,316.9014,2.7729
0.2,56.25,0.8875,9.375,316.9014,2.971
0.2,56.25,0.8875,10.0,316.9014,3.169
0.2,56.25,0.9,5.0,312.5,1.5625
0.2,56.25,0.9,5.625,312.5,1.7578
0.2,56.25,0.9,6.25,312.5,1.9531
0.2,56.25,0.9,6.875,312.5,2.1484
0.2,56.25,0.9,7.5,312.5,2.3437
0.2,56.25,0.9,8.125,312.5,2.5391
0.2,56.25,0.9,8.75,312.5,2.7344
0.2,56.25,0.9,9.375,312.5,2.9297
0.2,56.25,0.9,10.0,312.5,3.125
0.2,62.5,0.8,5.0,390.625,1.9531
0.2,62.5,0.8,5.625,390.625,2.1973
0.2,62.5,0.8,6.25,390.625,2.4414
0.2,62.5,0.8,6.875,390.625,2.6855
0.2,62.5,0.8,7.5,390.625,2.9297
0.2,62.5,0.8,8.125,390.625,3.1738
0.2,62.5,0.8,8.75,390.625,3.418
0.2,62.5,0.8,9.375,390.625,3.6621
0.2,62.5,0.8,10.0,390.625,3.9062
0.2,62.5,0.8125,5.0,384.6154,1.9231
0.2,62.5,0.8125,5.625,384.6154,2.1635
0.2,62.5,0.8125,6.25,384.6154,2.4038
0.2,62.5,0.8125,6.875,384.6154,2.6442
0.2,62.5,0.8125,7.5,384.6154,2.8846
0.2,62.5,0.8125,8.125,384.6154,3.125
0.2,62.5,0.8125,8.75,384.6154,3.3654
0.2,62.5,0.8125,9.375,384.6154,3.6058
0.2,62.5,0.8125,10.0,384.6154,3.8462
0.2,62.5,0.825,5.0,378.7879,1.8939
0.2,62.5,0.825,5.625,378.7879,2.1307
0.2,62.5,0.825,6.25,378.7879,2.3674
0.2,62.5,0.825,6.875,378.7879,2.6042
0.2,62.5,0.825,7.5,378.7879,2.8409
0.2,62.5,0.825,8.125,378.7879,3.0777
0.2,62.5,0.825,8.75,378.7879,3.3144
0.2,62.5,0.825,9.375,378.7879,3.5511
0.2,62.5,0.825,10.0,378.7879,3.7879
0.2,62.5,0.8375,5.0,373.1343,1.8657
0.2,62.5,0.8375,5.625,373.1343,2.0989
0.2,62.5,0.8375,6.25,373.1343,2.3321
0.2,62.5,0.8375,6.875,373.1343,2.5653
0.2,62.5,0.8375,7.5,373.1343,2.7985
0.2,62.5,0.8375,8.125,373.1343,3.0317
0.2,62.5,0.8375,8.75,373.1343,3.2649
0.2,62.5,0.8375,9.375,373.1343,3.4981
0.2,62.5,0.8375,10.0,373.1343,3.7313
0.2,62.5,0.85,5.0,367.6471,1.8382
0.2,62.5,0.85,5.625,367.6471,2.068
0.2,62.5,0.85,6.25,367.6471,2.2978
0.2,62.5,0.85,6.875,367.6471,2.5276
0.2,62.5,0.85,7.5,367.6471,2.7574
0.2,62.5,0.85,8.125,367.6471,2.9871
0.2,62.5,0.85,8.75,367.6471,3.2169
0.2,62.5,0.85,9.375,367.6471,3.4467
0.2,62.5,0.85,10.0,367.6471,3.6765
0.2,62.5,0.8625,5.0,362.3188,1.8116
0.2,62.5,0.8625,5.625,362.3188,2.038
0.2,62.5,0.8625,6.25,362.3188,2.2645
0.2,62.5,0.8625,6.875,362.3188,2.4909
0.2,62.5,0.8625,7.5,362.3188,2.7174
0.2,62.5,0.8625,8.125,362.3188,2.9438
0.2,62.5,0.8625,8.75,362.3188,3.1703
0.2,62.5,0.8625,9.375,362.3188,3.3967
0.2,62.5,0.8625,10.0,362.3188,3.6232
0.2,62.5,0.875,5.0,357.1429,1.7857
0.2,62.5,0.875,5.625,357.1429,2.0089
0.2,62.5,0.875,6.25,357.1429,2.2321
0.2,62.5,0.875,6.875,357.1429,2.4554
0.2,62.5,0.875,7.5,357.1429,2.6786
0.2,62.5,0.875,8.125,357.1429,2.9018
0.2,62.5,0.875,8.75,357.1429,3.125
0.2,62.5,0.875,9.375,357.1429,3.3482
0.2,62.5,0.875,10.0,357.1429,3.5714
0.2,62.5,0.8875,5.0,352.1127,1.7606
0.2,62.5,0.8875,5.625,352.1127,1.9806
0.2,62.5,0.8875,6.25,352.1127,2.2007
0.2,62.5,0.8875,6.875,352.1127,2.4208
0.2,62.5,0.8875,7.5,352.1127,2.6408
0.2,62.5,0.8875,8.125,352.1127,2.8609
0.2,62.5,0.8875,8.75,352.1127,3.081
0.2,62.5,0.8875,9.375,352.1127,3.3011
0.2,62.5,0.8875,10.0,352.1127,3.5211
0.2,62.5,0.9,5.0,347.2222,1.7361
0.2,62.5,0.9,5.625,347.2222,1.9531
0.2,62.5,0.9,6.25,347.2222,2.1701
0.2,62.5,0.9,6.875,347.2222,2.3872
0.2,62.5,0.9,7.5,347.2222,2.6042
0.2,62.5,0.9,8.125,347.2222,2.8212
0.2,62.5,0.9,8.75,347.2222,3.0382
0.2,62.5,0.9,9.375,347.2222,3.2552
0.2,62.5,0.9,10.0,347.2222,3.4722
0.2,68.75,0.8,5.0,429.6875,2.1484
0.2,68.75,0.8,5.625,429.6875,2.417
0.2,68.75,0.8,6.25,429.6875,2.6855
0.2,68.75,0.8,6.875,429.6875,2.9541
0.2,68.75,0.8,7.5,429.6875,3.2227
0.2,68.75,0.8,8.125,429.6875,3.4912
0.2,68.75,0.8,8.75,429.6875,3.7598
0.2,68.75,0.8,9.375,429.6875,4.0283
0.2,68.75,0.8,10.0,429.6875,4.2969
0.2,68.75,0.8125,5.0,423.0769,2.1154
0.2,68.75,0.8125,5.625,423.0769,2.3798
0.2,68.75,0.8125,6.25,423.0769,2.6442
0.2,68.75,0.8125,6.875,423.0769,2.9087
0.2,68.75,0.8125,7.5,423.0769,3.1731
0.2,68.75,0.8125,8.125,423.0769,3.4375
0.2,68.75,0.8125,8.75,423.0769,3.7019
0.2,68.75,0.8125,9.375,423.0769,3.9663
0.2,68.75,0.8125,10.0,423.0769,4.2308
0.2,68.75,0.825,5.0,416.6667,2.0833
0.2,68.75,0.825,5.625,416.6667,2.3437
0.2,68.75,0.825,6.25,416.6667,2.6042
0.2,68.75,0.825,6.875,416.6667,2.8646
0.2,68.75,0.825,7.5,416.6667,3.125
0.2,68.75,0.825,8.125,416.6667,3.3854
0.2,68.75,0.825,8.75,416.6667,3.6458
0.2,68.75,0.825,9.375,416.6667,3.9062
0.2,68.75,0.825,10.0,416.6667,4.1667
0.2,68.75,0.8375,5.0,410.4478,2.0522
0.2,68.75,0.8375,5.625,410.4478,2.3088
0.2,68.75,0.8375,6.25,410.4478,2.5653
0.2,68.75,0.8375,6.875,410.4478,2.8218
0.2,68.75,0.8375,7.5,410.4478,3.0784
0.2,68.75,0.8375,8.125,410.4478,3.3349
0.2,68.75,0.8375,8.75,410.4478,3.5914
0.2,68.75,0.8375,9.375,410.4478,3.8479
0.2,68.75,0.8375,10.0,410.4478,4.1045
0.2,68.75,0.85,5.0,404.4118,2.0221
0.2,68.75,0.85,5.625,404.4118,2.2748
0.2,68.75,0.85,6.25,404.4118,2.5276
0.2,68.75,0.85,6.875,404.4118,2.7803
0.2,68.75,0.85,7.5,404.4118,3.0331
0.2,68.75,0.85,8.125,404.4118,3.2858
0.2,68.75,0.85,8.75,404.4118,3.5386
0.2,68.75,0.85,9.375,404.4118,3.7914
0.2,68.75,0.85,10.0,404.4118,4.0441
0.2,68.75,0.8625,5.0,398.5507,1.9928
0.2,68.75,0.8625,5.625,398.5507,2.2418
0.2,68.75,0.8625,6.25,398.5507,2.4909
0.2,68.75,0.8625,6.875,398.5507,2.74
0.2,68.75,0.8625,7.5,398.5507,2.9891
0.2,68.75,0.8625,8.125,398.5507,3.2382
0.2,68.75,0.8625,8.75,398.5507,3.4873
0.2,68.75,0.8625,9.375,398.5507,3.7364
0.2,68.75,0.8625,10.0,398.5507,3.9855
0.2,68.75,0.875,5.0,392.8571,1.9643
0.2,68.75,0.875,5.625,392.8571,2.2098
0.2,68.75,0.875,6.25,392.8571,2.4554
0.2,68.75,0.875,6.875,392.8571,2.7009
0.2,68.75,0.875,7.5,392.8571,2.9464
0.2,68.75,0.875,8.125,392.8571,3.192
0.2,68.75,0.875,8.75,392.8571,3.4375
0.2,68.75,0.875,9.375,392.8571,3.683
0.2,68.75,0.875,10.0,392.8571,3.9286
0.2,68.75,0.8875,5.0,387.3239,1.9366
0.2,68.75,0.8875,5.625,387.3239,2.1787
0.2,68.75,0.8875,6.25,387.3239,2.4208
0.2,68.75,0.8875,6.875,387.3239,2.6629
0.2,68.75,0.8875,7.5,387.3239,2.9049
0.2,68.75,0.8875,8.125,387.3239,3.147
0.2,68.75,0.8875,8.75,387.3239,3.3891
0.2,68.75,0.8875,9.375,387.3239,3.6312
0.2,68.75,0.8875,10.0,387.3239,3.8732
0.2,68.75,0.9,5.0,381.9444,1.9097
0.2,68.75,0.9,5.625,381.9444,2.1484
0.2,68.75,0.9,6.25,381.9444,2.3872
0.2,68.75,0.9,6.875,381.9444,2.6259
0.2,68.75,0.9,7.5,381.9444,2.8646
0.2,68.75,0.9,8.125,381.9444,3.1033
0.2,68.75,0.9,8.75,381.9444,3.342
0.2,68.75,0.9,9.375,381.9444,3.5807
0.2,68.75,0.9,10.0,381.9444,3.8194
0.2,75.0,0.8,5.0,468.75,2.3437
0.2,75.0,0.8,5.625,468.75,2.6367
0.2,75.0,0.8,6.25,468.75,2.9297
0.2,75.0,0.8,6.875,468.75,3.2227
0.2,75.0,0.8,7.5,468.75,3.5156
0.2,75.0,0.8,8.125,468.75,3.8086
0.2,75.0,0.8,8.75,468.75,4.1016
0.2,75.0,0.8,9.375,468.75,4.3945
0.2,75.0,0.8,10.0,468.75,4.6875
0.2,75.0,0.8125,5.0,461.5385,2.3077
0.2,75.0,0.8125,5.625,461.5385,2.5962
0.2,75.0,0.8125,6.25,461.5385,2.8846
0.2,75.0,0.8125,6.875,461.5385,3.1731
0.2,75.0,0.8125,7.5,461.5385,3.4615
0.2,75.0,0.8125,8.125,461.5385,3.75
0.2,75.0,0.8125,8.75,461.5385,4.0385
0.2,75.0,0.8125,9.375,461.5385,4.3269
0.2,75.0,0.8125,10.0,461.5385,4.6154
0.2,75.0,0.825,5.0,454.5455,2.2727
0.2,75.0,0.825,5.625,454.5455,2.5568
0.2,75.0,0.825,6.25,454.5455,2.8409
0.2,75.0,0.825,6.875,454.5455,3.125
0.2,75.0,0.825,7.5,454.5455,3.4091
0.2,75.0,0.825,8.125,454.5455,3.6932
0.2,75.0,0.825,8.75,454.5455,3.9773
0.2,75.0,0.825,9.375,454.5455,4.2614
0.2,75.0,0.825,10.0,454.5455,4.5455
0.2,75.0,0.8375,5.0,447.7612,2.2388
0.2,75.0,0.8375,5.625,447.7612,2.5187
0.2,75.0,0.8375,6.25,447.7612,2.7985
0.2,75.0,0.8375,6.875,447.7612,3.0784
0.2,75.0,0.8375,7.5,447.7612,3.3582
0.2,75.0,0.8375,8.125,447.7612,3.6381
0.2,75.0,0.8375,8.75,447.7612,3.9179
0.2,75.0,0.8375,9.375,447.7612,4.1978
0.2,75.0,0.8375,10.0,447.7612,4.4776
0.2,75.0,0.85,5.0,441.1765,2.2059
0.2,75.0,0.85,5.625,441.1765,2.4816
0.2,75.0,0.85,6.25,441.1765,2.7574
0.2,75.0,0.85,6.875,441.1765,3.0331
0.2,75.0,0.85,7.5,441.1765,3.3088
0.2,75.0,0.85,8.125,441.1765,3.5846
0.2,75.0,0.85,8.75,441.1765,3.8603
0.2,75.0,0.85,9.375,441.1765,4.136
0.2,75.0,0.85,10.0,441.1765,4.4118
0.2,75.0,0.8625,5.0,434.7826,2.1739
0.2,75.0,0.8625,5.625,434.7826,2.4457
0.2,75.0,0.8625,6.25,434.7826,2.7174
0.2,75.0,0.8625,6.875,434.7826,2.9891
0.2,75.0,0.8625,7.5,434.7826,3.2609
0.2,75.0,0.8625,8.125,434.7826,3.5326
0.2,75.0,0.8625,8.75,434.7826,3.8043
0.2,75.0,0.8625,9.375,434.7826,4.0761
0.2,75.0,0.8625,10.0,434.7826,4.3478
0.2,75.0,0.875,5.0,428.5714,2.1429
0.2,75.0,0.875,5.625,428.5714,2.4107
0.2,75.0,0.875,6.25,428.5714,2.6786
0.2,75.0,0.875,6.875,428.5714,2.9464
0.2,75.0,0.875,7.5,428.5714,3.2143
0.2,75.0,0.875,8.125,428.5714,3.4821
0.2,75.0,0.875,8.75,428.5714,3.75
0.2,75.0,0.875,9.375,428.5714,4.0179
0.2,75.0,0.875,10.0,428.5714,4.2857
0.2,75.0,0.8875,5.0,422.5352,2.1127
0.2,75.0,0.8875,5.625,422.5352,2.3768
0.2,75.0,0.8875,6.25,422.5352,2.6408
0.2,75.0,0.8875,6.875,422.5352,2.9049
0.2,75.0,0.8875,7.5,422.5352,3.169
0.2,75.0,0.8875,8.125,422.5352,3.4331
0.2,75.0,0.8875,8.75,422.5352,3.6972
0.2,75.0,0.8875,9.375,422.5352,3.9613
0.2,75.0,0.8875,10.0,422.5352,4.2254
0.2,75.0,0.9,5.0,416.6667,2.0833
0.2,75.0,0.9,5.625,416.6667,2.3438
0.2,75.0,0.9,6.25,416.6667,2.6042
0.2,75.0,0.9,6.875,416.6667,2.8646
0.2,75.0,0.9,7.5,416.6667,3.125
0.2,75.0,0.9,8.125,416.6667,3.3854
0.2,75.0,0.9,8.75,416.6667,3.6458
0.2,75.0,0.9,9.375,416.6667,3.9062
0.2,75.0,0.9,10.0,416.6667,4.1667
0.2,81.25,0.8,5.0,507.8125,2.5391
0.2,81.25,0.8,5.625,507.8125,2.8564
0.2,81.25,0.8,6.25,507.8125,3.1738
0.2,81.25,0.8,6.875,507.8125,3.4912
0.2,81.25,0.8,7.5,507.8125,3.8086
0.2,81.25,0.8,8.125,507.8125,4.126
0.2,81.25,0.8,8.75,507.8125,4.4434
0.2,81.25,0.8,9.375,507.8125,4.7607
0.2,81.25,0.8,10.0,507.8125,5.0781
0.2,81.25,0.8125,5.0,500.0,2.5
0.2,81.25,0.8125,5.625,500.0,2.8125
0.2,81.25,0.8125,6.25,500.0,3.125
0.2,81.25,0.8125,6.875,500.0,3.4375
0.2,81.25,0.8125,7.5,500.0,3.75
0.2,81.25,0.8125,8.125,500.0,4.0625
0.2,81.25,0.8125,8.75,500.0,4.375
0.2,81.25,0.8125,9.375,500.0,4.6875
0.2,81.25,0.8125,10.0,500.0,5.0
0.2,81.25,0.825,5.0,492.4242,2.4621
0.2,81.25,0.825,5.625,492.4242,2.7699
0.2,81.25,0.825,6.25,492.4242,3.0777
0.2,81.25,0.825,6.875,492.4242,3.3854
0.2,81.25,0.825,7.5,492.4242,3.6932
0.2,81.25,0.825,8.125,492.4242,4.0009
0.2,81.25,0.825,8.75,492.4242,4.3087
0.2,81.25,0.825,9.375,492.4242,4.6165
0.2,81.25,0.825,10.0,492.4242,4.9242
0.2,81.25,0.8375,5.0,485.0746,2.4254
0.2,81.25,0.8375,5.625,485.0746,2.7285
0.2,81.25,0.8375,6.25,485.0746,3.0317
0.2,81.25,0.8375,6.875,485.0746,3.3349
0.2,81.25,0.8375,7.5,485.0746,3.6381
0.2,81.25,0.8375,8.125,485.0746,3.9412
0.2,81.25,0.8375,8.75,485.0746,4.2444
0.2,81.25,0.8375,9.375,485.0746,4.5476
0.2,81.25,0.8375,10.0,485.0746,4.8507
0.2,81.25,0.85,5.0,477.9412,2.3897
0.2,81.25,0.85,5.625,477.9412,2.6884
0.2,81.25,0.85,6.25,477.9412,2.9871
0.2,81.25,0.85,6.875,477.9412,3.2858
0.2,81.25,0.85,7.5,477.9412,3.5846
0.2,81.25,0.85,8.125,477.9412,3.8833
0.2,81.25,0.85,8.75,477.9412,4.182
0.2,81.25,0.85,9.375,477.9412,4.4807
0.2,81.25,0.85,10.0,477.9412,4.7794
0.2,81.25,0.8625,5.0,471.0145,2.3551
0.2,81.25,0.8625,5.625,471.0145,2.6495
0.2,81.25,0.8625,6.25,471.0145,2.9438
0.2,81.25,0.8625,6.875,471.0145,3.2382
0.2,81.25,0.8625,7.5,471.0145,3.5326
0.2,81.25,0.8625,8.125,471.0145,3.827
0.2,81.25,0.8625,8.75,471.0145,4.1214
0.2,81.25,0.8625,9.375,471.0145,4.4158
0.2,81.25,0.8625,10.0,471.0145,4.7101
0.2,81.25,0.875,5.0,464.2857,2.3214
0.2,81.25,0.875,5.625,464.2857,2.6116
0.2,81.25,0.875,6.25,464.2857,2.9018
0.2,81.25,0.875,6.875,464.2857,3.192
0.2,81.25,0.875,7.5,464.2857,3.4821
0.2,81.25,0.875,8.125,464.2857,3.7723
0.2,81.25,0.875,8.75,464.2857,4.0625
0.2,81.25,0.875,9.375,464.2857,4.3527
0.2,81.25,0.875,10.0,464.2857,4.6429
0.2,81.25,0.8875,5.0,457.7465,2.2887
0.2,81.25,0.8875,5.625,457.7465,2.5748
0.2,81.25,0.8875,6.25,457.7465,2.8609
0.2,81.25,0.8875,6.875,457.7465,3.147
0.2,81.25,0.8875,7.5,457.7465,3.4331
0.2,81.25,0.8875,8.125,457.7465,3.7192
0.2,81.25,0.8875,8.75,457.7465,4.0053
0.2,81.25,0.8875,9.375,457.7465,4.2914
0.2,81.25,0.8875,10.0,457.7465,4.5775
0.2,81.25,0.9,5.0,451.3889,2.2569
0.2,81.25,0.9,5.625,451.3889,2.5391
0.2,81.25,0.9,6.25,451.3889,2.8212
0.2,81.25,0.9,6.875,451.3889,3.1033
0.2,81.25,0.9,7.5,451.3889,3.3854
0.2,81.25,0.9,8.125,451.3889,3.6675
0.2,81.25,0.9,8.75,451.3889,3.9497
0.2,81.25,0.9,9.375,451.3889,4.2318
0.2,81.25,0.9,10.0,451.3889,4.5139
0.2,87.5,0.8,5.0,546.875,2.7344
0.2,87.5,0.8,5.625,546.875,3.0762
0.2,87.5,0.8,6.25,546.875,3.418
0.2,87.5,0.8,6.875,546.875,3.7598
0.2,87.5,0.8,7.5,546.875,4.1016
0.2,87.5,0.8,8.125,546.875,4.4434
0.2,87.5,0.8,8.75,546.875,4.7852
0.2,87.5,0.8,9.375,546.875,5.127
0.2,87.5,0.8,10.0,546.875,5.4687
0.2,87.5,0.8125,5.0,538.4615,2.6923
0.2,87.5,0.8125,5.625,538.4615,3.0288
0.2,87.5,0.8125,6.25,538.4615,3.3654
0.2,87.5,0.8125,6.875,538.4615,3.7019
0.2,87.5,0.8125,7.5,538.4615,4.0385
0.2,87.5,0.8125,8.125,538.4615,4.375
0.2,87.5,0.8125,8.75,538.4615,4.7115
0.2,87.5,0.8125,9.375,538.4615,5.0481
0.2,87.5,0.8125,10.0,538.4615,5.3846
0.2,87.5,0.825,5.0,530.303,2.6515
0.2,87.5,0.825,5.625,530.303,2.983
0.2,87.5,0.825,6.25,530.303,3.3144
0.2,87.5,0.825,6.875,530.303,3.6458
0.2,87.5,0.825,7.5,530.303,3.9773
0.2,87.5,0.825,8.125,530.303,4.3087
0.2,87.5,0.825,8.75,530.303,4.6402
0.2,87.5,0.825,9.375,530.303,4.9716
0.2,87.5,0.825,10.0,530.303,5.303
0.2,87.5,0.8375,5.0,522.3881,2.6119
0.2,87.5,0.8375,5.625,522.3881,2.9384
0.2,87.5,0.8375,6.25,522.3881,3.2649
0.2,87.5,0.8375,6.875,522.3881,3.5914
0.2,87.5,0.8375,7.5,522.3881,3.9179
0.2,87.5,0.8375,8.125,522.3881,4.2444
0.2,87.5,0.8375,8.75,522.3881,4.5709
0.2,87.5,0.8375,9.375,522.3881,4.8974
0.2,87.5,0.8375,10.0,522.3881,5.2239
0.2,87.5,0.85,5.0,514.7059,2.5735
0.2,87.5,0.85,5.625,514.7059,2.8952
0.2,87.5,0.85,6.25,514.7059,3.2169
0.2,87.5,0.85,6.875,514.7059,3.5386
0.2,87.5,0.85,7.5,514.7059,3.8603
0.2,87.5,0.85,8.125,514.7059,4.182
0.2,87.5,0.85,8.75,514.7059,4.5037
0.2,87.5,0.85,9.375,514.7059,4.8254
0.2,87.5,0.85,10.0,514.7059,5.1471
0.2,87.5,0.8625,5.0,507.2464,2.5362
0.2,87.5,0.8625,5.625,507.2464,2.8533
0.2,87.5,0.8625,6.25,507.2464,3.1703
0.2,87.5,0.8625,6.875,507.2464,3.4873
0.2,87.5,0.8625,7.5,507.2464,3.8043
0.2,87.5,0.8625,8.125,507.2464,4.1214
0.2,87.5,0.8625,8.75,507.2464,4.4384
0.2,87.5,0.8625,9.375,507.2464,4.7554
0.2,87.5,0.8625,10.0,507.2464,5.0725
0.2,87.5,0.875,5.0,500.0,2.5
0.2,87.5,0.875,5.625,500.0,2.8125
0.2,87.5,0.875,6.25,500.0,3.125
0.2,87.5,0.875,6.875,500.0,3.4375
0.2,87.5,0.875,7.5,500.0,3.75
0.2,87.5,0.875,8.125,500.0,4.0625
0.2,87.5,0.875,8.75,500.0,4.375
0.2,87.5,0.875,9.375,500.0,4.6875
0.2,87.5,0.875,10.0,500.0,5.0
0.2,87.5,0.8875,5.0,492.9577,2.4648
0.2,87.5,0.8875,5.625,492.9577,2.7729
0.2,87.5,0.8875,6.25,492.9577,3.081
0.2,87.5,0.8875,6.875,492.9577,3.3891
0.2,87.5,0.8875,7.5,492.9577,3.6972
0.2,87.5,0.8875,8.125,492.9577,4.0053
0.2,87.5,0.8875,8.75,492.9577,4.3134
0.2,87.5,0.8875,9.375,492.9577,4.6215
0.2,87.5,0.8875,10.0,492.9577,4.9296
0.2,87.5,0.9,5.0,486.1111,2.4306
0.2,87.5,0.9,5.625,486.1111,2.7344
0.2,87.5,0.9,6.25,486.1111,3.0382
0.2,87.5,0.9,6.875,486.1111,3.342
0.2,87.5,0.9,7.5,486.1111,3.6458
0.2,87.5,0.9,8.125,486.1111,3.9497
0.2,87.5,0.9,8.75,486.1111,4.2535
0.2,87.5,0.9,9.375,486.1111,4.5573
0.2,87.5,0.9,10.0,486.1111,4.8611
0.2,93.75,0.8,5.0,585.9375,2.9297
0.2,93.75,0.8,5.625,585.9375,3.2959
0.2,93.75,0.8,6.25,585.9375,3.6621
0.2,93.75,0.8,6.875,585.9375,4.0283
0.2,93.75,0.8,7.5,585.9375,4.3945
0.2,93.75,0.8,8.125,585.9375,4.7607
0.2,93.75,0.8,8.75,585.9375,5.127
0.2,93.75,0.8,9.375,585.9375,5.4932
0.2,93.75,0.8,10.0,585.9375,5.8594
0.2,93.75,0.8125,5.0,576.9231,2.8846
0.2,93.75,0.8125,5.625,576.9231,3.2452
0.2,93.75,0.8125,6.25,576.9231,3.6058
0.2,93.75,0.8125,6.875,576.9231,3.9663
0.2,93.75,0.8125,7.5,576.9231,4.3269
0.2,93.75,0.8125,8.125,576.9231,4.6875
0.2,93.75,0.8125,8.75,576.9231,5.0481
0.2,93.75,0.8125,9.375,576.9231,5.4087
0.2,93.75,0.8125,10.0,576.9231,5.7692
0.2,93.75,0.825,5.0,568.1818,2.8409
0.2,93.75,0.825,5.625,568.1818,3.196
0.2,93.75,0.825,6.25,568.1818,3.5511
0.2,93.75,0.825,6.875,568.1818,3.9062
0.2,93.75,0.825,7.5,568.1818,4.2614
0.2,93.75,0.825,8.125,568.1818,4.6165
0.2,93.75,0.825,8.75,568.1818,4.9716
0.2,93.75,0.825,9.375,568.1818,5.3267
0.2,93.75,0.825,10.0,568.1818,5.6818
0.2,93.75,0.8375,5.0,559.7015,2.7985
0.2,93.75,0.8375,5.625,559.7015,3.1483
0.2,93.75,0.8375,6.25,559.7015,3.4981
0.2,93.75,0.8375,6.875,559.7015,3.8479
0.2,93.75,0.8375,7.5,559.7015,4.1978
0.2,93.75,0.8375,8.125,559.7015,4.5476
0.2,93.75,0.8375,8.75,559.7015,4.8974
0.2,93.75,0.8375,9.375,559.7015,5.2472
0.2,93.75,0.8375,10.0,559.7015,5.597
0.2,93.75,0.85,5.0,551.4706,2.7574
0.2,93.75,0.85,5.625,551.4706,3.102
0.2,93.75,0.85,6.25,551.4706,3.4467
0.2,93.75,0.85,6.875,551.4706,3.7914
0.2,93.75,0.85,7.5,551.4706,4.136
0.2,93.75,0.85,8.125,551.4706,4.4807
0.2,93.75,0.85,8.75,551.4706,4.8254
0.2,93.75,0.85,9.375,551.4706,5.17
0.2,93.75,0.85,10.0,551.4706,5.5147
0.2,93.75,0.8625,5.0,543.4783,2.7174
0.2,93.75,0.8625,5.625,543.4783,3.0571
0.2,93.75,0.8625,6.25,543.4783,3.3967
0.2,93.75,0.8625,6.875,543.4783,3.7364
0.2,93.75,0.8625,7.5,543.4783,4.0761
0.2,93.75,0.8625,8.125,543.4783,4.4158
0.2,93.75,0.8625,8.75,543.4783,4.7554
0.2,93.75,0.8625,9.375,543.4783,5.0951
0.2,93.75,0.8625,10.0,543.4783,5.4348
0.2,93.75,0.875,5.0,535.7143,2.6786
0.2,93.75,0.875,5.625,535.7143,3.0134
0.2,93.75,0.875,6.25,535.7143,3.3482
0.2,93.75,0.875,6.875,535.7143,3.683
0.2,93.75,0.875,7.5,535.7143,4.0179
0.2,93.75,0.875,8.125,535.7143,4.3527
0.2,93.75,0.875,8.75,535.7143,4.6875
0.2,93.75,0.875,9.375,535.7143,5.0223
0.2,93.75,0.875,10.0,535.7143,5.3571
0.2,93.75,0.8875,5.0,528.169,2.6408
0.2,93.75,0.8875,5.625,528.169,2.971
0.2,93.75,0.8875,6.25,528.169,3.3011
0.2,93.75,0.8875,6.875,528.169,3.6312
0.2,93.75,0.8875,7.5,528.169,3.9613
0.2,93.75,0.8875,8.125,528.169,4.2914
0.2,93.75,0.8875,8.75,528.169,4.6215
0.2,93.75,0.8875,9.375,528.169,4.9516
0.2,93.75,0.8875,10.0,528.169,5.2817
0.2,93.75,0.9,5.0,520.8333,2.6042
0.2,93.75,0.9,5.625,520.8333,2.9297
0.2,93.75,0.9,6.25,520.8333,3.2552
0.2,93.75,0.9,6.875,520.8333,3.5807
0.2,93.75,0.9,7.5,520.8333,3.9062
0.2,93.75,0.9,8.125,520.8333,4.2318
0.2,93.75,0.9,8.75,520.8333,4.5573
0.2,93.75,0.9,9.375,520.8333,4.8828
0.2,93.75,0.9,10.0,520.8333,5.2083
0.2,100.0,0.8,5.0,625.0,3.125
0.2,100.0,0.8,5.625,625.0,3.5156
0.2,100.0,0.8,6.25,625.0,3.9062
0.2,100.0,0.8,6.875,625.0,4.2969
0.2,100.0,0.8,7.5,625.0,4.6875
0.2,100.0,0.8,8.125,625.0,5.0781
0.2,100.0,0.8,8.75,625.0,5.4687
0.2,100.0,0.8,9.375,625.0,5.8594
0.2,100.0,0.8,10.0,625.0,6.25
0.2,100.0,0.8125,5.0,615.3846,3.0769
0.2,100.0,0.8125,5.625,615.3846,3.4615
0.2,100.0,0.8125,6.25,615.3846,3.8462
0.2,100.0,0.8125,6.875,615.3846,4.2308
0.2,100.0,0.8125,7.5,615.3846,4.6154
0.2,100.0,0.8125,8.125,615.3846,5.0
0.2,100.0,0.8125,8.75,615.3846,5.3846
0.2,100.0,0.8125,9.375,615.3846,5.7692
0.2,100.0,0.8125,10.0,615.3846,6.1538
0.2,100.0,0.825,5.0,606.0606,3.0303
0.2,100.0,0.825,5.625,606.0606,3.4091
0.2,100.0,0.825,6.25,606.0606,3.7879
0.2,100.0,0.825,6.875,606.0606,4.1667
0.2,100.0,0.825,7.5,606.0606,4.5455
0.2,100.0,0.825,8.125,606.0606,4.9242
0.2,100.0,0.825,8.75,606.0606,5.303
0.2,100.0,0.825,9.375,606.0606,5.6818
0.2,100.0,0.825,10.0,606.0606,6.0606
0.2,100.0,0.8375,5.0,597.0149,2.9851
0.2,100.0,0.8375,5.625,597.0149,3.3582
0.2,100.0,0.8375,6.25,597.0149,3.7313
0.2,100.0,0.8375,6.875,597.0149,4.1045
0.2,100.0,0.8375,7.5,597.0149,4.4776
0.2,100.0,0.8375,8.125,597.0149,4.8507
0.2,100.0,0.8375,8.75,597.0149,5.2239
0.2,100.0,0.8375,9.375,597.0149,5.597
0.2,100.0,0.8375,10.0,597.0149,5.9701
0.2,100.0,0.85,5.0,588.2353,2.9412
0.2,100.0,0.85,5.625,588.2353,3.3088
0.2,100.0,0.85,6.25,588.2353,3.6765
0.2,100.0,0.85,6.875,588.2353,4.0441
0.2,100.0,0.85,7.5,588.2353,4.4118
0.2,100.0,0.85,8.125,588.2353,4.7794
0.2,100.0,0.85,8.75,588.2353,5.1471
0.2,100.0,0.85,9.375,588.2353,5.5147
0.2,100.0,0.85,10.0,588.2353,5.8824
0.2,100.0,0.8625,5.0,579.7101,2.8986
0.2,100.0,0.8625,5.625,579.7101,3.2609
0.2,100.0,0.8625,6.25,579.7101,3.6232
0.2,100.0,0.8625,6.875,579.7101,3.9855
0.2,100.0,0.8625,7.5,579.7101,4.3478
0.2,100.0,0.8625,8.125,579.7101,4.7101
0.2,100.0,0.8625,8.75,579.7101,5.0725
0.2,100.0,0.8625,9.375,579.7101,5.4348
0.2,100.0,0.8625,10.0,579.7101,5.7971
0.2,100.0,0.875,5.0,571.4286,2.8571
0.2,100.0,0.875,5.625,571.4286,3.2143
0.2,100.0,0.875,6.25,571.4286,3.5714
0.2,100.0,0.875,6.875,571.4286,3.9286
0.2,100.0,0.875,7.5,571.4286,4.2857
0.2,100.0,0.875,8.125,571.4286,4.6429
0.2,100.0,0.875,8.75,571.4286,5.0
0.2,100.0,0.875,9.375,571.4286,5.3571
0.2,100.0,0.875,10.0,571.4286,5.7143
0.2,100.0,0.8875,5.0,563.3803,2.8169
0.2,100.0,0.8875,5.625,563.3803,3.169
0.2,100.0,0.8875,6.25,563.3803,3.5211
0.2,100.0,0.8875,6.875,563.3803,3.8732
0.2,100.0,0.8875,7.5,563.3803,4.2254
0.2,100.0,0.8875,8.125,563.3803,4.5775
0.2,100.0,0.8875,8.75,563.3803,4.9296
0.2,100.0,0.8875,9.375,563.3803,5.2817
0.2,100.0,0.8875,10.0,563.3803,5.6338
0.2,100.0,0.9,5.0,555.5556,2.7778
0.2,100.0,0.9,5.625,555.5556,3.125
0.2,100.0,0.9,6.25,555.5556,3.4722
0.2,100.0,0.9,6.875,555.5556,3.8194
0.2,100.0,0.9,7.5,555.5556,4.1667
0.2,100.0,0.9,8.125,555.5556,4.5139
0.2,100.0,0.9,8.75,555.5556,4.8611
0.2,100.0,0.9,9.375,555.5556,5.2083
0.2,100.0,0.9,10.0,555.5556,5.5556
0.225,50.0,0.8,5.0,277.7778,1.3889
0.225,50.0,0.8,5.625,277.7778,1.5625
0.225,50.0,0.8,6.25,277.7778,1.7361
0.225,50.0,0.8,6.875,277.7778,1.9097
0.225,50.0,0.8,7.5,277.7778,2.0833
0.225,50.0,0.8,8.125,277.7778,2.2569
0.225,50.0,0.8,8.75,277.7778,2.4306
0.225,50.0,0.8,9.375,277.7778,2.6042
0.225,50.0,0.8,10.0,277.7778,2.7778
0.225,50.0,0.8125,5.0,273.5043,1.3675
0.225,50.0,0.8125,5.625,273.5043,1.5385
0.225,50.0,0.8125,6.25,273.5043,1.7094
0.225,50.0,0.8125,6.875,273.5043,1.8803
0.225,50.0,0.8125,7.5,273.5043,2.0513
0.225,50.0,0.8125,8.125,273.5043,2.2222
0.225,50.0,0.8125,8.75,273.5043,2.3932
0.225,50.0,0.8125,9.375,273.5043,2.5641
0.225,50.0,0.8125,10.0,273.5043,2.735
0.225,50.0,0.825,5.0,269.3603,1.3468
0.225,50.0,0.825,5.625,269.3603,1.5152
0.225,50.0,0.825,6.25,269.3603,1.6835
0.225,50.0,0.825,6.875,269.3603,1.8519
0.225,50.0,0.825,7.5,269.3603,2.0202
0.225,50.0,0.825,8.125,269.3603,2.1886
0.225,50.0,0.825,8.75,269.3603,2.3569
0.225,50.0,0.825,9.375,269.3603,2.5253
0.225,50.0,0.825,10.0,269.3603,2.6936
0.225,50.0,0.8375,5.0,265.34,1.3267
0.225,50.0,0.8375,5.625,265.34,1.4925
0.225,50.0,0.8375,6.25,265.34,1.6584
0.225,50.0,0.8375,6.875,265.34,1.8242
0.225,50.0,0.8375,7.5,265.34,1.99
0.225,50.0,0.8375,8.125,265.34,2.1559
0.225,50.0,0.8375,8.75,265.34,2.3217
0.225,50.0,0.8375,9.375,265.34,2.4876
0.225,50.0,0.8375,10.0,265.34,2.6534
0.225,50.0,0.85,5.0,261.4379,1.3072
0.225,50.0,0.85,5.625,261.4379,1.4706
0.225,50.0,0.85,6.25,261.4379,1.634
0.225,50.0,0.85,6.875,261.4379,1.7974
0.225,50.0,0.85,7.5,261.4379,1.9608
0.225,50.0,0.85,8.125,261.4379,2.1242
0.225,50.0,0.85,8.75,261.4379,2.2876
0.225,50.0,0.85,9.375,261.4379,2.451
0.225,50.0,0.85,10.0,261.4379,2.6144
0.225,50.0,0.8625,5.0,257.649,1.2882
0.225,50.0,0.8625,5.625,257.649,1.4493
0.225,50.0,0.8625,6.25,257.649,1.6103
0.225,50.0,0.8625,6.875,257.649,1.7713
0.225,50.0,0.8625,7.5,257.649,1.9324
0.225,50.0,0.8625,8.125,257.649,2.0934
0.225,50.0,0.8625,8.75,257.649,2.2544
0.225,50.0,0.8625,9.375,257.649,2.4155
0.225,50.0,0.8625,10.0,257.649,2.5765
0.225,50.0,0.875,5.0,253.9683,1.2698
0.225,50.0,0.875,5.625,253.9683,1.4286
0.225,50.0,0.875,6.25,253.9683,1.5873
0.225,50.0,0.875,6.875,253.9683,1.746
0.225,50.0,0.875,7.5,253.9683,1.9048
0.225,50.0,0.875,8.125,253.9683,2.0635
0.225,50.0,0.875,8.75,253.9683,2.2222
0.225,50.0,0.875,9.375,253.9683,2.381
0.225,50.0,0.875,10.0,253.9683,2.5397
0.225,50.0,0.8875,5.0,250.3912,1.252
0.225,50.0,0.8875,5.625,250.3912,1.4085
0.225,50.0,0.8875,6.25,250.3912,1.5649
0.225,50.0,0.8875,6.875,250.3912,1.7214
0.225,50.0,0.8875,7.5,250.3912,1.8779
0.225,50.0,0.8875,8.125,250.3912,2.0344
0.225,50.0,0.8875,8.75,250.3912,2.1909
0.225,50.0,0.8875,9.375,250.3912,2.3474
0.225,50.0,0.8875,10.0,250.3912,2.5039
0.225,50.0,0.9,5.0,246.9136,1.2346
0.225,50.0,0.9,5.625,246.9136,1.3889
0.225,50.0,0.9,6.25,246.9136,1.5432
0.225,50.0,0.9,6.875,246.9136,1.6975
0.225,50.0,0.9,7.5,246.9136,1.8519
0.225,50.0,0.9,8.125,246.9136,2.0062
0.225,50.0,0.9,8.75,246.9136,2.1605
0.225,50.0,0.9,9.375,246.9136,2.3148
0.225,50.0,0.9,10.0,246.9136,2.4691
0.225,56.25,0.8,5.0,312.5,1.5625
0.225,56.25,0.8,5.625,312.5,1.7578
0.225,56.25,0.8,6.25,312.5,1.9531
0.225,56.25,0.8,6.875,312.5,2.1484
0.225,56.25,0.8,7.5,312.5,2.3437
0.225,56.25,0.8,8.125,312.5,2.5391
0.225,56.25,0.8,8.75,312.5,2.7344
0.225,56.25,0.8,9.375,312.5,2.9297
0.225,56.25,0.8,10.0,312.5,3.125
0.225,56.25,0.8125,5.0,307.6923,1.5385
0.225,56.25,0.8125,5.625,307.6923,1.7308
0.225,56.25,0.8125,6.25,307.6923,1.9231
0.225,56.25,0.8125,6.875,307.6923,2.1154
0.225,56.25,0.8125,7.5,307.6923,2.3077
0.225,56.25,0.8125,8.125,307.6923,2.5
0.225,56.25,0.8125,8.75,307.6923,2.6923
0.225,56.25,0.8125,9.375,307.6923,2.8846
0.225,56.25,0.8125,10.0,307.6923,3.0769
0.225,56.25,0.825,5.0,303.0303,1.5152
0.225,56.25,0.825,5.625,303.0303,1.7045
0.225,56.25,0.825,6.25,303.0303,1.8939
0.225,56.25,0.825,6.875,303.0303,2.0833
0.225,56.25,0.825,7.5,303.0303,2.2727
0.225,56.25,0.825,8.125,303.0303,2.4621
0.225,56.25,0.825,8.75,303.0303,2.6515
0.225,56.25,0.825,9.375,303.0303,2.8409
0.225,56.25,0.825,10.0,303.0303,3.0303
0.225,56.25,0.8375,5.0,298.5075,1.4925
0.225,56.25,0.8375,5.625,298.5075,1.6791
0.225,56.25,0.8375,6.25,298.5075,1.8657
0.225,56.25,0.8375,6.875,298.5075,2.0522
0.225,56.25,0.8375,7.5,298.5075,2.2388
0.225,56.25,0.8375,8.125,298.5075,2.4254
0.225,56.25,0.8375,8.75,298.5075,2.6119
0.225,56.25,0.8375,9.375,298.5075,2.7985
0.225,56.25,0.8375,10.0,298.5075,2.9851
0.225,56.25,0.85,5.0,294.1176,1.4706
0.225,56.25,0.85,5.625,294.1176,1.6544
0.225,56.25,0.85,6.25,294.1176,1.8382
0.225,56.25,0.85,6.875,294.1176,2.0221
0.225,56.25,0.85,7.5,294.1176,2.2059
0.225,56.25,0.85,8.125,294.1176,2.3897
0.225,56.25,0.85,8.75,294.1176,2.5735
0.225,56.25,0.85,9.375,294.1176,2.7574
0.225,56.25,0.85,10.0,294.1176,2.9412
0.225,56.25,0.8625,5.0,289.8551,1.4493
0.225,56.25,0.8625,5.625,289.8551,1.6304
0.225,56.25,0.8625,6.25,289.8551,1.8116
0.225,56.25,0.8625,6.875,289.8551,1.9928
0.225,56.25,0.8625,7.5,289.8551,2.1739
0.225,56.25,0.8625,8.125,289.8551,2.3551
0.225,56.25,0.8625,8.75,289.8551,2.5362
0.225,56.25,0.8625,9.375,289.8551,2.7174
0.225,56.25,0.8625,10.0,289.8551,2.8986
0.225,56.25,0.875,5.0,285.7143,1.4286
0.225,56.25,0.875,5.625,285.7143,1.6071
0.225,56.25,0.875,6.25,285.7143,1.7857
0.225,56.25,0.875,6.875,285.7143,1.9643
0.225,56.25,0.875,7.5,285.7143,2.1429
0.225,56.25,0.875,8.125,285.7143,2.3214
0.225,56.25,0.875,8.75,285.7143,2.5
0.225,56.25,0.875,9.375,285.7143,2.6786
0.225,56.25,0.875,10.0,285.7143,2.8571
0.225,56.25,0.8875,5.0,281.6901,1.4085
0.225,56.25,0.8875,5.625,281.6901,1.5845
0.225,56.25,0.8875,6.25,281.6901,1.7606
0.225,56.25,0.8875,6.875,281.6901,1.9366
0.225,56.25,0.8875,7.5,281.6901,2.1127
0.225,56.25,0.8875,8.125,281.6901,2.2887
0.225,56.25,0.8875,8.75,281.6901,2.4648
0.225,56.25,0.8875,9.375,281.6901,2.6408
0.225,56.25,0.8875,10.0,281.6901,2.8169
0.225,56.25,0.9,5.0,277.7778,1.3889
0.225,56.25,0.9,5.625,277.7778,1.5625
0.225,56.25,0.9,6.25,277.7778,1.7361
0.225,56.25,0.9,6.875,277.7778,1.9097
0.225,56.25,0.9,7.5,277.7778,2.0833
0.225,56.25,0.9,8.125,277.7778,2.2569
0.225,56.25,0.9,8.75,277.7778,2.4306
0.225,56.25,0.9,9.375,277.7778,2.6042
0.225,56.25,0.9,10.0,277.7778,2.7778
0.225,62.5,0.8,5.0,347.2222,1.7361
0.225,62.5,0.8,5.625,347.2222,1.9531
0.225,62.5,0.8,6.25,347.2222,2.1701
0.225,62.5,0.8,6.875,347.2222,2.3872
0.225,62.5,0.8,7.5,347.2222,2.6042
0.225,62.5,0.8,8.125,347.2222,2.8212
0.225,62.5,0.8,8.75,347.2222,3.0382
0.225,62.5,0.8,9.375,347.2222,3.2552
0.225,62.5,0.8,10.0,347.2222,3.4722
0.225,62.5,0.8125,5.0,341.8803,1.7094
0.225,62.5,0.8125,5.625,341.8803,1.9231
0.225,62.5,0.8125,6.25,341.8803,2.1368
0.225,62.5,0.8125,6.875,341.8803,2.3504
0.225,62.5,0.8125,7.5,341.8803,2.5641
0.225,62.5,0.8125,8.125,341.8803,2.7778
0.225,62.5,0.8125,8.75,341.8803,2.9915
0.225,62.5,0.8125,9.375,341.8803,3.2051
0.225,62.5,0.8125,10.0,341.8803,3.4188
0.225,62.5,0.825,5.0,336.7003,1.6835
0.225,62.5,0.825,5.625,336.7003,1.8939
0.225,62.5,0.825,6.25,336.7003,2.1044
0.225,62.5,0.825,6.875,336.7003,2.3148
0.225,62.5,0.825,7.5,336.7003,2.5253
0.225,62.5,0.825,8.125,336.7003,2.7357
0.225,62.5,0.825,8.75,336.7003,2.9461
0.225,62.5,0.825,9.375,336.7003,3.1566
0.225,62.5,0.825,10.0,336.7003,3.367
0.225,62.5,0.8375,5.0,331.675,1.6584
0.225,62.5,0.8375,5.625,331.675,1.8657
0.225,62.5,0.8375,6.25,331.675,2.073
0.225,62.5,0.8375,6.875,331.675,2.2803
0.225,62.5,0.8375,7.5,331.675,2.4876
0.225,62.5,0.8375,8.125,331.675,2.6949
0.225,62.5,0.8375,8.75,331.675,2.9022
0.225,62.5,0.8375,9.375,331.675,3.1095
0.225,62.5,0.8375,10.0,331.675,3.3167
0.225,62.5,0.85,5.0,326.7974,1.634
0.225,62.5,0.85,5.625,326.7974,1.8382
0.225,62.5,0.85,6.25,326.7974,2.0425
0.225,62.5,0.85,6.875,326.7974,2.2467
0.225,62.5,0.85,7.5,326.7974,2.451
0.225,62.5,0.85,8.125,326.7974,2.6552
0.225,62.5,0.85,8.75,326.7974,2.8595
0.225,62.5,0.85,9.375,326.7974,3.0637
0.225,62.5,0.85,10.0,326.7974,3.268
0.225,62.5,0.8625,5.0,322.0612,1.6103
0.225,62.5,0.8625,5.625,322.0612,1.8116
0.225,62.5,0.8625,6.25,322.0612,2.0129
0.225,62.5,0.8625,6.875,322.0612,2.2142
0.225,62.5,0.8625,7.5,322.0612,2.4155
0.225,62.5,0.8625,8.125,322.0612,2.6167
0.225,62.5,0.8625,8.75,322.0612,2.818
0.225,62.5,0.8625,9.375,322.0612,3.0193
0.225,62.5,0.8625,10.0,322.0612,3.2206
0.225,62.5,0.875,5.0,317.4603,1.5873
0.225,62.5,0.875,5.625,317.4603,1.7857
0.225,62.5,0.875,6.25,317.4603,1.9841
0.225,62.5,0.875,6.875,317.4603,2.1825
0.225,62.5,0.875,7.5,317.4603,2.381
0.225,62.5,0.875,8.125,317.4603,2.5794
0.225,62.5,0.875,8.75,317.4603,2.7778
0.225,62.5,0.875,9.375,317.4603,2.9762
0.225,62.5,0.875,10.0,317.4603,3.1746
0.225,62.5,0.8875,5.0,312.989,1.5649
0.225,62.5,0.8875,5.625,312.989,1.7606
0.225,62.5,0.8875,6.25,312.989,1.9562
0.225,62.5,0.8875,6.875,312.989,2.1518
0.225,62.5,0.8875,7.5,312.989,2.3474
0.225,62.5,0.8875,8.125,312.989,2.543
0.225,62.5,0.8875,8.75,312.989,2.7387
0.225,62.5,0.8875,9.375,312.989,2.9343
0.225,62.5,0.8875,10.0,312.989,3.1299
0.225,62.5,0.9,5.0,308.642,1.5432
0.225,62.5,0.9,5.625,308.642,1.7361
0.225,62.5,0.9,6.25,308.642,1.929
0.225,62.5,0.9,6.875,308.642,2.1219
0.225,62.5,0.9,7.5,308.642,2.3148
0.225,62.5,0.9,8.125,308.642,2.5077
0.225,62.5,0.9,8.75,308.642,2.7006
0.225,62.5,0.9,9.375,308.642,2.8935
0.225,62.5,0.9,10.0,308.642,3.0864
0.225,68.75,0.8,5.0,381.9444,1.9097
0.225,68.75,0.8,5.625,381.9444,2.1484
0.225,68.75,0.8,6.25,381.9444,2.3872
0.225,68.75,0.8,6.875,381.9444,2.6259
0.225,68.75,0.8,7.5,381.9444,2.8646
0.225,68.75,0.8,8.125,381.9444,3.1033
0.225,68.75,0.8,8.75,381.9444,3.342
0.225,68.75,0.8,9.375,381.9444,3.5807
0.225,68.75,0.8,10.0,381.9444,3.8194
0.225,68.75,0.8125,5.0,376.0684,1.8803
0.225,68.75,0.8125,5.625,376.0684,2.1154
0.225,68.75,0.8125,6.25,376.0684,2.3504
0.225,68.75,0.8125,6.875,376.0684,2.5855
0.225,68.75,0.8125,7.5,376.0684,2.8205
0.225,68.75,0.8125,8.125,376.0684,3.0556
0.225,68.75,0.8125,8.75,376.0684,3.2906
0.225,68.75,0.8125,9.375,376.0684,3.5256
0.225,68.75,0.8125,10.0,376.0684,3.7607
0.225,68.75,0.825,5.0,370.3704,1.8519
0.225,68.75,0.825,5.625,370.3704,2.0833
0.225,68.75,0.825,6.25,370.3704,2.3148
0.225,68.75,0.825,6.875,370.3704,2.5463
0.225,68.75,0.825,7.5,370.3704,2.7778
0.225,68.75,0.825,8.125,370.3704,3.0093
0.225,68.75,0.825,8.75,370.3704,3.2407
0.225,68.75,0.825,9.375,370.3704,3.4722
0.225,68.75,0.825,10.0,370.3704,3.7037
0.225,68.75,0.8375,5.0,364.8425,1.8242
0.225,68.75,0.8375,5.625,364.8425,2.0522
0.225,68.75,0.8375,6.25,364.8425,2.2803
0.225,68.75,0.8375,6.875,364.8425,2.5083
0.225,68.75,0.8375,7.5,364.8425,2.7363
0.225,68.75,0.8375,8.125,364.8425,2.9643
0.225,68.75,0.8375,8.75,364.8425,3.1924
0.225,68.75,0.8375,9.375,364.8425,3.4204
0.225,68.75,0.8375,10.0,364.8425,3.6484
0.225,68.75,0.85,5.0,359.4771,1.7974
0.225,68.75,0.85,5.625,359.4771,2.0221
0.225,68.75,0.85,6.25,359.4771,2.2467
0.225,68.75,0.85,6.875,359.4771,2.4714
0.225,68.75,0.85,7.5,359.4771,2.6961
0.225,68.75,0.85,8.125,359.4771,2.9208
0.225,68.75,0.85,8.75,359.4771,3.1454
0.225,68.75,0.85,9.375,359.4771,3.3701
0.225,68.75,0.85,10.0,359.4771,3.5948
0.225,68.75,0.8625,5.0,354.2673,1.7713
0.225,68.75,0.8625,5.625,354.2673,1.9928
0.225,68.75,0.8625,6.25,354.2673,2.2142
0.225,68.75,0.8625,6.875,354.2673,2.4356
0.225,68.75,0.8625,7.5,354.2673,2.657
0.225,68.75,0.8625,8.125,354.2673,2.8784
0.225,68.75,0.8625,8.75,354.2673,3.0998
0.225,68.75,0.8625,9.375,354.2673,3.3213
0.225,68.75,0.8625,10.0,354.2673,3.5427
0.225,68.75,0.875,5.0,349.2063,1.746
0.225,68.75,0.875,5.625,349.2063,1.9643
0.225,68.75,0.875,6.25,349.2063,2.1825
0.225,68.75,0.875,6.875,349.2063,2.4008
0.225,68.75,0.875,7.5,349.2063,2.619
0.225,68.75,0.875,8.125,349.2063,2.8373
0.225,68.75,0.875,8.75,349.2063,3.0556
0.225,68.75,0.875,9.375,349.2063,3.2738
0.225,68.75,0.875,10.0,349.2063,3.4921
0.225,68.75,0.8875,5.0,344.2879,1.7214
0.225,68.75,0.8875,5.625,344.2879,1.9366
0.225,68.75,0.8875,6.25,344.2879,2.1518
0.225,68.75,0.8875,6.875,344.2879,2.367
0.225,68.75,0.8875,7.5,344.2879,2.5822
0.225,68.75,0.8875,8.125,344.2879,2.7973
0.225,68.75,0.8875,8.75,344.2879,3.0125
0.225,68.75,0.8875,9.375,344.2879,3.2277
0.225,68.75,0.8875,10.0,344.2879,3.4429
0.225,68.75,0.9,5.0,339.5062,1.6975
0.225,68.75,0.9,5.625,339.5062,1.9097
0.225,68.75,0.9,6.25,339.5062,2.1219
0.225,68.75,0.9,6.875,339.5062,2.3341
0.225,68.75,0.9,7.5,339.5062,2.5463
0.225,68.75,0.9,8.125,339.5062,2.7585
0.225,68.75,0.9,8.75,339.5062,2.9707
0.225,68.75,0.9,9.375,339.5062,3.1829
0.225,68.75,0.9,10.0,339.5062,3.3951
0.225,75.0,0.8,5.0,416.6667,2.0833
0.225,75.0,0.8,5.625,416.6667,2.3438
0.225,75.0,0.8,6.25,416.6667,2.6042
0.225,75.0,0.8,6.875,416.6667,2.8646
0.225,75.0,0.8,7.5,416.6667,3.125
0.225,75.0,0.8,8.125,416.6667,3.3854
0.225,75.0,0.8,8.75,416.6667,3.6458
0.225,75.0,0.8,9.375,416.6667,3.9062
0.225,75.0,0.8,10.0,416.6667,4.1667
0.225,75.0,0.8125,5.0,410.2564,2.0513
0.225,75.0,0.8125,5.625,410.2564,2.3077
0.225,75.0,0.8125,6.25,410.2564,2.5641
0.225,75.0,0.8125,6.875,410.2564,2.8205
0.225,75.0,0.8125,7.5,410.2564,3.0769
0.225,75.0,0.8125,8.125,410.2564,3.3333
0.225,75.0,0.8125,8.75,410.2564,3.5897
0.225,75.0,0.8125,9.375,410.2564,3.8462
0.225,75.0,0.8125,10.0,410.2564,4.1026
0.225,75.0,0.825,5.0,404.0404,2.0202
0.225,75.0,0.825,5.625,404.0404,2.2727
0.225,75.0,0.825,6.25,404.0404,2.5253
0.225,75.0,0.825,6.875,404.0404,2.7778
0.225,75.0,0.825,7.5,404.0404,3.0303
0.225,75.0,0.825,8.125,404.0404,3.2828
0.225,75.0,0.825,8.75,404.0404,3.5354
0.225,75.0,0.825,9.375,404.0404,3.7879
0.225,75.0,0.825,10.0,404.0404,4.0404
0.225,75.0,0.8375,5.0,398.01,1.99
0.225,75.0,0.8375,5.625,398.01,2.2388
0.225,75.0,0.8375,6.25,398.01,2.4876
0.225,75.0,0.8375,6.875,398.01,2.7363
0.225,75.0,0.8375,7.5,398.01,2.9851
0.225,75.0,0.8375,8.125,398.01,3.2338
0.225,75.0,0.8375,8.75,398.01,3.4826
0.225,75.0,0.8375,9.375,398.01,3.7313
0.225,75.0,0.8375,10.0,398.01,3.9801
0.225,75.0,0.85,5.0,392.1569,1.9608
0.225,75.0,0.85,5.625,392.1569,2.2059
0.225,75.0,0.85,6.25,392.1569,2.451
0.225,75.0,0.85,6.875,392.1569,2.6961
0.225,75.0,0.85,7.5,392.1569,2.9412
0.225,75.0,0.85,8.125,392.1569,3.1863
0.225,75.0,0.85,8.75,392.1569,3.4314
0.225,75.0,0.85,9.375,392.1569,3.6765
0.225,75.0,0.85,10.0,392.1569,3.9216
0.225,75.0,0.8625,5.0,386.4734,1.9324
0.225,75.0,0.8625,5.625,386.4734,2.1739
0.225,75.0,0.8625,6.25,386.4734,2.4155
0.225,75.0,0.8625,6.875,386.4734,2.657
0.225,75.0,0.8625,7.5,386.4734,2.8986
0.225,75.0,0.8625,8.125,386.4734,3.1401
0.225,75.0,0.8625,8.75,386.4734,3.3816
0.225,75.0,0.8625,9.375,386.4734,3.6232
0.225,75.0,0.8625,10.0,386.4734,3.8647
0.225,75.0,0.875,5.0,380.9524,1.9048
0.225,75.0,0.875,5.625,380.9524,2.1429
0.225,75.0,0.875,6.25,380.9524,2.381
0.225,75.0,0.875,6.875,380.9524,2.619
0.225,75.0,0.875,7.5,380.9524,2.8571
0.225,75.0,0.875,8.125,380.9524,3.0952
0.225,75.0,0.875,8.75,380.9524,3.3333
0.225,75.0,0.875,9.375,380.9524,3.5714
0.225,75.0,0.875,10.0,380.9524,3.8095
0.225,75.0,0.8875,5.0,375.5869,1.8779
0.225,75.0,0.8875,5.625,375.5869,2.1127
0.225,75.0,0.8875,6.25,375.5869,2.3474
0.225,75.0,0.8875,6.875,375.5869,2.5822
0.225,75.0,0.8875,7.5,375.5869,2.8169
0.225,75.0,0.8875,8.125,375.5869,3.0516
0.225,75.0,0.8875,8.75,375.5869,3.2864
0.225,75.0,0.8875,9.375,375.5869,3.5211
0.225,75.0,0.8875,10.0,375.5869,3.7559
0.225,75.0,0.9,5.0,370.3704,1.8519
0.225,75.0,0.9,5.625,370.3704,2.0833
0.225,75.0,0.9,6.25,370.3704,2.3148
0.225,75.0,0.9,6.875,370.3704,2.5463
0.225,75.0,0.9,7.5,370.3704,2.7778
0.225,75.0,0.9,8.125,370.3704,3.0093
0.225,75.0,0.9,8.75,370.3704,3.2407
0.225,75.0,0.9,9.375,370.3704,3.4722
0.225,75.0,0.9,10.0,370.3704,3.7037
0.225,81.25,0.8,5.0,451.3889,2.2569
0.225,81.25,0.8,5.625,451.3889,2.5391
0.225,81.25,0.8,6.25,451.3889,2.8212
0.225,81.25,0.8,6.875,451.3889,3.1033
0.225,81.25,0.8,7.5,451.3889,3.3854
0.225,81.25,0.8,8.125,451.3889,3.6675
0.225,81.25,0.8,8.75,451.3889,3.9497
0.225,81.25,0.8,9.375,451.3889,4.2318
0.225,81.25,0.8,10.0,451.3889,4.5139
0.225,81.25,0.8125,5.0,444.4444,2.2222
0.225,81.25,0.8125,5.625,444.4444,2.5
0.225,81.25,0.8125,6.25,444.4444,2.7778
0.225,81.25,0.8125,6.875,444.4444,3.0556
0.225,81.25,0.8125,7.5,444.4444,3.3333
0.225,81.25,0.8125,8.125,444.4444,3.6111
0.225,81.25,0.8125,8.75,444.4444,3.8889
0.225,81.25,0.8125,9.375,444.4444,4.1667
0.225,81.25,0.8125,10.0,444.4444,4.4444
0.225,81.25,0.825,5.0,437.7104,2.1886
0.225,81.25,0.825,5.625,437.7104,2.4621
0.225,81.25,0.825,6.25,437.7104,2.7357
0.225,81.25,0.825,6.875,437.7104,3.0093
0.225,81.25,0.825,7.5,437.7104,3.2828
0.225,81.25,0.825,8.125,437.7104,3.5564
0.225,81.25,0.825,8.75,437.7104,3.83
0.225,81.25,0.825,9.375,437.7104,4.1035
0.225,81.25,0.825,10.0,437.7104,4.3771
0.225,81.25,0.8375,5.0,431.1774,2.1559
0.225,81.25,0.8375,5.625,431.1774,2.4254
0.225,81.25,0.8375,6.25,431.1774,2.6949
0.225,81.25,0.8375,6.875,431.1774,2.9643
0.225,81.25,0.8375,7.5,431.1774,3.2338
0.225,81.25,0.8375,8.125,431.1774,3.5033
0.225,81.25,0.8375,8.75,431.1774,3.7728
0.225,81.25,0.8375,9.375,431.1774,4.0423
0.225,81.25,0.8375,10.0,431.1774,4.3118
0.225,81.25,0.85,5.0,424.8366,2.1242
0.225,81.25,0.85,5.625,424.8366,2.3897
0.225,81.25,0.85,6.25,424.8366,2.6552
0.225,81.25,0.85,6.875,424.8366,2.9208
0.225,81.25,0.85,7.5,424.8366,3.1863
0.225,81.25,0.85,8.125,424.8366,3.4518
0.225,81.25,0.85,8.75,424.8366,3.7173
0.225,81.25,0.85,9.375,424.8366,3.9828
0.225,81.25,0.85,10.0,424.8366,4.2484
0.225,81.25,0.8625,5.0,418.6795,2.0934
0.225,81.25,0.8625,5.625,418.6795,2.3551
0.225,81.25,0.8625,6.25,418.6795,2.6167
0.225,81.25,0.8625,6.875,418.6795,2.8784
0.225,81.25,0.8625,7.5,418.6795,3.1401
0.225,81.25,0.8625,8.125,418.6795,3.4018
0.225,81.25,0.8625,8.75,418.6795,3.6634
0.225,81.25,0.8625,9.375,418.6795,3.9251
0.225,81.25,0.8625,10.0,418.6795,4.1868
0.225,81.25,0.875,5.0,412.6984,2.0635
0.225,81.25,0.875,5.625,412.6984,2.3214
0.225,81.25,0.875,6.25,412.6984,2.5794
0.225,81.25,0.875,6.875,412.6984,2.8373
0.225,81.25,0.875,7.5,412.6984,3.0952
0.225,81.25,0.875,8.125,412.6984,3.3532
0.225,81.25,0.875,8.75,412.6984,3.6111
0.225,81.25,0.875,9.375,412.6984,3.869
0.225,81.25,0.875,10.0,412.6984,4.127
0.225,81.25,0.8875,5.0,406.8858,2.0344
0.225,81.25,0.8875,5.625,406.8858,2.2887
0.225,81.25,0.8875,6.25,406.8858,2.543
0.225,81.25,0.8875,6.875,406.8858,2.7973
0.225,81.25,0.8875,7.5,406.8858,3.0516
0.225,81.25,0.8875,8.125,406.8858,3.3059
0.225,81.25,0.8875,8.75,406.8858,3.5603
0.225,81.25,0.8875,9.375,406.8858,3.8146
0.225,81.25,0.8875,10.0,406.8858,4.0689
0.225,81.25,0.9,5.0,401.2346,2.0062
0.225,81.25,0.9,5.625,401.2346,2.2569
0.225,81.25,0.9,6.25,401.2346,2.5077
0.225,81.25,0.9,6.875,401.2346,2.7585
0.225,81.25,0.9,7.5,401.2346,3.0093
0.225,81.25,0.9,8.125,401.2346,3.26
0.225,81.25,0.9,8.75,401.2346,3.5108
0.225,81.25,0.9,9.375,401.2346,3.7616
0.225,81.25,0.9,10.0,401.2346,4.0123
0.225,87.5,0.8,5.0,486.1111,2.4306
0.225,87.5,0.8,5.625,486.1111,2.7344
0.225,87.5,0.8,6.25,486.1111,3.0382
0.225,87.5,0.8,6.875,486.1111,3.342
0.225,87.5,0.8,7.5,486.1111,3.6458
0.225,87.5,0.8,8.125,486.1111,3.9497
0.225,87.5,0.8,8.75,486.1111,4.2535
0.225,87.5,0.8,9.375,486.1111,4.5573
0.225,87.5,0.8,10.0,486.1111,4.8611
0.225,87.5,0.8125,5.0,478.6325,2.3932
0.225,87.5,0.8125,5.625,478.6325,2.6923
0.225,87.5,0.8125,6.25,478.6325,2.9915
0.225,87.5,0.8125,6.875,478.6325,3.2906
0.225,87.5,0.8125,7.5,478.6325,3.5897
0.225,87.5,0.8125,8.125,478.6325,3.8889
0.225,87.5,0.8125,8.75,478.6325,4.188
0.225,87.5,0.8125,9.375,478.6325,4.4872
0.225,87.5,0.8125,10.0,478.6325,4.7863
0.225,87.5,0.825,5.0,471.3805,2.3569
0.225,87.5,0.825,5.625,471.3805,2.6515
0.225,87.5,0.825,6.25,471.3805,2.9461
0.225,87.5,0.825,6.875,471.3805,3.2407
0.225,87.5,0.825,7.5,471.3805,3.5354
0.225,87.5,0.825,8.125,471.3805,3.83
0.225,87.5,0.825,8.75,471.3805,4.1246
0.225,87.5,0.825,9.375,471.3805,4.4192
0.225,87.5,0.825,10.0,471.3805,4.7138
0.225,87.5,0.8375,5.0,464.3449,2.3217
0.225,87.5,0.8375,5.625,464.3449,2.6119
0.225,87.5,0.8375,6.25,464.3449,2.9022
0.225,87.5,0.8375,6.875,464.3449,3.1924
0.225,87.5,0.8375,7.5,464.3449,3.4826
0.225,87.5,0.8375,8.125,464.3449,3.7728
0.225,87.5,0.8375,8.75,464.3449,4.063
0.225,87.5,0.8375,9.375,464.3449,4.3532
0.225,87.5,0.8375,10.0,464.3449,4.6434
0.225,87.5,0.85,5.0,457.5163,2.2876
0.225,87.5,0.85,5.625,457.5163,2.5735
0.225,87.5,0.85,6.25,457.5163,2.8595
0.225,87.5,0.85,6.875,457.5163,3.1454
0.225,87.5,0.85,7.5,457.5163,3.4314
0.225,87.5,0.85,8.125,457.5163,3.7173
0.225,87.5,0.85,8.75,457.5163,4.0033
0.225,87.5,0.85,9.375,457.5163,4.2892
0.225,87.5,0.85,10.0,457.5163,4.5752
0.225,87.5,0.8625,5.0,450.8857,2.2544
0.225,87.5,0.8625,5.625,450.8857,2.5362
0.225,87.5,0.8625,6.25,450.8857,2.818
0.225,87.5,0.8625,6.875,450.8857,3.0998
0.225,87.5,0.8625,7.5,450.8857,3.3816
0.225,87.5,0.8625,8.125,450.8857,3.6634
0.225,87.5,0.8625,8.75,450.8857,3.9452
0.225,87.5,0.8625,9.375,450.8857,4.2271
0.225,87.5,0.8625,10.0,450.8857,4.5089
0.225,87.5,0.875,5.0,444.4444,2.2222
0.225,87.5,0.875,5.625,444.4444,2.5
0.225,87.5,0.875,6.25,444.4444,2.7778
0.225,87.5,0.875,6.875,444.4444,3.0556
0.225,87.5,0.875,7.5,444.4444,3.3333
0.225,87.5,0.875,8.125,444.4444,3.6111
0.225,87.5,0.875,8.75,444.4444,3.8889
0.225,87.5,0.875,9.375,444.4444,4.1667
0.225,87.5,0.875,10.0,444.4444,4.4444
0.225,87.5,0.8875,5.0,438.1847,2.1909
0.225,87.5,0.8875,5.625,438.1847,2.4648
0.225,87.5,0.8875,6.25,438.1847,2.7387
0.225,87.5,0.8875,6.875,438.1847,3.0125
0.225,87.5,0.8875,7.5,438.1847,3.2864
0.225,87.5,0.8875,8.125,438.1847,3.5603
0.225,87.5,0.8875,8.75,438.1847,3.8341
0.225,87.5,0.8875,9.375,438.1847,4.108
0.225,87.5,0.8875,10.0,438.1847,4.3818
0.225,87.5,0.9,5.0,432.0988,2.1605
0.225,87.5,0.9,5.625,432.0988,2.4306
0.225,87.5,0.9,6.25,432.0988,2.7006
0.225,87.5,0.9,6.875,432.0988,2.9707
0.225,87.5,0.9,7.5,432.0988,3.2407
0.225,87.5,0.9,8.125,432.0988,3.5108
0.225,87.5,0.9,8.75,432.0988,3.7809
0.225,87.5,0.9,9.375,432.0988,4.0509
0.225,87.5,0.9,10.0,432.0988,4.321
0.225,93.75,0.8,5.0,520.8333,2.6042
0.225,93.75,0.8,5.625,520.8333,2.9297
0.225,93.75,0.8,6.25,520.8333,3.2552
0.225,93.75,0.8,6.875,520.8333,3.5807
0.225,93.75,0.8,7.5,520.8333,3.9062
0.225,93.75,0.8,8.125,520.8333,4.2318
0.225,93.75,0.8,8.75,520.8333,4.5573
0.225,93.75,0.8,9.375,520.8333,4.8828
0.225,93.75,0.8,10.0,520.8333,5.2083
0.225,93.75,0.8125,5.0,512.8205,2.5641
0.225,93.75,0.8125,5.625,512.8205,2.8846
0.225,93.75,0.8125,6.25,512.8205,3.2051
0.225,93.75,0.8125,6.875,512.8205,3.5256
0.225,93.75,0.8125,7.5,512.8205,3.8462
0.225,93.75,0.8125,8.125,512.8205,4.1667
0.225,93.75,0.8125,8.75,512.8205,4.4872
0.225,93.75,0.8125,9.375,512.8205,4.8077
0.225,93.75,0.8125,10.0,512.8205,5.1282
0.225,93.75,0.825,5.0,505.0505,2.5253
0.225,93.75,0.825,5.625,505.0505,2.8409
0.225,93.75,0.825,6.25,505.0505,3.1566
0.225,93.75,0.825,6.875,505.0505,3.4722
0.225,93.75,0.825,7.5,505.0505,3.7879
0.225,93.75,0.825,8.125,505.0505,4.1035
0.225,93.75,0.825,8.75,505.0505,4.4192
0.225,93.75,0.825,9.375,505.0505,4.7348
0.225,93.75,0.825,10.0,505.0505,5.0505
0.225,93.75,0.8375,5.0,497.5124,2.4876
0.225,93.75,0.8375,5.625,497.5124,2.7985
0.225,93.75,0.8375,6.25,497.5124,3.1095
0.225,93.75,0.8375,6.875,497.5124,3.4204
0.225,93.75,0.8375,7.5,497.5124,3.7313
0.225,93.75,0.8375,8.125,497.5124,4.0423
0.225,93.75,0.8375,8.75,497.5124,4.3532
0.225,93.75,0.8375,9.375,497.5124,4.6642
0.225,93.75,0.8375,10.0,497.5124,4.9751
0.225,93.75,0.85,5.0,490.1961,2.451
0.225,93.75,0.85,5.625,490.1961,2.7574
0.225,93.75,0.85,6.25,490.1961,3.0637
0.225,93.75,0.85,6.875,490.1961,3.3701
0.225,93.75,0.85,7.5,490.1961,3.6765
0.225,93.75,0.85,8.125,490.1961,3.9828
0.225,93.75,0.85,8.75,490.1961,4.2892
0.225,93.75,0.85,9.375,490.1961,4.5956
0.225,93.75,0.85,10.0,490.1961,4.902
0.225,93.75,0.8625,5.0,483.0918,2.4155
0.225,93.75,0.8625,5.625,483.0918,2.7174
0.225,93.75,0.8625,6.25,483.0918,3.0193
0.225,93.75,0.8625,6.875,483.0918,3.3213
0.225,93.75,0.8625,7.5,483.0918,3.6232
0.225,93.75,0.8625,8.125,483.0918,3.9251
0.225,93.75,0.8625,8.75,483.0918,4.2271
0.225,93.75,0.8625,9.375,483.0918,4.529
0.225,93.75,0.8625,10.0,483.0918,4.8309
0.225,93.75,0.875,5.0,476.1905,2.381
0.225,93.75,0.875,5.625,476.1905,2.6786
0.225,93.75,0.875,6.25,476.1905,2.9762
0.225,93.75,0.875,6.875,476.1905,3.2738
0.225,93.75,0.875,7.5,476.1905,3.5714
0.225,93.75,0.875,8.125,476.1905,3.869
0.225,93.75,0.875,8.75,476.1905,4.1667
0.225,93.75,0.875,9.375,476.1905,4.4643
0.225,93.75,0.875,10.0,476.1905,4.7619
0.225,93.75,0.8875,5.0,469.4836,2.3474
0.225,93.75,0.8875,5.625,469.4836,2.6408
0.225,93.75,0.8875,6.25,469.4836,2.9343
0.225,93.75,0.8875,6.875,469.4836,3.2277
0.225,93.75,0.8875,7.5,469.4836,3.5211
0.225,93.75,0.8875,8.125,469.4836,3.8146
0.225,93.75,0.8875,8.75,469.4836,4.108
0.225,93.75,0.8875,9.375,469.4836,4.4014
0.225,93.75,0.8875,10.0,469.4836,4.6948
0.225,93.75,0.9,5.0,462.963,2.3148
0.225,93.75,0.9,5.625,462.963,2.6042
0.225,93.75,0.9,6.25,462.963,2.8935
0.225,93.75,0.9,6.875,462.963,3.1829
0.225,93.75,0.9,7.5,462.963,3.4722
0.225,93.75,0.9,8.125,462.963,3.7616
0.225,93.75,0.9,8.75,462.963,4.0509
0.225,93.75,0.9,9.375,462.963,4.3403
0.225,93.75,0.9,10.0,462.963,4.6296
0.225,100.0,0.8,5.0,555.5556,2.7778
0.225,100.0,0.8,5.625,555.5556,3.125
0.225,100.0,0.8,6.25,555.5556,3.4722
0.225,100.0,0.8,6.875,555.5556,3.8194
0.225,100.0,0.8,7.5,555.5556,4.1667
0.225,100.0,0.8,8.125,555.5556,4.5139
0.225,100.0,0.8,8.75,555.5556,4.8611
0.225,100.0,0.8,9.375,555.5556,5.2083
0.225,100.0,0.8,10.0,555.5556,5.5556
0.225,100.0,0.8125,5.0,547.0085,2.735
0.225,100.0,0.8125,5.625,547.0085,3.0769
0.225,100.0,0.8125,6.25,547.0085,3.4188
0.225,100.0,0.8125,6.875,547.0085,3.7607
0.225,100.0,0.8125,7.5,547.0085,4.1026
0.225,100.0,0.8125,8.125,547.0085,4.4444
0.225,100.0,0.8125,8.75,547.0085,4.7863
0.225,100.0,0.8125,9.375,547.0085,5.1282
0.225,100.0,0.8125,10.0,547.0085,5.4701
0.225,100.0,0.825,5.0,538.7205,2.6936
0.225,100.0,0.825,5.625,538.7205,3.0303
0.225,100.0,0.825,6.25,538.7205,3.367
0.225,100.0,0.825,6.875,538.7205,3.7037
0.225,100.0,0.825,7.5,538.7205,4.0404
0.225,100.0,0.825,8.125,538.7205,4.3771
0.225,100.0,0.825,8.75,538.7205,4.7138
0.225,100.0,0.825,9.375,538.7205,5.0505
0.225,100.0,0.825,10.0,538.7205,5.3872
0.225,100.0,0.8375,5.0,530.6799,2.6534
0.225,100.0,0.8375,5.625,530.6799,2.9851
0.225,100.0,0.8375,6.25,530.6799,3.3167
0.225,100.0,0.8375,6.875,530.6799,3.6484
0.225,100.0,0.8375,7.5,530.6799,3.9801
0.225,100.0,0.8375,8.125,530.6799,4.3118
0.225,100.0,0.8375,8.75,530.6799,4.6434
0.225,100.0,0.8375,9.375,530.6799,4.9751
0.225,100.0,0.8375,10.0,530.6799,5.3068
0.225,100.0,0.85,5.0,522.8758,2.6144
0.225,100.0,0.85,5.625,522.8758,2.9412
0.225,100.0,0.85,6.25,522.8758,3.268
0.225,100.0,0.85,6.875,522.8758,3.5948
0.225,100.0,0.85,7.5,522.8758,3.9216
0.225,100.0,0.85,8.125,522.8758,4.2484
0.225,100.0,0.85,8.75,522.8758,4.5752
0.225,100.0,0.85,9.375,522.8758,4.902
0.225,100.0,0.85,10.0,522.8758,5.2288
0.225,100.0,0.8625,5.0,515.2979,2.5765
0.225,100.0,0.8625,5.625,515.2979,2.8986
0.225,100.0,0.8625,6.25,515.2979,3.2206
0.225,100.0,0.8625,6.875,515.2979,3.5427
0.225,100.0,0.8625,7.5,515.2979,3.8647
0.225,100.0,0.8625,8.125,515.2979,4.1868
0.225,100.0,0.8625,8.75,515.2979,4.5089
0.225,100.0,0.8625,9.375,515.2979,4.8309
0.225,100.0,0.8625,10.0,515.2979,5.153
0.225,100.0,0.875,5.0,507.9365,2.5397
0.225,100.0,0.875,5.625,507.9365,2.8571
0.225,100.0,0.875,6.25,507.9365,3.1746
0.225,100.0,0.875,6.875,507.9365,3.4921
0.225,100.0,0.875,7.5,507.9365,3.8095
0.225,100.0,0.875,8.125,507.9365,4.127
0.225,100.0,0.875,8.75,507.9365,4.4444
0.225,100.0,0.875,9.375,507.9365,4.7619
0.225,100.0,0.875,10.0,507.9365,5.0794
0.225,100.0,0.8875,5.0,500.7825,2.5039
0.225,100.0,0.8875,5.625,500.7825,2.8169
0.225,100.0,0.8875,6.25,500.7825,3.1299
0.225,100.0,0.8875,6.875,500.7825,3.4429
0.225,100.0,0.8875,7.5,500.7825,3.7559
0.225,100.0,0.8875,8.125,500.7825,4.0689
0.225,100.0,0.8875,8.75,500.7825,4.3818
0.225,100.0,0.8875,9.375,500.7825,4.6948
0.225,100.0,0.8875,10.0,500.7825,5.0078
0.225,100.0,0.9,5.0,493.8272,2.4691
0.225,100.0,0.9,5.625,493.8272,2.7778
0.225,100.0,0.9,6.25,493.8272,3.0864
0.225,100.0,0.9,6.875,493.8272,3.3951
0.225,100.0,0.9,7.5,493.8272,3.7037
0.225,100.0,0.9,8.125,493.8272,4.0123
0.225,100.0,0.9,8.75,493.8272,4.321
0.225,100.0,0.9,9.375,493.8272,4.6296
0.225,100.0,0.9,10.0,493.8272,4.9383
0.25,50.0,0.8,5.0,250.0,1.25
0.25,50.0,0.8,5.625,250.0,1.4062
0.25,50.0,0.8,6.25,250.0,1.5625
0.25,50.0,0.8,6.875,250.0,1.7188
0.25,50.0,0.8,7.5,250.0,1.875
0.25,50.0,0.8,8.125,250.0,2.0312
0.25,50.0,0.8,8.75,250.0,2.1875
0.25,50.0,0.8,9.375,250.0,2.3438
0.25,50.0,0.8,10.0,250.0,2.5
0.25,50.0,0.8125,5.0,246.1538,1.2308
0.25,50.0,0.8125,5.625,246.1538,1.3846
0.25,50.0,0.8125,6.25,246.1538,1.5385
0.25,50.0,0.8125,6.875,246.1538,1.6923
0.25,50.0,0.8125,7.5,246.1538,1.8462
0.25,50.0,0.8125,8.125,246.1538,2.0
0.25,50.0,0.8125,8.75,246.1538,2.1538
0.25,50.0,0.8125,9.375,246.1538,2.3077
0.25,50.0,0.8125,10.0,246.1538,2.4615
0.25,50.0,0.825,5.0,242.4242,1.2121
0.25,50.0,0.825,5.625,242.4242,1.3636
0.25,50.0,0.825,6.25,242.4242,1.5152
0.25,50.0,0.825,6.875,242.4242,1.6667
0.25,50.0,0.825,7.5,242.4242,1.8182
0.25,50.0,0.825,8.125,242.4242,1.9697
0.25,50.0,0.825,8.75,242.4242,2.1212
0.25,50.0,0.825,9.375,242.4242,2.2727
0.25,50.0,0.825,10.0,242.4242,2.4242
0.25,50.0,0.8375,5.0,238.806,1.194
0.25,50.0,0.8375,5.625,238.806,1.3433
0.25,50.0,0.8375,6.25,238.806,1.4925
0.25,50.0,0.8375,6.875,238.806,1.6418
0.25,50.0,0.8375,7.5,238.806,1.791
0.25,50.0,0.8375,8.125,238.806,1.9403
0.25,50.0,0.8375,8.75,238.806,2.0896
0.25,50.0,0.8375,9.375,238.806,2.2388
0.25,50.0,0.8375,10.0,238.806,2.3881
0.25,50.0,0.85,5.0,235.2941,1.1765
0.25,50.0,0.85,5.625,235.2941,1.3235
0.25,50.0,0.85,6.25,235.2941,1.4706
0.25,50.0,0.85,6.875,235.2941,1.6176
0.25,50.0,0.85,7.5,235.2941,1.7647
0.25,50.0,0.85,8.125,235.2941,1.9118
0.25,50.0,0.85,8.75,235.2941,2.0588
0.25,50.0,0.85,9.375,235.2941,2.2059
0.25,50.0,0.85,10.0,235.2941,2.3529
0.25,50.0,0.8625,5.0,231.8841,1.1594
0.25,50.0,0.8625,5.625,231.8841,1.3043
0.25,50.0,0.8625,6.25,231.8841,1.4493
0.25,50.0,0.8625,6.875,231.8841,1.5942
0.25,50.0,0.8625,7.5,231.8841,1.7391
0.25,50.0,0.8625,8.125,231.8841,1.8841
0.25,50.0,0.8625,8.75,231.8841,2.029
0.25,50.0,0.8625,9.375,231.8841,2.1739
0.25,50.0,0.8625,10.0,231.8841,2.3188
0.25,50.0,0.875,5.0,228.5714,1.1429
0.25,50.0,0.875,5.625,228.5714,1.2857
0.25,50.0,0.875,6.25,228.5714,1.4286
0.25,50.0,0.875,6.875,228.5714,1.5714
0.25,50.0,0.875,7.5,228.5714,1.7143
0.25,50.0,0.875,8.125,228.5714,1.8571
0.25,50.0,0.875,8.75,228.5714,2.0
0.25,50.0,0.875,9.375,228.5714,2.1429
0.25,50.0,0.875,10.0,228.5714,2.2857
0.25,50.0,0.8875,5.0,225.3521,1.1268
0.25,50.0,0.8875,5.625,225.3521,1.2676
0.25,50.0,0.8875,6.25,225.3521,1.4085
0.25,50.0,0.8875,6.875,225.3521,1.5493
0.25,50.0,0.8875,7.5,225.3521,1.6901
0.25,50.0,0.8875,8.125,225.3521,1.831
0.25,50.0,0.8875,8.75,225.3521,1.9718
0.25,50.0,0.8875,9.375,225.3521,2.1127
0.25,50.0,0.8875,10.0,225.3521,2.2535
0.25,50.0,0.9,5.0,222.2222,1.1111
0.25,50.0,0.9,5.625,222.2222,1.25
0.25,50.0,0.9,6.25,222.2222,1.3889
0.25,50.0,0.9,6.875,222.2222,1.5278
0.25,50.0,0.9,7.5,222.2222,1.6667
0.25,50.0,0.9,8.125,222.2222,1.8056
0.25,50.0,0.9,8.75,222.2222,1.9444
0.25,50.0,0.9,9.375,222.2222,2.0833
0.25,50.0,0.9,10.0,222.2222,2.2222
0.25,56.25,0.8,5.0,281.25,1.4062
0.25,56.25,0.8,5.625,281.25,1.582
0.25,56.25,0.8,6.25,281.25,1.7578
0.25,56.25,0.8,6.875,281.25,1.9336
0.25,56.25,0.8,7.5,281.25,2.1094
0.25,56.25,0.8,8.125,281.25,2.2852
0.25,56.25,0.8,8.75,281.25,2.4609
0.25,56.25,0.8,9.375,281.25,2.6367
0.25,56.25,0.8,10.0,281.25,2.8125
0.25,56.25,0.8125,5.0,276.9231,1.3846
0.25,56.25,0.8125,5.625,276.9231,1.5577
0.25,56.25,0.8125,6.25,276.9231,1.7308
0.25,56.25,0.8125,6.875,276.9231,1.9038
0.25,56.25,0.8125,7.5,276.9231,2.0769
0.25,56.25,0.8125,8.125,276.9231,2.25
0.25,56.25,0.8125,8.75,276.9231,2.4231
0.25,56.25,0.8125,9.375,276.9231,2.5962
0.25,56.25,0.8125,10.0,276.9231,2.7692
0.25,56.25,0.825,5.0,272.7273,1.3636
0.25,56.25,0.825,5.625,272.7273,1.5341
0.25,56.25,0.825,6.25,272.7273,1.7045
0.25,56.25,0.825,6.875,272.7273,1.875
0.25,56.25,0.825,7.5,272.7273,2.0455
0.25,56.25,0.825,8.125,272.7273,2.2159
0.25,56.25,0.825,8.75,272.7273,2.3864
0.25,56.25,0.825,9.375,272.7273,2.5568
0.25,56.25,0.825,10.0,272.7273,2.7273
0.25,56.25,0.8375,5.0,268.6567,1.3433
0.25,56.25,0.8375,5.625,268.6567,1.5112
0.25,56.25,0.8375,6.25,268.6567,1.6791
0.25,56.25,0.8375,6.875,268.6567,1.847
0.25,56.25,0.8375,7.5,268.6567,2.0149
0.25,56.25,0.8375,8.125,268.6567,2.1828
0.25,56.25,0.8375,8.75,268.6567,2.3507
0.25,56.25,0.8375,9.375,268.6567,2.5187
0.25,56.25,0.8375,10.0,268.6567,2.6866
0.25,56.25,0.85,5.0,264.7059,1.3235
0.25,56.25,0.85,5.625,264.7059,1.489
0.25,56.25,0.85,6.25,264.7059,1.6544
0.25,56.25,0.85,6.875,264.7059,1.8199
0.25,56.25,0.85,7.5,264.7059,1.9853
0.25,56.25,0.85,8.125,264.7059,2.1507
0.25,56.25,0.85,8.75,264.7059,2.3162
0.25,56.25,0.85,9.375,264.7059,2.4816
0.25,56.25,0.85,10.0,264.7059,2.6471
0.25,56.25,0.8625,5.0,260.8696,1.3043
0.25,56.25,0.8625,5.625,260.8696,1.4674
0.25,56.25,0.8625,6.25,260.8696,1.6304
0.25,56.25,0.8625,6.875,260.8696,1.7935
0.25,56.25,0.8625,7.5,260.8696,1.9565
0.25,56.25,0.8625,8.125,260.8696,2.1196
0.25,56.25,0.8625,8.75,260.8696,2.2826
0.25,56.25,0.8625,9.375,260.8696,2.4457
0.25,56.25,0.8625,10.0,260.8696,2.6087
0.25,56.25,0.875,5.0,257.1429,1.2857
0.25,56.25,0.875,5.625,257.1429,1.4464
0.25,56.25,0.875,6.25,257.1429,1.6071
0.25,56.25,0.875,6.875,257.1429,1.7679
0.25,56.25,0.875,7.5,257.1429,1.9286
0.25,56.25,0.875,8.125,257.1429,2.0893
0.25,56.25,0.875,8.75,257.1429,2.25
0.25,56.25,0.875,9.375,257.1429,2.4107
0.25,56.25,0.875,10.0,257.1429,2.5714
0.25,56.25,0.8875,5.0,253.5211,1.2676
0.25,56.25,0.8875,5.625,253.5211,1.4261
0.25,56.25,0.8875,6.25,253.5211,1.5845
0.25,56.25,0.8875,6.875,253.5211,1.743
0.25,56.25,0.8875,7.5,253.5211,1.9014
0.25,56.25,0.8875,8.125,253.5211,2.0599
0.25,56.25,0.8875,8.75,253.5211,2.2183
0.25,56.25,0.8875,9.375,253.5211,2.3768
0.25,56.25,0.8875,10.0,253.5211,2.5352
0.25,56.25,0.9,5.0,250.0,1.25
0.25,56.25,0.9,5.625,250.0,1.4062
0.25,56.25,0.9,6.25,250.0,1.5625
0.25,56.25,0.9,6.875,250.0,1.7188
0.25,56.25,0.9,7.5,250.0,1.875
0.25,56.25,0.9,8.125,250.0,2.0312
0.25,56.25,0.9,8.75,250.0,2.1875
0.25,56.25,0.9,9.375,250.0,2.3438
0.25,56.25,0.9,10.0,250.0,2.5
0.25,62.5,0.8,5.0,312.5,1.5625
0.25,62.5,0.8,5.625,312.5,1.7578
0.25,62.5,0.8,6.25,312.5,1.9531
0.25,62.5,0.8,6.875,312.5,2.1484
0.25,62.5,0.8,7.5,312.5,2.3438
0.25,62.5,0.8,8.125,312.5,2.5391
0.25,62.5,0.8,8.75,312.5,2.7344
0.25,62.5,0.8,9.375,312.5,2.9297
0.25,62.5,0.8,10.0,312.5,3.125
0.25,62.5,0.8125,5.0,307.6923,1.5385
0.25,62.5,0.8125,5.625,307.6923,1.7308
0.25,62.5,0.8125,6.25,307.6923,1.9231
0.25,62.5,0.8125,6.875,307.6923,2.1154
0.25,62.5,0.8125,7.5,307.6923,2.3077
0.25,62.5,0.8125,8.125,307.6923,2.5
0.25,62.5,0.8125,8.75,307.6923,2.6923
0.25,62.5,0.8125,9.375,307.6923,2.8846
0.25,62.5,0.8125,10.0,307.6923,3.0769
0.25,62.5,0.825,5.0,303.0303,1.5152
0.25,62.5,0.825,5.625,303.0303,1.7045
0.25,62.5,0.825,6.25,303.0303,1.8939
0.25,62.5,0.825,6.875,303.0303,2.0833
0.25,62.5,0.825,7.5,303.0303,2.2727
0.25,62.5,0.825,8.125,303.0303,2.4621
0.25,62.5,0.825,8.75,303.0303,2.6515
0.25,62.5,0.825,9.375,303.0303,2.8409
0.25,62.5,0.825,10.0,303.0303,3.0303
0.25,62.5,0.8375,5.0,298.5075,1.4925
0.25,62.5,0.8375,5.625,298.5075,1.6791
0.25,62.5,0.8375,6.25,298.5075,1.8657
0.25,62.5,0.8375,6.875,298.5075,2.0522
0.25,62.5,0.8375,7.5,298.5075,2.2388
0.25,62.5,0.8375,8.125,298.5075,2.4254
0.25,62.5,0.8375,8.75,298.5075,2.6119
0.25,62.5,0.8375,9.375,298.5075,2.7985
0.25,62.5,0.8375,10.0,298.5075,2.9851
0.25,62.5,0.85,5.0,294.1176,1.4706
0.25,62.5,0.85,5.625,294.1176,1.6544
0.25,62.5,0.85,6.25,294.1176,1.8382
0.25,62.5,0.85,6.875,294.1176,2.0221
0.25,62.5,0.85,7.5,294.1176,2.2059
0.25,62.5,0.85,8.125,294.1176,2.3897
0.25,62.5,0.85,8.75,294.1176,2.5735
0.25,62.5,0.85,9.375,294.1176,2.7574
0.25,62.5,0.85,10.0,294.1176,2.9412
0.25,62.5,0.8625,5.0,289.8551,1.4493
0.25,62.5,0.8625,5.625,289.8551,1.6304
0.25,62.5,0.8625,6.25,289.8551,1.8116
0.25,62.5,0.8625,6.875,289.8551,1.9928
0.25,62.5,0.8625,7.5,289.8551,2.1739
0.25,62.5,0.8625,8.125,289.8551,2.3551
0.25,62.5,0.8625,8.75,289.8551,2.5362
0.25,62.5,0.8625,9.375,289.8551,2.7174
0.25,62.5,0.8625,10.0,289.8551,2.8986
0.25,62.5,0.875,5.0,285.7143,1.4286
0.25,62.5,0.875,5.625,285.7143,1.6071
0.25,62.5,0.875,6.25,285.7143,1.7857
0.25,62.5,0.875,6.875,285.7143,1.9643
0.25,62.5,0.875,7.5,285.7143,2.1429
0.25,62.5,0.875,8.125,285.7143,2.3214
0.25,62.5,0.875,8.75,285.7143,2.5
0.25,62.5,0.875,9.375,285.7143,2.6786
0.25,62.5,0.875,10.0,285.7143,2.8571
0.25,62.5,0.8875,5.0,281.6901,1.4085
0.25,62.5,0.8875,5.625,281.6901,1.5845
0.25,62.5,0.8875,6.25,281.6901,1.7606
0.25,62.5,0.8875,6.875,281.6901,1.9366
0.25,62.5,0.8875,7.5,281.6901,2.1127
0.25,62.5,0.8875,8.125,281.6901,2.2887
0.25,62.5,0.8875,8.75,281.6901,2.4648
0.25,62.5,0.8875,9.375,281.6901,2.6408
0.25,62.5,0.8875,10.0,281.6901,2.8169
0.25,62.5,0.9,5.0,277.7778,1.3889
0.25,62.5,0.9,5.625,277.7778,1.5625
0.25,62.5,0.9,6.25,277.7778,1.7361
0.25,62.5,0.9,6.875,277.7778,1.9097
0.25,62.5,0.9,7.5,277.7778,2.0833
0.25,62.5,0.9,8.125,277.7778,2.2569
0.25,62.5,0.9,8.75,277.7778,2.4306
0.25,62.5,0.9,9.375,277.7778,2.6042
0.25,62.5,0.9,10.0,277.7778,2.7778
0.25,68.75,0.8,5.0,343.75,1.7188
0.25,68.75,0.8,5.625,343.75,1.9336
0.25,68.75,0.8,6.25,343.75,2.1484
0.25,68.75,0.8,6.875,343.75,2.3633
0.25,68.75,0.8,7.5,343.75,2.5781
0.25,68.75,0.8,8.125,343.75,2.793
0.25,68.75,0.8,8.75,343.75,3.0078
0.25,68.75,0.8,9.375,343.75,3.2227
0.25,68.75,0.8,10.0,343.75,3.4375
0.25,68.75,0.8125,5.0,338.4615,1.6923
0.25,68.75,0.8125,5.625,338.4615,1.9038
0.25,68.75,0.8125,6.25,338.4615,2.1154
0.25,68.75,0.8125,6.875,338.4615,2.3269
0.25,68.75,0.8125,7.5,338.4615,2.5385
0.25,68.75,0.8125,8.125,338.4615,2.75
0.25,68.75,0.8125,8.75,338.4615,2.9615
0.25,68.75,0.8125,9.375,338.4615,3.1731
0.25,68.75,0.8125,10.0,338.4615,3.3846
0.25,68.75,0.825,5.0,333.3333,1.6667
0.25,68.75,0.825,5.625,333.3333,1.875
0.25,68.75,0.825,6.25,333.3333,2.0833
0.25,68.75,0.825,6.875,333.3333,2.2917
0.25,68.75,0.825,7.5,333.3333,2.5
0.25,68.75,0.825,8.125,333.3333,2.7083
0.25,68.75,0.825,8.75,333.3333,2.9167
0.25,68.75,0.825,9.375,333.3333,3.125
0.25,68.75,0.825,10.0,333.3333,3.3333
0.25,68.75,0.8375,5.0,328.3582,1.6418
0.25,68.75,0.8375,5.625,328.3582,1.847
0.25,68.75,0.8375,6.25,328.3582,2.0522
0.25,68.75,0.8375,6.875,328.3582,2.2575
0.25,68.75,0.8375,7.5,328.3582,2.4627
0.25,68.75,0.8375,8.125,328.3582,2.6679
0.25,68.75,0.8375,8.75,328.3582,2.8731
0.25,68.75,0.8375,9.375,328.3582,3.0784
0.25,68.75,0.8375,10.0,328.3582,3.2836
0.25,68.75,0.85,5.0,323.5294,1.6176
0.25,68.75,0.85,5.625,323.5294,1.8199
0.25,68.75,0.85,6.25,323.5294,2.0221
0.25,68.75,0.85,6.875,323.5294,2.2243
0.25,68.75,0.85,7.5,323.5294,2.4265
0.25,68.75,0.85,8.125,323.5294,2.6287
0.25,68.75,0.85,8.75,323.5294,2.8309
0.25,68.75,0.85,9.375,323.5294,3.0331
0.25,68.75,0.85,10.0,323.5294,3.2353
0.25,68.75,0.8625,5.0,318.8406,1.5942
0.25,68.75,0.8625,5.625,318.8406,1.7935
0.25,68.75,0.8625,6.25,318.8406,1.9928
0.25,68.75,0.8625,6.875,318.8406,2.192
0.25,68.75,0.8625,7.5,318.8406,2.3913
0.25,68.75,0.8625,8.125,318.8406,2.5906
0.25,68.75,0.8625,8.75,318.8406,2.7899
0.25,68.75,0.8625,9.375,318.8406,2.9891
0.25,68.75,0.8625,10.0,318.8406,3.1884
0.25,68.75,0.875,5.0,314.2857,1.5714
0.25,68.75,0.875,5.625,314.2857,1.7679
0.25,68.75,0.875,6.25,314.2857,1.9643
0.25,68.75,0.875,6.875,314.2857,2.1607
0.25,68.75,0.875,7.5,314.2857,2.3571
0.25,68.75,0.875,8.125,314.2857,2.5536
0.25,68.75,0.875,8.75,314.2857,2.75
0.25,68.75,0.875,9.375,314.2857,2.9464
0.25,68.75,0.875,10.0,314.2857,3.1429
0.25,68.75,0.8875,5.0,309.8592,1.5493
0.25,68.75,0.8875,5.625,309.8592,1.743
0.25,68.75,0.8875,6.25,309.8592,1.9366
0.25,68.75,0.8875,6.875,309.8592,2.1303
0.25,68.75,0.8875,7.5,309.8592,2.3239
0.25,68.75,0.8875,8.125,309.8592,2.5176
0.25,68.75,0.8875,8.75,309.8592,2.7113
0.25,68.75,0.8875,9.375,309.8592,2.9049
0.25,68.75,0.8875,10.0,309.8592,3.0986
0.25,68.75,0.9,5.0,305.5556,1.5278
0.25,68.75,0.9,5.625,305.5556,1.7188
0.25,68.75,0.9,6.25,305.5556,1.9097
0.25,68.75,0.9,6.875,305.5556,2.1007
0.25,68.75,0.9,7.5,305.5556,2.2917
0.25,68.75,0.9,8.125,305.5556,2.4826
0.25,68.75,0.9,8.75,305.5556,2.6736
0.25,68.75,0.9,9.375,305.5556,2.8646
0.25,68.75,0.9,10.0,305.5556,3.0556
0.25,75.0,0.8,5.0,375.0,1.875
0.25,75.0,0.8,5.625,375.0,2.1094
0.25,75.0,0.8,6.25,375.0,2.3438
0.25,75.0,0.8,6.875,375.0,2.5781
0.25,75.0,0.8,7.5,375.0,2.8125
0.25,75.0,0.8,8.125,375.0,3.0469
0.25,75.0,0.8,8.75,375.0,3.2812
0.25,75.0,0.8,9.375,375.0,3.5156
0.25,75.0,0.8,10.0,375.0,3.75
0.25,75.0,0.8125,5.0,369.2308,1.8462
0.25,75.0,0.8125,5.625,369.2308,2.0769
0.25,75.0,0.8125,6.25,369.2308,2.3077
0.25,75.0,0.8125,6.875,369.2308,2.5385
0.25,75.0,0.8125,7.5,369.2308,2.7692
0.25,75.0,0.8125,8.125,369.2308,3.0
0.25,75.0,0.8125,8.75,369.2308,3.2308
0.25,75.0,0.8125,9.375,369.2308,3.4615
0.25,75.0,0.8125,10.0,369.2308,3.6923
0.25,75.0,0.825,5.0,363.6364,1.8182
0.25,75.0,0.825,5.625,363.6364,2.0455
0.25,75.0,0.825,6.25,363.6364,2.2727
0.25,75.0,0.825,6.875,363.6364,2.5
0.25,75.0,0.825,7.5,363.6364,2.7273
0.25,75.0,0.825,8.125,363.6364,2.9545
0.25,75.0,0.825,8.75,363.6364,3.1818
0.25,75.0,0.825,9.375,363.6364,3.4091
0.25,75.0,0.825,10.0,363.6364,3.6364
0.25,75.0,0.8375,5.0,358.209,1.791
0.25,75.0,0.8375,5.625,358.209,2.0149
0.25,75.0,0.8375,6.25,358.209,2.2388
0.25,75.0,0.8375,6.875,358.209,2.4627
0.25,75.0,0.8375,7.5,358.209,2.6866
0.25,75.0,0.8375,8.125,358.209,2.9104
0.25,75.0,0.8375,8.75,358.209,3.1343
0.25,75.0,0.8375,9.375,358.209,3.3582
0.25,75.0,0.8375,10.0,358.209,3.5821
0.25,75.0,0.85,5.0,352.9412,1.7647
0.25,75.0,0.85,5.625,352.9412,1.9853
0.25,75.0,0.85,6.25,352.9412,2.2059
0.25,75.0,0.85,6.875,352.9412,2.4265
0.25,75.0,0.85,7.5,352.9412,2.6471
0.25,75.0,0.85,8.125,352.9412,2.8676
0.25,75.0,0.85,8.75,352.9412,3.0882
0.25,75.0,0.85,9.375,352.9412,3.3088
0.25,75.0,0.85,10.0,352.9412,3.5294
0.25,75.0,0.8625,5.0,347.8261,1.7391
0.25,75.0,0.8625,5.625,347.8261,1.9565
0.25,75.0,0.8625,6.25,347.8261,2.1739
0.25,75.0,0.8625,6.875,347.8261,2.3913
0.25,75.0,0.8625,7.5,347.8261,2.6087
0.25,75.0,0.8625,8.125,347.8261,2.8261
0.25,75.0,0.8625,8.75,347.8261,3.0435
0.25,75.0,0.8625,9.375,347.8261,3.2609
0.25,75.0,0.8625,10.0,347.8261,3.4783
0.25,75.0,0.875,5.0,342.8571,1.7143
0.25,75.0,0.875,5.625,342.8571,1.9286
0.25,75.0,0.875,6.25,342.8571,2.1429
0.25,75.0,0.875,6.875,342.8571,2.3571
0.25,75.0,0.875,7.5,342.8571,2.5714
0.25,75.0,0.875,8.125,342.8571,2.7857
0.25,75.0,0.875,8.75,342.8571,3.0
0.25,75.0,0.875,9.375,342.8571,3.2143
0.25,75.0,0.875,10.0,342.8571,3.4286
0.25,75.0,0.8875,5.0,338.0282,1.6901
0.25,75.0,0.8875,5.625,338.0282,1.9014
0.25,75.0,0.8875,6.25,338.0282,2.1127
0.25,75.0,0.8875,6.875,338.0282,2.3239
0.25,75.0,0.8875,7.5,338.0282,2.5352
0.25,75.0,0.8875,8.125,338.0282,2.7465
0.25,75.0,0.8875,8.75,338.0282,2.9577
0.25,75.0,0.8875,9.375,338.0282,3.169
0.25,75.0,0.8875,10.0,338.0282,3.3803
0.25,75.0,0.9,5.0,333.3333,1.6667
0.25,75.0,0.9,5.625,333.3333,1.875
0.25,75.0,0.9,6.25,333.3333,2.0833
0.25,75.0,0.9,6.875,333.3333,2.2917
0.25,75.0,0.9,7.5,333.3333,2.5
0.25,75.0,0.9,8.125,333.3333,2.7083
0.25,75.0,0.9,8.75,333.3333,2.9167
0.25,75.0,0.9,9.375,333.3333,3.125
0.25,75.0,0.9,10.0,333.3333,3.3333
0.25,81.25,0.8,5.0,406.25,2.0312
0.25,81.25,0.8,5.625,406.25,2.2852
0.25,81.25,0.8,6.25,406.25,2.5391
0.25,81.25,0.8,6.875,406.25,2.793
0.25,81.25,0.8,7.5,406.25,3.0469
0.25,81.25,0.8,8.125,406.25,3.3008
0.25,81.25,0.8,8.75,406.25,3.5547
0.25,81.25,0.8,9.375,406.25,3.8086
0.25,81.25,0.8,10.0,406.25,4.0625
0.25,81.25,0.8125,5.0,400.0,2.0
0.25,81.25,0.8125,5.625,400.0,2.25
0.25,81.25,0.8125,6.25,400.0,2.5
0.25,81.25,0.8125,6.875,400.0,2.75
0.25,81.25,0.8125,7.5,400.0,3.0
0.25,81.25,0.8125,8.125,400.0,3.25
0.25,81.25,0.8125,8.75,400.0,3.5
0.25,81.25,0.8125,9.375,400.0,3.75
0.25,81.25,0.8125,10.0,400.0,4.0
0.25,81.25,0.825,5.0,393.9394,1.9697
0.25,81.25,0.825,5.625,393.9394,2.2159
0.25,81.25,0.825,6.25,393.9394,2.4621
0.25,81.25,0.825,6.875,393.9394,2.7083
0.25,81.25,0.825,7.5,393.9394,2.9545
0.25,81.25,0.825,8.125,393.9394,3.2008
0.25,81.25,0.825,8.75,393.9394,3.447
0.25,81.25,0.825,9.375,393.9394,3.6932
0.25,81.25,0.825,10.0,393.9394,3.9394
0.25,81.25,0.8375,5.0,388.0597,1.9403
0.25,81.25,0.8375,5.625,388.0597,2.1828
0.25,81.25,0.8375,6.25,388.0597,2.4254
0.25,81.25,0.8375,6.875,388.0597,2.6679
0.25,81.25,0.8375,7.5,388.0597,2.9104
0.25,81.25,0.8375,8.125,388.0597,3.153
0.25,81.25,0.8375,8.75,388.0597,3.3955
0.25,81.25,0.8375,9.375,388.0597,3.6381
0.25,81.25,0.8375,10.0,388.0597,3.8806
0.25,81.25,0.85,5.0,382.3529,1.9118
0.25,81.25,0.85,5.625,382.3529,2.1507
0.25,81.25,0.85,6.25,382.3529,2.3897
0.25,81.25,0.85,6.875,382.3529,2.6287
0.25,81.25,0.85,7.5,382.3529,2.8676
0.25,81.25,0.85,8.125,382.3529,3.1066
0.25,81.25,0.85,8.75,382.3529,3.3456
0.25,81.25,0.85,9.375,382.3529,3.5846
0.25,81.25,0.85,10.0,382.3529,3.8235
0.25,81.25,0.8625,5.0,376.8116,1.8841
0.25,81.25,0.8625,5.625,376.8116,2.1196
0.25,81.25,0.8625,6.25,376.8116,2.3551
0.25,81.25,0.8625,6.875,376.8116,2.5906
0.25,81.25,0.8625,7.5,376.8116,2.8261
0.25,81.25,0.8625,8.125,376.8116,3.0616
0.25,81.25,0.8625,8.75,376.8116,3.2971
0.25,81.25,0.8625,9.375,376.8116,3.5326
0.25,81.25,0.8625,10.0,376.8116,3.7681
0.25,81.25,0.875,5.0,371.4286,1.8571
0.25,81.25,0.875,5.625,371.4286,2.0893
0.25,81.25,0.875,6.25,371.4286,2.3214
0.25,81.25,0.875,6.875,371.4286,2.5536
0.25,81.25,0.875,7.5,371.4286,2.7857
0.25,81.25,0.875,8.125,371.4286,3.0179
0.25,81.25,0.875,8.75,371.4286,3.25
0.25,81.25,0.875,9.375,371.4286,3.4821
0.25,81.25,0.875,10.0,371.4286,3.7143
0.25,81.25,0.8875,5.0,366.1972,1.831
0.25,81.25,0.8875,5.625,366.1972,2.0599
0.25,81.25,0.8875,6.25,366.1972,2.2887
0.25,81.25,0.8875,6.875,366.1972,2.5176
0.25,81.25,0.8875,7.5,366.1972,2.7465
0.25,81.25,0.8875,8.125,366.1972,2.9754
0.25,81.25,0.8875,8.75,366.1972,3.2042
0.25,81.25,0.8875,9.375,366.1972,3.4331
0.25,81.25,0.8875,10.0,366.1972,3.662
0.25,81.25,0.9,5.0,361.1111,1.8056
0.25,81.25,0.9,5.625,361.1111,2.0312
0.25,81.25,0.9,6.25,361.1111,2.2569
0.25,81.25,0.9,6.875,361.1111,2.4826
0.25,81.25,0.9,7.5,361.1111,2.7083
0.25,81.25,0.9,8.125,361.1111,2.934
0.25,81.25,0.9,8.75,361.1111,3.1597
0.25,81.25,0.9,9.375,361.1111,3.3854
0.25,81.25,0.9,10.0,361.1111,3.6111
0.25,87.5,0.8,5.0,437.5,2.1875
0.25,87.5,0.8,5.625,437.5,2.4609
0.25,87.5,0.8,6.25,437.5,2.7344
0.25,87.5,0.8,6.875,437.5,3.0078
0.25,87.5,0.8,7.5,437.5,3.2812
0.25,87.5,0.8,8.125,437.5,3.5547
0.25,87.5,0.8,8.75,437.5,3.8281
0.25,87.5,0.8,9.375,437.5,4.1016
0.25,87.5,0.8,10.0,437.5,4.375
0.25,87.5,0.8125,5.0,430.7692,2.1538
0.25,87.5,0.8125,5.625,430.7692,2.4231
0.25,87.5,0.8125,6.25,430.7692,2.6923
0.25,87.5,0.8125,6.875,430.7692,2.9615
0.25,87.5,0.8125,7.5,430.7692,3.2308
0.25,87.5,0.8125,8.125,430.7692,3.5
0.25,87.5,0.8125,8.75,430.7692,3.7692
0.25,87.5,0.8125,9.375,430.7692,4.0385
0.25,87.5,0.8125,10.0,430.7692,4.3077
0.25,87.5,0.825,5.0,424.2424,2.1212
0.25,87.5,0.825,5.625,424.2424,2.3864
0.25,87.5,0.825,6.25,424.2424,2.6515
0.25,87.5,0.825,6.875,424.2424,2.9167
0.25,87.5,0.825,7.5,424.2424,3.1818
0.25,87.5,0.825,8.125,424.2424,3.447
0.25,87.5,0.825,8.75,424.2424,3.7121
0.25,87.5,0.825,9.375,424.2424,3.9773
0.25,87.5,0.825,10.0,424.2424,4.2424
0.25,87.5,0.8375,5.0,417.9104,2.0896
0.25,87.5,0.8375,5.625,417.9104,2.3507
0.25,87.5,0.8375,6.25,417.9104,2.6119
0.25,87.5,0.8375,6.875,417.9104,2.8731
0.25,87.5,0.8375,7.5,417.9104,3.1343
0.25,87.5,0.8375,8.125,417.9104,3.3955
0.25,87.5,0.8375,8.75,417.9104,3.6567
0.25,87.5,0.8375,9.375,417.9104,3.9179
0.25,87.5,0.8375,10.0,417.9104,4.1791
0.25,87.5,0.85,5.0,411.7647,2.0588
0.25,87.5,0.85,5.625,411.7647,2.3162
0.25,87.5,0.85,6.25,411.7647,2.5735
0.25,87.5,0.85,6.875,411.7647,2.8309
0.25,87.5,0.85,7.5,411.7647,3.0882
0.25,87.5,0.85,8.125,411.7647,3.3456
0.25,87.5,0.85,8.75,411.7647,3.6029
0.25,87.5,0.85,9.375,411.7647,3.8603
0.25,87.5,0.85,10.0,411.7647,4.1176
0.25,87.5,0.8625,5.0,405.7971,2.029
0.25,87.5,0.8625,5.625,405.7971,2.2826
0.25,87.5,0.8625,6.25,405.7971,2.5362
0.25,87.5,0.8625,6.875,405.7971,2.7899
0.25,87.5,0.8625,7.5,405.7971,3.0435
0.25,87.5,0.8625,8.125,405.7971,3.2971
0.25,87.5,0.8625,8.75,405.7971,3.5507
0.25,87.5,0.8625,9.375,405.7971,3.8043
0.25,87.5,0.8625,10.0,405.7971,4.058
0.25,87.5,0.875,5.0,400.0,2.0
0.25,87.5,0.875,5.625,400.0,2.25
0.25,87.5,0.875,6.25,400.0,2.5
0.25,87.5,0.875,6.875,400.0,2.75
0.25,87.5,0.875,7.5,400.0,3.0
0.25,87.5,0.875,8.125,400.0,3.25
0.25,87.5,0.875,8.75,400.0,3.5
0.25,87.5,0.875,9.375,400.0,3.75
0.25,87.5,0.875,10.0,400.0,4.0
0.25,87.5,0.8875,5.0,394.3662,1.9718
0.25,87.5,0.8875,5.625,394.3662,2.2183
0.25,87.5,0.8875,6.25,394.3662,2.4648
0.25,87.5,0.8875,6.875,394.3662,2.7113
0.25,87.5,0.8875,7.5,394.3662,2.9577
0.25,87.5,0.8875,8.125,394.3662,3.2042
0.25,87.5,0.8875,8.75,394.3662,3.4507
0.25,87.5,0.8875,9.375,394.3662,3.6972
0.25,87.5,0.8875,10.0,394.3662,3.9437
0.25,87.5,0.9,5.0,388.8889,1.9444
0.25,87.5,0.9,5.625,388.8889,2.1875
0.25,87.5,0.9,6.25,388.8889,2.4306
0.25,87.5,0.9,6.875,388.8889,2.6736
0.25,87.5,0.9,7.5,388.8889,2.9167
0.25,87.5,0.9,8.125,388.8889,3.1597
0.25,87.5,0.9,8.75,388.8889,3.4028
0.25,87.5,0.9,9.375,388.8889,3.6458
0.25,87.5,0.9,10.0,388.8889,3.8889
0.25,93.75,0.8,5.0,468.75,2.3438
0.25,93.75,0.8,5.625,468.75,2.6367
0.25,93.75,0.8,6.25,468.75,2.9297
0.25,93.75,0.8,6.875,468.75,3.2227
0.25,93.75,0.8,7.5,468.75,3.5156
0.25,93.75,0.8,8.125,468.75,3.8086
0.25,93.75,0.8,8.75,468.75,4.1016
0.25,93.75,0.8,9.375,468.75,4.3945
0.25,93.75,0.8,10.0,468.75,4.6875
0.25,93.75,0.8125,5.0,461.5385,2.3077
0.25,93.75,0.8125,5.625,461.5385,2.5962
0.25,93.75,0.8125,6.25,461.5385,2.8846
0.25,93.75,0.8125,6.875,461.5385,3.1731
0.25,93.75,0.8125,7.5,461.5385,3.4615
0.25,93.75,0.8125,8.125,461.5385,3.75
0.25,93.75,0.8125,8.75,461.5385,4.0385
0.25,93.75,0.8125,9.375,461.5385,4.3269
0.25,93.75,0.8125,10.0,461.5385,4.6154
0.25,93.75,0.825,5.0,454.5455,2.2727
0.25,93.75,0.825,5.625,454.5455,2.5568
0.25,93.75,0.825,6.25,454.5455,2.8409
0.25,93.75,0.825,6.875,454.5455,3.125
0.25,93.75,0.825,7.5,454.5455,3.4091
0.25,93.75,0.825,8.125,454.5455,3.6932
0.25,93.75,0.825,8.75,454.5455,3.9773
0.25,93.75,0.825,9.375,454.5455,4.2614
0.25,93.75,0.825,10.0,454.5455,4.5455
0.25,93.75,0.8375,5.0,447.7612,2.2388
0.25,93.75,0.8375,5.625,447.7612,2.5187
0.25,93.75,0.8375,6.25,447.7612,2.7985
0.25,93.75,0.8375,6.875,447.7612,3.0784
0.25,93.75,0.8375,7.5,447.7612,3.3582
0.25,93.75,0.8375,8.125,447.7612,3.6381
0.25,93.75,0.8375,8.75,447.7612,3.9179
0.25,93.75,0.8375,9.375,447.7612,4.1978
0.25,93.75,0.8375,10.0,447.7612,4.4776
0.25,93.75,0.85,5.0,441.1765,2.2059
0.25,93.75,0.85,5.625,441.1765,2.4816
0.25,93.75,0.85,6.25,441.1765,2.7574
0.25,93.75,0.85,6.875,441.1765,3.0331
0.25,93.75,0.85,7.5,441.1765,3.3088
0.25,93.75,0.85,8.125,441.1765,3.5846
0.25,93.75,0.85,8.75,441.1765,3.8603
0.25,93.75,0.85,9.375,441.1765,4.136
0.25,93.75,0.85,10.0,441.1765,4.4118
0.25,93.75,0.8625,5.0,434.7826,2.1739
0.25,93.75,0.8625,5.625,434.7826,2.4457
0.25,93.75,0.8625,6.25,434.7826,2.7174
0.25,93.75,0.8625,6.875,434.7826,2.9891
0.25,93.75,0.8625,7.5,434.7826,3.2609
0.25,93.75,0.8625,8.125,434.7826,3.5326
0.25,93.75,0.8625,8.75,434.7826,3.8043
0.25,93.75,0.8625,9.375,434.7826,4.0761
0.25,93.75,0.8625,10.0,434.7826,4.3478
0.25,93.75,0.875,5.0,428.5714,2.1429
0.25,93.75,0.875,5.625,428.5714,2.4107
0.25,93.75,0.875,6.25,428.5714,2.6786
0.25,93.75,0.875,6.875,428.5714,2.9464
0.25,93.75,0.875,7.5,428.5714,3.2143
0.25,93.75,0.875,8.125,428.5714,3.4821
0.25,93.75,0.875,8.75,428.5714,3.75
0.25,93.75,0.875,9.375,428.5714,4.0179
0.25,93.75,0.875,10.0,428.5714,4.2857
0.25,93.75,0.8875,5.0,422.5352,2.1127
0.25,93.75,0.8875,5.625,422.5352,2.3768
0.25,93.75,0.8875,6.25,422.5352,2.6408
0.25,93.75,0.8875,6.875,422.5352,2.9049
0.25,93.75,0.8875,7.5,422.5352,3.169
0.25,93.75,0.8875,8.125,422.5352,3.4331
0.25,93.75,0.8875,8.75,422.5352,3.6972
0.25,93.75,0.8875,9.375,422.5352,3.9613
0.25,93.75,0.8875,10.0,422.5352,4.2254
0.25,93.75,0.9,5.0,416.6667,2.0833
0.25,93.75,0.9,5.625,416.6667,2.3438
0.25,93.75,0.9,6.25,416.6667,2.6042
0.25,93.75,0.9,6.875,416.6667,2.8646
0.25,93.75,0.9,7.5,416.6667,3.125
0.25,93.75,0.9,8.125,416.6667,3.3854
0.25,93.75,0.9,8.75,416.6667,3.6458
0.25,93.75,0.9,9.375,416.6667,3.9062
0.25,93.75,0.9,10.0,416.6667,4.1667
0.25,100.0,0.8,5.0,500.0,2.5
0.25,100.0,0.8,5.625,500.0,2.8125
0.25,100.0,0.8,6.25,500.0,3.125
0.25,100.0,0.8,6.875,500.0,3.4375
0.25,100.0,0.8,7.5,500.0,3.75
0.25,100.0,0.8,8.125,500.0,4.0625
0.25,100.0,0.8,8.75,500.0,4.375
0.25,100.0,0.8,9.375,500.0,4.6875
0.25,100.0,0.8,10.0,500.0,5.0
0.25,100.0,0.8125,5.0,492.3077,2.4615
0.25,100.0,0.8125,5.625,492.3077,2.7692
0.25,100.0,0.8125,6.25,492.3077,3.0769
0.25,100.0,0.8125,6.875,492.3077,3.3846
0.25,100.0,0.8125,7.5,492.3077,3.6923
0.25,100.0,0.8125,8.125,492.3077,4.0
0.25,100.0,0.8125,8.75,492.3077,4.3077
0.25,100.0,0.8125,9.375,492.3077,4.6154
0.25,100.0,0.8125,10.0,492.3077,4.9231
0.25,100.0,0.825,5.0,484.8485,2.4242
0.25,100.0,0.825,5.625,484.8485,2.7273
0.25,100.0,0.825,6.25,484.8485,3.0303
0.25,100.0,0.825,6.875,484.8485,3.3333
0.25,100.0,0.825,7.5,484.8485,3.6364
0.25,100.0,0.825,8.125,484.8485,3.9394
0.25,100.0,0.825,8.75,484.8485,4.2424
0.25,100.0,0.825,9.375,484.8485,4.5455
0.25,100.0,0.825,10.0,484.8485,4.8485
0.25,100.0,0.8375,5.0,477.6119,2.3881
0.25,100.0,0.8375,5.625,477.6119,2.6866
0.25,100.0,0.8375,6.25,477.6119,2.9851
0.25,100.0,0.8375,6.875,477.6119,3.2836
0.25,100.0,0.8375,7.5,477.6119,3.5821
0.25,100.0,0.8375,8.125,477.6119,3.8806
0.25,100.0,0.8375,8.75,477.6119,4.1791
0.25,100.0,0.8375,9.375,477.6119,4.4776
0.25,100.0,0.8375,10.0,477.6119,4.7761
0.25,100.0,0.85,5.0,470.5882,2.3529
0.25,100.0,0.85,5.625,470.5882,2.6471
0.25,100.0,0.85,6.25,470.5882,2.9412
0.25,100.0,0.85,6.875,470.5882,3.2353
0.25,100.0,0.85,7.5,470.5882,3.5294
0.25,100.0,0.85,8.125,470.5882,3.8235
0.25,100.0,0.85,8.75,470.5882,4.1176
0.25,100.0,0.85,9.375,470.5882,4.4118
0.25,100.0,0.85,10.0,470.5882,4.7059
0.25,100.0,0.8625,5.0,463.7681,2.3188
0.25,100.0,0.8625,5.625,463.7681,2.6087
0.25,100.0,0.8625,6.25,463.7681,2.8986
0.25,100.0,0.8625,6.875,463.7681,3.1884
0.25,100.0,0.8625,7.5,463.7681,3.4783
0.25,100.0,0.8625,8.125,463.7681,3.7681
0.25,100.0,0.8625,8.75,463.7681,4.058
0.25,100.0,0.8625,9.375,463.7681,4.3478
0.25,100.0,0.8625,10.0,463.7681,4.6377
0.25,100.0,0.875,5.0,457.1429,2.2857
0.25,100.0,0.875,5.625,457.1429,2.5714
0.25,100.0,0.875,6.25,457.1429,2.8571
0.25,100.0,0.875,6.875,457.1429,3.1429
0.25,100.0,0.875,7.5,457.1429,3.4286
0.25,100.0,0.875,8.125,457.1429,3.7143
0.25,100.0,0.875,8.75,457.1429,4.0
0.25,100.0,0.875,9.375,457.1429,4.2857
0.25,100.0,0.875,10.0,457.1429,4.5714
0.25,100.0,0.8875,5.0,450.7042,2.2535
0.25,100.0,0.8875,5.625,450.7042,2.5352
0.25,100.0,0.8875,6.25,450.7042,2.8169
0.25,100.0,0.8875,6.875,450.7042,3.0986
0.25,100.0,0.8875,7.5,450.7042,3.3803
0.25,100.0,0.8875,8.125,450.7042,3.662
0.25,100.0,0.8875,8.75,450.7042,3.9437
0.25,100.0,0.8875,9.375,450.7042,4.2254
0.25,100.0,0.8875,10.0,450.7042,4.507
0.25,100.0,0.9,5.0,444.4444,2.2222
0.25,100.0,0.9,5.625,444.4444,2.5
0.25,100.0,0.9,6.25,444.4444,2.7778
0.25,100.0,0.9,6.875,444.4444,3.0556
0.25,100.0,0.9,7.5,444.4444,3.3333
0.25,100.0,0.9,8.125,444.4444,3.6111
0.25,100.0,0.9,8.75,444.4444,3.8889
0.25,100.0,0.9,9.375,444.4444,4.1667
0.25,100.0,0.9,10.0,444.4444,4.4444
0.275,50.0,0.8,5.0,227.2727,1.1364
0.275,50.0,0.8,5.625,227.2727,1.2784
0.275,50.0,0.8,6.25,227.2727,1.4205
0.275,50.0,0.8,6.875,227.2727,1.5625
0.275,50.0,0.8,7.5,227.2727,1.7045
0.275,50.0,0.8,8.125,227.2727,1.8466
0.275,50.0,0.8,8.75,227.2727,1.9886
0.275,50.0,0.8,9.375,227.2727,2.1307
0.275,50.0,0.8,10.0,227.2727,2.2727
0.275,50.0,0.8125,5.0,223.7762,1.1189
0.275,50.0,0.8125,5.625,223.7762,1.2587
0.275,50.0,0.8125,6.25,223.7762,1.3986
0.275,50.0,0.8125,6.875,223.7762,1.5385
0.275,50.0,0.8125,7.5,223.7762,1.6783
0.275,50.0,0.8125,8.125,223.7762,1.8182
0.275,50.0,0.8125,8.75,223.7762,1.958
0.275,50.0,0.8125,9.375,223.7762,2.0979
0.275,50.0,0.8125,10.0,223.7762,2.2378
0.275,50.0,0.825,5.0,220.3857,1.1019
0.275,50.0,0.825,5.625,220.3857,1.2397
0.275,50.0,0.825,6.25,220.3857,1.3774
0.275,50.0,0.825,6.875,220.3857,1.5152
0.275,50.0,0.825,7.5,220.3857,1.6529
0.275,50.0,0.825,8.125,220.3857,1.7906
0.275,50.0,0.825,8.75,220.3857,1.9284
0.275,50.0,0.825,9.375,220.3857,2.0661
0.275,50.0,0.825,10.0,220.3857,2.2039
0.275,50.0,0.8375,5.0,217.0963,1.0855
0.275,50.0,0.8375,5.625,217.0963,1.2212
0.275,50.0,0.8375,6.25,217.0963,1.3569
0.275,50.0,0.8375,6.875,217.0963,1.4925
0.275,50.0,0.8375,7.5,217.0963,1.6282
0.275,50.0,0.8375,8.125,217.0963,1.7639
0.275,50.0,0.8375,8.75,217.0963,1.8996
0.275,50.0,0.8375,9.375,217.0963,2.0353
0.275,50.0,0.8375,10.0,217.0963,2.171
0.275,50.0,0.85,5.0,213.9037,1.0695
0.275,50.0,0.85,5.625,213.9037,1.2032
0.275,50.0,0.85,6.25,213.9037,1.3369
0.275,50.0,0.85,6.875,213.9037,1.4706
0.275,50.0,0.85,7.5,213.9037,1.6043
0.275,50.0,0.85,8.125,213.9037,1.738
0.275,50.0,0.85,8.75,213.9037,1.8717
0.275,50.0,0.85,9.375,213.9037,2.0053
0.275,50.0,0.85,10.0,213.9037,2.139
0.275,50.0,0.8625,5.0,210.8037,1.054
0.275,50.0,0.8625,5.625,210.8037,1.1858
0.275,50.0,0.8625,6.25,210.8037,1.3175
0.275,50.0,0.8625,6.875,210.8037,1.4493
0.275,50.0,0.8625,7.5,210.8037,1.581
0.275,50.0,0.8625,8.125,210.8037,1.7128
0.275,50.0,0.8625,8.75,210.8037,1.8445
0.275,50.0,0.8625,9.375,210.8037,1.9763
0.275,50.0,0.8625,10.0,210.8037,2.108
0.275,50.0,0.875,5.0,207.7922,1.039
0.275,50.0,0.875,5.625,207.7922,1.1688
0.275,50.0,0.875,6.25,207.7922,1.2987
0.275,50.0,0.875,6.875,207.7922,1.4286
0.275,50.0,0.875,7.5,207.7922,1.5584
0.275,50.0,0.875,8.125,207.7922,1.6883
0.275,50.0,0.875,8.75,207.7922,1.8182
0.275,50.0,0.875,9.375,207.7922,1.9481
0.275,50.0,0.875,10.0,207.7922,2.0779
0.275,50.0,0.8875,5.0,204.8656,1.0243
0.275,50.0,0.8875,5.625,204.8656,1.1524
0.275,50.0,0.8875,6.25,204.8656,1.2804
0.275,50.0,0.8875,6.875,204.8656,1.4085
0.275,50.0,0.8875,7.5,204.8656,1.5365
0.275,50.0,0.8875,8.125,204.8656,1.6645
0.275,50.0,0.8875,8.75,204.8656,1.7926
0.275,50.0,0.8875,9.375,204.8656,1.9206
0.275,50.0,0.8875,10.0,204.8656,2.0487
0.275,50.0,0.9,5.0,202.0202,1.0101
0.275,50.0,0.9,5.625,202.0202,1.1364
0.275,50.0,0.9,6.25,202.0202,1.2626
0.275,50.0,0.9,6.875,202.0202,1.3889
0.275,50.0,0.9,7.5,202.0202,1.5152
0.275,50.0,0.9,8.125,202.0202,1.6414
0.275,50.0,0.9,8.75,202.0202,1.7677
0.275,50.0,0.9,9.375,202.0202,1.8939
0.275,50.0,0.9,10.0,202.0202,2.0202
0.275,56.25,0.8,5.0,255.6818,1.2784
0.275,56.25,0.8,5.625,255.6818,1.4382
0.275,56.25,0.8,6.25,255.6818,1.598
0.275,56.25,0.8,6.875,255.6818,1.7578
0.275,56.25,0.8,7.5,255.6818,1.9176
0.275,56.25,0.8,8.125,255.6818,2.0774
0.275,56.25,0.8,8.75,255.6818,2.2372
0.275,56.25,0.8,9.375,255.6818,2.397
0.275,56.25,0.8,10.0,255.6818,2.5568
0.275,56.25,0.8125,5.0,251.7483,1.2587
0.275,56.25,0.8125,5.625,251.7483,1.4161
0.275,56.25,0.8125,6.25,251.7483,1.5734
0.275,56.25,0.8125,6.875,251.7483,1.7308
0.275,56.25,0.8125,7.5,251.7483,1.8881
0.275,56.25,0.8125,8.125,251.7483,2.0455
0.275,56.25,0.8125,8.75,251.7483,2.2028
0.275,56.25,0.8125,9.375,251.7483,2.3601
0.275,56.25,0.8125,10.0,251.7483,2.5175
0.275,56.25,0.825,5.0,247.9339,1.2397
0.275,56.25,0.825,5.625,247.9339,1.3946
0.275,56.25,0.825,6.25,247.9339,1.5496
0.275,56.25,0.825,6.875,247.9339,1.7045
0.275,56.25,0.825,7.5,247.9339,1.8595
0.275,56.25,0.825,8.125,247.9339,2.0145
0.275,56.25,0.825,8.75,247.9339,2.1694
0.275,56.25,0.825,9.375,247.9339,2.3244
0.275,56.25,0.825,10.0,247.9339,2.4793
0.275,56.25,0.8375,5.0,244.2334,1.2212
0.275,56.25,0.8375,5.625,244.2334,1.3738
0.275,56.25,0.8375,6.25,244.2334,1.5265
0.275,56.25,0.8375,6.875,244.2334,1.6791
0.275,56.25,0.8375,7.5,244.2334,1.8318
0.275,56.25,0.8375,8.125,244.2334,1.9844
0.275,56.25,0.8375,8.75,244.2334,2.137
0.275,56.25,0.8375,9.375,244.2334,2.2897
0.275,56.25,0.8375,10.0,244.2334,2.4423
0.275,56.25,0.85,5.0,240.6417,1.2032
0.275,56.25,0.85,5.625,240.6417,1.3536
0.275,56.25,0.85,6.25,240.6417,1.504
0.275,56.25,0.85,6.875,240.6417,1.6544
0.275,56.25,0.85,7.5,240.6417,1.8048
0.275,56.25,0.85,8.125,240.6417,1.9552
0.275,56.25,0.85,8.75,240.6417,2.1056
0.275,56.25,0.85,9.375,240.6417,2.256
0.275,56.25,0.85,10.0,240.6417,2.4064
0.275,56.25,0.8625,5.0,237.1542,1.1858
0.275,56.25,0.8625,5.625,237.1542,1.334
0.275,56.25,0.8625,6.25,237.1542,1.4822
0.275,56.25,0.8625,6.875,237.1542,1.6304
0.275,56.25,0.8625,7.5,237.1542,1.7787
0.275,56.25,0.8625,8.125,237.1542,1.9269
0.275,56.25,0.8625,8.75,237.1542,2.0751
0.275,56.25,0.8625,9.375,237.1542,2.2233
0.275,56.25,0.8625,10.0,237.1542,2.3715
0.275,56.25,0.875,5.0,233.7662,1.1688
0.275,56.25,0.875,5.625,233.7662,1.3149
0.275,56.25,0.875,6.25,233.7662,1.461
0.275,56.25,0.875,6.875,233.7662,1.6071
0.275,56.25,0.875,7.5,233.7662,1.7532
0.275,56.25,0.875,8.125,233.7662,1.8994
0.275,56.25,0.875,8.75,233.7662,2.0455
0.275,56.25,0.875,9.375,233.7662,2.1916
0.275,56.25,0.875,10.0,233.7662,2.3377
0.275,56.25,0.8875,5.0,230.4738,1.1524
0.275,56.25,0.8875,5.625,230.4738,1.2964
0.275,56.25,0.8875,6.25,230.4738,1.4405
0.275,56.25,0.8875,6.875,230.4738,1.5845
0.275,56.25,0.8875,7.5,230.4738,1.7286
0.275,56.25,0.8875,8.125,230.4738,1.8726
0.275,56.25,0.8875,8.75,230.4738,2.0166
0.275,56.25,0.8875,9.375,230.4738,2.1607
0.275,56.25,0.8875,10.0,230.4738,2.3047
0.275,56.25,0.9,5.0,227.2727,1.1364
0.275,56.25,0.9,5.625,227.2727,1.2784
0.275,56.25,0.9,6.25,227.2727,1.4205
0.275,56.25,0.9,6.875,227.2727,1.5625
0.275,56.25,0.9,7.5,227.2727,1.7045
0.275,56.25,0.9,8.125,227.2727,1.8466
0.275,56.25,0.9,8.75,227.2727,1.9886
0.275,56.25,0.9,9.375,227.2727,2.1307
0.275,56.25,0.9,10.0,227.2727,2.2727
0.275,62.5,0.8,5.0,284.0909,1.4205
0.275,62.5,0.8,5.625,284.0909,1.598
0.275,62.5,0.8,6.25,284.0909,1.7756
0.275,62.5,0.8,6.875,284.0909,1.9531
0.275,62.5,0.8,7.5,284.0909,2.1307
0.275,62.5,0.8,8.125,284.0909,2.3082
0.275,62.5,0.8,8.75,284.0909,2.4858
0.275,62.5,0.8,9.375,284.0909,2.6634
0.275,62.5,0.8,10.0,284.0909,2.8409
0.275,62.5,0.8125,5.0,279.7203,1.3986
0.275,62.5,0.8125,5.625,279.7203,1.5734
0.275,62.5,0.8125,6.25,279.7203,1.7483
0.275,62.5,0.8125,6.875,279.7203,1.9231
0.275,62.5,0.8125,7.5,279.7203,2.0979
0.275,62.5,0.8125,8.125,279.7203,2.2727
0.275,62.5,0.8125,8.75,279.7203,2.4476
0.275,62.5,0.8125,9.375,279.7203,2.6224
0.275,62.5,0.8125,10.0,279.7203,2.7972
0.275,62.5,0.825,5.0,275.4821,1.3774
0.275,62.5,0.825,5.625,275.4821,1.5496
0.275,62.5,0.825,6.25,275.4821,1.7218
0.275,62.5,0.825,6.875,275.4821,1.8939
0.275,62.5,0.825,7.5,275.4821,2.0661
0.275,62.5,0.825,8.125,275.4821,2.2383
0.275,62.5,0.825,8.75,275.4821,2.4105
0.275,62.5,0.825,9.375,275.4821,2.5826
0.275,62.5,0.825,10.0,275.4821,2.7548
0.275,62.5,0.8375,5.0,271.3704,1.3569
0.275,62.5,0.8375,5.625,271.3704,1.5265
0.275,62.5,0.8375,6.25,271.3704,1.6961
0.275,62.5,0.8375,6.875,271.3704,1.8657
0.275,62.5,0.8375,7.5,271.3704,2.0353
0.275,62.5,0.8375,8.125,271.3704,2.2049
0.275,62.5,0.8375,8.75,271.3704,2.3745
0.275,62.5,0.8375,9.375,271.3704,2.5441
0.275,62.5,0.8375,10.0,271.3704,2.7137
0.275,62.5,0.85,5.0,267.3797,1.3369
0.275,62.5,0.85,5.625,267.3797,1.504
0.275,62.5,0.85,6.25,267.3797,1.6711
0.275,62.5,0.85,6.875,267.3797,1.8382
0.275,62.5,0.85,7.5,267.3797,2.0053
0.275,62.5,0.85,8.125,267.3797,2.1725
0.275,62.5,0.85,8.75,267.3797,2.3396
0.275,62.5,0.85,9.375,267.3797,2.5067
0.275,62.5,0.85,10.0,267.3797,2.6738
0.275,62.5,0.8625,5.0,263.5046,1.3175
0.275,62.5,0.8625,5.625,263.5046,1.4822
0.275,62.5,0.8625,6.25,263.5046,1.6469
0.275,62.5,0.8625,6.875,263.5046,1.8116
0.275,62.5,0.8625,7.5,263.5046,1.9763
0.275,62.5,0.8625,8.125,263.5046,2.141
0.275,62.5,0.8625,8.75,263.5046,2.3057
0.275,62.5,0.8625,9.375,263.5046,2.4704
0.275,62.5,0.8625,10.0,263.5046,2.635
0.275,62.5,0.875,5.0,259.7403,1.2987
0.275,62.5,0.875,5.625,259.7403,1.461
0.275,62.5,0.875,6.25,259.7403,1.6234
0.275,62.5,0.875,6.875,259.7403,1.7857
0.275,62.5,0.875,7.5,259.7403,1.9481
0.275,62.5,0.875,8.125,259.7403,2.1104
0.275,62.5,0.875,8.75,259.7403,2.2727
0.275,62.5,0.875,9.375,259.7403,2.4351
0.275,62.5,0.875,10.0,259.7403,2.5974
0.275,62.5,0.8875,5.0,256.0819,1.2804
0.275,62.5,0.8875,5.625,256.0819,1.4405
0.275,62.5,0.8875,6.25,256.0819,1.6005
0.275,62.5,0.8875,6.875,256.0819,1.7606
0.275,62.5,0.8875,7.5,256.0819,1.9206
0.275,62.5,0.8875,8.125,256.0819,2.0807
0.275,62.5,0.8875,8.75,256.0819,2.2407
0.275,62.5,0.8875,9.375,256.0819,2.4008
0.275,62.5,0.8875,10.0,256.0819,2.5608
0.275,62.5,0.9,5.0,252.5253,1.2626
0.275,62.5,0.9,5.625,252.5253,1.4205
0.275,62.5,0.9,6.25,252.5253,1.5783
0.275,62.5,0.9,6.875,252.5253,1.7361
0.275,62.5,0.9,7.5,252.5253,1.8939
0.275,62.5,0.9,8.125,252.5253,2.0518
0.275,62.5,0.9,8.75,252.5253,2.2096
0.275,62.5,0.9,9.375,252.5253,2.3674
0.275,62.5,0.9,10.0,252.5253,2.5253
0.275,68.75,0.8,5.0,312.5,1.5625
0.275,68.75,0.8,5.625,312.5,1.7578
0.275,68.75,0.8,6.25,312.5,1.9531
0.275,68.75,0.8,6.875,312.5,2.1484
0.275,68.75,0.8,7.5,312.5,2.3437
0.275,68.75,0.8,8.125,312.5,2.5391
0.275,68.75,0.8,8.75,312.5,2.7344
0.275,68.75,0.8,9.375,312.5,2.9297
0.275,68.75,0.8,10.0,312.5,3.125
0.275,68.75,0.8125,5.0,307.6923,1.5385
0.275,68.75,0.8125,5.625,307.6923,1.7308
0.275,68.75,0.8125,6.25,307.6923,1.9231
0.275,68.75,0.8125,6.875,307.6923,2.1154
0.275,68.75,0.8125,7.5,307.6923,2.3077
0.275,68.75,0.8125,8.125,307.6923,2.5
0.275,68.75,0.8125,8.75,307.6923,2.6923
0.275,68.75,0.8125,9.375,307.6923,2.8846
0.275,68.75,0.8125,10.0,307.6923,3.0769
0.275,68.75,0.825,5.0,303.0303,1.5152
0.275,68.75,0.825,5.625,303.0303,1.7045
0.275,68.75,0.825,6.25,303.0303,1.8939
0.275,68.75,0.825,6.875,303.0303,2.0833
0.275,68.75,0.825,7.5,303.0303,2.2727
0.275,68.75,0.825,8.125,303.0303,2.4621
0.275,68.75,0.825,8.75,303.0303,2.6515
0.275,68.75,0.825,9.375,303.0303,2.8409
0.275,68.75,0.825,10.0,303.0303,3.0303
0.275,68.75,0.8375,5.0,298.5075,1.4925
0.275,68.75,0.8375,5.625,298.5075,1.6791
0.275,68.75,0.8375,6.25,298.5075,1.8657
0.275,68.75,0.8375,6.875,298.5075,2.0522
0.275,68.75,0.8375,7.5,298.5075,2.2388
0.275,68.75,0.8375,8.125,298.5075,2.4254
0.275,68.75,0.8375,8.75,298.5075,2.6119
0.275,68.75,0.8375,9.375,298.5075,2.7985
0.275,68.75,0.8375,10.0,298.5075,2.9851
0.275,68.75,0.85,5.0,294.1176,1.4706
0.275,68.75,0.85,5.625,294.1176,1.6544
0.275,68.75,0.85,6.25,294.1176,1.8382
0.275,68.75,0.85,6.875,294.1176,2.0221
0.275,68.75,0.85,7.5,294.1176,2.2059
0.275,68.75,0.85,8.125,294.1176,2.3897
0.275,68.75,0.85,8.75,294.1176,2.5735
0.275,68.75,0.85,9.375,294.1176,2.7574
0.275,68.75,0.85,10.0,294.1176,2.9412
0.275,68.75,0.8625,5.0,289.8551,1.4493
0.275,68.75,0.8625,5.625,289.8551,1.6304
0.275,68.75,0.8625,6.25,289.8551,1.8116
0.275,68.75,0.8625,6.875,289.8551,1.9928
0.275,68.75,0.8625,7.5,289.8551,2.1739
0.275,68.75,0.8625,8.125,289.8551,2.3551
0.275,68.75,0.8625,8.75,289.8551,2.5362
0.275,68.75,0.8625,9.375,289.8551,2.7174
0.275,68.75,0.8625,10.0,289.8551,2.8986
0.275,68.75,0.875,5.0,285.7143,1.4286
0.275,68.75,0.875,5.625,285.7143,1.6071
0.275,68.75,0.875,6.25,285.7143,1.7857
0.275,68.75,0.875,6.875,285.7143,1.9643
0.275,68.75,0.875,7.5,285.7143,2.1429
0.275,68.75,0.875,8.125,285.7143,2.3214
0.275,68.75,0.875,8.75,285.7143,2.5
0.275,68.75,0.875,9.375,285.7143,2.6786
0.275,68.75,0.875,10.0,285.7143,2.8571
0.275,68.75,0.8875,5.0,281.6901,1.4085
0.275,68.75,0.8875,5.625,281.6901,1.5845
0.275,68.75,0.8875,6.25,281.6901,1.7606
0.275,68.75,0.8875,6.875,281.6901,1.9366
0.275,68.75,0.8875,7.5,281.6901,2.1127
0.275,68.75,0.8875,8.125,281.6901,2.2887
0.275,68.75,0.8875,8.75,281.6901,2.4648
0.275,68.75,0.8875,9.375,281.6901,2.6408
0.275,68.75,0.8875,10.0,281.6901,2.8169
0.275,68.75,0.9,5.0,277.7778,1.3889
0.275,68.75,0.9,5.625,277.7778,1.5625
0.275,68.75,0.9,6.25,277.7778,1.7361
0.275,68.75,0.9,6.875,277.7778,1.9097
0.275,68.75,0.9,7.5,277.7778,2.0833
0.275,68.75,0.9,8.125,277.7778,2.2569
0.275,68.75,0.9,8.75,277.7778,2.4306
0.275,68.75,0.9,9.375,277.7778,2.6042
0.275,68.75,0.9,10.0,277.7778,2.7778
0.275,75.0,0.8,5.0,340.9091,1.7045
0.275,75.0,0.8,5.625,340.9091,1.9176
0.275,75.0,0.8,6.25,340.9091,2.1307
0.275,75.0,0.8,6.875,340.9091,2.3438
0.275,75.0,0.8,7.5,340.9091,2.5568
0.275,75.0,0.8,8.125,340.9091,2.7699
0.275,75.0,0.8,8.75,340.9091,2.983
0.275,75.0,0.8,9.375,340.9091,3.196
0.275,75.0,0.8,10.0,340.9091,3.4091
0.275,75.0,0.8125,5.0,335.6643,1.6783
0.275,75.0,0.8125,5.625,335.6643,1.8881
0.275,75.0,0.8125,6.25,335.6643,2.0979
0.275,75.0,0.8125,6.875,335.6643,2.3077
0.275,75.0,0.8125,7.5,335.6643,2.5175
0.275,75.0,0.8125,8.125,335.6643,2.7273
0.275,75.0,0.8125,8.75,335.6643,2.9371
0.275,75.0,0.8125,9.375,335.6643,3.1469
0.275,75.0,0.8125,10.0,335.6643,3.3566
0.275,75.0,0.825,5.0,330.5785,1.6529
0.275,75.0,0.825,5.625,330.5785,1.8595
0.275,75.0,0.825,6.25,330.5785,2.0661
0.275,75.0,0.825,6.875,330.5785,2.2727
0.275,75.0,0.825,7.5,330.5785,2.4793
0.275,75.0,0.825,8.125,330.5785,2.686
0.275,75.0,0.825,8.75,330.5785,2.8926
0.275,75.0,0.825,9.375,330.5785,3.0992
0.275,75.0,0.825,10.0,330.5785,3.3058
0.275,75.0,0.8375,5.0,325.6445,1.6282
0.275,75.0,0.8375,5.625,325.6445,1.8318
0.275,75.0,0.8375,6.25,325.6445,2.0353
0.275,75.0,0.8375,6.875,325.6445,2.2388
0.275,75.0,0.8375,7.5,325.6445,2.4423
0.275,75.0,0.8375,8.125,325.6445,2.6459
0.275,75.0,0.8375,8.75,325.6445,2.8494
0.275,75.0,0.8375,9.375,325.6445,3.0529
0.275,75.0,0.8375,10.0,325.6445,3.2564
0.275,75.0,0.85,5.0,320.8556,1.6043
0.275,75.0,0.85,5.625,320.8556,1.8048
0.275,75.0,0.85,6.25,320.8556,2.0053
0.275,75.0,0.85,6.875,320.8556,2.2059
0.275,75.0,0.85,7.5,320.8556,2.4064
0.275,75.0,0.85,8.125,320.8556,2.607
0.275,75.0,0.85,8.75,320.8556,2.8075
0.275,75.0,0.85,9.375,320.8556,3.008
0.275,75.0,0.85,10.0,320.8556,3.2086
0.275,75.0,0.8625,5.0,316.2055,1.581
0.275,75.0,0.8625,5.625,316.2055,1.7787
0.275,75.0,0.8625,6.25,316.2055,1.9763
0.275,75.0,0.8625,6.875,316.2055,2.1739
0.275,75.0,0.8625,7.5,316.2055,2.3715
0.275,75.0,0.8625,8.125,316.2055,2.5692
0.275,75.0,0.8625,8.75,316.2055,2.7668
0.275,75.0,0.8625,9.375,316.2055,2.9644
0.275,75.0,0.8625,10.0,316.2055,3.1621
0.275,75.0,0.875,5.0,311.6883,1.5584
0.275,75.0,0.875,5.625,311.6883,1.7532
0.275,75.0,0.875,6.25,311.6883,1.9481
0.275,75.0,0.875,6.875,311.6883,2.1429
0.275,75.0,0.875,7.5,311.6883,2.3377
0.275,75.0,0.875,8.125,311.6883,2.5325
0.275,75.0,0.875,8.75,311.6883,2.7273
0.275,75.0,0.875,9.375,311.6883,2.9221
0.275,75.0,0.875,10.0,311.6883,3.1169
0.275,75.0,0.8875,5.0,307.2983,1.5365
0.275,75.0,0.8875,5.625,307.2983,1.7286
0.275,75.0,0.8875,6.25,307.2983,1.9206
0.275,75.0,0.8875,6.875,307.2983,2.1127
0.275,75.0,0.8875,7.5,307.2983,2.3047
0.275,75.0,0.8875,8.125,307.2983,2.4968
0.275,75.0,0.8875,8.75,307.2983,2.6889
0.275,75.0,0.8875,9.375,307.2983,2.8809
0.275,75.0,0.8875,10.0,307.2983,3.073
0.275,75.0,0.9,5.0,303.0303,1.5152
0.275,75.0,0.9,5.625,303.0303,1.7045
0.275,75.0,0.9,6.25,303.0303,1.8939
0.275,75.0,0.9,6.875,303.0303,2.0833
0.275,75.0,0.9,7.5,303.0303,2.2727
0.275,75.0,0.9,8.125,303.0303,2.4621
0.275,75.0,0.9,8.75,303.0303,2.6515
0.275,75.0,0.9,9.375,303.0303,2.8409
0.275,75.0,0.9,10.0,303.0303,3.0303
0.275,81.25,0.8,5.0,369.3182,1.8466
0.275,81.25,0.8,5.625,369.3182,2.0774
0.275,81.25,0.8,6.25,369.3182,2.3082
0.275,81.25,0.8,6.875,369.3182,2.5391
0.275,81.25,0.8,7.5,369.3182,2.7699
0.275,81.25,0.8,8.125,369.3182,3.0007
0.275,81.25,0.8,8.75,369.3182,3.2315
0.275,81.25,0.8,9.375,369.3182,3.4624
0.275,81.25,0.8,10.0,369.3182,3.6932
0.275,81.25,0.8125,5.0,363.6364,1.8182
0.275,81.25,0.8125,5.625,363.6364,2.0455
0.275,81.25,0.8125,6.25,363.6364,2.2727
0.275,81.25,0.8125,6.875,363.6364,2.5
0.275,81.25,0.8125,7.5,363.6364,2.7273
0.275,81.25,0.8125,8.125,363.6364,2.9545
0.275,81.25,0.8125,8.75,363.6364,3.1818
0.275,81.25,0.8125,9.375,363.6364,3.4091
0.275,81.25,0.8125,10.0,363.6364,3.6364
0.275,81.25,0.825,5.0,358.1267,1.7906
0.275,81.25,0.825,5.625,358.1267,2.0145
0.275,81.25,0.825,6.25,358.1267,2.2383
0.275,81.25,0.825,6.875,358.1267,2.4621
0.275,81.25,0.825,7.5,358.1267,2.686
0.275,81.25,0.825,8.125,358.1267,2.9098
0.275,81.25,0.825,8.75,358.1267,3.1336
0.275,81.25,0.825,9.375,358.1267,3.3574
0.275,81.25,0.825,10.0,358.1267,3.5813
0.275,81.25,0.8375,5.0,352.7815,1.7639
0.275,81.25,0.8375,5.625,352.7815,1.9844
0.275,81.25,0.8375,6.25,352.7815,2.2049
0.275,81.25,0.8375,6.875,352.7815,2.4254
0.275,81.25,0.8375,7.5,352.7815,2.6459
0.275,81.25,0.8375,8.125,352.7815,2.8664
0.275,81.25,0.8375,8.75,352.7815,3.0868
0.275,81.25,0.8375,9.375,352.7815,3.3073
0.275,81.25,0.8375,10.0,352.7815,3.5278
0.275,81.25,0.85,5.0,347.5936,1.738
0.275,81.25,0.85,5.625,347.5936,1.9552
0.275,81.25,0.85,6.25,347.5936,2.1725
0.275,81.25,0.85,6.875,347.5936,2.3897
0.275,81.25,0.85,7.5,347.5936,2.607
0.275,81.25,0.85,8.125,347.5936,2.8242
0.275,81.25,0.85,8.75,347.5936,3.0414
0.275,81.25,0.85,9.375,347.5936,3.2587
0.275,81.25,0.85,10.0,347.5936,3.4759
0.275,81.25,0.8625,5.0,342.556,1.7128
0.275,81.25,0.8625,5.625,342.556,1.9269
0.275,81.25,0.8625,6.25,342.556,2.141
0.275,81.25,0.8625,6.875,342.556,2.3551
0.275,81.25,0.8625,7.5,342.556,2.5692
0.275,81.25,0.8625,8.125,342.556,2.7833
0.275,81.25,0.8625,8.75,342.556,2.9974
0.275,81.25,0.8625,9.375,342.556,3.2115
0.275,81.25,0.8625,10.0,342.556,3.4256
0.275,81.25,0.875,5.0,337.6623,1.6883
0.275,81.25,0.875,5.625,337.6623,1.8994
0.275,81.25,0.875,6.25,337.6623,2.1104
0.275,81.25,0.875,6.875,337.6623,2.3214
0.275,81.25,0.875,7.5,337.6623,2.5325
0.275,81.25,0.875,8.125,337.6623,2.7435
0.275,81.25,0.875,8.75,337.6623,2.9545
0.275,81.25,0.875,9.375,337.6623,3.1656
0.275,81.25,0.875,10.0,337.6623,3.3766
0.275,81.25,0.8875,5.0,332.9065,1.6645
0.275,81.25,0.8875,5.625,332.9065,1.8726
0.275,81.25,0.8875,6.25,332.9065,2.0807
0.275,81.25,0.8875,6.875,332.9065,2.2887
0.275,81.25,0.8875,7.5,332.9065,2.4968
0.275,81.25,0.8875,8.125,332.9065,2.7049
0.275,81.25,0.8875,8.75,332.9065,2.9129
0.275,81.25,0.8875,9.375,332.9065,3.121
0.275,81.25,0.8875,10.0,332.9065,3.3291
0.275,81.25,0.9,5.0,328.2828,1.6414
0.275,81.25,0.9,5.625,328.2828,1.8466
0.275,81.25,0.9,6.25,328.2828,2.0518
0.275,81.25,0.9,6.875,328.2828,2.2569
0.275,81.25,0.9,7.5,328.2828,2.4621
0.275,81.25,0.9,8.125,328.2828,2.6673
0.275,81.25,0.9,8.75,328.2828,2.8725
0.275,81.25,0.9,9.375,328.2828,3.0777
0.275,81.25,0.9,10.0,328.2828,3.2828
0.275,87.5,0.8,5.0,397.7273,1.9886
0.275,87.5,0.8,5.625,397.7273,2.2372
0.275,87.5,0.8,6.25,397.7273,2.4858
0.275,87.5,0.8,6.875,397.7273,2.7344
0.275,87.5,0.8,7.5,397.7273,2.983
0.275,87.5,0.8,8.125,397.7273,3.2315
0.275,87.5,0.8,8.75,397.7273,3.4801
0.275,87.5,0.8,9.375,397.7273,3.7287
0.275,87.5,0.8,10.0,397.7273,3.9773
0.275,87.5,0.8125,5.0,391.6084,1.958
0.275,87.5,0.8125,5.625,391.6084,2.2028
0.275,87.5,0.8125,6.25,391.6084,2.4476
0.275,87.5,0.8125,6.875,391.6084,2.6923
0.275,87.5,0.8125,7.5,391.6084,2.9371
0.275,87.5,0.8125,8.125,391.6084,3.1818
0.275,87.5,0.8125,8.75,391.6084,3.4266
0.275,87.5,0.8125,9.375,391.6084,3.6713
0.275,87.5,0.8125,10.0,391.6084,3.9161
0.275,87.5,0.825,5.0,385.6749,1.9284
0.275,87.5,0.825,5.625,385.6749,2.1694
0.275,87.5,0.825,6.25,385.6749,2.4105
0.275,87.5,0.825,6.875,385.6749,2.6515
0.275,87.5,0.825,7.5,385.6749,2.8926
0.275,87.5,0.825,8.125,385.6749,3.1336
0.275,87.5,0.825,8.75,385.6749,3.3747
0.275,87.5,0.825,9.375,385.6749,3.6157
0.275,87.5,0.825,10.0,385.6749,3.8567
0.275,87.5,0.8375,5.0,379.9186,1.8996
0.275,87.5,0.8375,5.625,379.9186,2.137
0.275,87.5,0.8375,6.25,379.9186,2.3745
0.275,87.5,0.8375,6.875,379.9186,2.6119
0.275,87.5,0.8375,7.5,379.9186,2.8494
0.275,87.5,0.8375,8.125,379.9186,3.0868
0.275,87.5,0.8375,8.75,379.9186,3.3243
0.275,87.5,0.8375,9.375,379.9186,3.5617
0.275,87.5,0.8375,10.0,379.9186,3.7992
0.275,87.5,0.85,5.0,374.3316,1.8717
0.275,87.5,0.85,5.625,374.3316,2.1056
0.275,87.5,0.85,6.25,374.3316,2.3396
0.275,87.5,0.85,6.875,374.3316,2.5735
0.275,87.5,0.85,7.5,374.3316,2.8075
0.275,87.5,0.85,8.125,374.3316,3.0414
0.275,87.5,0.85,8.75,374.3316,3.2754
0.275,87.5,0.85,9.375,374.3316,3.5094
0.275,87.5,0.85,10.0,374.3316,3.7433
0.275,87.5,0.8625,5.0,368.9065,1.8445
0.275,87.5,0.8625,5.625,368.9065,2.0751
0.275,87.5,0.8625,6.25,368.9065,2.3057
0.275,87.5,0.8625,6.875,368.9065,2.5362
0.275,87.5,0.8625,7.5,368.9065,2.7668
0.275,87.5,0.8625,8.125,368.9065,2.9974
0.275,87.5,0.8625,8.75,368.9065,3.2279
0.275,87.5,0.8625,9.375,368.9065,3.4585
0.275,87.5,0.8625,10.0,368.9065,3.6891
0.275,87.5,0.875,5.0,363.6364,1.8182
0.275,87.5,0.875,5.625,363.6364,2.0455
0.275,87.5,0.875,6.25,363.6364,2.2727
0.275,87.5,0.875,6.875,363.6364,2.5
0.275,87.5,0.875,7.5,363.6364,2.7273
0.275,87.5,0.875,8.125,363.6364,2.9545
0.275,87.5,0.875,8.75,363.6364,3.1818
0.275,87.5,0.875,9.375,363.6364,3.4091
0.275,87.5,0.875,10.0,363.6364,3.6364
0.275,87.5,0.8875,5.0,358.5147,1.7926
0.275,87.5,0.8875,5.625,358.5147,2.0166
0.275,87.5,0.8875,6.25,358.5147,2.2407
0.275,87.5,0.8875,6.875,358.5147,2.4648
0.275,87.5,0.8875,7.5,358.5147,2.6889
0.275,87.5,0.8875,8.125,358.5147,2.9129
0.275,87.5,0.8875,8.75,358.5147,3.137
0.275,87.5,0.8875,9.375,358.5147,3.3611
0.275,87.5,0.8875,10.0,358.5147,3.5851
0.275,87.5,0.9,5.0,353.5354,1.7677
0.275,87.5,0.9,5.625,353.5354,1.9886
0.275,87.5,0.9,6.25,353.5354,2.2096
0.275,87.5,0.9,6.875,353.5354,2.4306
0.275,87.5,0.9,7.5,353.5354,2.6515
0.275,87.5,0.9,8.125,353.5354,2.8725
0.275,87.5,0.9,8.75,353.5354,3.0934
0.275,87.5,0.9,9.375,353.5354,3.3144
0.275,87.5,0.9,10.0,353.5354,3.5354
0.275,93.75,0.8,5.0,426.1364,2.1307
0.275,93.75,0.8,5.625,426.1364,2.397
0.275,93.75,0.8,6.25,426.1364,2.6634
0.275,93.75,0.8,6.875,426.1364,2.9297
0.275,93.75,0.8,7.5,426.1364,3.196
0.275,93.75,0.8,8.125,426.1364,3.4624
0.275,93.75,0.8,8.75,426.1364,3.7287
0.275,93.75,0.8,9.375,426.1364,3.995
0.275,93.75,0.8,10.0,426.1364,4.2614
0.275,93.75,0.8125,5.0,419.5804,2.0979
0.275,93.75,0.8125,5.625,419.5804,2.3601
0.275,93.75,0.8125,6.25,419.5804,2.6224
0.275,93.75,0.8125,6.875,419.5804,2.8846
0.275,93.75,0.8125,7.5,419.5804,3.1469
0.275,93.75,0.8125,8.125,419.5804,3.4091
0.275,93.75,0.8125,8.75,419.5804,3.6713
0.275,93.75,0.8125,9.375,419.5804,3.9336
0.275,93.75,0.8125,10.0,419.5804,4.1958
0.275,93.75,0.825,5.0,413.2231,2.0661
0.275,93.75,0.825,5.625,413.2231,2.3244
0.275,93.75,0.825,6.25,413.2231,2.5826
0.275,93.75,0.825,6.875,413.2231,2.8409
0.275,93.75,0.825,7.5,413.2231,3.0992
0.275,93.75,0.825,8.125,413.2231,3.3574
0.275,93.75,0.825,8.75,413.2231,3.6157
0.275,93.75,0.825,9.375,413.2231,3.874
0.275,93.75,0.825,10.0,413.2231,4.1322
0.275,93.75,0.8375,5.0,407.0556,2.0353
0.275,93.75,0.8375,5.625,407.0556,2.2897
0.275,93.75,0.8375,6.25,407.0556,2.5441
0.275,93.75,0.8375,6.875,407.0556,2.7985
0.275,93.75,0.8375,7.5,407.0556,3.0529
0.275,93.75,0.8375,8.125,407.0556,3.3073
0.275,93.75,0.8375,8.75,407.0556,3.5617
0.275,93.75,0.8375,9.375,407.0556,3.8161
0.275,93.75,0.8375,10.0,407.0556,4.0706
0.275,93.75,0.85,5.0,401.0695,2.0053
0.275,93.75,0.85,5.625,401.0695,2.256
0.275,93.75,0.85,6.25,401.0695,2.5067
0.275,93.75,0.85,6.875,401.0695,2.7574
0.275,93.75,0.85,7.5,401.0695,3.008
0.275,93.75,0.85,8.125,401.0695,3.2587
0.275,93.75,0.85,8.75,401.0695,3.5094
0.275,93.75,0.85,9.375,401.0695,3.76
0.275,93.75,0.85,10.0,401.0695,4.0107
0.275,93.75,0.8625,5.0,395.2569,1.9763
0.275,93.75,0.8625,5.625,395.2569,2.2233
0.275,93.75,0.8625,6.25,395.2569,2.4704
0.275,93.75,0.8625,6.875,395.2569,2.7174
0.275,93.75,0.8625,7.5,395.2569,2.9644
0.275,93.75,0.8625,8.125,395.2569,3.2115
0.275,93.75,0.8625,8.75,395.2569,3.4585
0.275,93.75,0.8625,9.375,395.2569,3.7055
0.275,93.75,0.8625,10.0,395.2569,3.9526
0.275,93.75,0.875,5.0,389.6104,1.9481
0.275,93.75,0.875,5.625,389.6104,2.1916
0.275,93.75,0.875,6.25,389.6104,2.4351
0.275,93.75,0.875,6.875,389.6104,2.6786
0.275,93.75,0.875,7.5,389.6104,2.9221
0.275,93.75,0.875,8.125,389.6104,3.1656
0.275,93.75,0.875,8.75,389.6104,3.4091
0.275,93.75,0.875,9.375,389.6104,3.6526
0.275,93.75,0.875,10.0,389.6104,3.8961
0.275,93.75,0.8875,5.0,384.1229,1.9206
0.275,93.75,0.8875,5.625,384.1229,2.1607
0.275,93.75,0.8875,6.25,384.1229,2.4008
0.275,93.75,0.8875,6.875,384.1229,2.6408
0.275,93.75,0.8875,7.5,384.1229,2.8809
0.275,93.75,0.8875,8.125,384.1229,3.121
0.275,93.75,0.8875,8.75,384.1229,3.3611
0.275,93.75,0.8875,9.375,384.1229,3.6012
0.275,93.75,0.8875,10.0,384.1229,3.8412
0.275,93.75,0.9,5.0,378.7879,1.8939
0.275,93.75,0.9,5.625,378.7879,2.1307
0.275,93.75,0.9,6.25,378.7879,2.3674
0.275,93.75,0.9,6.875,378.7879,2.6042
0.275,93.75,0.9,7.5,378.7879,2.8409
0.275,93.75,0.9,8.125,378.7879,3.0777
0.275,93.75,0.9,8.75,378.7879,3.3144
0.275,93.75,0.9,9.375,378.7879,3.5511
0.275,93.75,0.9,10.0,378.7879,3.7879
0.275,100.0,0.8,5.0,454.5455,2.2727
0.275,100.0,0.8,5.625,454.5455,2.5568
0.275,100.0,0.8,6.25,454.5455,2.8409
0.275,100.0,0.8,6.875,454.5455,3.125
0.275,100.0,0.8,7.5,454.5455,3.4091
0.275,100.0,0.8,8.125,454.5455,3.6932
0.275,100.0,0.8,8.75,454.5455,3.9773
0.275,100.0,0.8,9.375,454.5455,4.2614
0.275,100.0,0.8,10.0,454.5455,4.5455
0.275,100.0,0.8125,5.0,447.5524,2.2378
0.275,100.0,0.8125,5.625,447.5524,2.5175
0.275,100.0,0.8125,6.25,447.5524,2.7972
0.275,100.0,0.8125,6.875,447.5524,3.0769
0.275,100.0,0.8125,7.5,447.5524,3.3566
0.275,100.0,0.8125,8.125,447.5524,3.6364
0.275,100.0,0.8125,8.75,447.5524,3.9161
0.275,100.0,0.8125,9.375,447.5524,4.1958
0.275,100.0,0.8125,10.0,447.5524,4.4755
0.275,100.0,0.825,5.0,440.7713,2.2039
0.275,100.0,0.825,5.625,440.7713,2.4793
0.275,100.0,0.825,6.25,440.7713,2.7548
0.275,100.0,0.825,6.875,440.7713,3.0303
0.275,100.0,0.825,7.5,440.7713,3.3058
0.275,100.0,0.825,8.125,440.7713,3.5813
0.275,100.0,0.825,8.75,440.7713,3.8567
0.275,100.0,0.825,9.375,440.7713,4.1322
0.275,100.0,0.825,10.0,440.7713,4.4077
0.275,100.0,0.8375,5.0,434.1927,2.171
0.275,100.0,0.8375,5.625,434.1927,2.4423
0.275,100.0,0.8375,6.25,434.1927,2.7137
0.275,100.0,0.8375,6.875,434.1927,2.9851
0.275,100.0,0.8375,7.5,434.1927,3.2564
0.275,100.0,0.8375,8.125,434.1927,3.5278
0.275,100.0,0.8375,8.75,434.1927,3.7992
0.275,100.0,0.8375,9.375,434.1927,4.0706
0.275,100.0,0.8375,10.0,434.1927,4.3419
0.275,100.0,0.85,5.0,427.8075,2.139
0.275,100.0,0.85,5.625,427.8075,2.4064
0.275,100.0,0.85,6.25,427.8075,2.6738
0.275,100.0,0.85,6.875,427.8075,2.9412
0.275,100.0,0.85,7.5,427.8075,3.2086
0.275,100.0,0.85,8.125,427.8075,3.4759
0.275,100.0,0.85,8.75,427.8075,3.7433
0.275,100.0,0.85,9.375,427.8075,4.0107
0.275,100.0,0.85,10.0,427.8075,4.2781
0.275,100.0,0.8625,5.0,421.6074,2.108
0.275,100.0,0.8625,5.625,421.6074,2.3715
0.275,100.0,0.8625,6.25,421.6074,2.635
0.275,100.0,0.8625,6.875,421.6074,2.8986
0.275,100.0,0.8625,7.5,421.6074,3.1621
0.275,100.0,0.8625,8.125,421.6074,3.4256
0.275,100.0,0.8625,8.75,421.6074,3.6891
0.275,100.0,0.8625,9.375,421.6074,3.9526
0.275,100.0,0.8625,10.0,421.6074,4.2161
0.275,100.0,0.875,5.0,415.5844,2.0779
0.275,100.0,0.875,5.625,415.5844,2.3377
0.275,100.0,0.875,6.25,415.5844,2.5974
0.275,100.0,0.875,6.875,415.5844,2.8571
0.275,100.0,0.875,7.5,415.5844,3.1169
0.275,100.0,0.875,8.125,415.5844,3.3766
0.275,100.0,0.875,8.75,415.5844,3.6364
0.275,100.0,0.875,9.375,415.5844,3.8961
0.275,100.0,0.875,10.0,415.5844,4.1558
0.275,100.0,0.8875,5.0,409.7311,2.0487
0.275,100.0,0.8875,5.625,409.7311,2.3047
0.275,100.0,0.8875,6.25,409.7311,2.5608
0.275,100.0,0.8875,6.875,409.7311,2.8169
0.275,100.0,0.8875,7.5,409.7311,3.073
0.275,100.0,0.8875,8.125,409.7311,3.3291
0.275,100.0,0.8875,8.75,409.7311,3.5851
0.275,100.0,0.8875,9.375,409.7311,3.8412
0.275,100.0,0.8875,10.0,409.7311,4.0973
0.275,100.0,0.9,5.0,404.0404,2.0202
0.275,100.0,0.9,5.625,404.0404,2.2727
0.275,100.0,0.9,6.25,404.0404,2.5253
0.275,100.0,0.9,6.875,404.0404,2.7778
0.275,100.0,0.9,7.5,404.0404,3.0303
0.275,100.0,0.9,8.125,404.0404,3.2828
0.275,100.0,0.9,8.75,404.0404,3.5354
0.275,100.0,0.9,9.375,404.0404,3.7879
0.275,100.0,0.9,10.0,404.0404,4.0404
0.3,50.0,0.8,5.0,208.3333,1.0417
0.3,50.0,0.8,5.625,208.3333,1.1719
0.3,50.0,0.8,6.25,208.3333,1.3021
0.3,50.0,0.8,6.875,208.3333,1.4323
0.3,50.0,0.8,7.5,208.3333,1.5625
0.3,50.0,0.8,8.125,208.3333,1.6927
0.3,50.0,0.8,8.75,208.3333,1.8229
0.3,50.0,0.8,9.375,208.3333,1.9531
0.3,50.0,0.8,10.0,208.3333,2.0833
0.3,50.0,0.8125,5.0,205.1282,1.0256
0.3,50.0,0.8125,5.625,205.1282,1.1538
0.3,50.0,0.8125,6.25,205.1282,1.2821
0.3,50.0,0.8125,6.875,205.1282,1.4103
0.3,50.0,0.8125,7.5,205.1282,1.5385
0.3,50.0,0.8125,8.125,205.1282,1.6667
0.3,50.0,0.8125,8.75,205.1282,1.7949
0.3,50.0,0.8125,9.375,205.1282,1.9231
0.3,50.0,0.8125,10.0,205.1282,2.0513
0.3,50.0,0.825,5.0,202.0202,1.0101
0.3,50.0,0.825,5.625,202.0202,1.1364
0.3,50.0,0.825,6.25,202.0202,1.2626
0.3,50.0,0.825,6.875,202.0202,1.3889
0.3,50.0,0.825,7.5,202.0202,1.5152
0.3,50.0,0.825,8.125,202.0202,1.6414
0.3,50.0,0.825,8.75,202.0202,1.7677
0.3,50.0,0.825,9.375,202.0202,1.8939
0.3,50.0,0.825,10.0,202.0202,2.0202
0.3,50.0,0.8375,5.0,199.005,0.995
0.3,50.0,0.8375,5.625,199.005,1.1194
0.3,50.0,0.8375,6.25,199.005,1.2438
0.3,50.0,0.8375,6.875,199.005,1.3682
0.3,50.0,0.8375,7.5,199.005,1.4925
0.3,50.0,0.8375,8.125,199.005,1.6169
0.3,50.0,0.8375,8.75,199.005,1.7413
0.3,50.0,0.8375,9.375,199.005,1.8657
0.3,50.0,0.8375,10.0,199.005,1.99
0.3,50.0,0.85,5.0,196.0784,0.9804
0.3,50.0,0.85,5.625,196.0784,1.1029
0.3,50.0,0.85,6.25,196.0784,1.2255
0.3,50.0,0.85,6.875,196.0784,1.348
0.3,50.0,0.85,7.5,196.0784,1.4706
0.3,50.0,0.85,8.125,196.0784,1.5931
0.3,50.0,0.85,8.75,196.0784,1.7157
0.3,50.0,0.85,9.375,196.0784,1.8382
0.3,50.0,0.85,10.0,196.0784,1.9608
0.3,50.0,0.8625,5.0,193.2367,0.9662
0.3,50.0,0.8625,5.625,193.2367,1.087
0.3,50.0,0.8625,6.25,193.2367,1.2077
0.3,50.0,0.8625,6.875,193.2367,1.3285
0.3,50.0,0.8625,7.5,193.2367,1.4493
0.3,50.0,0.8625,8.125,193.2367,1.57
0.3,50.0,0.8625,8.75,193.2367,1.6908
0.3,50.0,0.8625,9.375,193.2367,1.8116
0.3,50.0,0.8625,10.0,193.2367,1.9324
0.3,50.0,0.875,5.0,190.4762,0.9524
0.3,50.0,0.875,5.625,190.4762,1.0714
0.3,50.0,0.875,6.25,190.4762,1.1905
0.3,50.0,0.875,6.875,190.4762,1.3095
0.3,50.0,0.875,7.5,190.4762,1.4286
0.3,50.0,0.875,8.125,190.4762,1.5476
0.3,50.0,0.875,8.75,190.4762,1.6667
0.3,50.0,0.875,9.375,190.4762,1.7857
0.3,50.0,0.875,10.0,190.4762,1.9048
0.3,50.0,0.8875,5.0,187.7934,0.939
0.3,50.0,0.8875,5.625,187.7934,1.0563
0.3,50.0,0.8875,6.25,187.7934,1.1737
0.3,50.0,0.8875,6.875,187.7934,1.2911
0.3,50.0,0.8875,7.5,187.7934,1.4085
0.3,50.0,0.8875,8.125,187.7934,1.5258
0.3,50.0,0.8875,8.75,187.7934,1.6432
0.3,50.0,0.8875,9.375,187.7934,1.7606
0.3,50.0,0.8875,10.0,187.7934,1.8779
0.3,50.0,0.9,5.0,185.1852,0.9259
0.3,50.0,0.9,5.625,185.1852,1.0417
0.3,50.0,0.9,6.25,185.1852,1.1574
0.3,50.0,0.9,6.875,185.1852,1.2731
0.3,50.0,0.9,7.5,185.1852,1.3889
0.3,50.0,0.9,8.125,185.1852,1.5046
0.3,50.0,0.9,8.75,185.1852,1.6204
0.3,50.0,0.9,9.375,185.1852,1.7361
0.3,50.0,0.9,10.0,185.1852,1.8519
0.3,56.25,0.8,5.0,234.375,1.1719
0.3,56.25,0.8,5.625,234.375,1.3184
0.3,56.25,0.8,6.25,234.375,1.4648
0.3,56.25,0.8,6.875,234.375,1.6113
0.3,56.25,0.8,7.5,234.375,1.7578
0.3,56.25,0.8,8.125,234.375,1.9043
0.3,56.25,0.8,8.75,234.375,2.0508
0.3,56.25,0.8,9.375,234.375,2.1973
0.3,56.25,0.8,10.0,234.375,2.3437
0.3,56.25,0.8125,5.0,230.7692,1.1538
0.3,56.25,0.8125,5.625,230.7692,1.2981
0.3,56.25,0.8125,6.25,230.7692,1.4423
0.3,56.25,0.8125,6.875,230.7692,1.5865
0.3,56.25,0.8125,7.5,230.7692,1.7308
0.3,56.25,0.8125,8.125,230.7692,1.875
0.3,56.25,0.8125,8.75,230.7692,2.0192
0.3,56.25,0.8125,9.375,230.7692,2.1635
0.3,56.25,0.8125,10.0,230.7692,2.3077
0.3,56.25,0.825,5.0,227.2727,1.1364
0.3,56.25,0.825,5.625,227.2727,1.2784
0.3,56.25,0.825,6.25,227.2727,1.4205
0.3,56.25,0.825,6.875,227.2727,1.5625
0.3,56.25,0.825,7.5,227.2727,1.7045
0.3,56.25,0.825,8.125,227.2727,1.8466
0.3,56.25,0.825,8.75,227.2727,1.9886
0.3,56.25,0.825,9.375,227.2727,2.1307
0.3,56.25,0.825,10.0,227.2727,2.2727
0.3,56.25,0.8375,5.0,223.8806,1.1194
0.3,56.25,0.8375,5.625,223.8806,1.2593
0.3,56.25,0.8375,6.25,223.8806,1.3993
0.3,56.25,0.8375,6.875,223.8806,1.5392
0.3,56.25,0.8375,7.5,223.8806,1.6791
0.3,56.25,0.8375,8.125,223.8806,1.819
0.3,56.25,0.8375,8.75,223.8806,1.959
0.3,56.25,0.8375,9.375,223.8806,2.0989
0.3,56.25,0.8375,10.0,223.8806,2.2388
0.3,56.25,0.85,5.0,220.5882,1.1029
0.3,56.25,0.85,5.625,220.5882,1.2408
0.3,56.25,0.85,6.25,220.5882,1.3787
0.3,56.25,0.85,6.875,220.5882,1.5165
0.3,56.25,0.85,7.5,220.5882,1.6544
0.3,56.25,0.85,8.125,220.5882,1.7923
0.3,56.25,0.85,8.75,220.5882,1.9301
0.3,56.25,0.85,9.375,220.5882,2.068
0.3,56.25,0.85,10.0,220.5882,2.2059
0.3,56.25,0.8625,5.0,217.3913,1.087
0.3,56.25,0.8625,5.625,217.3913,1.2228
0.3,56.25,0.8625,6.25,217.3913,1.3587
0.3,56.25,0.8625,6.875,217.3913,1.4946
0.3,56.25,0.8625,7.5,217.3913,1.6304
0.3,56.25,0.8625,8.125,217.3913,1.7663
0.3,56.25,0.8625,8.75,217.3913,1.9022
0.3,56.25,0.8625,9.375,217.3913,2.038
0.3,56.25,0.8625,10.0,217.3913,2.1739
0.3,56.25,0.875,5.0,214.2857,1.0714
0.3,56.25,0.875,5.625,214.2857,1.2054
0.3,56.25,0.875,6.25,214.2857,1.3393
0.3,56.25,0.875,6.875,214.2857,1.4732
0.3,56.25,0.875,7.5,214.2857,1.6071
0.3,56.25,0.875,8.125,214.2857,1.7411
0.3,56.25,0.875,8.75,214.2857,1.875
0.3,56.25,0.875,9.375,214.2857,2.0089
0.3,56.25,0.875,10.0,214.2857,2.1429
0.3,56.25,0.8875,5.0,211.2676,1.0563
0.3,56.25,0.8875,5.625,211.2676,1.1884
0.3,56.25,0.8875,6.25,211.2676,1.3204
0.3,56.25,0.8875,6.875,211.2676,1.4525
0.3,56.25,0.8875,7.5,211.2676,1.5845
0.3,56.25,0.8875,8.125,211.2676,1.7165
0.3,56.25,0.8875,8.75,211.2676,1.8486
0.3,56.25,0.8875,9.375,211.2676,1.9806
0.3,56.25,0.8875,10.0,211.2676,2.1127
0.3,56.25,0.9,5.0,208.3333,1.0417
0.3,56.25,0.9,5.625,208.3333,1.1719
0.3,56.25,0.9,6.25,208.3333,1.3021
0.3,56.25,0.9,6.875,208.3333,1.4323
0.3,56.25,0.9,7.5,208.3333,1.5625
0.3,56.25,0.9,8.125,208.3333,1.6927
0.3,56.25,0.9,8.75,208.3333,1.8229
0.3,56.25,0.9,9.375,208.3333,1.9531
0.3,56.25,0.9,10.0,208.3333,2.0833
0.3,62.5,0.8,5.0,260.4167,1.3021
0.3,62.5,0.8,5.625,260.4167,1.4648
0.3,62.5,0.8,6.25,260.4167,1.6276
0.3,62.5,0.8,6.875,260.4167,1.7904
0.3,62.5,0.8,7.5,260.4167,1.9531
0.3,62.5,0.8,8.125,260.4167,2.1159
0.3,62.5,0.8,8.75,260.4167,2.2786
0.3,62.5,0.8,9.375,260.4167,2.4414
0.3,62.5,0.8,10.0,260.4167,2.6042
0.3,62.5,0.8125,5.0,256.4103,1.2821
0.3,62.5,0.8125,5.625,256.4103,1.4423
0.3,62.5,0.8125,6.25,256.4103,1.6026
0.3,62.5,0.8125,6.875,256.4103,1.7628
0.3,62.5,0.8125,7.5,256.4103,1.9231
0.3,62.5,0.8125,8.125,256.4103,2.0833
0.3,62.5,0.8125,8.75,256.4103,2.2436
0.3,62.5,0.8125,9.375,256.4103,2.4038
0.3,62.5,0.8125,10.0,256.4103,2.5641
0.3,62.5,0.825,5.0,252.5253,1.2626
0.3,62.5,0.825,5.625,252.5253,1.4205
0.3,62.5,0.825,6.25,252.5253,1.5783
0.3,62.5,0.825,6.875,252.5253,1.7361
0.3,62.5,0.825,7.5,252.5253,1.8939
0.3,62.5,0.825,8.125,252.5253,2.0518
0.3,62.5,0.825,8.75,252.5253,2.2096
0.3,62.5,0.825,9.375,252.5253,2.3674
0.3,62.5,0.825,10.0,252.5253,2.5253
0.3,62.5,0.8375,5.0,248.7562,1.2438
0.3,62.5,0.8375,5.625,248.7562,1.3993
0.3,62.5,0.8375,6.25,248.7562,1.5547
0.3,62.5,0.8375,6.875,248.7562,1.7102
0.3,62.5,0.8375,7.5,248.7562,1.8657
0.3,62.5,0.8375,8.125,248.7562,2.0211
0.3,62.5,0.8375,8.75,248.7562,2.1766
0.3,62.5,0.8375,9.375,248.7562,2.3321
0.3,62.5,0.8375,10.0,248.7562,2.4876
0.3,62.5,0.85,5.0,245.098,1.2255
0.3,62.5,0.85,5.625,245.098,1.3787
0.3,62.5,0.85,6.25,245.098,1.5319
0.3,62.5,0.85,6.875,245.098,1.685
0.3,62.5,0.85,7.5,245.098,1.8382
0.3,62.5,0.85,8.125,245.098,1.9914
0.3,62.5,0.85,8.75,245.098,2.1446
0.3,62.5,0.85,9.375,245.098,2.2978
0.3,62.5,0.85,10.0,245.098,2.451
0.3,62.5,0.8625,5.0,241.5459,1.2077
0.3,62.5,0.8625,5.625,241.5459,1.3587
0.3,62.5,0.8625,6.25,241.5459,1.5097
0.3,62.5,0.8625,6.875,241.5459,1.6606
0.3,62.5,0.8625,7.5,241.5459,1.8116
0.3,62.5,0.8625,8.125,241.5459,1.9626
0.3,62.5,0.8625,8.75,241.5459,2.1135
0.3,62.5,0.8625,9.375,241.5459,2.2645
0.3,62.5,0.8625,10.0,241.5459,2.4155
0.3,62.5,0.875,5.0,238.0952,1.1905
0.3,62.5,0.875,5.625,238.0952,1.3393
0.3,62.5,0.875,6.25,238.0952,1.4881
0.3,62.5,0.875,6.875,238.0952,1.6369
0.3,62.5,0.875,7.5,238.0952,1.7857
0.3,62.5,0.875,8.125,238.0952,1.9345
0.3,62.5,0.875,8.75,238.0952,2.0833
0.3,62.5,0.875,9.375,238.0952,2.2321
0.3,62.5,0.875,10.0,238.0952,2.381
0.3,62.5,0.8875,5.0,234.7418,1.1737
0.3,62.5,0.8875,5.625,234.7418,1.3204
0.3,62.5,0.8875,6.25,234.7418,1.4671
0.3,62.5,0.8875,6.875,234.7418,1.6138
0.3,62.5,0.8875,7.5,234.7418,1.7606
0.3,62.5,0.8875,8.125,234.7418,1.9073
0.3,62.5,0.8875,8.75,234.7418,2.054
0.3,62.5,0.8875,9.375,234.7418,2.2007
0.3,62.5,0.8875,10.0,234.7418,2.3474
0.3,62.5,0.9,5.0,231.4815,1.1574
0.3,62.5,0.9,5.625,231.4815,1.3021
0.3,62.5,0.9,6.25,231.4815,1.4468
0.3,62.5,0.9,6.875,231.4815,1.5914
0.3,62.5,0.9,7.5,231.4815,1.7361
0.3,62.5,0.9,8.125,231.4815,1.8808
0.3,62.5,0.9,8.75,231.4815,2.0255
0.3,62.5,0.9,9.375,231.4815,2.1701
0.3,62.5,0.9,10.0,231.4815,2.3148
0.3,68.75,0.8,5.0,286.4583,1.4323
0.3,68.75,0.8,5.625,286.4583,1.6113
0.3,68.75,0.8,6.25,286.4583,1.7904
0.3,68.75,0.8,6.875,286.4583,1.9694
0.3,68.75,0.8,7.5,286.4583,2.1484
0.3,68.75,0.8,8.125,286.4583,2.3275
0.3,68.75,0.8,8.75,286.4583,2.5065
0.3,68.75,0.8,9.375,286.4583,2.6855
0.3,68.75,0.8,10.0,286.4583,2.8646
0.3,68.75,0.8125,5.0,282.0513,1.4103
0.3,68.75,0.8125,5.625,282.0513,1.5865
0.3,68.75,0.8125,6.25,282.0513,1.7628
0.3,68.75,0.8125,6.875,282.0513,1.9391
0.3,68.75,0.8125,7.5,282.0513,2.1154
0.3,68.75,0.8125,8.125,282.0513,2.2917
0.3,68.75,0.8125,8.75,282.0513,2.4679
0.3,68.75,0.8125,9.375,282.0513,2.6442
0.3,68.75,0.8125,10.0,282.0513,2.8205
0.3,68.75,0.825,5.0,277.7778,1.3889
0.3,68.75,0.825,5.625,277.7778,1.5625
0.3,68.75,0.825,6.25,277.7778,1.7361
0.3,68.75,0.825,6.875,277.7778,1.9097
0.3,68.75,0.825,7.5,277.7778,2.0833
0.3,68.75,0.825,8.125,277.7778,2.2569
0.3,68.75,0.825,8.75,277.7778,2.4306
0.3,68.75,0.825,9.375,277.7778,2.6042
0.3,68.75,0.825,10.0,277.7778,2.7778
0.3,68.75,0.8375,5.0,273.6318,1.3682
0.3,68.75,0.8375,5.625,273.6318,1.5392
0.3,68.75,0.8375,6.25,273.6318,1.7102
0.3,68.75,0.8375,6.875,273.6318,1.8812
0.3,68.75,0.8375,7.5,273.6318,2.0522
0.3,68.75,0.8375,8.125,273.6318,2.2233
0.3,68.75,0.8375,8.75,273.6318,2.3943
0.3,68.75,0.8375,9.375,273.6318,2.5653
0.3,68.75,0.8375,10.0,273.6318,2.7363
0.3,68.75,0.85,5.0,269.6078,1.348
0.3,68.75,0.85,5.625,269.6078,1.5165
0.3,68.75,0.85,6.25,269.6078,1.685
0.3,68.75,0.85,6.875,269.6078,1.8536
0.3,68.75,0.85,7.5,269.6078,2.0221
0.3,68.75,0.85,8.125,269.6078,2.1906
0.3,68.75,0.85,8.75,269.6078,2.3591
0.3,68.75,0.85,9.375,269.6078,2.5276
0.3,68.75,0.85,10.0,269.6078,2.6961
0.3,68.75,0.8625,5.0,265.7005,1.3285
0.3,68.75,0.8625,5.625,265.7005,1.4946
0.3,68.75,0.8625,6.25,265.7005,1.6606
0.3,68.75,0.8625,6.875,265.7005,1.8267
0.3,68.75,0.8625,7.5,265.7005,1.9928
0.3,68.75,0.8625,8.125,265.7005,2.1588
0.3,68.75,0.8625,8.75,265.7005,2.3249
0.3,68.75,0.8625,9.375,265.7005,2.4909
0.3,68.75,0.8625,10.0,265.7005,2.657
0.3,68.75,0.875,5.0,261.9048,1.3095
0.3,68.75,0.875,5.625,261.9048,1.4732
0.3,68.75,0.875,6.25,261.9048,1.6369
0.3,68.75,0.875,6.875,261.9048,1.8006
0.3,68.75,0.875,7.5,261.9048,1.9643
0.3,68.75,0.875,8.125,261.9048,2.128
0.3,68.75,0.875,8.75,261.9048,2.2917
0.3,68.75,0.875,9.375,261.9048,2.4554
0.3,68.75,0.875,10.0,261.9048,2.619
0.3,68.75,0.8875,5.0,258.216,1.2911
0.3,68.75,0.8875,5.625,258.216,1.4525
0.3,68.75,0.8875,6.25,258.216,1.6138
0.3,68.75,0.8875,6.875,258.216,1.7752
0.3,68.75,0.8875,7.5,258.216,1.9366
0.3,68.75,0.8875,8.125,258.216,2.098
0.3,68.75,0.8875,8.75,258.216,2.2594
0.3,68.75,0.8875,9.375,258.216,2.4208
0.3,68.75,0.8875,10.0,258.216,2.5822
0.3,68.75,0.9,5.0,254.6296,1.2731
0.3,68.75,0.9,5.625,254.6296,1.4323
0.3,68.75,0.9,6.25,254.6296,1.5914
0.3,68.75,0.9,6.875,254.6296,1.7506
0.3,68.75,0.9,7.5,254.6296,1.9097
0.3,68.75,0.9,8.125,254.6296,2.0689
0.3,68.75,0.9,8.75,254.6296,2.228
0.3,68.75,0.9,9.375,254.6296,2.3872
0.3,68.75,0.9,10.0,254.6296,2.5463
0.3,75.0,0.8,5.0,312.5,1.5625
0.3,75.0,0.8,5.625,312.5,1.7578
0.3,75.0,0.8,6.25,312.5,1.9531
0.3,75.0,0.8,6.875,312.5,2.1484
0.3,75.0,0.8,7.5,312.5,2.3437
0.3,75.0,0.8,8.125,312.5,2.5391
0.3,75.0,0.8,8.75,312.5,2.7344
0.3,75.0,0.8,9.375,312.5,2.9297
0.3,75.0,0.8,10.0,312.5,3.125
0.3,75.0,0.8125,5.0,307.6923,1.5385
0.3,75.0,0.8125,5.625,307.6923,1.7308
0.3,75.0,0.8125,6.25,307.6923,1.9231
0.3,75.0,0.8125,6.875,307.6923,2.1154
0.3,75.0,0.8125,7.5,307.6923,2.3077
0.3,75.0,0.8125,8.125,307.6923,2.5
0.3,75.0,0.8125,8.75,307.6923,2.6923
0.3,75.0,0.8125,9.375,307.6923,2.8846
0.3,75.0,0.8125,10.0,307.6923,3.0769
0.3,75.0,0.825,5.0,303.0303,1.5152
0.3,75.0,0.825,5.625,303.0303,1.7045
0.3,75.0,0.825,6.25,303.0303,1.8939
0.3,75.0,0.825,6.875,303.0303,2.0833
0.3,75.0,0.825,7.5,303.0303,2.2727
0.3,75.0,0.825,8.125,303.0303,2.4621
0.3,75.0,0.825,8.75,303.0303,2.6515
0.3,75.0,0.825,9.375,303.0303,2.8409
0.3,75.0,0.825,10.0,303.0303,3.0303
0.3,75.0,0.8375,5.0,298.5075,1.4925
0.3,75.0,0.8375,5.625,298.5075,1.6791
0.3,75.0,0.8375,6.25,298.5075,1.8657
0.3,75.0,0.8375,6.875,298.5075,2.0522
0.3,75.0,0.8375,7.5,298.5075,2.2388
0.3,75.0,0.8375,8.125,298.5075,2.4254
0.3,75.0,0.8375,8.75,298.5075,2.6119
0.3,75.0,0.8375,9.375,298.5075,2.7985
0.3,75.0,0.8375,10.0,298.5075,2.9851
0.3,75.0,0.85,5.0,294.1176,1.4706
0.3,75.0,0.85,5.625,294.1176,1.6544
0.3,75.0,0.85,6.25,294.1176,1.8382
0.3,75.0,0.85,6.875,294.1176,2.0221
0.3,75.0,0.85,7.5,294.1176,2.2059
0.3,75.0,0.85,8.125,294.1176,2.3897
0.3,75.0,0.85,8.75,294.1176,2.5735
0.3,75.0,0.85,9.375,294.1176,2.7574
0.3,75.0,0.85,10.0,294.1176,2.9412
0.3,75.0,0.8625,5.0,289.8551,1.4493
0.3,75.0,0.8625,5.625,289.8551,1.6304
0.3,75.0,0.8625,6.25,289.8551,1.8116
0.3,75.0,0.8625,6.875,289.8551,1.9928
0.3,75.0,0.8625,7.5,289.8551,2.1739
0.3,75.0,0.8625,8.125,289.8551,2.3551
0.3,75.0,0.8625,8.75,289.8551,2.5362
0.3,75.0,0.8625,9.375,289.8551,2.7174
0.3,75.0,0.8625,10.0,289.8551,2.8986
0.3,75.0,0.875,5.0,285.7143,1.4286
0.3,75.0,0.875,5.625,285.7143,1.6071
0.3,75.0,0.875,6.25,285.7143,1.7857
0.3,75.0,0.875,6.875,285.7143,1.9643
0.3,75.0,0.875,7.5,285.7143,2.1429
0.3,75.0,0.875,8.125,285.7143,2.3214
0.3,75.0,0.875,8.75,285.7143,2.5
0.3,75.0,0.875,9.375,285.7143,2.6786
0.3,75.0,0.875,10.0,285.7143,2.8571
0.3,75.0,0.8875,5.0,281.6901,1.4085
0.3,75.0,0.8875,5.625,281.6901,1.5845
0.3,75.0,0.8875,6.25,281.6901,1.7606
0.3,75.0,0.8875,6.875,281.6901,1.9366
0.3,75.0,0.8875,7.5,281.6901,2.1127
0.3,75.0,0.8875,8.125,281.6901,2.2887
0.3,75.0,0.8875,8.75,281.6901,2.4648
0.3,75.0,0.8875,9.375,281.6901,2.6408
0.3,75.0,0.8875,10.0,281.6901,2.8169
0.3,75.0,0.9,5.0,277.7778,1.3889
0.3,75.0,0.9,5.625,277.7778,1.5625
0.3,75.0,0.9,6.25,277.7778,1.7361
0.3,75.0,0.9,6.875,277.7778,1.9097
0.3,75.0,0.9,7.5,277.7778,2.0833
0.3,75.0,0.9,8.125,277.7778,2.2569
0.3,75.0,0.9,8.75,277.7778,2.4306
0.3,75.0,0.9,9.375,277.7778,2.6042
0.3,75.0,0.9,10.0,277.7778,2.7778
0.3,81.25,0.8,5.0,338.5417,1.6927
0.3,81.25,0.8,5.625,338.5417,1.9043
0.3,81.25,0.8,6.25,338.5417,2.1159
0.3,81.25,0.8,6.875,338.5417,2.3275
0.3,81.25,0.8,7.5,338.5417,2.5391
0.3,81.25,0.8,8.125,338.5417,2.7507
0.3,81.25,0.8,8.75,338.5417,2.9622
0.3,81.25,0.8,9.375,338.5417,3.1738
0.3,81.25,0.8,10.0,338.5417,3.3854
0.3,81.25,0.8125,5.0,333.3333,1.6667
0.3,81.25,0.8125,5.625,333.3333,1.875
0.3,81.25,0.8125,6.25,333.3333,2.0833
0.3,81.25,0.8125,6.875,333.3333,2.2917
0.3,81.25,0.8125,7.5,333.3333,2.5
0.3,81.25,0.8125,8.125,333.3333,2.7083
0.3,81.25,0.8125,8.75,333.3333,2.9167
0.3,81.25,0.8125,9.375,333.3333,3.125
0.3,81.25,0.8125,10.0,333.3333,3.3333
0.3,81.25,0.825,5.0,328.2828,1.6414
0.3,81.25,0.825,5.625,328.2828,1.8466
0.3,81.25,0.825,6.25,328.2828,2.0518
0.3,81.25,0.825,6.875,328.2828,2.2569
0.3,81.25,0.825,7.5,328.2828,2.4621
0.3,81.25,0.825,8.125,328.2828,2.6673
0.3,81.25,0.825,8.75,328.2828,2.8725
0.3,81.25,0.825,9.375,328.2828,3.0777
0.3,81.25,0.825,10.0,328.2828,3.2828
0.3,81.25,0.8375,5.0,323.3831,1.6169
0.3,81.25,0.8375,5.625,323.3831,1.819
0.3,81.25,0.8375,6.25,323.3831,2.0211
0.3,81.25,0.8375,6.875,323.3831,2.2233
0.3,81.25,0.8375,7.5,323.3831,2.4254
0.3,81.25,0.8375,8.125,323.3831,2.6275
0.3,81.25,0.8375,8.75,323.3831,2.8296
0.3,81.25,0.8375,9.375,323.3831,3.0317
0.3,81.25,0.8375,10.0,323.3831,3.2338
0.3,81.25,0.85,5.0,318.6275,1.5931
0.3,81.25,0.85,5.625,318.6275,1.7923
0.3,81.25,0.85,6.25,318.6275,1.9914
0.3,81.25,0.85,6.875,318.6275,2.1906
0.3,81.25,0.85,7.5,318.6275,2.3897
0.3,81.25,0.85,8.125,318.6275,2.5888
0.3,81.25,0.85,8.75,318.6275,2.788
0.3,81.25,0.85,9.375,318.6275,2.9871
0.3,81.25,0.85,10.0,318.6275,3.1863
0.3,81.25,0.8625,5.0,314.0097,1.57
0.3,81.25,0.8625,5.625,314.0097,1.7663
0.3,81.25,0.8625,6.25,314.0097,1.9626
0.3,81.25,0.8625,6.875,314.0097,2.1588
0.3,81.25,0.8625,7.5,314.0097,2.3551
0.3,81.25,0.8625,8.125,314.0097,2.5513
0.3,81.25,0.8625,8.75,314.0097,2.7476
0.3,81.25,0.8625,9.375,314.0097,2.9438
0.3,81.25,0.8625,10.0,314.0097,3.1401
0.3,81.25,0.875,5.0,309.5238,1.5476
0.3,81.25,0.875,5.625,309.5238,1.7411
0.3,81.25,0.875,6.25,309.5238,1.9345
0.3,81.25,0.875,6.875,309.5238,2.128
0.3,81.25,0.875,7.5,309.5238,2.3214
0.3,81.25,0.875,8.125,309.5238,2.5149
0.3,81.25,0.875,8.75,309.5238,2.7083
0.3,81.25,0.875,9.375,309.5238,2.9018
0.3,81.25,0.875,10.0,309.5238,3.0952
0.3,81.25,0.8875,5.0,305.1643,1.5258
0.3,81.25,0.8875,5.625,305.1643,1.7165
0.3,81.25,0.8875,6.25,305.1643,1.9073
0.3,81.25,0.8875,6.875,305.1643,2.098
0.3,81.25,0.8875,7.5,305.1643,2.2887
0.3,81.25,0.8875,8.125,305.1643,2.4795
0.3,81.25,0.8875,8.75,305.1643,2.6702
0.3,81.25,0.8875,9.375,305.1643,2.8609
0.3,81.25,0.8875,10.0,305.1643,3.0516
0.3,81.25,0.9,5.0,300.9259,1.5046
0.3,81.25,0.9,5.625,300.9259,1.6927
0.3,81.25,0.9,6.25,300.9259,1.8808
0.3,81.25,0.9,6.875,300.9259,2.0689
0.3,81.25,0.9,7.5,300.9259,2.2569
0.3,81.25,0.9,8.125,300.9259,2.445
0.3,81.25,0.9,8.75,300.9259,2.6331
0.3,81.25,0.9,9.375,300.9259,2.8212
0.3,81.25,0.9,10.0,300.9259,3.0093
0.3,87.5,0.8,5.0,364.5833,1.8229
0.3,87.5,0.8,5.625,364.5833,2.0508
0.3,87.5,0.8,6.25,364.5833,2.2786
0.3,87.5,0.8,6.875,364.5833,2.5065
0.3,87.5,0.8,7.5,364.5833,2.7344
0.3,87.5,0.8,8.125,364.5833,2.9622
0.3,87.5,0.8,8.75,364.5833,3.1901
0.3,87.5,0.8,9.375,364.5833,3.418
0.3,87.5,0.8,10.0,364.5833,3.6458
0.3,87.5,0.8125,5.0,358.9744,1.7949
0.3,87.5,0.8125,5.625,358.9744,2.0192
0.3,87.5,0.8125,6.25,358.9744,2.2436
0.3,87.5,0.8125,6.875,358.9744,2.4679
0.3,87.5,0.8125,7.5,358.9744,2.6923
0.3,87.5,0.8125,8.125,358.9744,2.9167
0.3,87.5,0.8125,8.75,358.9744,3.141
0.3,87.5,0.8125,9.375,358.9744,3.3654
0.3,87.5,0.8125,10.0,358.9744,3.5897
0.3,87.5,0.825,5.0,353.5354,1.7677
0.3,87.5,0.825,5.625,353.5354,1.9886
0.3,87.5,0.825,6.25,353.5354,2.2096
0.3,87.5,0.825,6.875,353.5354,2.4306
0.3,87.5,0.825,7.5,353.5354,2.6515
0.3,87.5,0.825,8.125,353.5354,2.8725
0.3,87.5,0.825,8.75,353.5354,3.0934
0.3,87.5,0.825,9.375,353.5354,3.3144
0.3,87.5,0.825,10.0,353.5354,3.5354
0.3,87.5,0.8375,5.0,348.2587,1.7413
0.3,87.5,0.8375,5.625,348.2587,1.959
0.3,87.5,0.8375,6.25,348.2587,2.1766
0.3,87.5,0.8375,6.875,348.2587,2.3943
0.3,87.5,0.8375,7.5,348.2587,2.6119
0.3,87.5,0.8375,8.125,348.2587,2.8296
0.3,87.5,0.8375,8.75,348.2587,3.0473
0.3,87.5,0.8375,9.375,348.2587,3.2649
0.3,87.5,0.8375,10.0,348.2587,3.4826
0.3,87.5,0.85,5.0,343.1373,1.7157
0.3,87.5,0.85,5.625,343.1373,1.9301
0.3,87.5,0.85,6.25,343.1373,2.1446
0.3,87.5,0.85,6.875,343.1373,2.3591
0.3,87.5,0.85,7.5,343.1373,2.5735
0.3,87.5,0.85,8.125,343.1373,2.788
0.3,87.5,0.85,8.75,343.1373,3.0025
0.3,87.5,0.85,9.375,343.1373,3.2169
0.3,87.5,0.85,10.0,343.1373,3.4314
0.3,87.5,0.8625,5.0,338.1643,1.6908
0.3,87.5,0.8625,5.625,338.1643,1.9022
0.3,87.5,0.8625,6.25,338.1643,2.1135
0.3,87.5,0.8625,6.875,338.1643,2.3249
0.3,87.5,0.8625,7.5,338.1643,2.5362
0.3,87.5,0.8625,8.125,338.1643,2.7476
0.3,87.5,0.8625,8.75,338.1643,2.9589
0.3,87.5,0.8625,9.375,338.1643,3.1703
0.3,87.5,0.8625,10.0,338.1643,3.3816
0.3,87.5,0.875,5.0,333.3333,1.6667
0.3,87.5,0.875,5.625,333.3333,1.875
0.3,87.5,0.875,6.25,333.3333,2.0833
0.3,87.5,0.875,6.875,333.3333,2.2917
0.3,87.5,0.875,7.5,333.3333,2.5
0.3,87.5,0.875,8.125,333.3333,2.7083
0.3,87.5,0.875,8.75,333.3333,2.9167
0.3,87.5,0.875,9.375,333.3333,3.125
0.3,87.5,0.875,10.0,333.3333,3.3333
0.3,87.5,0.8875,5.0,328.6385,1.6432
0.3,87.5,0.8875,5.625,328.6385,1.8486
0.3,87.5,0.8875,6.25,328.6385,2.054
0.3,87.5,0.8875,6.875,328.6385,2.2594
0.3,87.5,0.8875,7.5,328.6385,2.4648
0.3,87.5,0.8875,8.125,328.6385,2.6702
0.3,87.5,0.8875,8.75,328.6385,2.8756
0.3,87.5,0.8875,9.375,328.6385,3.081
0.3,87.5,0.8875,10.0,328.6385,3.2864
0.3,87.5,0.9,5.0,324.0741,1.6204
0.3,87.5,0.9,5.625,324.0741,1.8229
0.3,87.5,0.9,6.25,324.0741,2.0255
0.3,87.5,0.9,6.875,324.0741,2.228
0.3,87.5,0.9,7.5,324.0741,2.4306
0.3,87.5,0.9,8.125,324.0741,2.6331
0.3,87.5,0.9,8.75,324.0741,2.8356
0.3,87.5,0.9,9.375,324.0741,3.0382
0.3,87.5,0.9,10.0,324.0741,3.2407
0.3,93.75,0.8,5.0,390.625,1.9531
0.3,93.75,0.8,5.625,390.625,2.1973
0.3,93.75,0.8,6.25,390.625,2.4414
0.3,93.75,0.8,6.875,390.625,2.6855
0.3,93.75,0.8,7.5,390.625,2.9297
0.3,93.75,0.8,8.125,390.625,3.1738
0.3,93.75,0.8,8.75,390.625,3.418
0.3,93.75,0.8,9.375,390.625,3.6621
0.3,93.75,0.8,10.0,390.625,3.9062
0.3,93.75,0.8125,5.0,384.6154,1.9231
0.3,93.75,0.8125,5.625,384.6154,2.1635
0.3,93.75,0.8125,6.25,384.6154,2.4038
0.3,93.75,0.8125,6.875,384.6154,2.6442
0.3,93.75,0.8125,7.5,384.6154,2.8846
0.3,93.75,0.8125,8.125,384.6154,3.125
0.3,93.75,0.8125,8.75,384.6154,3.3654
0.3,93.75,0.8125,9.375,384.6154,3.6058
0.3,93.75,0.8125,10.0,384.6154,3.8462
0.3,93.75,0.825,5.0,378.7879,1.8939
0.3,93.75,0.825,5.625,378.7879,2.1307
0.3,93.75,0.825,6.25,378.7879,2.3674
0.3,93.75,0.825,6.875,378.7879,2.6042
0.3,93.75,0.825,7.5,378.7879,2.8409
0.3,93.75,0.825,8.125,378.7879,3.0777
0.3,93.75,0.825,8.75,378.7879,3.3144
0.3,93.75,0.825,9.375,378.7879,3.5511
0.3,93.75,0.825,10.0,378.7879,3.7879
0.3,93.75,0.8375,5.0,373.1343,1.8657
0.3,93.75,0.8375,5.625,373.1343,2.0989
0.3,93.75,0.8375,6.25,373.1343,2.3321
0.3,93.75,0.8375,6.875,373.1343,2.5653
0.3,93.75,0.8375,7.5,373.1343,2.7985
0.3,93.75,0.8375,8.125,373.1343,3.0317
0.3,93.75,0.8375,8.75,373.1343,3.2649
0.3,93.75,0.8375,9.375,373.1343,3.4981
0.3,93.75,0.8375,10.0,373.1343,3.7313
0.3,93.75,0.85,5.0,367.6471,1.8382
0.3,93.75,0.85,5.625,367.6471,2.068
0.3,93.75,0.85,6.25,367.6471,2.2978
0.3,93.75,0.85,6.875,367.6471,2.5276
0.3,93.75,0.85,7.5,367.6471,2.7574
0.3,93.75,0.85,8.125,367.6471,2.9871
0.3,93.75,0.85,8.75,367.6471,3.2169
0.3,93.75,0.85,9.375,367.6471,3.4467
0.3,93.75,0.85,10.0,367.6471,3.6765
0.3,93.75,0.8625,5.0,362.3188,1.8116
0.3,93.75,0.8625,5.625,362.3188,2.038
0.3,93.75,0.8625,6.25,362.3188,2.2645
0.3,93.75,0.8625,6.875,362.3188,2.4909
0.3,93.75,0.8625,7.5,362.3188,2.7174
0.3,93.75,0.8625,8.125,362.3188,2.9438
0.3,93.75,0.8625,8.75,362.3188,3.1703
0.3,93.75,0.8625,9.375,362.3188,3.3967
0.3,93.75,0.8625,10.0,362.3188,3.6232
0.3,93.75,0.875,5.0,357.1429,1.7857
0.3,93.75,0.875,5.625,357.1429,2.0089
0.3,93.75,0.875,6.25,357.1429,2.2321
0.3,93.75,0.875,6.875,357.1429,2.4554
0.3,93.75,0.875,7.5,357.1429,2.6786
0.3,93.75,0.875,8.125,357.1429,2.9018
0.3,93.75,0.875,8.75,357.1429,3.125
0.3,93.75,0.875,9.375,357.1429,3.3482
0.3,93.75,0.875,10.0,357.1429,3.5714
0.3,93.75,0.8875,5.0,352.1127,1.7606
0.3,93.75,0.8875,5.625,352.1127,1.9806
0.3,93.75,0.8875,6.25,352.1127,2.2007
0.3,93.75,0.8875,6.875,352.1127,2.4208
0.3,93.75,0.8875,7.5,352.1127,2.6408
0.3,93.75,0.8875,8.125,352.1127,2.8609
0.3,93.75,0.8875,8.75,352.1127,3.081
0.3,93.75,0.8875,9.375,352.1127,3.3011
0.3,93.75,0.8875,10.0,352.1127,3.5211
0.3,93.75,0.9,5.0,347.2222,1.7361
0.3,93.75,0.9,5.625,347.2222,1.9531
0.3,93.75,0.9,6.25,347.2222,2.1701
0.3,93.75,0.9,6.875,347.2222,2.3872
0.3,93.75,0.9,7.5,347.2222,2.6042
0.3,93.75,0.9,8.125,347.2222,2.8212
0.3,93.75,0.9,8.75,347.2222,3.0382
0.3,93.75,0.9,9.375,347.2222,3.2552
0.3,93.75,0.9,10.0,347.2222,3.4722
0.3,100.0,0.8,5.0,416.6667,2.0833
0.3,100.0,0.8,5.625,416.6667,2.3437
0.3,100.0,0.8,6.25,416.6667,2.6042
0.3,100.0,0.8,6.875,416.6667,2.8646
0.3,100.0,0.8,7.5,416.6667,3.125
0.3,100.0,0.8,8.125,416.6667,3.3854
0.3,100.0,0.8,8.75,416.6667,3.6458
0.3,100.0,0.8,9.375,416.6667,3.9062
0.3,100.0,0.8,10.0,416.6667,4.1667
0.3,100.0,0.8125,5.0,410.2564,2.0513
0.3,100.0,0.8125,5.625,410.2564,2.3077
0.3,100.0,0.8125,6.25,410.2564,2.5641
0.3,100.0,0.8125,6.875,410.2564,2.8205
0.3,100.0,0.8125,7.5,410.2564,3.0769
0.3,100.0,0.8125,8.125,410.2564,3.3333
0.3,100.0,0.8125,8.75,410.2564,3.5897
0.3,100.0,0.8125,9.375,410.2564,3.8462
0.3,100.0,0.8125,10.0,410.2564,4.1026
0.3,100.0,0.825,5.0,404.0404,2.0202
0.3,100.0,0.825,5.625,404.0404,2.2727
0.3,100.0,0.825,6.25,404.0404,2.5253
0.3,100.0,0.825,6.875,404.0404,2.7778
0.3,100.0,0.825,7.5,404.0404,3.0303
0.3,100.0,0.825,8.125,404.0404,3.2828
0.3,100.0,0.825,8.75,404.0404,3.5354
0.3,100.0,0.825,9.375,404.0404,3.7879
0.3,100.0,0.825,10.0,404.0404,4.0404
0.3,100.0,0.8375,5.0,398.01,1.99
0.3,100.0,0.8375,5.625,398.01,2.2388
0.3,100.0,0.8375,6.25,398.01,2.4876
0.3,100.0,0.8375,6.875,398.01,2.7363
0.3,100.0,0.8375,7.5,398.01,2.9851
0.3,100.0,0.8375,8.125,398.01,3.2338
0.3,100.0,0.8375,8.75,398.01,3.4826
0.3,100.0,0.8375,9.375,398.01,3.7313
0.3,100.0,0.8375,10.0,398.01,3.9801
0.3,100.0,0.85,5.0,392.1569,1.9608
0.3,100.0,0.85,5.625,392.1569,2.2059
0.3,100.0,0.85,6.25,392.1569,2.451
0.3,100.0,0.85,6.875,392.1569,2.6961
0.3,100.0,0.85,7.5,392.1569,2.9412
0.3,100.0,0.85,8.125,392.1569,3.1863
0.3,100.0,0.85,8.75,392.1569,3.4314
0.3,100.0,0.85,9.375,392.1569,3.6765
0.3,100.0,0.85,10.0,392.1569,3.9216
0.3,100.0,0.8625,5.0,386.4734,1.9324
0.3,100.0,0.8625,5.625,386.4734,2.1739
0.3,100.0,0.8625,6.25,386.4734,2.4155
0.3,100.0,0.8625,6.875,386.4734,2.657
0.3,100.0,0.8625,7.5,386.4734,2.8986
0.3,100.0,0.8625,8.125,386.4734,3.1401
0.3,100.0,0.8625,8.75,386.4734,3.3816
0.3,100.0,0.8625,9.375,386.4734,3.6232
0.3,100.0,0.8625,10.0,386.4734,3.8647
0.3,100.0,0.875,5.0,380.9524,1.9048
0.3,100.0,0.875,5.625,380.9524,2.1429
0.3,100.0,0.875,6.25,380.9524,2.381
0.3,100.0,0.875,6.875,380.9524,2.619
0.3,100.0,0.875,7.5,380.9524,2.8571
0.3,100.0,0.875,8.125,380.9524,3.0952
0.3,100.0,0.875,8.75,380.9524,3.3333
0.3,100.0,0.875,9.375,380.9524,3.5714
0.3,100.0,0.875,10.0,380.9524,3.8095
0.3,100.0,0.8875,5.0,375.5869,1.8779
0.3,100.0,0.8875,5.625,375.5869,2.1127
0.3,100.0,0.8875,6.25,375.5869,2.3474
0.3,100.0,0.8875,6.875,375.5869,2.5822
0.3,100.0,0.8875,7.5,375.5869,2.8169
0.3,100.0,0.8875,8.125,375.5869,3.0516
0.3,100.0,0.8875,8.75,375.5869,3.2864
0.3,100.0,0.8875,9.375,375.5869,3.5211
0.3,100.0,0.8875,10.0,375.5869,3.7559
0.3,100.0,0.9,5.0,370.3704,1.8519
0.3,100.0,0.9,5.625,370.3704,2.0833
0.3,100.0,0.9,6.25,370.3704,2.3148
0.3,100.0,0.9,6.875,370.3704,2.5463
0.3,100.0,0.9,7.5,370.3704,2.7778
0.3,100.0,0.9,8.125,370.3704,3.0093
0.3,100.0,0.9,8.75,370.3704,3.2407
0.3,100.0,0.9,9.375,370.3704,3.4722
0.3,100.0,0.9,10.0,370.3704,3.7037
0.325,50.0,0.8,5.0,192.3077,0.9615
0.325,50.0,0.8,5.625,192.3077,1.0817
0.325,50.0,0.8,6.25,192.3077,1.2019
0.325,50.0,0.8,6.875,192.3077,1.3221
0.325,50.0,0.8,7.5,192.3077,1.4423
0.325,50.0,0.8,8.125,192.3077,1.5625
0.325,50.0,0.8,8.75,192.3077,1.6827
0.325,50.0,0.8,9.375,192.3077,1.8029
0.325,50.0,0.8,10.0,192.3077,1.9231
0.325,50.0,0.8125,5.0,189.3491,0.9467
0.325,50.0,0.8125,5.625,189.3491,1.0651
0.325,50.0,0.8125,6.25,189.3491,1.1834
0.325,50.0,0.8125,6.875,189.3491,1.3018
0.325,50.0,0.8125,7.5,189.3491,1.4201
0.325,50.0,0.8125,8.125,189.3491,1.5385
0.325,50.0,0.8125,8.75,189.3491,1.6568
0.325,50.0,0.8125,9.375,189.3491,1.7751
0.325,50.0,0.8125,10.0,189.3491,1.8935
0.325,50.0,0.825,5.0,186.4802,0.9324
0.325,50.0,0.825,5.625,186.4802,1.049
0.325,50.0,0.825,6.25,186.4802,1.1655
0.325,50.0,0.825,6.875,186.4802,1.2821
0.325,50.0,0.825,7.5,186.4802,1.3986
0.325,50.0,0.825,8.125,186.4802,1.5152
0.325,50.0,0.825,8.75,186.4802,1.6317
0.325,50.0,0.825,9.375,186.4802,1.7483
0.325,50.0,0.825,10.0,186.4802,1.8648
0.325,50.0,0.8375,5.0,183.6969,0.9185
0.325,50.0,0.8375,5.625,183.6969,1.0333
0.325,50.0,0.8375,6.25,183.6969,1.1481
0.325,50.0,0.8375,6.875,183.6969,1.2629
0.325,50.0,0.8375,7.5,183.6969,1.3777
0.325,50.0,0.8375,8.125,183.6969,1.4925
0.325,50.0,0.8375,8.75,183.6969,1.6073
0.325,50.0,0.8375,9.375,183.6969,1.7222
0.325,50.0,0.8375,10.0,183.6969,1.837
0.325,50.0,0.85,5.0,180.9955,0.905
0.325,50.0,0.85,5.625,180.9955,1.0181
0.325,50.0,0.85,6.25,180.9955,1.1312
0.325,50.0,0.85,6.875,180.9955,1.2443
0.325,50.0,0.85,7.5,180.9955,1.3575
0.325,50.0,0.85,8.125,180.9955,1.4706
0.325,50.0,0.85,8.75,180.9955,1.5837
0.325,50.0,0.85,9.375,180.9955,1.6968
0.325,50.0,0.85,10.0,180.9955,1.81
0.325,50.0,0.8625,5.0,178.3724,0.8919
0.325,50.0,0.8625,5.625,178.3724,1.0033
0.325,50.0,0.8625,6.25,178.3724,1.1148
0.325,50.0,0.8625,6.875,178.3724,1.2263
0.325,50.0,0.8625,7.5,178.3724,1.3378
0.325,50.0,0.8625,8.125,178.3724,1.4493
0.325,50.0,0.8625,8.75,178.3724,1.5608
0.325,50.0,0.8625,9.375,178.3724,1.6722
0.325,50.0,0.8625,10.0,178.3724,1.7837
0.325,50.0,0.875,5.0,175.8242,0.8791
0.325,50.0,0.875,5.625,175.8242,0.989
0.325,50.0,0.875,6.25,175.8242,1.0989
0.325,50.0,0.875,6.875,175.8242,1.2088
0.325,50.0,0.875,7.5,175.8242,1.3187
0.325,50.0,0.875,8.125,175.8242,1.4286
0.325,50.0,0.875,8.75,175.8242,1.5385
0.325,50.0,0.875,9.375,175.8242,1.6484
0.325,50.0,0.875,10.0,175.8242,1.7582
0.325,50.0,0.8875,5.0,173.3478,0.8667
0.325,50.0,0.8875,5.625,173.3478,0.9751
0.325,50.0,0.8875,6.25,173.3478,1.0834
0.325,50.0,0.8875,6.875,173.3478,1.1918
0.325,50.0,0.8875,7.5,173.3478,1.3001
0.325,50.0,0.8875,8.125,173.3478,1.4085
0.325,50.0,0.8875,8.75,173.3478,1.5168
0.325,50.0,0.8875,9.375,173.3478,1.6251
0.325,50.0,0.8875,10.0,173.3478,1.7335
0.325,50.0,0.9,5.0,170.9402,0.8547
0.325,50.0,0.9,5.625,170.9402,0.9615
0.325,50.0,0.9,6.25,170.9402,1.0684
0.325,50.0,0.9,6.875,170.9402,1.1752
0.325,50.0,0.9,7.5,170.9402,1.2821
0.325,50.0,0.9,8.125,170.9402,1.3889
0.325,50.0,0.9,8.75,170.9402,1.4957
0.325,50.0,0.9,9.375,170.9402,1.6026
0.325,50.0,0.9,10.0,170.9402,1.7094
0.325,56.25,0.8,5.0,216.3462,1.0817
0.325,56.25,0.8,5.625,216.3462,1.2169
0.325,56.25,0.8,6.25,216.3462,1.3522
0.325,56.25,0.8,6.875,216.3462,1.4874
0.325,56.25,0.8,7.5,216.3462,1.6226
0.325,56.25,0.8,8.125,216.3462,1.7578
0.325,56.25,0.8,8.75,216.3462,1.893
0.325,56.25,0.8,9.375,216.3462,2.0282
0.325,56.25,0.8,10.0,216.3462,2.1635
0.325,56.25,0.8125,5.0,213.0178,1.0651
0.325,56.25,0.8125,5.625,213.0178,1.1982
0.325,56.25,0.8125,6.25,213.0178,1.3314
0.325,56.25,0.8125,6.875,213.0178,1.4645
0.325,56.25,0.8125,7.5,213.0178,1.5976
0.325,56.25,0.8125,8.125,213.0178,1.7308
0.325,56.25,0.8125,8.75,213.0178,1.8639
0.325,56.25,0.8125,9.375,213.0178,1.997
0.325,56.25,0.8125,10.0,213.0178,2.1302
0.325,56.25,0.825,5.0,209.7902,1.049
0.325,56.25,0.825,5.625,209.7902,1.1801
0.325,56.25,0.825,6.25,209.7902,1.3112
0.325,56.25,0.825,6.875,209.7902,1.4423
0.325,56.25,0.825,7.5,209.7902,1.5734
0.325,56.25,0.825,8.125,209.7902,1.7045
0.325,56.25,0.825,8.75,209.7902,1.8357
0.325,56.25,0.825,9.375,209.7902,1.9668
0.325,56.25,0.825,10.0,209.7902,2.0979
0.325,56.25,0.8375,5.0,206.659,1.0333
0.325,56.25,0.8375,5.625,206.659,1.1625
0.325,56.25,0.8375,6.25,206.659,1.2916
0.325,56.25,0.8375,6.875,206.659,1.4208
0.325,56.25,0.8375,7.5,206.659,1.5499
0.325,56.25,0.8375,8.125,206.659,1.6791
0.325,56.25,0.8375,8.75,206.659,1.8083
0.325,56.25,0.8375,9.375,206.659,1.9374
0.325,56.25,0.8375,10.0,206.659,2.0666
0.325,56.25,0.85,5.0,203.6199,1.0181
0.325,56.25,0.85,5.625,203.6199,1.1454
0.325,56.25,0.85,6.25,203.6199,1.2726
0.325,56.25,0.85,6.875,203.6199,1.3999
0.325,56.25,0.85,7.5,203.6199,1.5271
0.325,56.25,0.85,8.125,203.6199,1.6544
0.325,56.25,0.85,8.75,203.6199,1.7817
0.325,56.25,0.85,9.375,203.6199,1.9089
0.325,56.25,0.85,10.0,203.6199,2.0362
0.325,56.25,0.8625,5.0,200.6689,1.0033
0.325,56.25,0.8625,5.625,200.6689,1.1288
0.325,56.25,0.8625,6.25,200.6689,1.2542
0.325,56.25,0.8625,6.875,200.6689,1.3796
0.325,56.25,0.8625,7.5,200.6689,1.505
0.325,56.25,0.8625,8.125,200.6689,1.6304
0.325,56.25,0.8625,8.75,200.6689,1.7559
0.325,56.25,0.8625,9.375,200.6689,1.8813
0.325,56.25,0.8625,10.0,200.6689,2.0067
0.325,56.25,0.875,5.0,197.8022,0.989
0.325,56.25,0.875,5.625,197.8022,1.1126
0.325,56.25,0.875,6.25,197.8022,1.2363
0.325,56.25,0.875,6.875,197.8022,1.3599
0.325,56.25,0.875,7.5,197.8022,1.4835
0.325,56.25,0.875,8.125,197.8022,1.6071
0.325,56.25,0.875,8.75,197.8022,1.7308
0.325,56.25,0.875,9.375,197.8022,1.8544
0.325,56.25,0.875,10.0,197.8022,1.978
0.325,56.25,0.8875,5.0,195.0163,0.9751
0.325,56.25,0.8875,5.625,195.0163,1.097
0.325,56.25,0.8875,6.25,195.0163,1.2189
0.325,56.25,0.8875,6.875,195.0163,1.3407
0.325,56.25,0.8875,7.5,195.0163,1.4626
0.325,56.25,0.8875,8.125,195.0163,1.5845
0.325,56.25,0.8875,8.75,195.0163,1.7064
0.325,56.25,0.8875,9.375,195.0163,1.8283
0.325,56.25,0.8875,10.0,195.0163,1.9502
0.325,56.25,0.9,5.0,192.3077,0.9615
0.325,56.25,0.9,5.625,192.3077,1.0817
0.325,56.25,0.9,6.25,192.3077,1.2019
0.325,56.25,0.9,6.875,192.3077,1.3221
0.325,56.25,0.9,7.5,192.3077,1.4423
0.325,56.25,0.9,8.125,192.3077,1.5625
0.325,56.25,0.9,8.75,192.3077,1.6827
0.325,56.25,0.9,9.375,192.3077,1.8029
0.325,56.25,0.9,10.0,192.3077,1.9231
0.325,62.5,0.8,5.0,240.3846,1.2019
0.325,62.5,0.8,5.625,240.3846,1.3522
0.325,62.5,0.8,6.25,240.3846,1.5024
0.325,62.5,0.8,6.875,240.3846,1.6526
0.325,62.5,0.8,7.5,240.3846,1.8029
0.325,62.5,0.8,8.125,240.3846,1.9531
0.325,62.5,0.8,8.75,240.3846,2.1034
0.325,62.5,0.8,9.375,240.3846,2.2536
0.325,62.5,0.8,10.0,240.3846,2.4038
0.325,62.5,0.8125,5.0,236.6864,1.1834
0.325,62.5,0.8125,5.625,236.6864,1.3314
0.325,62.5,0.8125,6.25,236.6864,1.4793
0.325,62.5,0.8125,6.875,236.6864,1.6272
0.325,62.5,0.8125,7.5,236.6864,1.7751
0.325,62.5,0.8125,8.125,236.6864,1.9231
0.325,62.5,0.8125,8.75,236.6864,2.071
0.325,62.5,0.8125,9.375,236.6864,2.2189
0.325,62.5,0.8125,10.0,236.6864,2.3669
0.325,62.5,0.825,5.0,233.1002,1.1655
0.325,62.5,0.825,5.625,233.1002,1.3112
0.325,62.5,0.825,6.25,233.1002,1.4569
0.325,62.5,0.825,6.875,233.1002,1.6026
0.325,62.5,0.825,7.5,233.1002,1.7483
0.325,62.5,0.825,8.125,233.1002,1.8939
0.325,62.5,0.825,8.75,233.1002,2.0396
0.325,62.5,0.825,9.375,233.1002,2.1853
0.325,62.5,0.825,10.0,233.1002,2.331
0.325,62.5,0.8375,5.0,229.6211,1.1481
0.325,62.5,0.8375,5.625,229.6211,1.2916
0.325,62.5,0.8375,6.25,229.6211,1.4351
0.325,62.5,0.8375,6.875,229.6211,1.5786
0.325,62.5,0.8375,7.5,229.6211,1.7222
0.325,62.5,0.8375,8.125,229.6211,1.8657
0.325,62.5,0.8375,8.75,229.6211,2.0092
0.325,62.5,0.8375,9.375,229.6211,2.1527
0.325,62.5,0.8375,10.0,229.6211,2.2962
0.325,62.5,0.85,5.0,226.2443,1.1312
0.325,62.5,0.85,5.625,226.2443,1.2726
0.325,62.5,0.85,6.25,226.2443,1.414
0.325,62.5,0.85,6.875,226.2443,1.5554
0.325,62.5,0.85,7.5,226.2443,1.6968
0.325,62.5,0.85,8.125,226.2443,1.8382
0.325,62.5,0.85,8.75,226.2443,1.9796
0.325,62.5,0.85,9.375,226.2443,2.121
0.325,62.5,0.85,10.0,226.2443,2.2624
0.325,62.5,0.8625,5.0,222.9654,1.1148
0.325,62.5,0.8625,5.625,222.9654,1.2542
0.325,62.5,0.8625,6.25,222.9654,1.3935
0.325,62.5,0.8625,6.875,222.9654,1.5329
0.325,62.5,0.8625,7.5,222.9654,1.6722
0.325,62.5,0.8625,8.125,222.9654,1.8116
0.325,62.5,0.8625,8.75,222.9654,1.9509
0.325,62.5,0.8625,9.375,222.9654,2.0903
0.325,62.5,0.8625,10.0,222.9654,2.2297
0.325,62.5,0.875,5.0,219.7802,1.0989
0.325,62.5,0.875,5.625,219.7802,1.2363
0.325,62.5,0.875,6.25,219.7802,1.3736
0.325,62.5,0.875,6.875,219.7802,1.511
0.325,62.5,0.875,7.5,219.7802,1.6484
0.325,62.5,0.875,8.125,219.7802,1.7857
0.325,62.5,0.875,8.75,219.7802,1.9231
0.325,62.5,0.875,9.375,219.7802,2.0604
0.325,62.5,0.875,10.0,219.7802,2.1978
0.325,62.5,0.8875,5.0,216.6847,1.0834
0.325,62.5,0.8875,5.625,216.6847,1.2189
0.325,62.5,0.8875,6.25,216.6847,1.3543
0.325,62.5,0.8875,6.875,216.6847,1.4897
0.325,62.5,0.8875,7.5,216.6847,1.6251
0.325,62.5,0.8875,8.125,216.6847,1.7606
0.325,62.5,0.8875,8.75,216.6847,1.896
0.325,62.5,0.8875,9.375,216.6847,2.0314
0.325,62.5,0.8875,10.0,216.6847,2.1668
0.325,62.5,0.9,5.0,213.6752,1.0684
0.325,62.5,0.9,5.625,213.6752,1.2019
0.325,62.5,0.9,6.25,213.6752,1.3355
0.325,62.5,0.9,6.875,213.6752,1.469
0.325,62.5,0.9,7.5,213.6752,1.6026
0.325,62.5,0.9,8.125,213.6752,1.7361
0.325,62.5,0.9,8.75,213.6752,1.8697
0.325,62.5,0.9,9.375,213.6752,2.0032
0.325,62.5,0.9,10.0,213.6752,2.1368
0.325,68.75,0.8,5.0,264.4231,1.3221
0.325,68.75,0.8,5.625,264.4231,1.4874
0.325,68.75,0.8,6.25,264.4231,1.6526
0.325,68.75,0.8,6.875,264.4231,1.8179
0.325,68.75,0.8,7.5,264.4231,1.9832
0.325,68.75,0.8,8.125,264.4231,2.1484
0.325,68.75,0.8,8.75,264.4231,2.3137
0.325,68.75,0.8,9.375,264.4231,2.479
0.325,68.75,0.8,10.0,264.4231,2.6442
0.325,68.75,0.8125,5.0,260.355,1.3018
0.325,68.75,0.8125,5.625,260.355,1.4645
0.325,68.75,0.8125,6.25,260.355,1.6272
0.325,68.75,0.8125,6.875,260.355,1.7899
0.325,68.75,0.8125,7.5,260.355,1.9527
0.325,68.75,0.8125,8.125,260.355,2.1154
0.325,68.75,0.8125,8.75,260.355,2.2781
0.325,68.75,0.8125,9.375,260.355,2.4408
0.325,68.75,0.8125,10.0,260.355,2.6036
0.325,68.75,0.825,5.0,256.4103,1.2821
0.325,68.75,0.825,5.625,256.4103,1.4423
0.325,68.75,0.825,6.25,256.4103,1.6026
0.325,68.75,0.825,6.875,256.4103,1.7628
0.325,68.75,0.825,7.5,256.4103,1.9231
0.325,68.75,0.825,8.125,256.4103,2.0833
0.325,68.75,0.825,8.75,256.4103,2.2436
0.325,68.75,0.825,9.375,256.4103,2.4038
0.325,68.75,0.825,10.0,256.4103,2.5641
0.325,68.75,0.8375,5.0,252.5832,1.2629
0.325,68.75,0.8375,5.625,252.5832,1.4208
0.325,68.75,0.8375,6.25,252.5832,1.5786
0.325,68.75,0.8375,6.875,252.5832,1.7365
0.325,68.75,0.8375,7.5,252.5832,1.8944
0.325,68.75,0.8375,8.125,252.5832,2.0522
0.325,68.75,0.8375,8.75,252.5832,2.2101
0.325,68.75,0.8375,9.375,252.5832,2.368
0.325,68.75,0.8375,10.0,252.5832,2.5258
0.325,68.75,0.85,5.0,248.8688,1.2443
0.325,68.75,0.85,5.625,248.8688,1.3999
0.325,68.75,0.85,6.25,248.8688,1.5554
0.325,68.75,0.85,6.875,248.8688,1.711
0.325,68.75,0.85,7.5,248.8688,1.8665
0.325,68.75,0.85,8.125,248.8688,2.0221
0.325,68.75,0.85,8.75,248.8688,2.1776
0.325,68.75,0.85,9.375,248.8688,2.3331
0.325,68.75,0.85,10.0,248.8688,2.4887
0.325,68.75,0.8625,5.0,245.262,1.2263
0.325,68.75,0.8625,5.625,245.262,1.3796
0.325,68.75,0.8625,6.25,245.262,1.5329
0.325,68.75,0.8625,6.875,245.262,1.6862
0.325,68.75,0.8625,7.5,245.262,1.8395
0.325,68.75,0.8625,8.125,245.262,1.9928
0.325,68.75,0.8625,8.75,245.262,2.146
0.325,68.75,0.8625,9.375,245.262,2.2993
0.325,68.75,0.8625,10.0,245.262,2.4526
0.325,68.75,0.875,5.0,241.7582,1.2088
0.325,68.75,0.875,5.625,241.7582,1.3599
0.325,68.75,0.875,6.25,241.7582,1.511
0.325,68.75,0.875,6.875,241.7582,1.6621
0.325,68.75,0.875,7.5,241.7582,1.8132
0.325,68.75,0.875,8.125,241.7582,1.9643
0.325,68.75,0.875,8.75,241.7582,2.1154
0.325,68.75,0.875,9.375,241.7582,2.2665
0.325,68.75,0.875,10.0,241.7582,2.4176
0.325,68.75,0.8875,5.0,238.3532,1.1918
0.325,68.75,0.8875,5.625,238.3532,1.3407
0.325,68.75,0.8875,6.25,238.3532,1.4897
0.325,68.75,0.8875,6.875,238.3532,1.6387
0.325,68.75,0.8875,7.5,238.3532,1.7876
0.325,68.75,0.8875,8.125,238.3532,1.9366
0.325,68.75,0.8875,8.75,238.3532,2.0856
0.325,68.75,0.8875,9.375,238.3532,2.2346
0.325,68.75,0.8875,10.0,238.3532,2.3835
0.325,68.75,0.9,5.0,235.0427,1.1752
0.325,68.75,0.9,5.625,235.0427,1.3221
0.325,68.75,0.9,6.25,235.0427,1.469
0.325,68.75,0.9,6.875,235.0427,1.6159
0.325,68.75,0.9,7.5,235.0427,1.7628
0.325,68.75,0.9,8.125,235.0427,1.9097
0.325,68.75,0.9,8.75,235.0427,2.0566
0.325,68.75,0.9,9.375,235.0427,2.2035
0.325,68.75,0.9,10.0,235.0427,2.3504
0.325,75.0,0.8,5.0,288.4615,1.4423
0.325,75.0,0.8,5.625,288.4615,1.6226
0.325,75.0,0.8,6.25,288.4615,1.8029
0.325,75.0,0.8,6.875,288.4615,1.9832
0.325,75.0,0.8,7.5,288.4615,2.1635
0.325,75.0,0.8,8.125,288.4615,2.3438
0.325,75.0,0.8,8.75,288.4615,2.524
0.325,75.0,0.8,9.375,288.4615,2.7043
0.325,75.0,0.8,10.0,288.4615,2.8846
0.325,75.0,0.8125,5.0,284.0237,1.4201
0.325,75.0,0.8125,5.625,284.0237,1.5976
0.325,75.0,0.8125,6.25,284.0237,1.7751
0.325,75.0,0.8125,6.875,284.0237,1.9527
0.325,75.0,0.8125,7.5,284.0237,2.1302
0.325,75.0,0.8125,8.125,284.0237,2.3077
0.325,75.0,0.8125,8.75,284.0237,2.4852
0.325,75.0,0.8125,9.375,284.0237,2.6627
0.325,75.0,0.8125,10.0,284.0237,2.8402
0.325,75.0,0.825,5.0,279.7203,1.3986
0.325,75.0,0.825,5.625,279.7203,1.5734
0.325,75.0,0.825,6.25,279.7203,1.7483
0.325,75.0,0.825,6.875,279.7203,1.9231
0.325,75.0,0.825,7.5,279.7203,2.0979
0.325,75.0,0.825,8.125,279.7203,2.2727
0.325,75.0,0.825,8.75,279.7203,2.4476
0.325,75.0,0.825,9.375,279.7203,2.6224
0.325,75.0,0.825,10.0,279.7203,2.7972
0.325,75.0,0.8375,5.0,275.5454,1.3777
0.325,75.0,0.8375,5.625,275.5454,1.5499
0.325,75.0,0.8375,6.25,275.5454,1.7222
0.325,75.0,0.8375,6.875,275.5454,1.8944
0.325,75.0,0.8375,7.5,275.5454,2.0666
0.325,75.0,0.8375,8.125,275.5454,2.2388
0.325,75.0,0.8375,8.75,275.5454,2.411
0.325,75.0,0.8375,9.375,275.5454,2.5832
0.325,75.0,0.8375,10.0,275.5454,2.7555
0.325,75.0,0.85,5.0,271.4932,1.3575
0.325,75.0,0.85,5.625,271.4932,1.5271
0.325,75.0,0.85,6.25,271.4932,1.6968
0.325,75.0,0.85,6.875,271.4932,1.8665
0.325,75.0,0.85,7.5,271.4932,2.0362
0.325,75.0,0.85,8.125,271.4932,2.2059
0.325,75.0,0.85,8.75,271.4932,2.3756
0.325,75.0,0.85,9.375,271.4932,2.5452
0.325,75.0,0.85,10.0,271.4932,2.7149
0.325,75.0,0.8625,5.0,267.5585,1.3378
0.325,75.0,0.8625,5.625,267.5585,1.505
0.325,75.0,0.8625,6.25,267.5585,1.6722
0.325,75.0,0.8625,6.875,267.5585,1.8395
0.325,75.0,0.8625,7.5,267.5585,2.0067
0.325,75.0,0.8625,8.125,267.5585,2.1739
0.325,75.0,0.8625,8.75,267.5585,2.3411
0.325,75.0,0.8625,9.375,267.5585,2.5084
0.325,75.0,0.8625,10.0,267.5585,2.6756
0.325,75.0,0.875,5.0,263.7363,1.3187
0.325,75.0,0.875,5.625,263.7363,1.4835
0.325,75.0,0.875,6.25,263.7363,1.6484
0.325,75.0,0.875,6.875,263.7363,1.8132
0.325,75.0,0.875,7.5,263.7363,1.978
0.325,75.0,0.875,8.125,263.7363,2.1429
0.325,75.0,0.875,8.75,263.7363,2.3077
0.325,75.0,0.875,9.375,263.7363,2.4725
0.325,75.0,0.875,10.0,263.7363,2.6374
0.325,75.0,0.8875,5.0,260.0217,1.3001
0.325,75.0,0.8875,5.625,260.0217,1.4626
0.325,75.0,0.8875,6.25,260.0217,1.6251
0.325,75.0,0.8875,6.875,260.0217,1.7876
0.325,75.0,0.8875,7.5,260.0217,1.9502
0.325,75.0,0.8875,8.125,260.0217,2.1127
0.325,75.0,0.8875,8.75,260.0217,2.2752
0.325,75.0,0.8875,9.375,260.0217,2.4377
0.325,75.0,0.8875,10.0,260.0217,2.6002
0.325,75.0,0.9,5.0,256.4103,1.2821
0.325,75.0,0.9,5.625,256.4103,1.4423
0.325,75.0,0.9,6.25,256.4103,1.6026
0.325,75.0,0.9,6.875,256.4103,1.7628
0.325,75.0,0.9,7.5,256.4103,1.9231
0.325,75.0,0.9,8.125,256.4103,2.0833
0.325,75.0,0.9,8.75,256.4103,2.2436
0.325,75.0,0.9,9.375,256.4103,2.4038
0.325,75.0,0.9,10.0,256.4103,2.5641
0.325,81.25,0.8,5.0,312.5,1.5625
0.325,81.25,0.8,5.625,312.5,1.7578
0.325,81.25,0.8,6.25,312.5,1.9531
0.325,81.25,0.8,6.875,312.5,2.1484
0.325,81.25,0.8,7.5,312.5,2.3438
0.325,81.25,0.8,8.125,312.5,2.5391
0.325,81.25,0.8,8.75,312.5,2.7344
0.325,81.25,0.8,9.375,312.5,2.9297
0.325,81.25,0.8,10.0,312.5,3.125
0.325,81.25,0.8125,5.0,307.6923,1.5385
0.325,81.25,0.8125,5.625,307.6923,1.7308
0.325,81.25,0.8125,6.25,307.6923,1.9231
0.325,81.25,0.8125,6.875,307.6923,2.1154
0.325,81.25,0.8125,7.5,307.6923,2.3077
0.325,81.25,0.8125,8.125,307.6923,2.5
0.325,81.25,0.8125,8.75,307.6923,2.6923
0.325,81.25,0.8125,9.375,307.6923,2.8846
0.325,81.25,0.8125,10.0,307.6923,3.0769
0.325,81.25,0.825,5.0,303.0303,1.5152
0.325,81.25,0.825,5.625,303.0303,1.7045
0.325,81.25,0.825,6.25,303.0303,1.8939
0.325,81.25,0.825,6.875,303.0303,2.0833
0.325,81.25,0.825,7.5,303.0303,2.2727
0.325,81.25,0.825,8.125,303.0303,2.4621
0.325,81.25,0.825,8.75,303.0303,2.6515
0.325,81.25,0.825,9.375,303.0303,2.8409
0.325,81.25,0.825,10.0,303.0303,3.0303
0.325,81.25,0.8375,5.0,298.5075,1.4925
0.325,81.25,0.8375,5.625,298.5075,1.6791
0.325,81.25,0.8375,6.25,298.5075,1.8657
0.325,81.25,0.8375,6.875,298.5075,2.0522
0.325,81.25,0.8375,7.5,298.5075,2.2388
0.325,81.25,0.8375,8.125,298.5075,2.4254
0.325,81.25,0.8375,8.75,298.5075,2.6119
0.325,81.25,0.8375,9.375,298.5075,2.7985
0.325,81.25,0.8375,10.0,298.5075,2.9851
0.325,81.25,0.85,5.0,294.1176,1.4706
0.325,81.25,0.85,5.625,294.1176,1.6544
0.325,81.25,0.85,6.25,294.1176,1.8382
0.325,81.25,0.85,6.875,294.1176,2.0221
0.325,81.25,0.85,7.5,294.1176,2.2059
0.325,81.25,0.85,8.125,294.1176,2.3897
0.325,81.25,0.85,8.75,294.1176,2.5735
0.325,81.25,0.85,9.375,294.1176,2.7574
0.325,81.25,0.85,10.0,294.1176,2.9412
0.325,81.25,0.8625,5.0,289.8551,1.4493
0.325,81.25,0.8625,5.625,289.8551,1.6304
0.325,81.25,0.8625,6.25,289.8551,1.8116
0.325,81.25,0.8625,6.875,289.8551,1.9928
0.325,81.25,0.8625,7.5,289.8551,2.1739
0.325,81.25,0.8625,8.125,289.8551,2.3551
0.325,81.25,0.8625,8.75,289.8551,2.5362
0.325,81.25,0.8625,9.375,289.8551,2.7174
0.325,81.25,0.8625,10.0,289.8551,2.8986
0.325,81.25,0.875,5.0,285.7143,1.4286
0.325,81.25,0.875,5.625,285.7143,1.6071
0.325,81.25,0.875,6.25,285.7143,1.7857
0.325,81.25,0.875,6.875,285.7143,1.9643
0.325,81.25,0.875,7.5,285.7143,2.1429
0.325,81.25,0.875,8.125,285.7143,2.3214
0.325,81.25,0.875,8.75,285.7143,2.5
0.325,81.25,0.875,9.375,285.7143,2.6786
0.325,81.25,0.875,10.0,285.7143,2.8571
0.325,81.25,0.8875,5.0,281.6901,1.4085
0.325,81.25,0.8875,5.625,281.6901,1.5845
0.325,81.25,0.8875,6.25,281.6901,1.7606
0.325,81.25,0.8875,6.875,281.6901,1.9366
0.325,81.25,0.8875,7.5,281.6901,2.1127
0.325,81.25,0.8875,8.125,281.6901,2.2887
0.325,81.25,0.8875,8.75,281.6901,2.4648
0.325,81.25,0.8875,9.375,281.6901,2.6408
0.325,81.25,0.8875,10.0,281.6901,2.8169
0.325,81.25,0.9,5.0,277.7778,1.3889
0.325,81.25,0.9,5.625,277.7778,1.5625
0.325,81.25,0.9,6.25,277.7778,1.7361
0.325,81.25,0.9,6.875,277.7778,1.9097
0.325,81.25,0.9,7.5,277.7778,2.0833
0.325,81.25,0.9,8.125,277.7778,2.2569
0.325,81.25,0.9,8.75,277.7778,2.4306
0.325,81.25,0.9,9.375,277.7778,2.6042
0.325,81.25,0.9,10.0,277.7778,2.7778
0.325,87.5,0.8,5.0,336.5385,1.6827
0.325,87.5,0.8,5.625,336.5385,1.893
0.325,87.5,0.8,6.25,336.5385,2.1034
0.325,87.5,0.8,6.875,336.5385,2.3137
0.325,87.5,0.8,7.5,336.5385,2.524
0.325,87.5,0.8,8.125,336.5385,2.7344
0.325,87.5,0.8,8.75,336.5385,2.9447
0.325,87.5,0.8,9.375,336.5385,3.155
0.325,87.5,0.8,10.0,336.5385,3.3654
0.325,87.5,0.8125,5.0,331.3609,1.6568
0.325,87.5,0.8125,5.625,331.3609,1.8639
0.325,87.5,0.8125,6.25,331.3609,2.071
0.325,87.5,0.8125,6.875,331.3609,2.2781
0.325,87.5,0.8125,7.5,331.3609,2.4852
0.325,87.5,0.8125,8.125,331.3609,2.6923
0.325,87.5,0.8125,8.75,331.3609,2.8994
0.325,87.5,0.8125,9.375,331.3609,3.1065
0.325,87.5,0.8125,10.0,331.3609,3.3136
0.325,87.5,0.825,5.0,326.3403,1.6317
0.325,87.5,0.825,5.625,326.3403,1.8357
0.325,87.5,0.825,6.25,326.3403,2.0396
0.325,87.5,0.825,6.875,326.3403,2.2436
0.325,87.5,0.825,7.5,326.3403,2.4476
0.325,87.5,0.825,8.125,326.3403,2.6515
0.325,87.5,0.825,8.75,326.3403,2.8555
0.325,87.5,0.825,9.375,326.3403,3.0594
0.325,87.5,0.825,10.0,326.3403,3.2634
0.325,87.5,0.8375,5.0,321.4696,1.6073
0.325,87.5,0.8375,5.625,321.4696,1.8083
0.325,87.5,0.8375,6.25,321.4696,2.0092
0.325,87.5,0.8375,6.875,321.4696,2.2101
0.325,87.5,0.8375,7.5,321.4696,2.411
0.325,87.5,0.8375,8.125,321.4696,2.6119
0.325,87.5,0.8375,8.75,321.4696,2.8129
0.325,87.5,0.8375,9.375,321.4696,3.0138
0.325,87.5,0.8375,10.0,321.4696,3.2147
0.325,87.5,0.85,5.0,316.7421,1.5837
0.325,87.5,0.85,5.625,316.7421,1.7817
0.325,87.5,0.85,6.25,316.7421,1.9796
0.325,87.5,0.85,6.875,316.7421,2.1776
0.325,87.5,0.85,7.5,316.7421,2.3756
0.325,87.5,0.85,8.125,316.7421,2.5735
0.325,87.5,0.85,8.75,316.7421,2.7715
0.325,87.5,0.85,9.375,316.7421,2.9695
0.325,87.5,0.85,10.0,316.7421,3.1674
0.325,87.5,0.8625,5.0,312.1516,1.5608
0.325,87.5,0.8625,5.625,312.1516,1.7559
0.325,87.5,0.8625,6.25,312.1516,1.9509
0.325,87.5,0.8625,6.875,312.1516,2.146
0.325,87.5,0.8625,7.5,312.1516,2.3411
0.325,87.5,0.8625,8.125,312.1516,2.5362
0.325,87.5,0.8625,8.75,312.1516,2.7313
0.325,87.5,0.8625,9.375,312.1516,2.9264
0.325,87.5,0.8625,10.0,312.1516,3.1215
0.325,87.5,0.875,5.0,307.6923,1.5385
0.325,87.5,0.875,5.625,307.6923,1.7308
0.325,87.5,0.875,6.25,307.6923,1.9231
0.325,87.5,0.875,6.875,307.6923,2.1154
0.325,87.5,0.875,7.5,307.6923,2.3077
0.325,87.5,0.875,8.125,307.6923,2.5
0.325,87.5,0.875,8.75,307.6923,2.6923
0.325,87.5,0.875,9.375,307.6923,2.8846
0.325,87.5,0.875,10.0,307.6923,3.0769
0.325,87.5,0.8875,5.0,303.3586,1.5168
0.325,87.5,0.8875,5.625,303.3586,1.7064
0.325,87.5,0.8875,6.25,303.3586,1.896
0.325,87.5,0.8875,6.875,303.3586,2.0856
0.325,87.5,0.8875,7.5,303.3586,2.2752
0.325,87.5,0.8875,8.125,303.3586,2.4648
0.325,87.5,0.8875,8.75,303.3586,2.6544
0.325,87.5,0.8875,9.375,303.3586,2.844
0.325,87.5,0.8875,10.0,303.3586,3.0336
0.325,87.5,0.9,5.0,299.1453,1.4957
0.325,87.5,0.9,5.625,299.1453,1.6827
0.325,87.5,0.9,6.25,299.1453,1.8697
0.325,87.5,0.9,6.875,299.1453,2.0566
0.325,87.5,0.9,7.5,299.1453,2.2436
0.325,87.5,0.9,8.125,299.1453,2.4306
0.325,87.5,0.9,8.75,299.1453,2.6175
0.325,87.5,0.9,9.375,299.1453,2.8045
0.325,87.5,0.9,10.0,299.1453,2.9915
0.325,93.75,0.8,5.0,360.5769,1.8029
0.325,93.75,0.8,5.625,360.5769,2.0282
0.325,93.75,0.8,6.25,360.5769,2.2536
0.325,93.75,0.8,6.875,360.5769,2.479
0.325,93.75,0.8,7.5,360.5769,2.7043
0.325,93.75,0.8,8.125,360.5769,2.9297
0.325,93.75,0.8,8.75,360.5769,3.155
0.325,93.75,0.8,9.375,360.5769,3.3804
0.325,93.75,0.8,10.0,360.5769,3.6058
0.325,93.75,0.8125,5.0,355.0296,1.7751
0.325,93.75,0.8125,5.625,355.0296,1.997
0.325,93.75,0.8125,6.25,355.0296,2.2189
0.325,93.75,0.8125,6.875,355.0296,2.4408
0.325,93.75,0.8125,7.5,355.0296,2.6627
0.325,93.75,0.8125,8.125,355.0296,2.8846
0.325,93.75,0.8125,8.75,355.0296,3.1065
0.325,93.75,0.8125,9.375,355.0296,3.3284
0.325,93.75,0.8125,10.0,355.0296,3.5503
0.325,93.75,0.825,5.0,349.6503,1.7483
0.325,93.75,0.825,5.625,349.6503,1.9668
0.325,93.75,0.825,6.25,349.6503,2.1853
0.325,93.75,0.825,6.875,349.6503,2.4038
0.325,93.75,0.825,7.5,349.6503,2.6224
0.325,93.75,0.825,8.125,349.6503,2.8409
0.325,93.75,0.825,8.75,349.6503,3.0594
0.325,93.75,0.825,9.375,349.6503,3.278
0.325,93.75,0.825,10.0,349.6503,3.4965
0.325,93.75,0.8375,5.0,344.4317,1.7222
0.325,93.75,0.8375,5.625,344.4317,1.9374
0.325,93.75,0.8375,6.25,344.4317,2.1527
0.325,93.75,0.8375,6.875,344.4317,2.368
0.325,93.75,0.8375,7.5,344.4317,2.5832
0.325,93.75,0.8375,8.125,344.4317,2.7985
0.325,93.75,0.8375,8.75,344.4317,3.0138
0.325,93.75,0.8375,9.375,344.4317,3.229
0.325,93.75,0.8375,10.0,344.4317,3.4443
0.325,93.75,0.85,5.0,339.3665,1.6968
0.325,93.75,0.85,5.625,339.3665,1.9089
0.325,93.75,0.85,6.25,339.3665,2.121
0.325,93.75,0.85,6.875,339.3665,2.3331
0.325,93.75,0.85,7.5,339.3665,2.5452
0.325,93.75,0.85,8.125,339.3665,2.7574
0.325,93.75,0.85,8.75,339.3665,2.9695
0.325,93.75,0.85,9.375,339.3665,3.1816
0.325,93.75,0.85,10.0,339.3665,3.3937
0.325,93.75,0.8625,5.0,334.4482,1.6722
0.325,93.75,0.8625,5.625,334.4482,1.8813
0.325,93.75,0.8625,6.25,334.4482,2.0903
0.325,93.75,0.8625,6.875,334.4482,2.2993
0.325,93.75,0.8625,7.5,334.4482,2.5084
0.325,93.75,0.8625,8.125,334.4482,2.7174
0.325,93.75,0.8625,8.75,334.4482,2.9264
0.325,93.75,0.8625,9.375,334.4482,3.1355
0.325,93.75,0.8625,10.0,334.4482,3.3445
0.325,93.75,0.875,5.0,329.6703,1.6484
0.325,93.75,0.875,5.625,329.6703,1.8544
0.325,93.75,0.875,6.25,329.6703,2.0604
0.325,93.75,0.875,6.875,329.6703,2.2665
0.325,93.75,0.875,7.5,329.6703,2.4725
0.325,93.75,0.875,8.125,329.6703,2.6786
0.325,93.75,0.875,8.75,329.6703,2.8846
0.325,93.75,0.875,9.375,329.6703,3.0907
0.325,93.75,0.875,10.0,329.6703,3.2967
0.325,93.75,0.8875,5.0,325.0271,1.6251
0.325,93.75,0.8875,5.625,325.0271,1.8283
0.325,93.75,0.8875,6.25,325.0271,2.0314
0.325,93.75,0.8875,6.875,325.0271,2.2346
0.325,93.75,0.8875,7.5,325.0271,2.4377
0.325,93.75,0.8875,8.125,325.0271,2.6408
0.325,93.75,0.8875,8.75,325.0271,2.844
0.325,93.75,0.8875,9.375,325.0271,3.0471
0.325,93.75,0.8875,10.0,325.0271,3.2503
0.325,93.75,0.9,5.0,320.5128,1.6026
0.325,93.75,0.9,5.625,320.5128,1.8029
0.325,93.75,0.9,6.25,320.5128,2.0032
0.325,93.75,0.9,6.875,320.5128,2.2035
0.325,93.75,0.9,7.5,320.5128,2.4038
0.325,93.75,0.9,8.125,320.5128,2.6042
0.325,93.75,0.9,8.75,320.5128,2.8045
0.325,93.75,0.9,9.375,320.5128,3.0048
0.325,93.75,0.9,10.0,320.5128,3.2051
0.325,100.0,0.8,5.0,384.6154,1.9231
0.325,100.0,0.8,5.625,384.6154,2.1635
0.325,100.0,0.8,6.25,384.6154,2.4038
0.325,100.0,0.8,6.875,384.6154,2.6442
0.325,100.0,0.8,7.5,384.6154,2.8846
0.325,100.0,0.8,8.125,384.6154,3.125
0.325,100.0,0.8,8.75,384.6154,3.3654
0.325,100.0,0.8,9.375,384.6154,3.6058
0.325,100.0,0.8,10.0,384.6154,3.8462
0.325,100.0,0.8125,5.0,378.6982,1.8935
0.325,100.0,0.8125,5.625,378.6982,2.1302
0.325,100.0,0.8125,6.25,378.6982,2.3669
0.325,100.0,0.8125,6.875,378.6982,2.6036
0.325,100.0,0.8125,7.5,378.6982,2.8402
0.325,100.0,0.8125,8.125,378.6982,3.0769
0.325,100.0,0.8125,8.75,378.6982,3.3136
0.325,100.0,0.8125,9.375,378.6982,3.5503
0.325,100.0,0.8125,10.0,378.6982,3.787
0.325,100.0,0.825,5.0,372.9604,1.8648
0.325,100.0,0.825,5.625,372.9604,2.0979
0.325,100.0,0.825,6.25,372.9604,2.331
0.325,100.0,0.825,6.875,372.9604,2.5641
0.325,100.0,0.825,7.5,372.9604,2.7972
0.325,100.0,0.825,8.125,372.9604,3.0303
0.325,100.0,0.825,8.75,372.9604,3.2634
0.325,100.0,0.825,9.375,372.9604,3.4965
0.325,100.0,0.825,10.0,372.9604,3.7296
0.325,100.0,0.8375,5.0,367.3938,1.837
0.325,100.0,0.8375,5.625,367.3938,2.0666
0.325,100.0,0.8375,6.25,367.3938,2.2962
0.325,100.0,0.8375,6.875,367.3938,2.5258
0.325,100.0,0.8375,7.5,367.3938,2.7555
0.325,100.0,0.8375,8.125,367.3938,2.9851
0.325,100.0,0.8375,8.75,367.3938,3.2147
0.325,100.0,0.8375,9.375,367.3938,3.4443
0.325,100.0,0.8375,10.0,367.3938,3.6739
0.325,100.0,0.85,5.0,361.991,1.81
0.325,100.0,0.85,5.625,361.991,2.0362
0.325,100.0,0.85,6.25,361.991,2.2624
0.325,100.0,0.85,6.875,361.991,2.4887
0.325,100.0,0.85,7.5,361.991,2.7149
0.325,100.0,0.85,8.125,361.991,2.9412
0.325,100.0,0.85,8.75,361.991,3.1674
0.325,100.0,0.85,9.375,361.991,3.3937
0.325,100.0,0.85,10.0,361.991,3.6199
0.325,100.0,0.8625,5.0,356.7447,1.7837
0.325,100.0,0.8625,5.625,356.7447,2.0067
0.325,100.0,0.8625,6.25,356.7447,2.2297
0.325,100.0,0.8625,6.875,356.7447,2.4526
0.325,100.0,0.8625,7.5,356.7447,2.6756
0.325,100.0,0.8625,8.125,356.7447,2.8986
0.325,100.0,0.8625,8.75,356.7447,3.1215
0.325,100.0,0.8625,9.375,356.7447,3.3445
0.325,100.0,0.8625,10.0,356.7447,3.5674
0.325,100.0,0.875,5.0,351.6484,1.7582
0.325,100.0,0.875,5.625,351.6484,1.978
0.325,100.0,0.875,6.25,351.6484,2.1978
0.325,100.0,0.875,6.875,351.6484,2.4176
0.325,100.0,0.875,7.5,351.6484,2.6374
0.325,100.0,0.875,8.125,351.6484,2.8571
0.325,100.0,0.875,8.75,351.6484,3.0769
0.325,100.0,0.875,9.375,351.6484,3.2967
0.325,100.0,0.875,10.0,351.6484,3.5165
0.325,100.0,0.8875,5.0,346.6956,1.7335
0.325,100.0,0.8875,5.625,346.6956,1.9502
0.325,100.0,0.8875,6.25,346.6956,2.1668
0.325,100.0,0.8875,6.875,346.6956,2.3835
0.325,100.0,0.8875,7.5,346.6956,2.6002
0.325,100.0,0.8875,8.125,346.6956,2.8169
0.325,100.0,0.8875,8.75,346.6956,3.0336
0.325,100.0,0.8875,9.375,346.6956,3.2503
0.325,100.0,0.8875,10.0,346.6956,3.467
0.325,100.0,0.9,5.0,341.8803,1.7094
0.325,100.0,0.9,5.625,341.8803,1.9231
0.325,100.0,0.9,6.25,341.8803,2.1368
0.325,100.0,0.9,6.875,341.8803,2.3504
0.325,100.0,0.9,7.5,341.8803,2.5641
0.325,100.0,0.9,8.125,341.8803,2.7778
0.325,100.0,0.9,8.75,341.8803,2.9915
0.325,100.0,0.9,9.375,341.8803,3.2051
0.325,100.0,0.9,10.0,341.8803,3.4188
0.35,50.0,0.8,5.0,178.5714,0.8929
0.35,50.0,0.8,5.625,178.5714,1.0045
0.35,50.0,0.8,6.25,178.5714,1.1161
0.35,50.0,0.8,6.875,178.5714,1.2277
0.35,50.0,0.8,7.5,178.5714,1.3393
0.35,50.0,0.8,8.125,178.5714,1.4509
0.35,50.0,0.8,8.75,178.5714,1.5625
0.35,50.0,0.8,9.375,178.5714,1.6741
0.35,50.0,0.8,10.0,178.5714,1.7857
0.35,50.0,0.8125,5.0,175.8242,0.8791
0.35,50.0,0.8125,5.625,175.8242,0.989
0.35,50.0,0.8125,6.25,175.8242,1.0989
0.35,50.0,0.8125,6.875,175.8242,1.2088
0.35,50.0,0.8125,7.5,175.8242,1.3187
0.35,50.0,0.8125,8.125,175.8242,1.4286
0.35,50.0,0.8125,8.75,175.8242,1.5385
0.35,50.0,0.8125,9.375,175.8242,1.6484
0.35,50.0,0.8125,10.0,175.8242,1.7582
0.35,50.0,0.825,5.0,173.1602,0.8658
0.35,50.0,0.825,5.625,173.1602,0.974
0.35,50.0,0.825,6.25,173.1602,1.0823
0.35,50.0,0.825,6.875,173.1602,1.1905
0.35,50.0,0.825,7.5,173.1602,1.2987
0.35,50.0,0.825,8.125,173.1602,1.4069
0.35,50.0,0.825,8.75,173.1602,1.5152
0.35,50.0,0.825,9.375,173.1602,1.6234
0.35,50.0,0.825,10.0,173.1602,1.7316
0.35,50.0,0.8375,5.0,170.5757,0.8529
0.35,50.0,0.8375,5.625,170.5757,0.9595
0.35,50.0,0.8375,6.25,170.5757,1.0661
0.35,50.0,0.8375,6.875,170.5757,1.1727
0.35,50.0,0.8375,7.5,170.5757,1.2793
0.35,50.0,0.8375,8.125,170.5757,1.3859
0.35,50.0,0.8375,8.75,170.5757,1.4925
0.35,50.0,0.8375,9.375,170.5757,1.5991
0.35,50.0,0.8375,10.0,170.5757,1.7058
0.35,50.0,0.85,5.0,168.0672,0.8403
0.35,50.0,0.85,5.625,168.0672,0.9454
0.35,50.0,0.85,6.25,168.0672,1.0504
0.35,50.0,0.85,6.875,168.0672,1.1555
0.35,50.0,0.85,7.5,168.0672,1.2605
0.35,50.0,0.85,8.125,168.0672,1.3655
0.35,50.0,0.85,8.75,168.0672,1.4706
0.35,50.0,0.85,9.375,168.0672,1.5756
0.35,50.0,0.85,10.0,168.0672,1.6807
0.35,50.0,0.8625,5.0,165.6315,0.8282
0.35,50.0,0.8625,5.625,165.6315,0.9317
0.35,50.0,0.8625,6.25,165.6315,1.0352
0.35,50.0,0.8625,6.875,165.6315,1.1387
0.35,50.0,0.8625,7.5,165.6315,1.2422
0.35,50.0,0.8625,8.125,165.6315,1.3458
0.35,50.0,0.8625,8.75,165.6315,1.4493
0.35,50.0,0.8625,9.375,165.6315,1.5528
0.35,50.0,0.8625,10.0,165.6315,1.6563
0.35,50.0,0.875,5.0,163.2653,0.8163
0.35,50.0,0.875,5.625,163.2653,0.9184
0.35,50.0,0.875,6.25,163.2653,1.0204
0.35,50.0,0.875,6.875,163.2653,1.1224
0.35,50.0,0.875,7.5,163.2653,1.2245
0.35,50.0,0.875,8.125,163.2653,1.3265
0.35,50.0,0.875,8.75,163.2653,1.4286
0.35,50.0,0.875,9.375,163.2653,1.5306
0.35,50.0,0.875,10.0,163.2653,1.6327
0.35,50.0,0.8875,5.0,160.9658,0.8048
0.35,50.0,0.8875,5.625,160.9658,0.9054
0.35,50.0,0.8875,6.25,160.9658,1.006
0.35,50.0,0.8875,6.875,160.9658,1.1066
0.35,50.0,0.8875,7.5,160.9658,1.2072
0.35,50.0,0.8875,8.125,160.9658,1.3078
0.35,50.0,0.8875,8.75,160.9658,1.4085
0.35,50.0,0.8875,9.375,160.9658,1.5091
0.35,50.0,0.8875,10.0,160.9658,1.6097
0.35,50.0,0.9,5.0,158.7302,0.7937
0.35,50.0,0.9,5.625,158.7302,0.8929
0.35,50.0,0.9,6.25,158.7302,0.9921
0.35,50.0,0.9,6.875,158.7302,1.0913
0.35,50.0,0.9,7.5,158.7302,1.1905
0.35,50.0,0.9,8.125,158.7302,1.2897
0.35,50.0,0.9,8.75,158.7302,1.3889
0.35,50.0,0.9,9.375,158.7302,1.4881
0.35,50.0,0.9,10.0,158.7302,1.5873
0.35,56.25,0.8,5.0,200.8929,1.0045
0.35,56.25,0.8,5.625,200.8929,1.13
0.35,56.25,0.8,6.25,200.8929,1.2556
0.35,56.25,0.8,6.875,200.8929,1.3811
0.35,56.25,0.8,7.5,200.8929,1.5067
0.35,56.25,0.8,8.125,200.8929,1.6323
0.35,56.25,0.8,8.75,200.8929,1.7578
0.35,56.25,0.8,9.375,200.8929,1.8834
0.35,56.25,0.8,10.0,200.8929,2.0089
0.35,56.25,0.8125,5.0,197.8022,0.989
0.35,56.25,0.8125,5.625,197.8022,1.1126
0.35,56.25,0.8125,6.25,197.8022,1.2363
0.35,56.25,0.8125,6.875,197.8022,1.3599
0.35,56.25,0.8125,7.5,197.8022,1.4835
0.35,56.25,0.8125,8.125,197.8022,1.6071
0.35,56.25,0.8125,8.75,197.8022,1.7308
0.35,56.25,0.8125,9.375,197.8022,1.8544
0.35,56.25,0.8125,10.0,197.8022,1.978
0.35,56.25,0.825,5.0,194.8052,0.974
0.35,56.25,0.825,5.625,194.8052,1.0958
0.35,56.25,0.825,6.25,194.8052,1.2175
0.35,56.25,0.825,6.875,194.8052,1.3393
0.35,56.25,0.825,7.5,194.8052,1.461
0.35,56.25,0.825,8.125,194.8052,1.5828
0.35,56.25,0.825,8.75,194.8052,1.7045
0.35,56.25,0.825,9.375,194.8052,1.8263
0.35,56.25,0.825,10.0,194.8052,1.9481
0.35,56.25,0.8375,5.0,191.8977,0.9595
0.35,56.25,0.8375,5.625,191.8977,1.0794
0.35,56.25,0.8375,6.25,191.8977,1.1994
0.35,56.25,0.8375,6.875,191.8977,1.3193
0.35,56.25,0.8375,7.5,191.8977,1.4392
0.35,56.25,0.8375,8.125,191.8977,1.5592
0.35,56.25,0.8375,8.75,191.8977,1.6791
0.35,56.25,0.8375,9.375,191.8977,1.799
0.35,56.25,0.8375,10.0,191.8977,1.919
0.35,56.25,0.85,5.0,189.0756,0.9454
0.35,56.25,0.85,5.625,189.0756,1.0636
0.35,56.25,0.85,6.25,189.0756,1.1817
0.35,56.25,0.85,6.875,189.0756,1.2999
0.35,56.25,0.85,7.5,189.0756,1.4181
0.35,56.25,0.85,8.125,189.0756,1.5362
0.35,56.25,0.85,8.75,189.0756,1.6544
0.35,56.25,0.85,9.375,189.0756,1.7726
0.35,56.25,0.85,10.0,189.0756,1.8908
0.35,56.25,0.8625,5.0,186.3354,0.9317
0.35,56.25,0.8625,5.625,186.3354,1.0481
0.35,56.25,0.8625,6.25,186.3354,1.1646
0.35,56.25,0.8625,6.875,186.3354,1.2811
0.35,56.25,0.8625,7.5,186.3354,1.3975
0.35,56.25,0.8625,8.125,186.3354,1.514
0.35,56.25,0.8625,8.75,186.3354,1.6304
0.35,56.25,0.8625,9.375,186.3354,1.7469
0.35,56.25,0.8625,10.0,186.3354,1.8634
0.35,56.25,0.875,5.0,183.6735,0.9184
0.35,56.25,0.875,5.625,183.6735,1.0332
0.35,56.25,0.875,6.25,183.6735,1.148
0.35,56.25,0.875,6.875,183.6735,1.2628
0.35,56.25,0.875,7.5,183.6735,1.3776
0.35,56.25,0.875,8.125,183.6735,1.4923
0.35,56.25,0.875,8.75,183.6735,1.6071
0.35,56.25,0.875,9.375,183.6735,1.7219
0.35,56.25,0.875,10.0,183.6735,1.8367
0.35,56.25,0.8875,5.0,181.0865,0.9054
0.35,56.25,0.8875,5.625,181.0865,1.0186
0.35,56.25,0.8875,6.25,181.0865,1.1318
0.35,56.25,0.8875,6.875,181.0865,1.245
0.35,56.25,0.8875,7.5,181.0865,1.3581
0.35,56.25,0.8875,8.125,181.0865,1.4713
0.35,56.25,0.8875,8.75,181.0865,1.5845
0.35,56.25,0.8875,9.375,181.0865,1.6977
0.35,56.25,0.8875,10.0,181.0865,1.8109
0.35,56.25,0.9,5.0,178.5714,0.8929
0.35,56.25,0.9,5.625,178.5714,1.0045
0.35,56.25,0.9,6.25,178.5714,1.1161
0.35,56.25,0.9,6.875,178.5714,1.2277
0.35,56.25,0.9,7.5,178.5714,1.3393
0.35,56.25,0.9,8.125,178.5714,1.4509
0.35,56.25,0.9,8.75,178.5714,1.5625
0.35,56.25,0.9,9.375,178.5714,1.6741
0.35,56.25,0.9,10.0,178.5714,1.7857
0.35,62.5,0.8,5.0,223.2143,1.1161
0.35,62.5,0.8,5.625,223.2143,1.2556
0.35,62.5,0.8,6.25,223.2143,1.3951
0.35,62.5,0.8,6.875,223.2143,1.5346
0.35,62.5,0.8,7.5,223.2143,1.6741
0.35,62.5,0.8,8.125,223.2143,1.8136
0.35,62.5,0.8,8.75,223.2143,1.9531
0.35,62.5,0.8,9.375,223.2143,2.0926
0.35,62.5,0.8,10.0,223.2143,2.2321
0.35,62.5,0.8125,5.0,219.7802,1.0989
0.35,62.5,0.8125,5.625,219.7802,1.2363
0.35,62.5,0.8125,6.25,219.7802,1.3736
0.35,62.5,0.8125,6.875,219.7802,1.511
0.35,62.5,0.8125,7.5,219.7802,1.6484
0.35,62.5,0.8125,8.125,219.7802,1.7857
0.35,62.5,0.8125,8.75,219.7802,1.9231
0.35,62.5,0.8125,9.375,219.7802,2.0604
0.35,62.5,0.8125,10.0,219.7802,2.1978
0.35,62.5,0.825,5.0,216.4502,1.0823
0.35,62.5,0.825,5.625,216.4502,1.2175
0.35,62.5,0.825,6.25,216.4502,1.3528
0.35,62.5,0.825,6.875,216.4502,1.4881
0.35,62.5,0.825,7.5,216.4502,1.6234
0.35,62.5,0.825,8.125,216.4502,1.7587
0.35,62.5,0.825,8.75,216.4502,1.8939
0.35,62.5,0.825,9.375,216.4502,2.0292
0.35,62.5,0.825,10.0,216.4502,2.1645
0.35,62.5,0.8375,5.0,213.2196,1.0661
0.35,62.5,0.8375,5.625,213.2196,1.1994
0.35,62.5,0.8375,6.25,213.2196,1.3326
0.35,62.5,0.8375,6.875,213.2196,1.4659
0.35,62.5,0.8375,7.5,213.2196,1.5991
0.35,62.5,0.8375,8.125,213.2196,1.7324
0.35,62.5,0.8375,8.75,213.2196,1.8657
0.35,62.5,0.8375,9.375,213.2196,1.9989
0.35,62.5,0.8375,10.0,213.2196,2.1322
0.35,62.5,0.85,5.0,210.084,1.0504
0.35,62.5,0.85,5.625,210.084,1.1817
0.35,62.5,0.85,6.25,210.084,1.313
0.35,62.5,0.85,6.875,210.084,1.4443
0.35,62.5,0.85,7.5,210.084,1.5756
0.35,62.5,0.85,8.125,210.084,1.7069
0.35,62.5,0.85,8.75,210.084,1.8382
0.35,62.5,0.85,9.375,210.084,1.9695
0.35,62.5,0.85,10.0,210.084,2.1008
0.35,62.5,0.8625,5.0,207.0393,1.0352
0.35,62.5,0.8625,5.625,207.0393,1.1646
0.35,62.5,0.8625,6.25,207.0393,1.294
0.35,62.5,0.8625,6.875,207.0393,1.4234
0.35,62.5,0.8625,7.5,207.0393,1.5528
0.35,62.5,0.8625,8.125,207.0393,1.6822
0.35,62.5,0.8625,8.75,207.0393,1.8116
0.35,62.5,0.8625,9.375,207.0393,1.941
0.35,62.5,0.8625,10.0,207.0393,2.0704
0.35,62.5,0.875,5.0,204.0816,1.0204
0.35,62.5,0.875,5.625,204.0816,1.148
0.35,62.5,0.875,6.25,204.0816,1.2755
0.35,62.5,0.875,6.875,204.0816,1.4031
0.35,62.5,0.875,7.5,204.0816,1.5306
0.35,62.5,0.875,8.125,204.0816,1.6582
0.35,62.5,0.875,8.75,204.0816,1.7857
0.35,62.5,0.875,9.375,204.0816,1.9133
0.35,62.5,0.875,10.0,204.0816,2.0408
0.35,62.5,0.8875,5.0,201.2072,1.006
0.35,62.5,0.8875,5.625,201.2072,1.1318
0.35,62.5,0.8875,6.25,201.2072,1.2575
0.35,62.5,0.8875,6.875,201.2072,1.3833
0.35,62.5,0.8875,7.5,201.2072,1.5091
0.35,62.5,0.8875,8.125,201.2072,1.6348
0.35,62.5,0.8875,8.75,201.2072,1.7606
0.35,62.5,0.8875,9.375,201.2072,1.8863
0.35,62.5,0.8875,10.0,201.2072,2.0121
0.35,62.5,0.9,5.0,198.4127,0.9921
0.35,62.5,0.9,5.625,198.4127,1.1161
0.35,62.5,0.9,6.25,198.4127,1.2401
0.35,62.5,0.9,6.875,198.4127,1.3641
0.35,62.5,0.9,7.5,198.4127,1.4881
0.35,62.5,0.9,8.125,198.4127,1.6121
0.35,62.5,0.9,8.75,198.4127,1.7361
0.35,62.5,0.9,9.375,198.4127,1.8601
0.35,62.5,0.9,10.0,198.4127,1.9841
0.35,68.75,0.8,5.0,245.5357,1.2277
0.35,68.75,0.8,5.625,245.5357,1.3811
0.35,68.75,0.8,6.25,245.5357,1.5346
0.35,68.75,0.8,6.875,245.5357,1.6881
0.35,68.75,0.8,7.5,245.5357,1.8415
0.35,68.75,0.8,8.125,245.5357,1.995
0.35,68.75,0.8,8.75,245.5357,2.1484
0.35,68.75,0.8,9.375,245.5357,2.3019
0.35,68.75,0.8,10.0,245.5357,2.4554
0.35,68.75,0.8125,5.0,241.7582,1.2088
0.35,68.75,0.8125,5.625,241.7582,1.3599
0.35,68.75,0.8125,6.25,241.7582,1.511
0.35,68.75,0.8125,6.875,241.7582,1.6621
0.35,68.75,0.8125,7.5,241.7582,1.8132
0.35,68.75,0.8125,8.125,241.7582,1.9643
0.35,68.75,0.8125,8.75,241.7582,2.1154
0.35,68.75,0.8125,9.375,241.7582,2.2665
0.35,68.75,0.8125,10.0,241.7582,2.4176
0.35,68.75,0.825,5.0,238.0952,1.1905
0.35,68.75,0.825,5.625,238.0952,1.3393
0.35,68.75,0.825,6.25,238.0952,1.4881
0.35,68.75,0.825,6.875,238.0952,1.6369
0.35,68.75,0.825,7.5,238.0952,1.7857
0.35,68.75,0.825,8.125,238.0952,1.9345
0.35,68.75,0.825,8.75,238.0952,2.0833
0.35,68.75,0.825,9.375,238.0952,2.2321
0.35,68.75,0.825,10.0,238.0952,2.381
0.35,68.75,0.8375,5.0,234.5416,1.1727
0.35,68.75,0.8375,5.625,234.5416,1.3193
0.35,68.75,0.8375,6.25,234.5416,1.4659
0.35,68.75,0.8375,6.875,234.5416,1.6125
0.35,68.75,0.8375,7.5,234.5416,1.7591
0.35,68.75,0.8375,8.125,234.5416,1.9057
0.35,68.75,0.8375,8.75,234.5416,2.0522
0.35,68.75,0.8375,9.375,234.5416,2.1988
0.35,68.75,0.8375,10.0,234.5416,2.3454
0.35,68.75,0.85,5.0,231.0924,1.1555
0.35,68.75,0.85,5.625,231.0924,1.2999
0.35,68.75,0.85,6.25,231.0924,1.4443
0.35,68.75,0.85,6.875,231.0924,1.5888
0.35,68.75,0.85,7.5,231.0924,1.7332
0.35,68.75,0.85,8.125,231.0924,1.8776
0.35,68.75,0.85,8.75,231.0924,2.0221
0.35,68.75,0.85,9.375,231.0924,2.1665
0.35,68.75,0.85,10.0,231.0924,2.3109
0.35,68.75,0.8625,5.0,227.7433,1.1387
0.35,68.75,0.8625,5.625,227.7433,1.2811
0.35,68.75,0.8625,6.25,227.7433,1.4234
0.35,68.75,0.8625,6.875,227.7433,1.5657
0.35,68.75,0.8625,7.5,227.7433,1.7081
0.35,68.75,0.8625,8.125,227.7433,1.8504
0.35,68.75,0.8625,8.75,227.7433,1.9928
0.35,68.75,0.8625,9.375,227.7433,2.1351
0.35,68.75,0.8625,10.0,227.7433,2.2774
0.35,68.75,0.875,5.0,224.4898,1.1224
0.35,68.75,0.875,5.625,224.4898,1.2628
0.35,68.75,0.875,6.25,224.4898,1.4031
0.35,68.75,0.875,6.875,224.4898,1.5434
0.35,68.75,0.875,7.5,224.4898,1.6837
0.35,68.75,0.875,8.125,224.4898,1.824
0.35,68.75,0.875,8.75,224.4898,1.9643
0.35,68.75,0.875,9.375,224.4898,2.1046
0.35,68.75,0.875,10.0,224.4898,2.2449
0.35,68.75,0.8875,5.0,221.328,1.1066
0.35,68.75,0.8875,5.625,221.328,1.245
0.35,68.75,0.8875,6.25,221.328,1.3833
0.35,68.75,0.8875,6.875,221.328,1.5216
0.35,68.75,0.8875,7.5,221.328,1.66
0.35,68.75,0.8875,8.125,221.328,1.7983
0.35,68.75,0.8875,8.75,221.328,1.9366
0.35,68.75,0.8875,9.375,221.328,2.0749
0.35,68.75,0.8875,10.0,221.328,2.2133
0.35,68.75,0.9,5.0,218.254,1.0913
0.35,68.75,0.9,5.625,218.254,1.2277
0.35,68.75,0.9,6.25,218.254,1.3641
0.35,68.75,0.9,6.875,218.254,1.5005
0.35,68.75,0.9,7.5,218.254,1.6369
0.35,68.75,0.9,8.125,218.254,1.7733
0.35,68.75,0.9,8.75,218.254,1.9097
0.35,68.75,0.9,9.375,218.254,2.0461
0.35,68.75,0.9,10.0,218.254,2.1825
0.35,75.0,0.8,5.0,267.8571,1.3393
0.35,75.0,0.8,5.625,267.8571,1.5067
0.35,75.0,0.8,6.25,267.8571,1.6741
0.35,75.0,0.8,6.875,267.8571,1.8415
0.35,75.0,0.8,7.5,267.8571,2.0089
0.35,75.0,0.8,8.125,267.8571,2.1763
0.35,75.0,0.8,8.75,267.8571,2.3438
0.35,75.0,0.8,9.375,267.8571,2.5112
0.35,75.0,0.8,10.0,267.8571,2.6786
0.35,75.0,0.8125,5.0,263.7363,1.3187
0.35,75.0,0.8125,5.625,263.7363,1.4835
0.35,75.0,0.8125,6.25,263.7363,1.6484
0.35,75.0,0.8125,6.875,263.7363,1.8132
0.35,75.0,0.8125,7.5,263.7363,1.978
0.35,75.0,0.8125,8.125,263.7363,2.1429
0.35,75.0,0.8125,8.75,263.7363,2.3077
0.35,75.0,0.8125,9.375,263.7363,2.4725
0.35,75.0,0.8125,10.0,263.7363,2.6374
0.35,75.0,0.825,5.0,259.7403,1.2987
0.35,75.0,0.825,5.625,259.7403,1.461
0.35,75.0,0.825,6.25,259.7403,1.6234
0.35,75.0,0.825,6.875,259.7403,1.7857
0.35,75.0,0.825,7.5,259.7403,1.9481
0.35,75.0,0.825,8.125,259.7403,2.1104
0.35,75.0,0.825,8.75,259.7403,2.2727
0.35,75.0,0.825,9.375,259.7403,2.4351
0.35,75.0,0.825,10.0,259.7403,2.5974
0.35,75.0,0.8375,5.0,255.8635,1.2793
0.35,75.0,0.8375,5.625,255.8635,1.4392
0.35,75.0,0.8375,6.25,255.8635,1.5991
0.35,75.0,0.8375,6.875,255.8635,1.7591
0.35,75.0,0.8375,7.5,255.8635,1.919
0.35,75.0,0.8375,8.125,255.8635,2.0789
0.35,75.0,0.8375,8.75,255.8635,2.2388
0.35,75.0,0.8375,9.375,255.8635,2.3987
0.35,75.0,0.8375,10.0,255.8635,2.5586
0.35,75.0,0.85,5.0,252.1008,1.2605
0.35,75.0,0.85,5.625,252.1008,1.4181
0.35,75.0,0.85,6.25,252.1008,1.5756
0.35,75.0,0.85,6.875,252.1008,1.7332
0.35,75.0,0.85,7.5,252.1008,1.8908
0.35,75.0,0.85,8.125,252.1008,2.0483
0.35,75.0,0.85,8.75,252.1008,2.2059
0.35,75.0,0.85,9.375,252.1008,2.3634
0.35,75.0,0.85,10.0,252.1008,2.521
0.35,75.0,0.8625,5.0,248.4472,1.2422
0.35,75.0,0.8625,5.625,248.4472,1.3975
0.35,75.0,0.8625,6.25,248.4472,1.5528
0.35,75.0,0.8625,6.875,248.4472,1.7081
0.35,75.0,0.8625,7.5,248.4472,1.8634
0.35,75.0,0.8625,8.125,248.4472,2.0186
0.35,75.0,0.8625,8.75,248.4472,2.1739
0.35,75.0,0.8625,9.375,248.4472,2.3292
0.35,75.0,0.8625,10.0,248.4472,2.4845
0.35,75.0,0.875,5.0,244.898,1.2245
0.35,75.0,0.875,5.625,244.898,1.3776
0.35,75.0,0.875,6.25,244.898,1.5306
0.35,75.0,0.875,6.875,244.898,1.6837
0.35,75.0,0.875,7.5,244.898,1.8367
0.35,75.0,0.875,8.125,244.898,1.9898
0.35,75.0,0.875,8.75,244.898,2.1429
0.35,75.0,0.875,9.375,244.898,2.2959
0.35,75.0,0.875,10.0,244.898,2.449
0.35,75.0,0.8875,5.0,241.4487,1.2072
0.35,75.0,0.8875,5.625,241.4487,1.3581
0.35,75.0,0.8875,6.25,241.4487,1.5091
0.35,75.0,0.8875,6.875,241.4487,1.66
0.35,75.0,0.8875,7.5,241.4487,1.8109
0.35,75.0,0.8875,8.125,241.4487,1.9618
0.35,75.0,0.8875,8.75,241.4487,2.1127
0.35,75.0,0.8875,9.375,241.4487,2.2636
0.35,75.0,0.8875,10.0,241.4487,2.4145
0.35,75.0,0.9,5.0,238.0952,1.1905
0.35,75.0,0.9,5.625,238.0952,1.3393
0.35,75.0,0.9,6.25,238.0952,1.4881
0.35,75.0,0.9,6.875,238.0952,1.6369
0.35,75.0,0.9,7.5,238.0952,1.7857
0.35,75.0,0.9,8.125,238.0952,1.9345
0.35,75.0,0.9,8.75,238.0952,2.0833
0.35,75.0,0.9,9.375,238.0952,2.2321
0.35,75.0,0.9,10.0,238.0952,2.381
0.35,81.25,0.8,5.0,290.1786,1.4509
0.35,81.25,0.8,5.625,290.1786,1.6323
0.35,81.25,0.8,6.25,290.1786,1.8136
0.35,81.25,0.8,6.875,290.1786,1.995
0.35,81.25,0.8,7.5,290.1786,2.1763
0.35,81.25,0.8,8.125,290.1786,2.3577
0.35,81.25,0.8,8.75,290.1786,2.5391
0.35,81.25,0.8,9.375,290.1786,2.7204
0.35,81.25,0.8,10.0,290.1786,2.9018
0.35,81.25,0.8125,5.0,285.7143,1.4286
0.35,81.25,0.8125,5.625,285.7143,1.6071
0.35,81.25,0.8125,6.25,285.7143,1.7857
0.35,81.25,0.8125,6.875,285.7143,1.9643
0.35,81.25,0.8125,7.5,285.7143,2.1429
0.35,81.25,0.8125,8.125,285.7143,2.3214
0.35,81.25,0.8125,8.75,285.7143,2.5
0.35,81.25,0.8125,9.375,285.7143,2.6786
0.35,81.25,0.8125,10.0,285.7143,2.8571
0.35,81.25,0.825,5.0,281.3853,1.4069
0.35,81.25,0.825,5.625,281.3853,1.5828
0.35,81.25,0.825,6.25,281.3853,1.7587
0.35,81.25,0.825,6.875,281.3853,1.9345
0.35,81.25,0.825,7.5,281.3853,2.1104
0.35,81.25,0.825,8.125,281.3853,2.2863
0.35,81.25,0.825,8.75,281.3853,2.4621
0.35,81.25,0.825,9.375,281.3853,2.638
0.35,81.25,0.825,10.0,281.3853,2.8139
0.35,81.25,0.8375,5.0,277.1855,1.3859
0.35,81.25,0.8375,5.625,277.1855,1.5592
0.35,81.25,0.8375,6.25,277.1855,1.7324
0.35,81.25,0.8375,6.875,277.1855,1.9057
0.35,81.25,0.8375,7.5,277.1855,2.0789
0.35,81.25,0.8375,8.125,277.1855,2.2521
0.35,81.25,0.8375,8.75,277.1855,2.4254
0.35,81.25,0.8375,9.375,277.1855,2.5986
0.35,81.25,0.8375,10.0,277.1855,2.7719
0.35,81.25,0.85,5.0,273.1092,1.3655
0.35,81.25,0.85,5.625,273.1092,1.5362
0.35,81.25,0.85,6.25,273.1092,1.7069
0.35,81.25,0.85,6.875,273.1092,1.8776
0.35,81.25,0.85,7.5,273.1092,2.0483
0.35,81.25,0.85,8.125,273.1092,2.219
0.35,81.25,0.85,8.75,273.1092,2.3897
0.35,81.25,0.85,9.375,273.1092,2.5604
0.35,81.25,0.85,10.0,273.1092,2.7311
0.35,81.25,0.8625,5.0,269.1511,1.3458
0.35,81.25,0.8625,5.625,269.1511,1.514
0.35,81.25,0.8625,6.25,269.1511,1.6822
0.35,81.25,0.8625,6.875,269.1511,1.8504
0.35,81.25,0.8625,7.5,269.1511,2.0186
0.35,81.25,0.8625,8.125,269.1511,2.1869
0.35,81.25,0.8625,8.75,269.1511,2.3551
0.35,81.25,0.8625,9.375,269.1511,2.5233
0.35,81.25,0.8625,10.0,269.1511,2.6915
0.35,81.25,0.875,5.0,265.3061,1.3265
0.35,81.25,0.875,5.625,265.3061,1.4923
0.35,81.25,0.875,6.25,265.3061,1.6582
0.35,81.25,0.875,6.875,265.3061,1.824
0.35,81.25,0.875,7.5,265.3061,1.9898
0.35,81.25,0.875,8.125,265.3061,2.1556
0.35,81.25,0.875,8.75,265.3061,2.3214
0.35,81.25,0.875,9.375,265.3061,2.4872
0.35,81.25,0.875,10.0,265.3061,2.6531
0.35,81.25,0.8875,5.0,261.5694,1.3078
0.35,81.25,0.8875,5.625,261.5694,1.4713
0.35,81.25,0.8875,6.25,261.5694,1.6348
0.35,81.25,0.8875,6.875,261.5694,1.7983
0.35,81.25,0.8875,7.5,261.5694,1.9618
0.35,81.25,0.8875,8.125,261.5694,2.1253
0.35,81.25,0.8875,8.75,261.5694,2.2887
0.35,81.25,0.8875,9.375,261.5694,2.4522
0.35,81.25,0.8875,10.0,261.5694,2.6157
0.35,81.25,0.9,5.0,257.9365,1.2897
0.35,81.25,0.9,5.625,257.9365,1.4509
0.35,81.25,0.9,6.25,257.9365,1.6121
0.35,81.25,0.9,6.875,257.9365,1.7733
0.35,81.25,0.9,7.5,257.9365,1.9345
0.35,81.25,0.9,8.125,257.9365,2.0957
0.35,81.25,0.9,8.75,257.9365,2.2569
0.35,81.25,0.9,9.375,257.9365,2.4182
0.35,81.25,0.9,10.0,257.9365,2.5794
0.35,87.5,0.8,5.0,312.5,1.5625
0.35,87.5,0.8,5.625,312.5,1.7578
0.35,87.5,0.8,6.25,312.5,1.9531
0.35,87.5,0.8,6.875,312.5,2.1484
0.35,87.5,0.8,7.5,312.5,2.3437
0.35,87.5,0.8,8.125,312.5,2.5391
0.35,87.5,0.8,8.75,312.5,2.7344
0.35,87.5,0.8,9.375,312.5,2.9297
0.35,87.5,0.8,10.0,312.5,3.125
0.35,87.5,0.8125,5.0,307.6923,1.5385
0.35,87.5,0.8125,5.625,307.6923,1.7308
0.35,87.5,0.8125,6.25,307.6923,1.9231
0.35,87.5,0.8125,6.875,307.6923,2.1154
0.35,87.5,0.8125,7.5,307.6923,2.3077
0.35,87.5,0.8125,8.125,307.6923,2.5
0.35,87.5,0.8125,8.75,307.6923,2.6923
0.35,87.5,0.8125,9.375,307.6923,2.8846
0.35,87.5,0.8125,10.0,307.6923,3.0769
0.35,87.5,0.825,5.0,303.0303,1.5152
0.35,87.5,0.825,5.625,303.0303,1.7045
0.35,87.5,0.825,6.25,303.0303,1.8939
0.35,87.5,0.825,6.875,303.0303,2.0833
0.35,87.5,0.825,7.5,303.0303,2.2727
0.35,87.5,0.825,8.125,303.0303,2.4621
0.35,87.5,0.825,8.75,303.0303,2.6515
0.35,87.5,0.825,9.375,303.0303,2.8409
0.35,87.5,0.825,10.0,303.0303,3.0303
0.35,87.5,0.8375,5.0,298.5075,1.4925
0.35,87.5,0.8375,5.625,298.5075,1.6791
0.35,87.5,0.8375,6.25,298.5075,1.8657
0.35,87.5,0.8375,6.875,298.5075,2.0522
0.35,87.5,0.8375,7.5,298.5075,2.2388
0.35,87.5,0.8375,8.125,298.5075,2.4254
0.35,87.5,0.8375,8.75,298.5075,2.6119
0.35,87.5,0.8375,9.375,298.5075,2.7985
0.35,87.5,0.8375,10.0,298.5075,2.9851
0.35,87.5,0.85,5.0,294.1176,1.4706
0.35,87.5,0.85,5.625,294.1176,1.6544
0.35,87.5,0.85,6.25,294.1176,1.8382
0.35,87.5,0.85,6.875,294.1176,2.0221
0.35,87.5,0.85,7.5,294.1176,2.2059
0.35,87.5,0.85,8.125,294.1176,2.3897
0.35,87.5,0.85,8.75,294.1176,2.5735
0.35,87.5,0.85,9.375,294.1176,2.7574
0.35,87.5,0.85,10.0,294.1176,2.9412
0.35,87.5,0.8625,5.0,289.8551,1.4493
0.35,87.5,0.8625,5.625,289.8551,1.6304
0.35,87.5,0.8625,6.25,289.8551,1.8116
0.35,87.5,0.8625,6.875,289.8551,1.9928
0.35,87.5,0.8625,7.5,289.8551,2.1739
0.35,87.5,0.8625,8.125,289.8551,2.3551
0.35,87.5,0.8625,8.75,289.8551,2.5362
0.35,87.5,0.8625,9.375,289.8551,2.7174
0.35,87.5,0.8625,10.0,289.8551,2.8986
0.35,87.5,0.875,5.0,285.7143,1.4286
0.35,87.5,0.875,5.625,285.7143,1.6071
0.35,87.5,0.875,6.25,285.7143,1.7857
0.35,87.5,0.875,6.875,285.7143,1.9643
0.35,87.5,0.875,7.5,285.7143,2.1429
0.35,87.5,0.875,8.125,285.7143,2.3214
0.35,87.5,0.875,8.75,285.7143,2.5
0.35,87.5,0.875,9.375,285.7143,2.6786
0.35,87.5,0.875,10.0,285.7143,2.8571
0.35,87.5,0.8875,5.0,281.6901,1.4085
0.35,87.5,0.8875,5.625,281.6901,1.5845
0.35,87.5,0.8875,6.25,281.6901,1.7606
0.35,87.5,0.8875,6.875,281.6901,1.9366
0.35,87.5,0.8875,7.5,281.6901,2.1127
0.35,87.5,0.8875,8.125,281.6901,2.2887
0.35,87.5,0.8875,8.75,281.6901,2.4648
0.35,87.5,0.8875,9.375,281.6901,2.6408
0.35,87.5,0.8875,10.0,281.6901,2.8169
0.35,87.5,0.9,5.0,277.7778,1.3889
0.35,87.5,0.9,5.625,277.7778,1.5625
0.35,87.5,0.9,6.25,277.7778,1.7361
0.35,87.5,0.9,6.875,277.7778,1.9097
0.35,87.5,0.9,7.5,277.7778,2.0833
0.35,87.5,0.9,8.125,277.7778,2.2569
0.35,87.5,0.9,8.75,277.7778,2.4306
0.35,87.5,0.9,9.375,277.7778,2.6042
0.35,87.5,0.9,10.0,277.7778,2.7778
0.35,93.75,0.8,5.0,334.8214,1.6741
0.35,93.75,0.8,5.625,334.8214,1.8834
0.35,93.75,0.8,6.25,334.8214,2.0926
0.35,93.75,0.8,6.875,334.8214,2.3019
0.35,93.75,0.8,7.5,334.8214,2.5112
0.35,93.75,0.8,8.125,334.8214,2.7204
0.35,93.75,0.8,8.75,334.8214,2.9297
0.35,93.75,0.8,9.375,334.8214,3.139
0.35,93.75,0.8,10.0,334.8214,3.3482
0.35,93.75,0.8125,5.0,329.6703,1.6484
0.35,93.75,0.8125,5.625,329.6703,1.8544
0.35,93.75,0.8125,6.25,329.6703,2.0604
0.35,93.75,0.8125,6.875,329.6703,2.2665
0.35,93.75,0.8125,7.5,329.6703,2.4725
0.35,93.75,0.8125,8.125,329.6703,2.6786
0.35,93.75,0.8125,8.75,329.6703,2.8846
0.35,93.75,0.8125,9.375,329.6703,3.0907
0.35,93.75,0.8125,10.0,329.6703,3.2967
0.35,93.75,0.825,5.0,324.6753,1.6234
0.35,93.75,0.825,5.625,324.6753,1.8263
0.35,93.75,0.825,6.25,324.6753,2.0292
0.35,93.75,0.825,6.875,324.6753,2.2321
0.35,93.75,0.825,7.5,324.6753,2.4351
0.35,93.75,0.825,8.125,324.6753,2.638
0.35,93.75,0.825,8.75,324.6753,2.8409
0.35,93.75,0.825,9.375,324.6753,3.0438
0.35,93.75,0.825,10.0,324.6753,3.2468
0.35,93.75,0.8375,5.0,319.8294,1.5991
0.35,93.75,0.8375,5.625,319.8294,1.799
0.35,93.75,0.8375,6.25,319.8294,1.9989
0.35,93.75,0.8375,6.875,319.8294,2.1988
0.35,93.75,0.8375,7.5,319.8294,2.3987
0.35,93.75,0.8375,8.125,319.8294,2.5986
0.35,93.75,0.8375,8.75,319.8294,2.7985
0.35,93.75,0.8375,9.375,319.8294,2.9984
0.35,93.75,0.8375,10.0,319.8294,3.1983
0.35,93.75,0.85,5.0,315.1261,1.5756
0.35,93.75,0.85,5.625,315.1261,1.7726
0.35,93.75,0.85,6.25,315.1261,1.9695
0.35,93.75,0.85,6.875,315.1261,2.1665
0.35,93.75,0.85,7.5,315.1261,2.3634
0.35,93.75,0.85,8.125,315.1261,2.5604
0.35,93.75,0.85,8.75,315.1261,2.7574
0.35,93.75,0.85,9.375,315.1261,2.9543
0.35,93.75,0.85,10.0,315.1261,3.1513
0.35,93.75,0.8625,5.0,310.559,1.5528
0.35,93.75,0.8625,5.625,310.559,1.7469
0.35,93.75,0.8625,6.25,310.559,1.941
0.35,93.75,0.8625,6.875,310.559,2.1351
0.35,93.75,0.8625,7.5,310.559,2.3292
0.35,93.75,0.8625,8.125,310.559,2.5233
0.35,93.75,0.8625,8.75,310.559,2.7174
0.35,93.75,0.8625,9.375,310.559,2.9115
0.35,93.75,0.8625,10.0,310.559,3.1056
0.35,93.75,0.875,5.0,306.1224,1.5306
0.35,93.75,0.875,5.625,306.1224,1.7219
0.35,93.75,0.875,6.25,306.1224,1.9133
0.35,93.75,0.875,6.875,306.1224,2.1046
0.35,93.75,0.875,7.5,306.1224,2.2959
0.35,93.75,0.875,8.125,306.1224,2.4872
0.35,93.75,0.875,8.75,306.1224,2.6786
0.35,93.75,0.875,9.375,306.1224,2.8699
0.35,93.75,0.875,10.0,306.1224,3.0612
0.35,93.75,0.8875,5.0,301.8109,1.5091
0.35,93.75,0.8875,5.625,301.8109,1.6977
0.35,93.75,0.8875,6.25,301.8109,1.8863
0.35,93.75,0.8875,6.875,301.8109,2.0749
0.35,93.75,0.8875,7.5,301.8109,2.2636
0.35,93.75,0.8875,8.125,301.8109,2.4522
0.35,93.75,0.8875,8.75,301.8109,2.6408
0.35,93.75,0.8875,9.375,301.8109,2.8295
0.35,93.75,0.8875,10.0,301.8109,3.0181
0.35,93.75,0.9,5.0,297.619,1.4881
0.35,93.75,0.9,5.625,297.619,1.6741
0.35,93.75,0.9,6.25,297.619,1.8601
0.35,93.75,0.9,6.875,297.619,2.0461
0.35,93.75,0.9,7.5,297.619,2.2321
0.35,93.75,0.9,8.125,297.619,2.4182
0.35,93.75,0.9,8.75,297.619,2.6042
0.35,93.75,0.9,9.375,297.619,2.7902
0.35,93.75,0.9,10.0,297.619,2.9762
0.35,100.0,0.8,5.0,357.1429,1.7857
0.35,100.0,0.8,5.625,357.1429,2.0089
0.35,100.0,0.8,6.25,357.1429,2.2321
0.35,100.0,0.8,6.875,357.1429,2.4554
0.35,100.0,0.8,7.5,357.1429,2.6786
0.35,100.0,0.8,8.125,357.1429,2.9018
0.35,100.0,0.8,8.75,357.1429,3.125
0.35,100.0,0.8,9.375,357.1429,3.3482
0.35,100.0,0.8,10.0,357.1429,3.5714
0.35,100.0,0.8125,5.0,351.6484,1.7582
0.35,100.0,0.8125,5.625,351.6484,1.978
0.35,100.0,0.8125,6.25,351.6484,2.1978
0.35,100.0,0.8125,6.875,351.6484,2.4176
0.35,100.0,0.8125,7.5,351.6484,2.6374
0.35,100.0,0.8125,8.125,351.6484,2.8571
0.35,100.0,0.8125,8.75,351.6484,3.0769
0.35,100.0,0.8125,9.375,351.6484,3.2967
0.35,100.0,0.8125,10.0,351.6484,3.5165
0.35,100.0,0.825,5.0,346.3203,1.7316
0.35,100.0,0.825,5.625,346.3203,1.9481
0.35,100.0,0.825,6.25,346.3203,2.1645
0.35,100.0,0.825,6.875,346.3203,2.381
0.35,100.0,0.825,7.5,346.3203,2.5974
0.35,100.0,0.825,8.125,346.3203,2.8139
0.35,100.0,0.825,8.75,346.3203,3.0303
0.35,100.0,0.825,9.375,346.3203,3.2468
0.35,100.0,0.825,10.0,346.3203,3.4632
0.35,100.0,0.8375,5.0,341.1514,1.7058
0.35,100.0,0.8375,5.625,341.1514,1.919
0.35,100.0,0.8375,6.25,341.1514,2.1322
0.35,100.0,0.8375,6.875,341.1514,2.3454
0.35,100.0,0.8375,7.5,341.1514,2.5586
0.35,100.0,0.8375,8.125,341.1514,2.7719
0.35,100.0,0.8375,8.75,341.1514,2.9851
0.35,100.0,0.8375,9.375,341.1514,3.1983
0.35,100.0,0.8375,10.0,341.1514,3.4115
0.35,100.0,0.85,5.0,336.1345,1.6807
0.35,100.0,0.85,5.625,336.1345,1.8908
0.35,100.0,0.85,6.25,336.1345,2.1008
0.35,100.0,0.85,6.875,336.1345,2.3109
0.35,100.0,0.85,7.5,336.1345,2.521
0.35,100.0,0.85,8.125,336.1345,2.7311
0.35,100.0,0.85,8.75,336.1345,2.9412
0.35,100.0,0.85,9.375,336.1345,3.1513
0.35,100.0,0.85,10.0,336.1345,3.3613
0.35,100.0,0.8625,5.0,331.2629,1.6563
0.35,100.0,0.8625,5.625,331.2629,1.8634
0.35,100.0,0.8625,6.25,331.2629,2.0704
0.35,100.0,0.8625,6.875,331.2629,2.2774
0.35,100.0,0.8625,7.5,331.2629,2.4845
0.35,100.0,0.8625,8.125,331.2629,2.6915
0.35,100.0,0.8625,8.75,331.2629,2.8986
0.35,100.0,0.8625,9.375,331.2629,3.1056
0.35,100.0,0.8625,10.0,331.2629,3.3126
0.35,100.0,0.875,5.0,326.5306,1.6327
0.35,100.0,0.875,5.625,326.5306,1.8367
0.35,100.0,0.875,6.25,326.5306,2.0408
0.35,100.0,0.875,6.875,326.5306,2.2449
0.35,100.0,0.875,7.5,326.5306,2.449
0.35,100.0,0.875,8.125,326.5306,2.6531
0.35,100.0,0.875,8.75,326.5306,2.8571
0.35,100.0,0.875,9.375,326.5306,3.0612
0.35,100.0,0.875,10.0,326.5306,3.2653
0.35,100.0,0.8875,5.0,321.9316,1.6097
0.35,100.0,0.8875,5.625,321.9316,1.8109
0.35,100.0,0.8875,6.25,321.9316,2.0121
0.35,100.0,0.8875,6.875,321.9316,2.2133
0.35,100.0,0.8875,7.5,321.9316,2.4145
0.35,100.0,0.8875,8.125,321.9316,2.6157
0.35,100.0,0.8875,8.75,321.9316,2.8169
0.35,100.0,0.8875,9.375,321.9316,3.0181
0.35,100.0,0.8875,10.0,321.9316,3.2193
0.35,100.0,0.9,5.0,317.4603,1.5873
0.35,100.0,0.9,5.625,317.4603,1.7857
0.35,100.0,0.9,6.25,317.4603,1.9841
0.35,100.0,0.9,6.875,317.4603,2.1825
0.35,100.0,0.9,7.5,317.4603,2.381
0.35,100.0,0.9,8.125,317.4603,2.5794
0.35,100.0,0.9,8.75,317.4603,2.7778
0.35,100.0,0.9,9.375,317.4603,2.9762
0.35,100.0,0.9,10.0,317.4603,3.1746
0.375,50.0,0.8,5.0,166.6667,0.8333
0.375,50.0,0.8,5.625,166.6667,0.9375
0.375,50.0,0.8,6.25,166.6667,1.0417
0.375,50.0,0.8,6.875,166.6667,1.1458
0.375,50.0,0.8,7.5,166.6667,1.25
0.375,50.0,0.8,8.125,166.6667,1.3542
0.375,50.0,0.8,8.75,166.6667,1.4583
0.375,50.0,0.8,9.375,166.6667,1.5625
0.375,50.0,0.8,10.0,166.6667,1.6667
0.375,50.0,0.8125,5.0,164.1026,0.8205
0.375,50.0,0.8125,5.625,164.1026,0.9231
0.375,50.0,0.8125,6.25,164.1026,1.0256
0.375,50.0,0.8125,6.875,164.1026,1.1282
0.375,50.0,0.8125,7.5,164.1026,1.2308
0.375,50.0,0.8125,8.125,164.1026,1.3333
0.375,50.0,0.8125,8.75,164.1026,1.4359
0.375,50.0,0.8125,9.375,164.1026,1.5385
0.375,50.0,0.8125,10.0,164.1026,1.641
0.375,50.0,0.825,5.0,161.6162,0.8081
0.375,50.0,0.825,5.625,161.6162,0.9091
0.375,50.0,0.825,6.25,161.6162,1.0101
0.375,50.0,0.825,6.875,161.6162,1.1111
0.375,50.0,0.825,7.5,161.6162,1.2121
0.375,50.0,0.825,8.125,161.6162,1.3131
0.375,50.0,0.825,8.75,161.6162,1.4141
0.375,50.0,0.825,9.375,161.6162,1.5152
0.375,50.0,0.825,10.0,161.6162,1.6162
0.375,50.0,0.8375,5.0,159.204,0.796
0.375,50.0,0.8375,5.625,159.204,0.8955
0.375,50.0,0.8375,6.25,159.204,0.995
0.375,50.0,0.8375,6.875,159.204,1.0945
0.375,50.0,0.8375,7.5,159.204,1.194
0.375,50.0,0.8375,8.125,159.204,1.2935
0.375,50.0,0.8375,8.75,159.204,1.393
0.375,50.0,0.8375,9.375,159.204,1.4925
0.375,50.0,0.8375,10.0,159.204,1.592
0.375,50.0,0.85,5.0,156.8627,0.7843
0.375,50.0,0.85,5.625,156.8627,0.8824
0.375,50.0,0.85,6.25,156.8627,0.9804
0.375,50.0,0.85,6.875,156.8627,1.0784
0.375,50.0,0.85,7.5,156.8627,1.1765
0.375,50.0,0.85,8.125,156.8627,1.2745
0.375,50.0,0.85,8.75,156.8627,1.3725
0.375,50.0,0.85,9.375,156.8627,1.4706
0.375,50.0,0.85,10.0,156.8627,1.5686
0.375,50.0,0.8625,5.0,154.5894,0.7729
0.375,50.0,0.8625,5.625,154.5894,0.8696
0.375,50.0,0.8625,6.25,154.5894,0.9662
0.375,50.0,0.8625,6.875,154.5894,1.0628
0.375,50.0,0.8625,7.5,154.5894,1.1594
0.375,50.0,0.8625,8.125,154.5894,1.256
0.375,50.0,0.8625,8.75,154.5894,1.3527
0.375,50.0,0.8625,9.375,154.5894,1.4493
0.375,50.0,0.8625,10.0,154.5894,1.5459
0.375,50.0,0.875,5.0,152.381,0.7619
0.375,50.0,0.875,5.625,152.381,0.8571
0.375,50.0,0.875,6.25,152.381,0.9524
0.375,50.0,0.875,6.875,152.381,1.0476
0.375,50.0,0.875,7.5,152.381,1.1429
0.375,50.0,0.875,8.125,152.381,1.2381
0.375,50.0,0.875,8.75,152.381,1.3333
0.375,50.0,0.875,9.375,152.381,1.4286
0.375,50.0,0.875,10.0,152.381,1.5238
0.375,50.0,0.8875,5.0,150.2347,0.7512
0.375,50.0,0.8875,5.625,150.2347,0.8451
0.375,50.0,0.8875,6.25,150.2347,0.939
0.375,50.0,0.8875,6.875,150.2347,1.0329
0.375,50.0,0.8875,7.5,150.2347,1.1268
0.375,50.0,0.8875,8.125,150.2347,1.2207
0.375,50.0,0.8875,8.75,150.2347,1.3146
0.375,50.0,0.8875,9.375,150.2347,1.4085
0.375,50.0,0.8875,10.0,150.2347,1.5023
0.375,50.0,0.9,5.0,148.1481,0.7407
0.375,50.0,0.9,5.625,148.1481,0.8333
0.375,50.0,0.9,6.25,148.1481,0.9259
0.375,50.0,0.9,6.875,148.1481,1.0185
0.375,50.0,0.9,7.5,148.1481,1.1111
0.375,50.0,0.9,8.125,148.1481,1.2037
0.375,50.0,0.9,8.75,148.1481,1.2963
0.375,50.0,0.9,9.375,148.1481,1.3889
0.375,50.0,0.9,10.0,148.1481,1.4815
0.375,56.25,0.8,5.0,187.5,0.9375
0.375,56.25,0.8,5.625,187.5,1.0547
0.375,56.25,0.8,6.25,187.5,1.1719
0.375,56.25,0.8,6.875,187.5,1.2891
0.375,56.25,0.8,7.5,187.5,1.4062
0.375,56.25,0.8,8.125,187.5,1.5234
0.375,56.25,0.8,8.75,187.5,1.6406
0.375,56.25,0.8,9.375,187.5,1.7578
0.375,56.25,0.8,10.0,187.5,1.875
0.375,56.25,0.8125,5.0,184.6154,0.9231
0.375,56.25,0.8125,5.625,184.6154,1.0385
0.375,56.25,0.8125,6.25,184.6154,1.1538
0.375,56.25,0.8125,6.875,184.6154,1.2692
0.375,56.25,0.8125,7.5,184.6154,1.3846
0.375,56.25,0.8125,8.125,184.6154,1.5
0.375,56.25,0.8125,8.75,184.6154,1.6154
0.375,56.25,0.8125,9.375,184.6154,1.7308
0.375,56.25,0.8125,10.0,184.6154,1.8462
0.375,56.25,0.825,5.0,181.8182,0.9091
0.375,56.25,0.825,5.625,181.8182,1.0227
0.375,56.25,0.825,6.25,181.8182,1.1364
0.375,56.25,0.825,6.875,181.8182,1.25
0.375,56.25,0.825,7.5,181.8182,1.3636
0.375,56.25,0.825,8.125,181.8182,1.4773
0.375,56.25,0.825,8.75,181.8182,1.5909
0.375,56.25,0.825,9.375,181.8182,1.7045
0.375,56.25,0.825,10.0,181.8182,1.8182
0.375,56.25,0.8375,5.0,179.1045,0.8955
0.375,56.25,0.8375,5.625,179.1045,1.0075
0.375,56.25,0.8375,6.25,179.1045,1.1194
0.375,56.25,0.8375,6.875,179.1045,1.2313
0.375,56.25,0.8375,7.5,179.1045,1.3433
0.375,56.25,0.8375,8.125,179.1045,1.4552
0.375,56.25,0.8375,8.75,179.1045,1.5672
0.375,56.25,0.8375,9.375,179.1045,1.6791
0.375,56.25,0.8375,10.0,179.1045,1.791
0.375,56.25,0.85,5.0,176.4706,0.8824
0.375,56.25,0.85,5.625,176.4706,0.9926
0.375,56.25,0.85,6.25,176.4706,1.1029
0.375,56.25,0.85,6.875,176.4706,1.2132
0.375,56.25,0.85,7.5,176.4706,1.3235
0.375,56.25,0.85,8.125,176.4706,1.4338
0.375,56.25,0.85,8.75,176.4706,1.5441
0.375,56.25,0.85,9.375,176.4706,1.6544
0.375,56.25,0.85,10.0,176.4706,1.7647
0.375,56.25,0.8625,5.0,173.913,0.8696
0.375,56.25,0.8625,5.625,173.913,0.9783
0.375,56.25,0.8625,6.25,173.913,1.087
0.375,56.25,0.8625,6.875,173.913,1.1957
0.375,56.25,0.8625,7.5,173.913,1.3043
0.375,56.25,0.8625,8.125,173.913,1.413
0.375,56.25,0.8625,8.75,173.913,1.5217
0.375,56.25,0.8625,9.375,173.913,1.6304
0.375,56.25,0.8625,10.0,173.913,1.7391
0.375,56.25,0.875,5.0,171.4286,0.8571
0.375,56.25,0.875,5.625,171.4286,0.9643
0.375,56.25,0.875,6.25,171.4286,1.0714
0.375,56.25,0.875,6.875,171.4286,1.1786
0.375,56.25,0.875,7.5,171.4286,1.2857
0.375,56.25,0.875,8.125,171.4286,1.3929
0.375,56.25,0.875,8.75,171.4286,1.5
0.375,56.25,0.875,9.375,171.4286,1.6071
0.375,56.25,0.875,10.0,171.4286,1.7143
0.375,56.25,0.8875,5.0,169.0141,0.8451
0.375,56.25,0.8875,5.625,169.0141,0.9507
0.375,56.25,0.8875,6.25,169.0141,1.0563
0.375,56.25,0.8875,6.875,169.0141,1.162
0.375,56.25,0.8875,7.5,169.0141,1.2676
0.375,56.25,0.8875,8.125,169.0141,1.3732
0.375,56.25,0.8875,8.75,169.0141,1.4789
0.375,56.25,0.8875,9.375,169.0141,1.5845
0.375,56.25,0.8875,10.0,169.0141,1.6901
0.375,56.25,0.9,5.0,166.6667,0.8333
0.375,56.25,0.9,5.625,166.6667,0.9375
0.375,56.25,0.9,6.25,166.6667,1.0417
0.375,56.25,0.9,6.875,166.6667,1.1458
0.375,56.25,0.9,7.5,166.6667,1.25
0.375,56.25,0.9,8.125,166.6667,1.3542
0.375,56.25,0.9,8.75,166.6667,1.4583
0.375,56.25,0.9,9.375,166.6667,1.5625
0.375,56.25,0.9,10.0,166.6667,1.6667
0.375,62.5,0.8,5.0,208.3333,1.0417
0.375,62.5,0.8,5.625,208.3333,1.1719
0.375,62.5,0.8,6.25,208.3333,1.3021
0.375,62.5,0.8,6.875,208.3333,1.4323
0.375,62.5,0.8,7.5,208.3333,1.5625
0.375,62.5,0.8,8.125,208.3333,1.6927
0.375,62.5,0.8,8.75,208.3333,1.8229
0.375,62.5,0.8,9.375,208.3333,1.9531
0.375,62.5,0.8,10.0,208.3333,2.0833
0.375,62.5,0.8125,5.0,205.1282,1.0256
0.375,62.5,0.8125,5.625,205.1282,1.1538
0.375,62.5,0.8125,6.25,205.1282,1.2821
0.375,62.5,0.8125,6.875,205.1282,1.4103
0.375,62.5,0.8125,7.5,205.1282,1.5385
0.375,62.5,0.8125,8.125,205.1282,1.6667
0.375,62.5,0.8125,8.75,205.1282,1.7949
0.375,62.5,0.8125,9.375,205.1282,1.9231
0.375,62.5,0.8125,10.0,205.1282,2.0513
0.375,62.5,0.825,5.0,202.0202,1.0101
0.375,62.5,0.825,5.625,202.0202,1.1364
0.375,62.5,0.825,6.25,202.0202,1.2626
0.375,62.5,0.825,6.875,202.0202,1.3889
0.375,62.5,0.825,7.5,202.0202,1.5152
0.375,62.5,0.825,8.125,202.0202,1.6414
0.375,62.5,0.825,8.75,202.0202,1.7677
0.375,62.5,0.825,9.375,202.0202,1.8939
0.375,62.5,0.825,10.0,202.0202,2.0202
0.375,62.5,0.8375,5.0,199.005,0.995
0.375,62.5,0.8375,5.625,199.005,1.1194
0.375,62.5,0.8375,6.25,199.005,1.2438
0.375,62.5,0.8375,6.875,199.005,1.3682
0.375,62.5,0.8375,7.5,199.005,1.4925
0.375,62.5,0.8375,8.125,199.005,1.6169
0.375,62.5,0.8375,8.75,199.005,1.7413
0.375,62.5,0.8375,9.375,199.005,1.8657
0.375,62.5,0.8375,10.0,199.005,1.99
0.375,62.5,0.85,5.0,196.0784,0.9804
0.375,62.5,0.85,5.625,196.0784,1.1029
0.375,62.5,0.85,6.25,196.0784,1.2255
0.375,62.5,0.85,6.875,196.0784,1.348
0.375,62.5,0.85,7.5,196.0784,1.4706
0.375,62.5,0.85,8.125,196.0784,1.5931
0.375,62.5,0.85,8.75,196.0784,1.7157
0.375,62.5,0.85,9.375,196.0784,1.8382
0.375,62.5,0.85,10.0,196.0784,1.9608
0.375,62.5,0.8625,5.0,193.2367,0.9662
0.375,62.5,0.8625,5.625,193.2367,1.087
0.375,62.5,0.8625,6.25,193.2367,1.2077
0.375,62.5,0.8625,6.875,193.2367,1.3285
0.375,62.5,0.8625,7.5,193.2367,1.4493
0.375,62.5,0.8625,8.125,193.2367,1.57
0.375,62.5,0.8625,8.75,193.2367,1.6908
0.375,62.5,0.8625,9.375,193.2367,1.8116
0.375,62.5,0.8625,10.0,193.2367,1.9324
0.375,62.5,0.875,5.0,190.4762,0.9524
0.375,62.5,0.875,5.625,190.4762,1.0714
0.375,62.5,0.875,6.25,190.4762,1.1905
0.375,62.5,0.875,6.875,190.4762,1.3095
0.375,62.5,0.875,7.5,190.4762,1.4286
0.375,62.5,0.875,8.125,190.4762,1.5476
0.375,62.5,0.875,8.75,190.4762,1.6667
0.375,62.5,0.875,9.375,190.4762,1.7857
0.375,62.5,0.875,10.0,190.4762,1.9048
0.375,62.5,0.8875,5.0,187.7934,0.939
0.375,62.5,0.8875,5.625,187.7934,1.0563
0.375,62.5,0.8875,6.25,187.7934,1.1737
0.375,62.5,0.8875,6.875,187.7934,1.2911
0.375,62.5,0.8875,7.5,187.7934,1.4085
0.375,62.5,0.8875,8.125,187.7934,1.5258
0.375,62.5,0.8875,8.75,187.7934,1.6432
0.375,62.5,0.8875,9.375,187.7934,1.7606
0.375,62.5,0.8875,10.0,187.7934,1.8779
0.375,62.5,0.9,5.0,185.1852,0.9259
0.375,62.5,0.9,5.625,185.1852,1.0417
0.375,62.5,0.9,6.25,185.1852,1.1574
0.375,62.5,0.9,6.875,185.1852,1.2731
0.375,62.5,0.9,7.5,185.1852,1.3889
0.375,62.5,0.9,8.125,185.1852,1.5046
0.375,62.5,0.9,8.75,185.1852,1.6204
0.375,62.5,0.9,9.375,185.1852,1.7361
0.375,62.5,0.9,10.0,185.1852,1.8519
0.375,68.75,0.8,5.0,229.1667,1.1458
0.375,68.75,0.8,5.625,229.1667,1.2891
0.375,68.75,0.8,6.25,229.1667,1.4323
0.375,68.75,0.8,6.875,229.1667,1.5755
0.375,68.75,0.8,7.5,229.1667,1.7187
0.375,68.75,0.8,8.125,229.1667,1.862
0.375,68.75,0.8,8.75,229.1667,2.0052
0.375,68.75,0.8,9.375,229.1667,2.1484
0.375,68.75,0.8,10.0,229.1667,2.2917
0.375,68.75,0.8125,5.0,225.641,1.1282
0.375,68.75,0.8125,5.625,225.641,1.2692
0.375,68.75,0.8125,6.25,225.641,1.4103
0.375,68.75,0.8125,6.875,225.641,1.5513
0.375,68.75,0.8125,7.5,225.641,1.6923
0.375,68.75,0.8125,8.125,225.641,1.8333
0.375,68.75,0.8125,8.75,225.641,1.9744
0.375,68.75,0.8125,9.375,225.641,2.1154
0.375,68.75,0.8125,10.0,225.641,2.2564
0.375,68.75,0.825,5.0,222.2222,1.1111
0.375,68.75,0.825,5.625,222.2222,1.25
0.375,68.75,0.825,6.25,222.2222,1.3889
0.375,68.75,0.825,6.875,222.2222,1.5278
0.375,68.75,0.825,7.5,222.2222,1.6667
0.375,68.75,0.825,8.125,222.2222,1.8056
0.375,68.75,0.825,8.75,222.2222,1.9444
0.375,68.75,0.825,9.375,222.2222,2.0833
0.375,68.75,0.825,10.0,222.2222,2.2222
0.375,68.75,0.8375,5.0,218.9055,1.0945
0.375,68.75,0.8375,5.625,218.9055,1.2313
0.375,68.75,0.8375,6.25,218.9055,1.3682
0.375,68.75,0.8375,6.875,218.9055,1.505
0.375,68.75,0.8375,7.5,218.9055,1.6418
0.375,68.75,0.8375,8.125,218.9055,1.7786
0.375,68.75,0.8375,8.75,218.9055,1.9154
0.375,68.75,0.8375,9.375,218.9055,2.0522
0.375,68.75,0.8375,10.0,218.9055,2.1891
0.375,68.75,0.85,5.0,215.6863,1.0784
0.375,68.75,0.85,5.625,215.6863,1.2132
0.375,68.75,0.85,6.25,215.6863,1.348
0.375,68.75,0.85,6.875,215.6863,1.4828
0.375,68.75,0.85,7.5,215.6863,1.6176
0.375,68.75,0.85,8.125,215.6863,1.7525
0.375,68.75,0.85,8.75,215.6863,1.8873
0.375,68.75,0.85,9.375,215.6863,2.0221
0.375,68.75,0.85,10.0,215.6863,2.1569
0.375,68.75,0.8625,5.0,212.5604,1.0628
0.375,68.75,0.8625,5.625,212.5604,1.1957
0.375,68.75,0.8625,6.25,212.5604,1.3285
0.375,68.75,0.8625,6.875,212.5604,1.4614
0.375,68.75,0.8625,7.5,212.5604,1.5942
0.375,68.75,0.8625,8.125,212.5604,1.7271
0.375,68.75,0.8625,8.75,212.5604,1.8599
0.375,68.75,0.8625,9.375,212.5604,1.9928
0.375,68.75,0.8625,10.0,212.5604,2.1256
0.375,68.75,0.875,5.0,209.5238,1.0476
0.375,68.75,0.875,5.625,209.5238,1.1786
0.375,68.75,0.875,6.25,209.5238,1.3095
0.375,68.75,0.875,6.875,209.5238,1.4405
0.375,68.75,0.875,7.5,209.5238,1.5714
0.375,68.75,0.875,8.125,209.5238,1.7024
0.375,68.75,0.875,8.75,209.5238,1.8333
0.375,68.75,0.875,9.375,209.5238,1.9643
0.375,68.75,0.875,10.0,209.5238,2.0952
0.375,68.75,0.8875,5.0,206.5728,1.0329
0.375,68.75,0.8875,5.625,206.5728,1.162
0.375,68.75,0.8875,6.25,206.5728,1.2911
0.375,68.75,0.8875,6.875,206.5728,1.4202
0.375,68.75,0.8875,7.5,206.5728,1.5493
0.375,68.75,0.8875,8.125,206.5728,1.6784
0.375,68.75,0.8875,8.75,206.5728,1.8075
0.375,68.75,0.8875,9.375,206.5728,1.9366
0.375,68.75,0.8875,10.0,206.5728,2.0657
0.375,68.75,0.9,5.0,203.7037,1.0185
0.375,68.75,0.9,5.625,203.7037,1.1458
0.375,68.75,0.9,6.25,203.7037,1.2731
0.375,68.75,0.9,6.875,203.7037,1.4005
0.375,68.75,0.9,7.5,203.7037,1.5278
0.375,68.75,0.9,8.125,203.7037,1.6551
0.375,68.75,0.9,8.75,203.7037,1.7824
0.375,68.75,0.9,9.375,203.7037,1.9097
0.375,68.75,0.9,10.0,203.7037,2.037
0.375,75.0,0.8,5.0,250.0,1.25
0.375,75.0,0.8,5.625,250.0,1.4062
0.375,75.0,0.8,6.25,250.0,1.5625
0.375,75.0,0.8,6.875,250.0,1.7187
0.375,75.0,0.8,7.5,250.0,1.875
0.375,75.0,0.8,8.125,250.0,2.0312
0.375,75.0,0.8,8.75,250.0,2.1875
0.375,75.0,0.8,9.375,250.0,2.3437
0.375,75.0,0.8,10.0,250.0,2.5
0.375,75.0,0.8125,5.0,246.1538,1.2308
0.375,75.0,0.8125,5.625,246.1538,1.3846
0.375,75.0,0.8125,6.25,246.1538,1.5385
0.375,75.0,0.8125,6.875,246.1538,1.6923
0.375,75.0,0.8125,7.5,246.1538,1.8462
0.375,75.0,0.8125,8.125,246.1538,2.0
0.375,75.0,0.8125,8.75,246.1538,2.1538
0.375,75.0,0.8125,9.375,246.1538,2.3077
0.375,75.0,0.8125,10.0,246.1538,2.4615
0.375,75.0,0.825,5.0,242.4242,1.2121
0.375,75.0,0.825,5.625,242.4242,1.3636
0.375,75.0,0.825,6.25,242.4242,1.5152
0.375,75.0,0.825,6.875,242.4242,1.6667
0.375,75.0,0.825,7.5,242.4242,1.8182
0.375,75.0,0.825,8.125,242.4242,1.9697
0.375,75.0,0.825,8.75,242.4242,2.1212
0.375,75.0,0.825,9.375,242.4242,2.2727
0.375,75.0,0.825,10.0,242.4242,2.4242
0.375,75.0,0.8375,5.0,238.806,1.194
0.375,75.0,0.8375,5.625,238.806,1.3433
0.375,75.0,0.8375,6.25,238.806,1.4925
0.375,75.0,0.8375,6.875,238.806,1.6418
0.375,75.0,0.8375,7.5,238.806,1.791
0.375,75.0,0.8375,8.125,238.806,1.9403
0.375,75.0,0.8375,8.75,238.806,2.0896
0.375,75.0,0.8375,9.375,238.806,2.2388
0.375,75.0,0.8375,10.0,238.806,2.3881
0.375,75.0,0.85,5.0,235.2941,1.1765
0.375,75.0,0.85,5.625,235.2941,1.3235
0.375,75.0,0.85,6.25,235.2941,1.4706
0.375,75.0,0.85,6.875,235.2941,1.6176
0.375,75.0,0.85,7.5,235.2941,1.7647
0.375,75.0,0.85,8.125,235.2941,1.9118
0.375,75.0,0.85,8.75,235.2941,2.0588
0.375,75.0,0.85,9.375,235.2941,2.2059
0.375,75.0,0.85,10.0,235.2941,2.3529
0.375,75.0,0.8625,5.0,231.8841,1.1594
0.375,75.0,0.8625,5.625,231.8841,1.3043
0.375,75.0,0.8625,6.25,231.8841,1.4493
0.375,75.0,0.8625,6.875,231.8841,1.5942
0.375,75.0,0.8625,7.5,231.8841,1.7391
0.375,75.0,0.8625,8.125,231.8841,1.8841
0.375,75.0,0.8625,8.75,231.8841,2.029
0.375,75.0,0.8625,9.375,231.8841,2.1739
0.375,75.0,0.8625,10.0,231.8841,2.3188
0.375,75.0,0.875,5.0,228.5714,1.1429
0.375,75.0,0.875,5.625,228.5714,1.2857
0.375,75.0,0.875,6.25,228.5714,1.4286
0.375,75.0,0.875,6.875,228.5714,1.5714
0.375,75.0,0.875,7.5,228.5714,1.7143
0.375,75.0,0.875,8.125,228.5714,1.8571
0.375,75.0,0.875,8.75,228.5714,2.0
0.375,75.0,0.875,9.375,228.5714,2.1429
0.375,75.0,0.875,10.0,228.5714,2.2857
0.375,75.0,0.8875,5.0,225.3521,1.1268
0.375,75.0,0.8875,5.625,225.3521,1.2676
0.375,75.0,0.8875,6.25,225.3521,1.4085
0.375,75.0,0.8875,6.875,225.3521,1.5493
0.375,75.0,0.8875,7.5,225.3521,1.6901
0.375,75.0,0.8875,8.125,225.3521,1.831
0.375,75.0,0.8875,8.75,225.3521,1.9718
0.375,75.0,0.8875,9.375,225.3521,2.1127
0.375,75.0,0.8875,10.0,225.3521,2.2535
0.375,75.0,0.9,5.0,222.2222,1.1111
0.375,75.0,0.9,5.625,222.2222,1.25
0.375,75.0,0.9,6.25,222.2222,1.3889
0.375,75.0,0.9,6.875,222.2222,1.5278
0.375,75.0,0.9,7.5,222.2222,1.6667
0.375,75.0,0.9,8.125,222.2222,1.8056
0.375,75.0,0.9,8.75,222.2222,1.9444
0.375,75.0,0.9,9.375,222.2222,2.0833
0.375,75.0,0.9,10.0,222.2222,2.2222
0.375,81.25,0.8,5.0,270.8333,1.3542
0.375,81.25,0.8,5.625,270.8333,1.5234
0.375,81.25,0.8,6.25,270.8333,1.6927
0.375,81.25,0.8,6.875,270.8333,1.862
0.375,81.25,0.8,7.5,270.8333,2.0312
0.375,81.25,0.8,8.125,270.8333,2.2005
0.375,81.25,0.8,8.75,270.8333,2.3698
0.375,81.25,0.8,9.375,270.8333,2.5391
0.375,81.25,0.8,10.0,270.8333,2.7083
0.375,81.25,0.8125,5.0,266.6667,1.3333
0.375,81.25,0.8125,5.625,266.6667,1.5
0.375,81.25,0.8125,6.25,266.6667,1.6667
0.375,81.25,0.8125,6.875,266.6667,1.8333
0.375,81.25,0.8125,7.5,266.6667,2.0
0.375,81.25,0.8125,8.125,266.6667,2.1667
0.375,81.25,0.8125,8.75,266.6667,2.3333
0.375,81.25,0.8125,9.375,266.6667,2.5
0.375,81.25,0.8125,10.0,266.6667,2.6667
0.375,81.25,0.825,5.0,262.6263,1.3131
0.375,81.25,0.825,5.625,262.6263,1.4773
0.375,81.25,0.825,6.25,262.6263,1.6414
0.375,81.25,0.825,6.875,262.6263,1.8056
0.375,81.25,0.825,7.5,262.6263,1.9697
0.375,81.25,0.825,8.125,262.6263,2.1338
0.375,81.25,0.825,8.75,262.6263,2.298
0.375,81.25,0.825,9.375,262.6263,2.4621
0.375,81.25,0.825,10.0,262.6263,2.6263
0.375,81.25,0.8375,5.0,258.7065,1.2935
0.375,81.25,0.8375,5.625,258.7065,1.4552
0.375,81.25,0.8375,6.25,258.7065,1.6169
0.375,81.25,0.8375,6.875,258.7065,1.7786
0.375,81.25,0.8375,7.5,258.7065,1.9403
0.375,81.25,0.8375,8.125,258.7065,2.102
0.375,81.25,0.8375,8.75,258.7065,2.2637
0.375,81.25,0.8375,9.375,258.7065,2.4254
0.375,81.25,0.8375,10.0,258.7065,2.5871
0.375,81.25,0.85,5.0,254.902,1.2745
0.375,81.25,0.85,5.625,254.902,1.4338
0.375,81.25,0.85,6.25,254.902,1.5931
0.375,81.25,0.85,6.875,254.902,1.7525
0.375,81.25,0.85,7.5,254.902,1.9118
0.375,81.25,0.85,8.125,254.902,2.0711
0.375,81.25,0.85,8.75,254.902,2.2304
0.375,81.25,0.85,9.375,254.902,2.3897
0.375,81.25,0.85,10.0,254.902,2.549
0.375,81.25,0.8625,5.0,251.2077,1.256
0.375,81.25,0.8625,5.625,251.2077,1.413
0.375,81.25,0.8625,6.25,251.2077,1.57
0.375,81.25,0.8625,6.875,251.2077,1.7271
0.375,81.25,0.8625,7.5,251.2077,1.8841
0.375,81.25,0.8625,8.125,251.2077,2.0411
0.375,81.25,0.8625,8.75,251.2077,2.1981
0.375,81.25,0.8625,9.375,251.2077,2.3551
0.375,81.25,0.8625,10.0,251.2077,2.5121
0.375,81.25,0.875,5.0,247.619,1.2381
0.375,81.25,0.875,5.625,247.619,1.3929
0.375,81.25,0.875,6.25,247.619,1.5476
0.375,81.25,0.875,6.875,247.619,1.7024
0.375,81.25,0.875,7.5,247.619,1.8571
0.375,81.25,0.875,8.125,247.619,2.0119
0.375,81.25,0.875,8.75,247.619,2.1667
0.375,81.25,0.875,9.375,247.619,2.3214
0.375,81.25,0.875,10.0,247.619,2.4762
0.375,81.25,0.8875,5.0,244.1315,1.2207
0.375,81.25,0.8875,5.625,244.1315,1.3732
0.375,81.25,0.8875,6.25,244.1315,1.5258
0.375,81.25,0.8875,6.875,244.1315,1.6784
0.375,81.25,0.8875,7.5,244.1315,1.831
0.375,81.25,0.8875,8.125,244.1315,1.9836
0.375,81.25,0.8875,8.75,244.1315,2.1362
0.375,81.25,0.8875,9.375,244.1315,2.2887
0.375,81.25,0.8875,10.0,244.1315,2.4413
0.375,81.25,0.9,5.0,240.7407,1.2037
0.375,81.25,0.9,5.625,240.7407,1.3542
0.375,81.25,0.9,6.25,240.7407,1.5046
0.375,81.25,0.9,6.875,240.7407,1.6551
0.375,81.25,0.9,7.5,240.7407,1.8056
0.375,81.25,0.9,8.125,240.7407,1.956
0.375,81.25,0.9,8.75,240.7407,2.1065
0.375,81.25,0.9,9.375,240.7407,2.2569
0.375,81.25,0.9,10.0,240.7407,2.4074
0.375,87.5,0.8,5.0,291.6667,1.4583
0.375,87.5,0.8,5.625,291.6667,1.6406
0.375,87.5,0.8,6.25,291.6667,1.8229
0.375,87.5,0.8,6.875,291.6667,2.0052
0.375,87.5,0.8,7.5,291.6667,2.1875
0.375,87.5,0.8,8.125,291.6667,2.3698
0.375,87.5,0.8,8.75,291.6667,2.5521
0.375,87.5,0.8,9.375,291.6667,2.7344
0.375,87.5,0.8,10.0,291.6667,2.9167
0.375,87.5,0.8125,5.0,287.1795,1.4359
0.375,87.5,0.8125,5.625,287.1795,1.6154
0.375,87.5,0.8125,6.25,287.1795,1.7949
0.375,87.5,0.8125,6.875,287.1795,1.9744
0.375,87.5,0.8125,7.5,287.1795,2.1538
0.375,87.5,0.8125,8.125,287.1795,2.3333
0.375,87.5,0.8125,8.75,287.1795,2.5128
0.375,87.5,0.8125,9.375,287.1795,2.6923
0.375,87.5,0.8125,10.0,287.1795,2.8718
0.375,87.5,0.825,5.0,282.8283,1.4141
0.375,87.5,0.825,5.625,282.8283,1.5909
0.375,87.5,0.825,6.25,282.8283,1.7677
0.375,87.5,0.825,6.875,282.8283,1.9444
0.375,87.5,0.825,7.5,282.8283,2.1212
0.375,87.5,0.825,8.125,282.8283,2.298
0.375,87.5,0.825,8.75,282.8283,2.4747
0.375,87.5,0.825,9.375,282.8283,2.6515
0.375,87.5,0.825,10.0,282.8283,2.8283
0.375,87.5,0.8375,5.0,278.607,1.393
0.375,87.5,0.8375,5.625,278.607,1.5672
0.375,87.5,0.8375,6.25,278.607,1.7413
0.375,87.5,0.8375,6.875,278.607,1.9154
0.375,87.5,0.8375,7.5,278.607,2.0896
0.375,87.5,0.8375,8.125,278.607,2.2637
0.375,87.5,0.8375,8.75,278.607,2.4378
0.375,87.5,0.8375,9.375,278.607,2.6119
0.375,87.5,0.8375,10.0,278.607,2.7861
0.375,87.5,0.85,5.0,274.5098,1.3725
0.375,87.5,0.85,5.625,274.5098,1.5441
0.375,87.5,0.85,6.25,274.5098,1.7157
0.375,87.5,0.85,6.875,274.5098,1.8873
0.375,87.5,0.85,7.5,274.5098,2.0588
0.375,87.5,0.85,8.125,274.5098,2.2304
0.375,87.5,0.85,8.75,274.5098,2.402
0.375,87.5,0.85,9.375,274.5098,2.5735
0.375,87.5,0.85,10.0,274.5098,2.7451
0.375,87.5,0.8625,5.0,270.5314,1.3527
0.375,87.5,0.8625,5.625,270.5314,1.5217
0.375,87.5,0.8625,6.25,270.5314,1.6908
0.375,87.5,0.8625,6.875,270.5314,1.8599
0.375,87.5,0.8625,7.5,270.5314,2.029
0.375,87.5,0.8625,8.125,270.5314,2.1981
0.375,87.5,0.8625,8.75,270.5314,2.3671
0.375,87.5,0.8625,9.375,270.5314,2.5362
0.375,87.5,0.8625,10.0,270.5314,2.7053
0.375,87.5,0.875,5.0,266.6667,1.3333
0.375,87.5,0.875,5.625,266.6667,1.5
0.375,87.5,0.875,6.25,266.6667,1.6667
0.375,87.5,0.875,6.875,266.6667,1.8333
0.375,87.5,0.875,7.5,266.6667,2.0
0.375,87.5,0.875,8.125,266.6667,2.1667
0.375,87.5,0.875,8.75,266.6667,2.3333
0.375,87.5,0.875,9.375,266.6667,2.5
0.375,87.5,0.875,10.0,266.6667,2.6667
0.375,87.5,0.8875,5.0,262.9108,1.3146
0.375,87.5,0.8875,5.625,262.9108,1.4789
0.375,87.5,0.8875,6.25,262.9108,1.6432
0.375,87.5,0.8875,6.875,262.9108,1.8075
0.375,87.5,0.8875,7.5,262.9108,1.9718
0.375,87.5,0.8875,8.125,262.9108,2.1362
0.375,87.5,0.8875,8.75,262.9108,2.3005
0.375,87.5,0.8875,9.375,262.9108,2.4648
0.375,87.5,0.8875,10.0,262.9108,2.6291
0.375,87.5,0.9,5.0,259.2593,1.2963
0.375,87.5,0.9,5.625,259.2593,1.4583
0.375,87.5,0.9,6.25,259.2593,1.6204
0.375,87.5,0.9,6.875,259.2593,1.7824
0.375,87.5,0.9,7.5,259.2593,1.9444
0.375,87.5,0.9,8.125,259.2593,2.1065
0.375,87.5,0.9,8.75,259.2593,2.2685
0.375,87.5,0.9,9.375,259.2593,2.4306
0.375,87.5,0.9,10.0,259.2593,2.5926
0.375,93.75,0.8,5.0,312.5,1.5625
0.375,93.75,0.8,5.625,312.5,1.7578
0.375,93.75,0.8,6.25,312.5,1.9531
0.375,93.75,0.8,6.875,312.5,2.1484
0.375,93.75,0.8,7.5,312.5,2.3437
0.375,93.75,0.8,8.125,312.5,2.5391
0.375,93.75,0.8,8.75,312.5,2.7344
0.375,93.75,0.8,9.375,312.5,2.9297
0.375,93.75,0.8,10.0,312.5,3.125
0.375,93.75,0.8125,5.0,307.6923,1.5385
0.375,93.75,0.8125,5.625,307.6923,1.7308
0.375,93.75,0.8125,6.25,307.6923,1.9231
0.375,93.75,0.8125,6.875,307.6923,2.1154
0.375,93.75,0.8125,7.5,307.6923,2.3077
0.375,93.75,0.8125,8.125,307.6923,2.5
0.375,93.75,0.8125,8.75,307.6923,2.6923
0.375,93.75,0.8125,9.375,307.6923,2.8846
0.375,93.75,0.8125,10.0,307.6923,3.0769
0.375,93.75,0.825,5.0,303.0303,1.5152
0.375,93.75,0.825,5.625,303.0303,1.7045
0.375,93.75,0.825,6.25,303.0303,1.8939
0.375,93.75,0.825,6.875,303.0303,2.0833
0.375,93.75,0.825,7.5,303.0303,2.2727
0.375,93.75,0.825,8.125,303.0303,2.4621
0.375,93.75,0.825,8.75,303.0303,2.6515
0.375,93.75,0.825,9.375,303.0303,2.8409
0.375,93.75,0.825,10.0,303.0303,3.0303
0.375,93.75,0.8375,5.0,298.5075,1.4925
0.375,93.75,0.8375,5.625,298.5075,1.6791
0.375,93.75,0.8375,6.25,298.5075,1.8657
0.375,93.75,0.8375,6.875,298.5075,2.0522
0.375,93.75,0.8375,7.5,298.5075,2.2388
0.375,93.75,0.8375,8.125,298.5075,2.4254
0.375,93.75,0.8375,8.75,298.5075,2.6119
0.375,93.75,0.8375,9.375,298.5075,2.7985
0.375,93.75,0.8375,10.0,298.5075,2.9851
0.375,93.75,0.85,5.0,294.1176,1.4706
0.375,93.75,0.85,5.625,294.1176,1.6544
0.375,93.75,0.85,6.25,294.1176,1.8382
0.375,93.75,0.85,6.875,294.1176,2.0221
0.375,93.75,0.85,7.5,294.1176,2.2059
0.375,93.75,0.85,8.125,294.1176,2.3897
0.375,93.75,0.85,8.75,294.1176,2.5735
0.375,93.75,0.85,9.375,294.1176,2.7574
0.375,93.75,0.85,10.0,294.1176,2.9412
0.375,93.75,0.8625,5.0,289.8551,1.4493
0.375,93.75,0.8625,5.625,289.8551,1.6304
0.375,93.75,0.8625,6.25,289.8551,1.8116
0.375,93.75,0.8625,6.875,289.8551,1.9928
0.375,93.75,0.8625,7.5,289.8551,2.1739
0.375,93.75,0.8625,8.125,289.8551,2.3551
0.375,93.75,0.8625,8.75,289.8551,2.5362
0.375,93.75,0.8625,9.375,289.8551,2.7174
0.375,93.75,0.8625,10.0,289.8551,2.8986
0.375,93.75,0.875,5.0,285.7143,1.4286
0.375,93.75,0.875,5.625,285.7143,1.6071
0.375,93.75,0.875,6.25,285.7143,1.7857
0.375,93.75,0.875,6.875,285.7143,1.9643
0.375,93.75,0.875,7.5,285.7143,2.1429
0.375,93.75,0.875,8.125,285.7143,2.3214
0.375,93.75,0.875,8.75,285.7143,2.5
0.375,93.75,0.875,9.375,285.7143,2.6786
0.375,93.75,0.875,10.0,285.7143,2.8571
0.375,93.75,0.8875,5.0,281.6901,1.4085
0.375,93.75,0.8875,5.625,281.6901,1.5845
0.375,93.75,0.8875,6.25,281.6901,1.7606
0.375,93.75,0.8875,6.875,281.6901,1.9366
0.375,93.75,0.8875,7.5,281.6901,2.1127
0.375,93.75,0.8875,8.125,281.6901,2.2887
0.375,93.75,0.8875,8.75,281.6901,2.4648
0.375,93.75,0.8875,9.375,281.6901,2.6408
0.375,93.75,0.8875,10.0,281.6901,2.8169
0.375,93.75,0.9,5.0,277.7778,1.3889
0.375,93.75,0.9,5.625,277.7778,1.5625
0.375,93.75,0.9,6.25,277.7778,1.7361
0.375,93.75,0.9,6.875,277.7778,1.9097
0.375,93.75,0.9,7.5,277.7778,2.0833
0.375,93.75,0.9,8.125,277.7778,2.2569
0.375,93.75,0.9,8.75,277.7778,2.4306
0.375,93.75,0.9,9.375,277.7778,2.6042
0.375,93.75,0.9,10.0,277.7778,2.7778
0.375,100.0,0.8,5.0,333.3333,1.6667
0.375,100.0,0.8,5.625,333.3333,1.875
0.375,100.0,0.8,6.25,333.3333,2.0833
0.375,100.0,0.8,6.875,333.3333,2.2917
0.375,100.0,0.8,7.5,333.3333,2.5
0.375,100.0,0.8,8.125,333.3333,2.7083
0.375,100.0,0.8,8.75,333.3333,2.9167
0.375,100.0,0.8,9.375,333.3333,3.125
0.375,100.0,0.8,10.0,333.3333,3.3333
0.375,100.0,0.8125,5.0,328.2051,1.641
0.375,100.0,0.8125,5.625,328.2051,1.8462
0.375,100.0,0.8125,6.25,328.2051,2.0513
0.375,100.0,0.8125,6.875,328.2051,2.2564
0.375,100.0,0.8125,7.5,328.2051,2.4615
0.375,100.0,0.8125,8.125,328.2051,2.6667
0.375,100.0,0.8125,8.75,328.2051,2.8718
0.375,100.0,0.8125,9.375,328.2051,3.0769
0.375,100.0,0.8125,10.0,328.2051,3.2821
0.375,100.0,0.825,5.0,323.2323,1.6162
0.375,100.0,0.825,5.625,323.2323,1.8182
0.375,100.0,0.825,6.25,323.2323,2.0202
0.375,100.0,0.825,6.875,323.2323,2.2222
0.375,100.0,0.825,7.5,323.2323,2.4242
0.375,100.0,0.825,8.125,323.2323,2.6263
0.375,100.0,0.825,8.75,323.2323,2.8283
0.375,100.0,0.825,9.375,323.2323,3.0303
0.375,100.0,0.825,10.0,323.2323,3.2323
0.375,100.0,0.8375,5.0,318.408,1.592
0.375,100.0,0.8375,5.625,318.408,1.791
0.375,100.0,0.8375,6.25,318.408,1.99
0.375,100.0,0.8375,6.875,318.408,2.1891
0.375,100.0,0.8375,7.5,318.408,2.3881
0.375,100.0,0.8375,8.125,318.408,2.5871
0.375,100.0,0.8375,8.75,318.408,2.7861
0.375,100.0,0.8375,9.375,318.408,2.9851
0.375,100.0,0.8375,10.0,318.408,3.1841
0.375,100.0,0.85,5.0,313.7255,1.5686
0.375,100.0,0.85,5.625,313.7255,1.7647
0.375,100.0,0.85,6.25,313.7255,1.9608
0.375,100.0,0.85,6.875,313.7255,2.1569
0.375,100.0,0.85,7.5,313.7255,2.3529
0.375,100.0,0.85,8.125,313.7255,2.549
0.375,100.0,0.85,8.75,313.7255,2.7451
0.375,100.0,0.85,9.375,313.7255,2.9412
0.375,100.0,0.85,10.0,313.7255,3.1373
0.375,100.0,0.8625,5.0,309.1787,1.5459
0.375,100.0,0.8625,5.625,309.1787,1.7391
0.375,100.0,0.8625,6.25,309.1787,1.9324
0.375,100.0,0.8625,6.875,309.1787,2.1256
0.375,100.0,0.8625,7.5,309.1787,2.3188
0.375,100.0,0.8625,8.125,309.1787,2.5121
0.375,100.0,0.8625,8.75,309.1787,2.7053
0.375,100.0,0.8625,9.375,309.1787,2.8986
0.375,100.0,0.8625,10.0,309.1787,3.0918
0.375,100.0,0.875,5.0,304.7619,1.5238
0.375,100.0,0.875,5.625,304.7619,1.7143
0.375,100.0,0.875,6.25,304.7619,1.9048
0.375,100.0,0.875,6.875,304.7619,2.0952
0.375,100.0,0.875,7.5,304.7619,2.2857
0.375,100.0,0.875,8.125,304.7619,2.4762
0.375,100.0,0.875,8.75,304.7619,2.6667
0.375,100.0,0.875,9.375,304.7619,2.8571
0.375,100.0,0.875,10.0,304.7619,3.0476
0.375,100.0,0.8875,5.0,300.4695,1.5023
0.375,100.0,0.8875,5.625,300.4695,1.6901
0.375,100.0,0.8875,6.25,300.4695,1.8779
0.375,100.0,0.8875,6.875,300.4695,2.0657
0.375,100.0,0.8875,7.5,300.4695,2.2535
0.375,100.0,0.8875,8.125,300.4695,2.4413
0.375,100.0,0.8875,8.75,300.4695,2.6291
0.375,100.0,0.8875,9.375,300.4695,2.8169
0.375,100.0,0.8875,10.0,300.4695,3.0047
0.375,100.0,0.9,5.0,296.2963,1.4815
0.375,100.0,0.9,5.625,296.2963,1.6667
0.375,100.0,0.9,6.25,296.2963,1.8519
0.375,100.0,0.9,6.875,296.2963,2.037
0.375,100.0,0.9,7.5,296.2963,2.2222
0.375,100.0,0.9,8.125,296.2963,2.4074
0.375,100.0,0.9,8.75,296.2963,2.5926
0.375,100.0,0.9,9.375,296.2963,2.7778
0.375,100.0,0.9,10.0,296.2963,2.963
0.4,50.0,0.8,5.0,156.25,0.7812
0.4,50.0,0.8,5.625,156.25,0.8789
0.4,50.0,0.8,6.25,156.25,0.9766
0.4,50.0,0.8,6.875,156.25,1.0742
0.4,50.0,0.8,7.5,156.25,1.1719
0.4,50.0,0.8,8.125,156.25,1.2695
0.4,50.0,0.8,8.75,156.25,1.3672
0.4,50.0,0.8,9.375,156.25,1.4648
0.4,50.0,0.8,10.0,156.25,1.5625
0.4,50.0,0.8125,5.0,153.8462,0.7692
0.4,50.0,0.8125,5.625,153.8462,0.8654
0.4,50.0,0.8125,6.25,153.8462,0.9615
0.4,50.0,0.8125,6.875,153.8462,1.0577
0.4,50.0,0.8125,7.5,153.8462,1.1538
0.4,50.0,0.8125,8.125,153.8462,1.25
0.4,50.0,0.8125,8.75,153.8462,1.3462
0.4,50.0,0.8125,9.375,153.8462,1.4423
0.4,50.0,0.8125,10.0,153.8462,1.5385
0.4,50.0,0.825,5.0,151.5152,0.7576
0.4,50.0,0.825,5.625,151.5152,0.8523
0.4,50.0,0.825,6.25,151.5152,0.947
0.4,50.0,0.825,6.875,151.5152,1.0417
0.4,50.0,0.825,7.5,151.5152,1.1364
0.4,50.0,0.825,8.125,151.5152,1.2311
0.4,50.0,0.825,8.75,151.5152,1.3258
0.4,50.0,0.825,9.375,151.5152,1.4205
0.4,50.0,0.825,10.0,151.5152,1.5152
0.4,50.0,0.8375,5.0,149.2537,0.7463
0.4,50.0,0.8375,5.625,149.2537,0.8396
0.4,50.0,0.8375,6.25,149.2537,0.9328
0.4,50.0,0.8375,6.875,149.2537,1.0261
0.4,50.0,0.8375,7.5,149.2537,1.1194
0.4,50.0,0.8375,8.125,149.2537,1.2127
0.4,50.0,0.8375,8.75,149.2537,1.306
0.4,50.0,0.8375,9.375,149.2537,1.3993
0.4,50.0,0.8375,10.0,149.2537,1.4925
0.4,50.0,0.85,5.0,147.0588,0.7353
0.4,50.0,0.85,5.625,147.0588,0.8272
0.4,50.0,0.85,6.25,147.0588,0.9191
0.4,50.0,0.85,6.875,147.0588,1.011
0.4,50.0,0.85,7.5,147.0588,1.1029
0.4,50.0,0.85,8.125,147.0588,1.1949
0.4,50.0,0.85,8.75,147.0588,1.2868
0.4,50.0,0.85,9.375,147.0588,1.3787
0.4,50.0,0.85,10.0,147.0588,1.4706
0.4,50.0,0.8625,5.0,144.9275,0.7246
0.4,50.0,0.8625,5.625,144.9275,0.8152
0.4,50.0,0.8625,6.25,144.9275,0.9058
0.4,50.0,0.8625,6.875,144.9275,0.9964
0.4,50.0,0.8625,7.5,144.9275,1.087
0.4,50.0,0.8625,8.125,144.9275,1.1775
0.4,50.0,0.8625,8.75,144.9275,1.2681
0.4,50.0,0.8625,9.375,144.9275,1.3587
0.4,50.0,0.8625,10.0,144.9275,1.4493
0.4,50.0,0.875,5.0,142.8571,0.7143
0.4,50.0,0.875,5.625,142.8571,0.8036
0.4,50.0,0.875,6.25,142.8571,0.8929
0.4,50.0,0.875,6.875,142.8571,0.9821
0.4,50.0,0.875,7.5,142.8571,1.0714
0.4,50.0,0.875,8.125,142.8571,1.1607
0.4,50.0,0.875,8.75,142.8571,1.25
0.4,50.0,0.875,9.375,142.8571,1.3393
0.4,50.0,0.875,10.0,142.8571,1.4286
0.4,50.0,0.8875,5.0,140.8451,0.7042
0.4,50.0,0.8875,5.625,140.8451,0.7923
0.4,50.0,0.8875,6.25,140.8451,0.8803
0.4,50.0,0.8875,6.875,140.8451,0.9683
0.4,50.0,0.8875,7.5,140.8451,1.0563
0.4,50.0,0.8875,8.125,140.8451,1.1444
0.4,50.0,0.8875,8.75,140.8451,1.2324
0.4,50.0,0.8875,9.375,140.8451,1.3204
0.4,50.0,0.8875,10.0,140.8451,1.4085
0.4,50.0,0.9,5.0,138.8889,0.6944
0.4,50.0,0.9,5.625,138.8889,0.7812
0.4,50.0,0.9,6.25,138.8889,0.8681
0.4,50.0,0.9,6.875,138.8889,0.9549
0.4,50.0,0.9,7.5,138.8889,1.0417
0.4,50.0,0.9,8.125,138.8889,1.1285
0.4,50.0,0.9,8.75,138.8889,1.2153
0.4,50.0,0.9,9.375,138.8889,1.3021
0.4,50.0,0.9,10.0,138.8889,1.3889
0.4,56.25,0.8,5.0,175.7812,0.8789
0.4,56.25,0.8,5.625,175.7812,0.9888
0.4,56.25,0.8,6.25,175.7812,1.0986
0.4,56.25,0.8,6.875,175.7812,1.2085
0.4,56.25,0.8,7.5,175.7812,1.3184
0.4,56.25,0.8,8.125,175.7812,1.4282
0.4,56.25,0.8,8.75,175.7812,1.5381
0.4,56.25,0.8,9.375,175.7812,1.6479
0.4,56.25,0.8,10.0,175.7812,1.7578
0.4,56.25,0.8125,5.0,173.0769,0.8654
0.4,56.25,0.8125,5.625,173.0769,0.9736
0.4,56.25,0.8125,6.25,173.0769,1.0817
0.4,56.25,0.8125,6.875,173.0769,1.1899
0.4,56.25,0.8125,7.5,173.0769,1.2981
0.4,56.25,0.8125,8.125,173.0769,1.4062
0.4,56.25,0.8125,8.75,173.0769,1.5144
0.4,56.25,0.8125,9.375,173.0769,1.6226
0.4,56.25,0.8125,10.0,173.0769,1.7308
0.4,56.25,0.825,5.0,170.4545,0.8523
0.4,56.25,0.825,5.625,170.4545,0.9588
0.4,56.25,0.825,6.25,170.4545,1.0653
0.4,56.25,0.825,6.875,170.4545,1.1719
0.4,56.25,0.825,7.5,170.4545,1.2784
0.4,56.25,0.825,8.125,170.4545,1.3849
0.4,56.25,0.825,8.75,170.4545,1.4915
0.4,56.25,0.825,9.375,170.4545,1.598
0.4,56.25,0.825,10.0,170.4545,1.7045
0.4,56.25,0.8375,5.0,167.9104,0.8396
0.4,56.25,0.8375,5.625,167.9104,0.9445
0.4,56.25,0.8375,6.25,167.9104,1.0494
0.4,56.25,0.8375,6.875,167.9104,1.1544
0.4,56.25,0.8375,7.5,167.9104,1.2593
0.4,56.25,0.8375,8.125,167.9104,1.3643
0.4,56.25,0.8375,8.75,167.9104,1.4692
0.4,56.25,0.8375,9.375,167.9104,1.5742
0.4,56.25,0.8375,10.0,167.9104,1.6791
0.4,56.25,0.85,5.0,165.4412,0.8272
0.4,56.25,0.85,5.625,165.4412,0.9306
0.4,56.25,0.85,6.25,165.4412,1.034
0.4,56.25,0.85,6.875,165.4412,1.1374
0.4,56.25,0.85,7.5,165.4412,1.2408
0.4,56.25,0.85,8.125,165.4412,1.3442
0.4,56.25,0.85,8.75,165.4412,1.4476
0.4,56.25,0.85,9.375,165.4412,1.551
0.4,56.25,0.85,10.0,165.4412,1.6544
0.4,56.25,0.8625,5.0,163.0435,0.8152
0.4,56.25,0.8625,5.625,163.0435,0.9171
0.4,56.25,0.8625,6.25,163.0435,1.019
0.4,56.25,0.8625,6.875,163.0435,1.1209
0.4,56.25,0.8625,7.5,163.0435,1.2228
0.4,56.25,0.8625,8.125,163.0435,1.3247
0.4,56.25,0.8625,8.75,163.0435,1.4266
0.4,56.25,0.8625,9.375,163.0435,1.5285
0.4,56.25,0.8625,10.0,163.0435,1.6304
0.4,56.25,0.875,5.0,160.7143,0.8036
0.4,56.25,0.875,5.625,160.7143,0.904
0.4,56.25,0.875,6.25,160.7143,1.0045
0.4,56.25,0.875,6.875,160.7143,1.1049
0.4,56.25,0.875,7.5,160.7143,1.2054
0.4,56.25,0.875,8.125,160.7143,1.3058
0.4,56.25,0.875,8.75,160.7143,1.4062
0.4,56.25,0.875,9.375,160.7143,1.5067
0.4,56.25,0.875,10.0,160.7143,1.6071
0.4,56.25,0.8875,5.0,158.4507,0.7923
0.4,56.25,0.8875,5.625,158.4507,0.8913
0.4,56.25,0.8875,6.25,158.4507,0.9903
0.4,56.25,0.8875,6.875,158.4507,1.0893
0.4,56.25,0.8875,7.5,158.4507,1.1884
0.4,56.25,0.8875,8.125,158.4507,1.2874
0.4,56.25,0.8875,8.75,158.4507,1.3864
0.4,56.25,0.8875,9.375,158.4507,1.4855
0.4,56.25,0.8875,10.0,158.4507,1.5845
0.4,56.25,0.9,5.0,156.25,0.7812
0.4,56.25,0.9,5.625,156.25,0.8789
0.4,56.25,0.9,6.25,156.25,0.9766
0.4,56.25,0.9,6.875,156.25,1.0742
0.4,56.25,0.9,7.5,156.25,1.1719
0.4,56.25,0.9,8.125,156.25,1.2695
0.4,56.25,0.9,8.75,156.25,1.3672
0.4,56.25,0.9,9.375,156.25,1.4648
0.4,56.25,0.9,10.0,156.25,1.5625
0.4,62.5,0.8,5.0,195.3125,0.9766
0.4,62.5,0.8,5.625,195.3125,1.0986
0.4,62.5,0.8,6.25,195.3125,1.2207
0.4,62.5,0.8,6.875,195.3125,1.3428
0.4,62.5,0.8,7.5,195.3125,1.4648
0.4,62.5,0.8,8.125,195.3125,1.5869
0.4,62.5,0.8,8.75,195.3125,1.709
0.4,62.5,0.8,9.375,195.3125,1.8311
0.4,62.5,0.8,10.0,195.3125,1.9531
0.4,62.5,0.8125,5.0,192.3077,0.9615
0.4,62.5,0.8125,5.625,192.3077,1.0817
0.4,62.5,0.8125,6.25,192.3077,1.2019
0.4,62.5,0.8125,6.875,192.3077,1.3221
0.4,62.5,0.8125,7.5,192.3077,1.4423
0.4,62.5,0.8125,8.125,192.3077,1.5625
0.4,62.5,0.8125,8.75,192.3077,1.6827
0.4,62.5,0.8125,9.375,192.3077,1.8029
0.4,62.5,0.8125,10.0,192.3077,1.9231
0.4,62.5,0.825,5.0,189.3939,0.947
0.4,62.5,0.825,5.625,189.3939,1.0653
0.4,62.5,0.825,6.25,189.3939,1.1837
0.4,62.5,0.825,6.875,189.3939,1.3021
0.4,62.5,0.825,7.5,189.3939,1.4205
0.4,62.5,0.825,8.125,189.3939,1.5388
0.4,62.5,0.825,8.75,189.3939,1.6572
0.4,62.5,0.825,9.375,189.3939,1.7756
0.4,62.5,0.825,10.0,189.3939,1.8939
0.4,62.5,0.8375,5.0,186.5672,0.9328
0.4,62.5,0.8375,5.625,186.5672,1.0494
0.4,62.5,0.8375,6.25,186.5672,1.166
0.4,62.5,0.8375,6.875,186.5672,1.2826
0.4,62.5,0.8375,7.5,186.5672,1.3993
0.4,62.5,0.8375,8.125,186.5672,1.5159
0.4,62.5,0.8375,8.75,186.5672,1.6325
0.4,62.5,0.8375,9.375,186.5672,1.7491
0.4,62.5,0.8375,10.0,186.5672,1.8657
0.4,62.5,0.85,5.0,183.8235,0.9191
0.4,62.5,0.85,5.625,183.8235,1.034
0.4,62.5,0.85,6.25,183.8235,1.1489
0.4,62.5,0.85,6.875,183.8235,1.2638
0.4,62.5,0.85,7.5,183.8235,1.3787
0.4,62.5,0.85,8.125,183.8235,1.4936
0.4,62.5,0.85,8.75,183.8235,1.6085
0.4,62.5,0.85,9.375,183.8235,1.7233
0.4,62.5,0.85,10.0,183.8235,1.8382
0.4,62.5,0.8625,5.0,181.1594,0.9058
0.4,62.5,0.8625,5.625,181.1594,1.019
0.4,62.5,0.8625,6.25,181.1594,1.1322
0.4,62.5,0.8625,6.875,181.1594,1.2455
0.4,62.5,0.8625,7.5,181.1594,1.3587
0.4,62.5,0.8625,8.125,181.1594,1.4719
0.4,62.5,0.8625,8.75,181.1594,1.5851
0.4,62.5,0.8625,9.375,181.1594,1.6984
0.4,62.5,0.8625,10.0,181.1594,1.8116
0.4,62.5,0.875,5.0,178.5714,0.8929
0.4,62.5,0.875,5.625,178.5714,1.0045
0.4,62.5,0.875,6.25,178.5714,1.1161
0.4,62.5,0.875,6.875,178.5714,1.2277
0.4,62.5,0.875,7.5,178.5714,1.3393
0.4,62.5,0.875,8.125,178.5714,1.4509
0.4,62.5,0.875,8.75,178.5714,1.5625
0.4,62.5,0.875,9.375,178.5714,1.6741
0.4,62.5,0.875,10.0,178.5714,1.7857
0.4,62.5,0.8875,5.0,176.0563,0.8803
0.4,62.5,0.8875,5.625,176.0563,0.9903
0.4,62.5,0.8875,6.25,176.0563,1.1004
0.4,62.5,0.8875,6.875,176.0563,1.2104
0.4,62.5,0.8875,7.5,176.0563,1.3204
0.4,62.5,0.8875,8.125,176.0563,1.4305
0.4,62.5,0.8875,8.75,176.0563,1.5405
0.4,62.5,0.8875,9.375,176.0563,1.6505
0.4,62.5,0.8875,10.0,176.0563,1.7606
0.4,62.5,0.9,5.0,173.6111,0.8681
0.4,62.5,0.9,5.625,173.6111,0.9766
0.4,62.5,0.9,6.25,173.6111,1.0851
0.4,62.5,0.9,6.875,173.6111,1.1936
0.4,62.5,0.9,7.5,173.6111,1.3021
0.4,62.5,0.9,8.125,173.6111,1.4106
0.4,62.5,0.9,8.75,173.6111,1.5191
0.4,62.5,0.9,9.375,173.6111,1.6276
0.4,62.5,0.9,10.0,173.6111,1.7361
0.4,68.75,0.8,5.0,214.8437,1.0742
0.4,68.75,0.8,5.625,214.8437,1.2085
0.4,68.75,0.8,6.25,214.8437,1.3428
0.4,68.75,0.8,6.875,214.8437,1.4771
0.4,68.75,0.8,7.5,214.8437,1.6113
0.4,68.75,0.8,8.125,214.8437,1.7456
0.4,68.75,0.8,8.75,214.8437,1.8799
0.4,68.75,0.8,9.375,214.8437,2.0142
0.4,68.75,0.8,10.0,214.8437,2.1484
0.4,68.75,0.8125,5.0,211.5385,1.0577
0.4,68.75,0.8125,5.625,211.5385,1.1899
0.4,68.75,0.8125,6.25,211.5385,1.3221
0.4,68.75,0.8125,6.875,211.5385,1.4543
0.4,68.75,0.8125,7.5,211.5385,1.5865
0.4,68.75,0.8125,8.125,211.5385,1.7187
0.4,68.75,0.8125,8.75,211.5385,1.851
0.4,68.75,0.8125,9.375,211.5385,1.9832
0.4,68.75,0.8125,10.0,211.5385,2.1154
0.4,68.75,0.825,5.0,208.3333,1.0417
0.4,68.75,0.825,5.625,208.3333,1.1719
0.4,68.75,0.825,6.25,208.3333,1.3021
0.4,68.75,0.825,6.875,208.3333,1.4323
0.4,68.75,0.825,7.5,208.3333,1.5625
0.4,68.75,0.825,8.125,208.3333,1.6927
0.4,68.75,0.825,8.75,208.3333,1.8229
0.4,68.75,0.825,9.375,208.3333,1.9531
0.4,68.75,0.825,10.0,208.3333,2.0833
0.4,68.75,0.8375,5.0,205.2239,1.0261
0.4,68.75,0.8375,5.625,205.2239,1.1544
0.4,68.75,0.8375,6.25,205.2239,1.2826
0.4,68.75,0.8375,6.875,205.2239,1.4109
0.4,68.75,0.8375,7.5,205.2239,1.5392
0.4,68.75,0.8375,8.125,205.2239,1.6674
0.4,68.75,0.8375,8.75,205.2239,1.7957
0.4,68.75,0.8375,9.375,205.2239,1.924
0.4,68.75,0.8375,10.0,205.2239,2.0522
0.4,68.75,0.85,5.0,202.2059,1.011
0.4,68.75,0.85,5.625,202.2059,1.1374
0.4,68.75,0.85,6.25,202.2059,1.2638
0.4,68.75,0.85,6.875,202.2059,1.3902
0.4,68.75,0.85,7.5,202.2059,1.5165
0.4,68.75,0.85,8.125,202.2059,1.6429
0.4,68.75,0.85,8.75,202.2059,1.7693
0.4,68.75,0.85,9.375,202.2059,1.8957
0.4,68.75,0.85,10.0,202.2059,2.0221
0.4,68.75,0.8625,5.0,199.2754,0.9964
0.4,68.75,0.8625,5.625,199.2754,1.1209
0.4,68.75,0.8625,6.25,199.2754,1.2455
0.4,68.75,0.8625,6.875,199.2754,1.37
0.4,68.75,0.8625,7.5,199.2754,1.4946
0.4,68.75,0.8625,8.125,199.2754,1.6191
0.4,68.75,0.8625,8.75,199.2754,1.7437
0.4,68.75,0.8625,9.375,199.2754,1.8682
0.4,68.75,0.8625,10.0,199.2754,1.9928
0.4,68.75,0.875,5.0,196.4286,0.9821
0.4,68.75,0.875,5.625,196.4286,1.1049
0.4,68.75,0.875,6.25,196.4286,1.2277
0.4,68.75,0.875,6.875,196.4286,1.3504
0.4,68.75,0.875,7.5,196.4286,1.4732
0.4,68.75,0.875,8.125,196.4286,1.596
0.4,68.75,0.875,8.75,196.4286,1.7188
0.4,68.75,0.875,9.375,196.4286,1.8415
0.4,68.75,0.875,10.0,196.4286,1.9643
0.4,68.75,0.8875,5.0,193.662,0.9683
0.4,68.75,0.8875,5.625,193.662,1.0893
0.4,68.75,0.8875,6.25,193.662,1.2104
0.4,68.75,0.8875,6.875,193.662,1.3314
0.4,68.75,0.8875,7.5,193.662,1.4525
0.4,68.75,0.8875,8.125,193.662,1.5735
0.4,68.75,0.8875,8.75,193.662,1.6945
0.4,68.75,0.8875,9.375,193.662,1.8156
0.4,68.75,0.8875,10.0,193.662,1.9366
0.4,68.75,0.9,5.0,190.9722,0.9549
0.4,68.75,0.9,5.625,190.9722,1.0742
0.4,68.75,0.9,6.25,190.9722,1.1936
0.4,68.75,0.9,6.875,190.9722,1.3129
0.4,68.75,0.9,7.5,190.9722,1.4323
0.4,68.75,0.9,8.125,190.9722,1.5516
0.4,68.75,0.9,8.75,190.9722,1.671
0.4,68.75,0.9,9.375,190.9722,1.7904
0.4,68.75,0.9,10.0,190.9722,1.9097
0.4,75.0,0.8,5.0,234.375,1.1719
0.4,75.0,0.8,5.625,234.375,1.3184
0.4,75.0,0.8,6.25,234.375,1.4648
0.4,75.0,0.8,6.875,234.375,1.6113
0.4,75.0,0.8,7.5,234.375,1.7578
0.4,75.0,0.8,8.125,234.375,1.9043
0.4,75.0,0.8,8.75,234.375,2.0508
0.4,75.0,0.8,9.375,234.375,2.1973
0.4,75.0,0.8,10.0,234.375,2.3437
0.4,75.0,0.8125,5.0,230.7692,1.1538
0.4,75.0,0.8125,5.625,230.7692,1.2981
0.4,75.0,0.8125,6.25,230.7692,1.4423
0.4,75.0,0.8125,6.875,230.7692,1.5865
0.4,75.0,0.8125,7.5,230.7692,1.7308
0.4,75.0,0.8125,8.125,230.7692,1.875
0.4,75.0,0.8125,8.75,230.7692,2.0192
0.4,75.0,0.8125,9.375,230.7692,2.1635
0.4,75.0,0.8125,10.0,230.7692,2.3077
0.4,75.0,0.825,5.0,227.2727,1.1364
0.4,75.0,0.825,5.625,227.2727,1.2784
0.4,75.0,0.825,6.25,227.2727,1.4205
0.4,75.0,0.825,6.875,227.2727,1.5625
0.4,75.0,0.825,7.5,227.2727,1.7045
0.4,75.0,0.825,8.125,227.2727,1.8466
0.4,75.0,0.825,8.75,227.2727,1.9886
0.4,75.0,0.825,9.375,227.2727,2.1307
0.4,75.0,0.825,10.0,227.2727,2.2727
0.4,75.0,0.8375,5.0,223.8806,1.1194
0.4,75.0,0.8375,5.625,223.8806,1.2593
0.4,75.0,0.8375,6.25,223.8806,1.3993
0.4,75.0,0.8375,6.875,223.8806,1.5392
0.4,75.0,0.8375,7.5,223.8806,1.6791
0.4,75.0,0.8375,8.125,223.8806,1.819
0.4,75.0,0.8375,8.75,223.8806,1.959
0.4,75.0,0.8375,9.375,223.8806,2.0989
0.4,75.0,0.8375,10.0,223.8806,2.2388
0.4,75.0,0.85,5.0,220.5882,1.1029
0.4,75.0,0.85,5.625,220.5882,1.2408
0.4,75.0,0.85,6.25,220.5882,1.3787
0.4,75.0,0.85,6.875,220.5882,1.5165
0.4,75.0,0.85,7.5,220.5882,1.6544
0.4,75.0,0.85,8.125,220.5882,1.7923
0.4,75.0,0.85,8.75,220.5882,1.9301
0.4,75.0,0.85,9.375,220.5882,2.068
0.4,75.0,0.85,10.0,220.5882,2.2059
0.4,75.0,0.8625,5.0,217.3913,1.087
0.4,75.0,0.8625,5.625,217.3913,1.2228
0.4,75.0,0.8625,6.25,217.3913,1.3587
0.4,75.0,0.8625,6.875,217.3913,1.4946
0.4,75.0,0.8625,7.5,217.3913,1.6304
0.4,75.0,0.8625,8.125,217.3913,1.7663
0.4,75.0,0.8625,8.75,217.3913,1.9022
0.4,75.0,0.8625,9.375,217.3913,2.038
0.4,75.0,0.8625,10.0,217.3913,2.1739
0.4,75.0,0.875,5.0,214.2857,1.0714
0.4,75.0,0.875,5.625,214.2857,1.2054
0.4,75.0,0.875,6.25,214.2857,1.3393
0.4,75.0,0.875,6.875,214.2857,1.4732
0.4,75.0,0.875,7.5,214.2857,1.6071
0.4,75.0,0.875,8.125,214.2857,1.7411
0.4,75.0,0.875,8.75,214.2857,1.875
0.4,75.0,0.875,9.375,214.2857,2.0089
0.4,75.0,0.875,10.0,214.2857,2.1429
0.4,75.0,0.8875,5.0,211.2676,1.0563
0.4,75.0,0.8875,5.625,211.2676,1.1884
0.4,75.0,0.8875,6.25,211.2676,1.3204
0.4,75.0,0.8875,6.875,211.2676,1.4525
0.4,75.0,0.8875,7.5,211.2676,1.5845
0.4,75.0,0.8875,8.125,211.2676,1.7165
0.4,75.0,0.8875,8.75,211.2676,1.8486
0.4,75.0,0.8875,9.375,211.2676,1.9806
0.4,75.0,0.8875,10.0,211.2676,2.1127
0.4,75.0,0.9,5.0,208.3333,1.0417
0.4,75.0,0.9,5.625,208.3333,1.1719
0.4,75.0,0.9,6.25,208.3333,1.3021
0.4,75.0,0.9,6.875,208.3333,1.4323
0.4,75.0,0.9,7.5,208.3333,1.5625
0.4,75.0,0.9,8.125,208.3333,1.6927
0.4,75.0,0.9,8.75,208.3333,1.8229
0.4,75.0,0.9,9.375,208.3333,1.9531
0.4,75.0,0.9,10.0,208.3333,2.0833
0.4,81.25,0.8,5.0,253.9062,1.2695
0.4,81.25,0.8,5.625,253.9062,1.4282
0.4,81.25,0.8,6.25,253.9062,1.5869
0.4,81.25,0.8,6.875,253.9062,1.7456
0.4,81.25,0.8,7.5,253.9062,1.9043
0.4,81.25,0.8,8.125,253.9062,2.063
0.4,81.25,0.8,8.75,253.9062,2.2217
0.4,81.25,0.8,9.375,253.9062,2.3804
0.4,81.25,0.8,10.0,253.9062,2.5391
0.4,81.25,0.8125,5.0,250.0,1.25
0.4,81.25,0.8125,5.625,250.0,1.4062
0.4,81.25,0.8125,6.25,250.0,1.5625
0.4,81.25,0.8125,6.875,250.0,1.7188
0.4,81.25,0.8125,7.5,250.0,1.875
0.4,81.25,0.8125,8.125,250.0,2.0312
0.4,81.25,0.8125,8.75,250.0,2.1875
0.4,81.25,0.8125,9.375,250.0,2.3438
0.4,81.25,0.8125,10.0,250.0,2.5
0.4,81.25,0.825,5.0,246.2121,1.2311
0.4,81.25,0.825,5.625,246.2121,1.3849
0.4,81.25,0.825,6.25,246.2121,1.5388
0.4,81.25,0.825,6.875,246.2121,1.6927
0.4,81.25,0.825,7.5,246.2121,1.8466
0.4,81.25,0.825,8.125,246.2121,2.0005
0.4,81.25,0.825,8.75,246.2121,2.1544
0.4,81.25,0.825,9.375,246.2121,2.3082
0.4,81.25,0.825,10.0,246.2121,2.4621
0.4,81.25,0.8375,5.0,242.5373,1.2127
0.4,81.25,0.8375,5.625,242.5373,1.3643
0.4,81.25,0.8375,6.25,242.5373,1.5159
0.4,81.25,0.8375,6.875,242.5373,1.6674
0.4,81.25,0.8375,7.5,242.5373,1.819
0.4,81.25,0.8375,8.125,242.5373,1.9706
0.4,81.25,0.8375,8.75,242.5373,2.1222
0.4,81.25,0.8375,9.375,242.5373,2.2738
0.4,81.25,0.8375,10.0,242.5373,2.4254
0.4,81.25,0.85,5.0,238.9706,1.1949
0.4,81.25,0.85,5.625,238.9706,1.3442
0.4,81.25,0.85,6.25,238.9706,1.4936
0.4,81.25,0.85,6.875,238.9706,1.6429
0.4,81.25,0.85,7.5,238.9706,1.7923
0.4,81.25,0.85,8.125,238.9706,1.9416
0.4,81.25,0.85,8.75,238.9706,2.091
0.4,81.25,0.85,9.375,238.9706,2.2403
0.4,81.25,0.85,10.0,238.9706,2.3897
0.4,81.25,0.8625,5.0,235.5072,1.1775
0.4,81.25,0.8625,5.625,235.5072,1.3247
0.4,81.25,0.8625,6.25,235.5072,1.4719
0.4,81.25,0.8625,6.875,235.5072,1.6191
0.4,81.25,0.8625,7.5,235.5072,1.7663
0.4,81.25,0.8625,8.125,235.5072,1.9135
0.4,81.25,0.8625,8.75,235.5072,2.0607
0.4,81.25,0.8625,9.375,235.5072,2.2079
0.4,81.25,0.8625,10.0,235.5072,2.3551
0.4,81.25,0.875,5.0,232.1429,1.1607
0.4,81.25,0.875,5.625,232.1429,1.3058
0.4,81.25,0.875,6.25,232.1429,1.4509
0.4,81.25,0.875,6.875,232.1429,1.596
0.4,81.25,0.875,7.5,232.1429,1.7411
0.4,81.25,0.875,8.125,232.1429,1.8862
0.4,81.25,0.875,8.75,232.1429,2.0312
0.4,81.25,0.875,9.375,232.1429,2.1763
0.4,81.25,0.875,10.0,232.1429,2.3214
0.4,81.25,0.8875,5.0,228.8732,1.1444
0.4,81.25,0.8875,5.625,228.8732,1.2874
0.4,81.25,0.8875,6.25,228.8732,1.4305
0.4,81.25,0.8875,6.875,228.8732,1.5735
0.4,81.25,0.8875,7.5,228.8732,1.7165
0.4,81.25,0.8875,8.125,228.8732,1.8596
0.4,81.25,0.8875,8.75,228.8732,2.0026
0.4,81.25,0.8875,9.375,228.8732,2.1457
0.4,81.25,0.8875,10.0,228.8732,2.2887
0.4,81.25,0.9,5.0,225.6944,1.1285
0.4,81.25,0.9,5.625,225.6944,1.2695
0.4,81.25,0.9,6.25,225.6944,1.4106
0.4,81.25,0.9,6.875,225.6944,1.5516
0.4,81.25,0.9,7.5,225.6944,1.6927
0.4,81.25,0.9,8.125,225.6944,1.8338
0.4,81.25,0.9,8.75,225.6944,1.9748
0.4,81.25,0.9,9.375,225.6944,2.1159
0.4,81.25,0.9,10.0,225.6944,2.2569
0.4,87.5,0.8,5.0,273.4375,1.3672
0.4,87.5,0.8,5.625,273.4375,1.5381
0.4,87.5,0.8,6.25,273.4375,1.709
0.4,87.5,0.8,6.875,273.4375,1.8799
0.4,87.5,0.8,7.5,273.4375,2.0508
0.4,87.5,0.8,8.125,273.4375,2.2217
0.4,87.5,0.8,8.75,273.4375,2.3926
0.4,87.5,0.8,9.375,273.4375,2.5635
0.4,87.5,0.8,10.0,273.4375,2.7344
0.4,87.5,0.8125,5.0,269.2308,1.3462
0.4,87.5,0.8125,5.625,269.2308,1.5144
0.4,87.5,0.8125,6.25,269.2308,1.6827
0.4,87.5,0.8125,6.875,269.2308,1.851
0.4,87.5,0.8125,7.5,269.2308,2.0192
0.4,87.5,0.8125,8.125,269.2308,2.1875
0.4,87.5,0.8125,8.75,269.2308,2.3558
0.4,87.5,0.8125,9.375,269.2308,2.524
0.4,87.5,0.8125,10.0,269.2308,2.6923
0.4,87.5,0.825,5.0,265.1515,1.3258
0.4,87.5,0.825,5.625,265.1515,1.4915
0.4,87.5,0.825,6.25,265.1515,1.6572
0.4,87.5,0.825,6.875,265.1515,1.8229
0.4,87.5,0.825,7.5,265.1515,1.9886
0.4,87.5,0.825,8.125,265.1515,2.1544
0.4,87.5,0.825,8.75,265.1515,2.3201
0.4,87.5,0.825,9.375,265.1515,2.4858
0.4,87.5,0.825,10.0,265.1515,2.6515
0.4,87.5,0.8375,5.0,261.194,1.306
0.4,87.5,0.8375,5.625,261.194,1.4692
0.4,87.5,0.8375,6.25,261.194,1.6325
0.4,87.5,0.8375,6.875,261.194,1.7957
0.4,87.5,0.8375,7.5,261.194,1.959
0.4,87.5,0.8375,8.125,261.194,2.1222
0.4,87.5,0.8375,8.75,261.194,2.2854
0.4,87.5,0.8375,9.375,261.194,2.4487
0.4,87.5,0.8375,10.0,261.194,2.6119
0.4,87.5,0.85,5.0,257.3529,1.2868
0.4,87.5,0.85,5.625,257.3529,1.4476
0.4,87.5,0.85,6.25,257.3529,1.6085
0.4,87.5,0.85,6.875,257.3529,1.7693
0.4,87.5,0.85,7.5,257.3529,1.9301
0.4,87.5,0.85,8.125,257.3529,2.091
0.4,87.5,0.85,8.75,257.3529,2.2518
0.4,87.5,0.85,9.375,257.3529,2.4127
0.4,87.5,0.85,10.0,257.3529,2.5735
0.4,87.5,0.8625,5.0,253.6232,1.2681
0.4,87.5,0.8625,5.625,253.6232,1.4266
0.4,87.5,0.8625,6.25,253.6232,1.5851
0.4,87.5,0.8625,6.875,253.6232,1.7437
0.4,87.5,0.8625,7.5,253.6232,1.9022
0.4,87.5,0.8625,8.125,253.6232,2.0607
0.4,87.5,0.8625,8.75,253.6232,2.2192
0.4,87.5,0.8625,9.375,253.6232,2.3777
0.4,87.5,0.8625,10.0,253.6232,2.5362
0.4,87.5,0.875,5.0,250.0,1.25
0.4,87.5,0.875,5.625,250.0,1.4062
0.4,87.5,0.875,6.25,250.0,1.5625
0.4,87.5,0.875,6.875,250.0,1.7187
0.4,87.5,0.875,7.5,250.0,1.875
0.4,87.5,0.875,8.125,250.0,2.0312
0.4,87.5,0.875,8.75,250.0,2.1875
0.4,87.5,0.875,9.375,250.0,2.3437
0.4,87.5,0.875,10.0,250.0,2.5
0.4,87.5,0.8875,5.0,246.4789,1.2324
0.4,87.5,0.8875,5.625,246.4789,1.3864
0.4,87.5,0.8875,6.25,246.4789,1.5405
0.4,87.5,0.8875,6.875,246.4789,1.6945
0.4,87.5,0.8875,7.5,246.4789,1.8486
0.4,87.5,0.8875,8.125,246.4789,2.0026
0.4,87.5,0.8875,8.75,246.4789,2.1567
0.4,87.5,0.8875,9.375,246.4789,2.3107
0.4,87.5,0.8875,10.0,246.4789,2.4648
0.4,87.5,0.9,5.0,243.0556,1.2153
0.4,87.5,0.9,5.625,243.0556,1.3672
0.4,87.5,0.9,6.25,243.0556,1.5191
0.4,87.5,0.9,6.875,243.0556,1.671
0.4,87.5,0.9,7.5,243.0556,1.8229
0.4,87.5,0.9,8.125,243.0556,1.9748
0.4,87.5,0.9,8.75,243.0556,2.1267
0.4,87.5,0.9,9.375,243.0556,2.2786
0.4,87.5,0.9,10.0,243.0556,2.4306
0.4,93.75,0.8,5.0,292.9687,1.4648
0.4,93.75,0.8,5.625,292.9687,1.6479
0.4,93.75,0.8,6.25,292.9687,1.8311
0.4,93.75,0.8,6.875,292.9687,2.0142
0.4,93.75,0.8,7.5,292.9687,2.1973
0.4,93.75,0.8,8.125,292.9687,2.3804
0.4,93.75,0.8,8.75,292.9687,2.5635
0.4,93.75,0.8,9.375,292.9687,2.7466
0.4,93.75,0.8,10.0,292.9687,2.9297
0.4,93.75,0.8125,5.0,288.4615,1.4423
0.4,93.75,0.8125,5.625,288.4615,1.6226
0.4,93.75,0.8125,6.25,288.4615,1.8029
0.4,93.75,0.8125,6.875,288.4615,1.9832
0.4,93.75,0.8125,7.5,288.4615,2.1635
0.4,93.75,0.8125,8.125,288.4615,2.3438
0.4,93.75,0.8125,8.75,288.4615,2.524
0.4,93.75,0.8125,9.375,288.4615,2.7043
0.4,93.75,0.8125,10.0,288.4615,2.8846
0.4,93.75,0.825,5.0,284.0909,1.4205
0.4,93.75,0.825,5.625,284.0909,1.598
0.4,93.75,0.825,6.25,284.0909,1.7756
0.4,93.75,0.825,6.875,284.0909,1.9531
0.4,93.75,0.825,7.5,284.0909,2.1307
0.4,93.75,0.825,8.125,284.0909,2.3082
0.4,93.75,0.825,8.75,284.0909,2.4858
0.4,93.75,0.825,9.375,284.0909,2.6634
0.4,93.75,0.825,10.0,284.0909,2.8409
0.4,93.75,0.8375,5.0,279.8507,1.3993
0.4,93.75,0.8375,5.625,279.8507,1.5742
0.4,93.75,0.8375,6.25,279.8507,1.7491
0.4,93.75,0.8375,6.875,279.8507,1.924
0.4,93.75,0.8375,7.5,279.8507,2.0989
0.4,93.75,0.8375,8.125,279.8507,2.2738
0.4,93.75,0.8375,8.75,279.8507,2.4487
0.4,93.75,0.8375,9.375,279.8507,2.6236
0.4,93.75,0.8375,10.0,279.8507,2.7985
0.4,93.75,0.85,5.0,275.7353,1.3787
0.4,93.75,0.85,5.625,275.7353,1.551
0.4,93.75,0.85,6.25,275.7353,1.7233
0.4,93.75,0.85,6.875,275.7353,1.8957
0.4,93.75,0.85,7.5,275.7353,2.068
0.4,93.75,0.85,8.125,275.7353,2.2403
0.4,93.75,0.85,8.75,275.7353,2.4127
0.4,93.75,0.85,9.375,275.7353,2.585
0.4,93.75,0.85,10.0,275.7353,2.7574
0.4,93.75,0.8625,5.0,271.7391,1.3587
0.4,93.75,0.8625,5.625,271.7391,1.5285
0.4,93.75,0.8625,6.25,271.7391,1.6984
0.4,93.75,0.8625,6.875,271.7391,1.8682
0.4,93.75,0.8625,7.5,271.7391,2.038
0.4,93.75,0.8625,8.125,271.7391,2.2079
0.4,93.75,0.8625,8.75,271.7391,2.3777
0.4,93.75,0.8625,9.375,271.7391,2.5476
0.4,93.75,0.8625,10.0,271.7391,2.7174
0.4,93.75,0.875,5.0,267.8571,1.3393
0.4,93.75,0.875,5.625,267.8571,1.5067
0.4,93.75,0.875,6.25,267.8571,1.6741
0.4,93.75,0.875,6.875,267.8571,1.8415
0.4,93.75,0.875,7.5,267.8571,2.0089
0.4,93.75,0.875,8.125,267.8571,2.1763
0.4,93.75,0.875,8.75,267.8571,2.3438
0.4,93.75,0.875,9.375,267.8571,2.5112
0.4,93.75,0.875,10.0,267.8571,2.6786
0.4,93.75,0.8875,5.0,264.0845,1.3204
0.4,93.75,0.8875,5.625,264.0845,1.4855
0.4,93.75,0.8875,6.25,264.0845,1.6505
0.4,93.75,0.8875,6.875,264.0845,1.8156
0.4,93.75,0.8875,7.5,264.0845,1.9806
0.4,93.75,0.8875,8.125,264.0845,2.1457
0.4,93.75,0.8875,8.75,264.0845,2.3107
0.4,93.75,0.8875,9.375,264.0845,2.4758
0.4,93.75,0.8875,10.0,264.0845,2.6408
0.4,93.75,0.9,5.0,260.4167,1.3021
0.4,93.75,0.9,5.625,260.4167,1.4648
0.4,93.75,0.9,6.25,260.4167,1.6276
0.4,93.75,0.9,6.875,260.4167,1.7904
0.4,93.75,0.9,7.5,260.4167,1.9531
0.4,93.75,0.9,8.125,260.4167,2.1159
0.4,93.75,0.9,8.75,260.4167,2.2786
0.4,93.75,0.9,9.375,260.4167,2.4414
0.4,93.75,0.9,10.0,260.4167,2.6042
0.4,100.0,0.8,5.0,312.5,1.5625
0.4,100.0,0.8,5.625,312.5,1.7578
0.4,100.0,0.8,6.25,312.5,1.9531
0.4,100.0,0.8,6.875,312.5,2.1484
0.4,100.0,0.8,7.5,312.5,2.3437
0.4,100.0,0.8,8.125,312.5,2.5391
0.4,100.0,0.8,8.75,312.5,2.7344
0.4,100.0,0.8,9.375,312.5,2.9297
0.4,100.0,0.8,10.0,312.5,3.125
0.4,100.0,0.8125,5.0,307.6923,1.5385
0.4,100.0,0.8125,5.625,307.6923,1.7308
0.4,100.0,0.8125,6.25,307.6923,1.9231
0.4,100.0,0.8125,6.875,307.6923,2.1154
0.4,100.0,0.8125,7.5,307.6923,2.3077
0.4,100.0,0.8125,8.125,307.6923,2.5
0.4,100.0,0.8125,8.75,307.6923,2.6923
0.4,100.0,0.8125,9.375,307.6923,2.8846
0.4,100.0,0.8125,10.0,307.6923,3.0769
0.4,100.0,0.825,5.0,303.0303,1.5152
0.4,100.0,0.825,5.625,303.0303,1.7045
0.4,100.0,0.825,6.25,303.0303,1.8939
0.4,100.0,0.825,6.875,303.0303,2.0833
0.4,100.0,0.825,7.5,303.0303,2.2727
0.4,100.0,0.825,8.125,303.0303,2.4621
0.4,100.0,0.825,8.75,303.0303,2.6515
0.4,100.0,0.825,9.375,303.0303,2.8409
0.4,100.0,0.825,10.0,303.0303,3.0303
0.4,100.0,0.8375,5.0,298.5075,1.4925
0.4,100.0,0.8375,5.625,298.5075,1.6791
0.4,100.0,0.8375,6.25,298.5075,1.8657
0.4,100.0,0.8375,6.875,298.5075,2.0522
0.4,100.0,0.8375,7.5,298.5075,2.2388
0.4,100.0,0.8375,8.125,298.5075,2.4254
0.4,100.0,0.8375,8.75,298.5075,2.6119
0.4,100.0,0.8375,9.375,298.5075,2.7985
0.4,100.0,0.8375,10.0,298.5075,2.9851
0.4,100.0,0.85,5.0,294.1176,1.4706
0.4,100.0,0.85,5.625,294.1176,1.6544
0.4,100.0,0.85,6.25,294.1176,1.8382
0.4,100.0,0.85,6.875,294.1176,2.0221
0.4,100.0,0.85,7.5,294.1176,2.2059
0.4,100.0,0.85,8.125,294.1176,2.3897
0.4,100.0,0.85,8.75,294.1176,2.5735
0.4,100.0,0.85,9.375,294.1176,2.7574
0.4,100.0,0.85,10.0,294.1176,2.9412
0.4,100.0,0.8625,5.0,289.8551,1.4493
0.4,100.0,0.8625,5.625,289.8551,1.6304
0.4,100.0,0.8625,6.25,289.8551,1.8116
0.4,100.0,0.8625,6.875,289.8551,1.9928
0.4,100.0,0.8625,7.5,289.8551,2.1739
0.4,100.0,0.8625,8.125,289.8551,2.3551
0.4,100.0,0.8625,8.75,289.8551,2.5362
0.4,100.0,0.8625,9.375,289.8551,2.7174
0.4,100.0,0.8625,10.0,289.8551,2.8986
0.4,100.0,0.875,5.0,285.7143,1.4286
0.4,100.0,0.875,5.625,285.7143,1.6071
0.4,100.0,0.875,6.25,285.7143,1.7857
0.4,100.0,0.875,6.875,285.7143,1.9643
0.4,100.0,0.875,7.5,285.7143,2.1429
0.4,100.0,0.875,8.125,285.7143,2.3214
0.4,100.0,0.875,8.75,285.7143,2.5
0.4,100.0,0.875,9.375,285.7143,2.6786
0.4,100.0,0.875,10.0,285.7143,2.8571
0.4,100.0,0.8875,5.0,281.6901,1.4085
0.4,100.0,0.8875,5.625,281.6901,1.5845
0.4,100.0,0.8875,6.25,281.6901,1.7606
0.4,100.0,0.8875,6.875,281.6901,1.9366
0.4,100.0,0.8875,7.5,281.6901,2.1127
0.4,100.0,0.8875,8.125,281.6901,2.2887
0.4,100.0,0.8875,8.75,281.6901,2.4648
0.4,100.0,0.8875,9.375,281.6901,2.6408
0.4,100.0,0.8875,10.0,281.6901,2.8169
0.4,100.0,0.9,5.0,277.7778,1.3889
0.4,100.0,0.9,5.625,277.7778,1.5625
0.4,100.0,0.9,6.25,277.7778,1.7361
0.4,100.0,0.9,6.875,277.7778,1.9097
0.4,100.0,0.9,7.5,277.7778,2.0833
0.4,100.0,0.9,8.125,277.7778,2.2569
0.4,100.0,0.9,8.75,277.7778,2.4306
0.4,100.0,0.9,9.375,277.7778,2.6042
0.4,100.0,0.9,10.0,277.7778,2.7778
