2026-08-31 21:20:33,220 INFO:main.py:246:print_splash_screen:PDB2PQR v3.7.1: biomolecular structure conversion software.
2026-08-31 21:20:33,220 INFO:main.py:248:print_splash_screen:Please cite:  Jurrus E, et al.  Improvements to the APBS biomolecular solvation software suite.  Protein Sci 27 112-128 (2018).
2026-08-31 21:20:33,220 INFO:main.py:248:print_splash_screen:Please cite:  Dolinsky TJ, et al.  PDB2PQR: expanding and upgrading automated preparation of biomolecular structures for molecular simulations. Nucleic Acids Res 35 W522-W525 (2007).
2026-08-31 21:20:33,220 INFO:main.py:770:main_driver:Checking and transforming input arguments.
2026-08-31 21:20:33,221 INFO:main.py:774:main_driver:Loading topology files.
2026-08-31 21:20:33,244 INFO:main.py:776:main_driver:Loading molecule: /Users/nek/Desktop/School/Research/Step_Outputs/Phase2/StepC/Supplementary_Archive/Vax_Final_4fce119e_phenix_pass1.pdb
2026-08-31 21:20:33,244 ERROR:pdb.py:2605:read_pdb:Warning -- ignoring record:
2026-08-31 21:20:33,244 ERROR:pdb.py:2606:read_pdb:<SSBOND   1 CYS A   11    CYS A   40>
2026-08-31 21:20:33,244 ERROR:pdb.py:2605:read_pdb:Warning -- ignoring record:
2026-08-31 21:20:33,244 ERROR:pdb.py:2606:read_pdb:<SSBOND   2 CYS A   18    CYS A   33>
2026-08-31 21:20:33,244 ERROR:pdb.py:2605:read_pdb:Warning -- ignoring record:
2026-08-31 21:20:33,244 ERROR:pdb.py:2606:read_pdb:<SSBOND   3 CYS A   23    CYS A   41>
2026-08-31 21:20:33,249 INFO:main.py:781:main_driver:Setting up molecule.
2026-08-31 21:20:33,261 INFO:main.py:423:setup_molecule:Created biomolecule object with 570 residues and 4263 atoms.
2026-08-31 21:20:33,261 INFO:main.py:785:main_driver:Setting termini states for biomolecule chains.
2026-08-31 21:20:33,265 INFO:main.py:616:non_trivial:Loading forcefield.
2026-08-31 21:20:33,267 INFO:main.py:620:non_trivial:Loading hydrogen topology definitions.
2026-08-31 21:20:33,269 INFO:main.py:474:is_repairable:This biomolecule is clean.  No repair needed.
2026-08-31 21:20:33,269 INFO:main.py:635:non_trivial:Updating disulfide bridges.
2026-08-31 21:20:33,270 INFO:main.py:638:non_trivial:Debumping biomolecule.
2026-08-31 21:20:33,303 INFO:main.py:645:non_trivial:Assigning titration states with PROPKA.
2026-08-31 21:20:33,312 INFO:output.py:74:print_header:
propka3.5.1                                                                                  2026-08-31

-------------------------------------------------------------------------------
--                                                                           --
--  PROPKA: A PROTEIN PKA PREDICTOR                                          --
--                                                                           --
--  VERSION 1.0,  04/25/2004,  IOWA CITY                                     --
--  BY HUI LI                                                                --
--                                                                           --
--  VERSION 2.0,  11/05/2007, IOWA CITY/COPENHAGEN                           --
--  BY DELPHINE C. BAS AND DAVID M. ROGERS                                   --
--                                                                           --
--  VERSION 3.0,  01/06/2011, COPENHAGEN                                     --
--  BY MATS H.M. OLSSON AND CHRESTEN R. SONDERGARD                           --
--                                                                           --
--  VERSION 3.1,  07/01/2011, COPENHAGEN                                     --
--  BY CHRESTEN R. SONDERGARD AND MATS H.M. OLSSON                           --
--                                                                           --
--  VERSION 3.2,  06/17/2020, PLANET EARTH                                   --
--  SEE ABOVE FOR AUTHORS                                                    --
--                                                                           --
-------------------------------------------------------------------------------


-------------------------------------------------------------------------------
References:

Very Fast Empirical Prediction and Rationalization of Protein pKa Values.
Hui Li, Andrew D. Robertson and Jan H. Jensen. PROTEINS: Structure, Function,
and Bioinformatics. 61:704-721 (2005)

Very Fast Prediction and Rationalization of pKa Values for Protein-Ligand
Complexes.  Delphine C. Bas, David M. Rogers and Jan H. Jensen.  PROTEINS:
Structure, Function, and Bioinformatics 73:765-783 (2008)

PROPKA3: Consistent Treatment of Internal and Surface Residues in Empirical
pKa predictions.  Mats H.M. Olsson, Chresten R. Sondergard, Michal Rostkowski,
and Jan H. Jensen.  Journal of Chemical Theory and Computation, 7(2):525-537
(2011)

Improved Treatment of Ligands and Coupling Effects in Empirical Calculation
and Rationalization of pKa Values.  Chresten R. Sondergaard, Mats H.M. Olsson,
Michal Rostkowski, and Jan H. Jensen.  Journal of Chemical Theory and
Computation, (2011)
-------------------------------------------------------------------------------



2026-08-31 21:20:33,355 INFO:conformation_container.py:124:find_covalently_coupled_groups:Coupling map:

2026-08-31 21:20:33,355 INFO:conformation_container.py:213:calculate_pka:Calculating pKas for Conformation container 1A with 5027 atoms and 1388 groups
2026-08-31 21:20:33,748 INFO:output.py:225:print_pka_section:pKa determinants:

---------  -----   ------   ---------------------    --------------    --------------    --------------
                            DESOLVATION  EFFECTS       SIDECHAIN          BACKBONE        COULOMBIC
 RESIDUE    pKa    BURIED     REGULAR      RE        HYDROGEN BOND     HYDROGEN BOND      INTERACTION
---------  -----   ------   ---------   ---------    --------------    --------------    --------------

ASP  82 A   3.98     0 %    0.25  215   0.00    0    0.00 XXX   0 X    0.00 XXX   0 X   -0.07 ARG  81 A

ASP  94 A   4.01     0 %    0.21  245   0.00    0    0.00 XXX   0 X    0.00 XXX   0 X    0.00 XXX   0 X

ASP 130 A   4.09     0 %    0.31  252   0.00    0    0.00 XXX   0 X    0.00 XXX   0 X   -0.02 ARG 103 A

ASP 188 A   3.70     0 %    0.22   67   0.00    0    0.00 XXX   0 X   -0.32 ASN 190 A    0.00 XXX   0 X

ASP 285 A   3.87     0 %    0.12   69   0.00    0    0.00 XXX   0 X   -0.05 ASP 285 A    0.00 XXX   0 X

ASP 288 A   3.94     0 %    0.14   55   0.00    0    0.00 XXX   0 X    0.00 XXX   0 X    0.00 XXX   0 X

ASP 290 A   3.92     0 %    0.12   58   0.00    0    0.00 XXX   0 X    0.00 XXX   0 X    0.00 XXX   0 X

ASP 302 A   4.24     0 %    0.44   82   0.00    0    0.00 XXX   0 X    0.00 XXX   0 X    0.00 XXX   0 X

ASP 357 A   3.93     0 %    0.13   63   0.00    0    0.00 XXX   0 X    0.00 XXX   0 X    0.00 XXX   0 X

ASP 394 A   3.73     0 %    0.26  232   0.00    0    0.00 XXX   0 X    0.00 XXX   0 X   -0.13 LYS 398 A
ASP 394 A                                            0.00 XXX   0 X    0.00 XXX   0 X   -0.20 LYS 415 A

ASP 433 A   2.99     0 %    0.44  181   0.00    0   -0.11 GLU 436 A   -0.18 ASP 433 A   -0.20 ARG 426 A
ASP 433 A                                            0.00 XXX   0 X   -0.02 TRP 435 A   -0.02 LYS 437 A
ASP 433 A                                            0.00 XXX   0 X   -0.70 GLU 436 A   -0.03 ARG 439 A

ASP 465 A   3.90     0 %    0.10   59   0.00    0    0.00 XXX   0 X    0.00 XXX   0 X    0.00 XXX   0 X

ASP 484 A   3.42     0 %    0.25  131   0.00    0   -0.64 LYS 482 A    0.00 XXX   0 X    0.00 XXX   0 X

ASP 489 A   2.68     0 %    0.35   85   0.00    0   -0.57 ASN 491 A   -0.21 ASP 489 A    0.00 XXX   0 X
ASP 489 A                                            0.00 XXX   0 X   -0.68 ASN 491 A    0.00 XXX   0 X

ASP 564 A   4.10     0 %    0.30  146   0.00    0    0.00 XXX   0 X    0.00 XXX   0 X    0.00 XXX   0 X

GLU  27 A   4.45     0 %    0.58  260   0.00    0   -0.07 ARG  17 A   -0.09 LEU  24 A   -0.32 ARG  17 A
GLU  27 A                                            0.00 XXX   0 X    0.00 XXX   0 X   -0.16 ARG  43 A
GLU  27 A                                            0.00 XXX   0 X    0.00 XXX   0 X   -0.00 LYS  44 A

GLU  28 A   4.41     0 %    0.24  203   0.00    0    0.00 XXX   0 X    0.00 XXX   0 X   -0.16 ARG  42 A
GLU  28 A                                            0.00 XXX   0 X    0.00 XXX   0 X   -0.12 LYS  44 A
GLU  28 A                                            0.00 XXX   0 X    0.00 XXX   0 X   -0.04 LYS  45 A

GLU  46 A   4.54     0 %    0.10  127   0.00    0    0.00 XXX   0 X    0.00 XXX   0 X   -0.10 LYS  44 A
GLU  46 A                                            0.00 XXX   0 X    0.00 XXX   0 X    0.04 GLU  28 A

GLU  78 A   4.65     0 %    0.15  181   0.00    0    0.00 XXX   0 X    0.00 XXX   0 X    0.00 XXX   0 X

GLU  88 A   4.62     0 %    0.30  278   0.00    0   -0.18 TYR  62 A    0.00 XXX   0 X    0.00 XXX   0 X

GLU 157 A   4.69     0 %    0.18  235   0.00    0    0.00 XXX   0 X    0.00 XXX   0 X    0.02 ASP 130 A

GLU 169 A   4.71     0 %    0.25  135   0.00    0    0.00 XXX   0 X   -0.04 CYS 166 A    0.00 XXX   0 X

GLU 229 A   4.58     0 %    0.08   74   0.00    0    0.00 XXX   0 X    0.00 XXX   0 X    0.00 XXX   0 X

GLU 305 A   4.58     0 %    0.08   55   0.00    0    0.00 XXX   0 X    0.00 XXX   0 X    0.00 XXX   0 X

GLU 316 A   4.54     0 %    0.04   45   0.00    0    0.00 XXX   0 X    0.00 XXX   0 X    0.00 XXX   0 X

GLU 318 A   4.55     0 %    0.05   51   0.00    0    0.00 XXX   0 X    0.00 XXX   0 X    0.00 XXX   0 X

GLU 320 A   4.58     0 %    0.08   65   0.00    0    0.00 XXX   0 X    0.00 XXX   0 X    0.00 XXX   0 X

GLU 323 A   4.56     0 %    0.06   75   0.00    0    0.00 XXX   0 X    0.00 XXX   0 X    0.00 XXX   0 X

GLU 367 A   4.56     0 %    0.06   59   0.00    0    0.00 XXX   0 X    0.00 XXX   0 X    0.00 XXX   0 X

GLU 378 A   4.59     0 %    0.09   84   0.00    0    0.00 XXX   0 X    0.00 XXX   0 X    0.00 XXX   0 X

GLU 425 A   4.16     0 %    0.23  186   0.00    0   -0.19 LYS 428 A    0.00 XXX   0 X   -0.38 LYS 428 A

GLU 436 A   4.39     0 %    0.52  214   0.00    0    0.11 ASP 433 A   -0.37 ASP 433 A   -0.01 LYS 437 A
GLU 436 A                                           -0.36 ARG 426 A    0.00 XXX   0 X   -0.02 ARG 439 A
GLU 436 A                                            0.00 XXX   0 X    0.00 XXX   0 X    0.38 ASP 433 A
GLU 436 A                                            0.00 XXX   0 X    0.00 XXX   0 X   -0.36 ARG 426 A

GLU 447 A   4.59     0 %    0.09  133   0.00    0    0.00 XXX   0 X    0.00 XXX   0 X    0.00 XXX   0 X

GLU 468 A   4.59     0 %    0.09   83   0.00    0    0.00 XXX   0 X    0.00 XXX   0 X    0.00 XXX   0 X

GLU 483 A   4.17     0 %    0.15  142   0.00    0   -0.48 LYS 481 A    0.00 XXX   0 X    0.00 XXX   0 X

GLU 501 A   4.61     0 %    0.11  100   0.00    0    0.00 XXX   0 X    0.00 XXX   0 X    0.00 XXX   0 X

GLU 510 A   4.57     0 %    0.07   69   0.00    0    0.00 XXX   0 X    0.00 XXX   0 X    0.00 XXX   0 X

GLU 516 A   4.54     0 %    0.04   49   0.00    0    0.00 XXX   0 X    0.00 XXX   0 X    0.00 XXX   0 X

GLU 525 A   4.57     0 %    0.07   59   0.00    0    0.00 XXX   0 X    0.00 XXX   0 X    0.00 XXX   0 X

GLU 534 A   4.56     0 %    0.06  111   0.00    0    0.00 XXX   0 X    0.00 XXX   0 X    0.00 XXX   0 X

GLU 540 A   3.99     0 %    0.16  153   0.00    0   -0.61 TYR 542 A    0.00 XXX   0 X   -0.05 LYS 553 A

GLU 548 A   4.57     0 %    0.07   82   0.00    0    0.00 XXX   0 X    0.00 XXX   0 X    0.00 XXX   0 X

GLU 566 A   4.68     0 %    0.18  118   0.00    0    0.00 XXX   0 X    0.00 XXX   0 X    0.00 XXX   0 X

C-  570 A   3.32     0 %    0.12   82   0.00    0    0.00 XXX   0 X    0.00 XXX   0 X    0.00 XXX   0 X

HIS 124 A   5.30    43 %   -1.20  402   0.00    0    0.00 XXX   0 X    0.00 XXX   0 X    0.00 XXX   0 X

HIS 162 A   5.98    13 %   -0.48  319   0.00    0    0.00 XXX   0 X    0.00 XXX   0 X   -0.04 HIS 163 A

HIS 163 A   6.25     0 %   -0.25  247   0.00    0    0.00 XXX   0 X    0.00 XXX   0 X    0.00 XXX   0 X

HIS 176 A   6.34     0 %   -0.16  138   0.00    0    0.00 XXX   0 X    0.00 XXX   0 X    0.00 XXX   0 X

HIS 182 A   6.33     0 %   -0.17  181   0.00    0    0.00 XXX   0 X    0.00 XXX   0 X    0.00 XXX   0 X

HIS 199 A   6.37     0 %   -0.13   94   0.00    0    0.00 XXX   0 X    0.00 XXX   0 X    0.00 XXX   0 X

HIS 303 A   6.25     0 %   -0.25   69   0.00    0    0.00 XXX   0 X    0.00 XXX   0 X    0.00 XXX   0 X

HIS 327 A   6.32     0 %   -0.18   70   0.00    0    0.00 XXX   0 X    0.00 XXX   0 X    0.00 XXX   0 X

HIS 370 A   6.41     0 %   -0.09   50   0.00    0    0.00 XXX   0 X    0.00 XXX   0 X    0.00 XXX   0 X

HIS 460 A   6.41     0 %   -0.09   48   0.00    0    0.00 XXX   0 X    0.00 XXX   0 X    0.00 XXX   0 X

HIS 466 A   6.35     0 %   -0.15   69   0.00    0    0.00 XXX   0 X    0.00 XXX   0 X    0.00 XXX   0 X

HIS 502 A   6.40     0 %   -0.10   94   0.00    0    0.00 XXX   0 X    0.00 XXX   0 X    0.00 XXX   0 X

HIS 526 A   6.43     0 %   -0.07   53   0.00    0    0.00 XXX   0 X    0.00 XXX   0 X    0.00 XXX   0 X

CYS  11 A  99.99     0 %    0.00    0   0.00    0    0.00 XXX   0 X    0.00 XXX   0 X    0.00 XXX   0 X

CYS  18 A  99.99     0 %    0.00    0   0.00    0    0.00 XXX   0 X    0.00 XXX   0 X    0.00 XXX   0 X

CYS  23 A  99.99     0 %    0.00    0   0.00    0    0.00 XXX   0 X    0.00 XXX   0 X    0.00 XXX   0 X

CYS  33 A  99.99     0 %    0.00    0   0.00    0    0.00 XXX   0 X    0.00 XXX   0 X    0.00 XXX   0 X

CYS  40 A  99.99     0 %    0.00    0   0.00    0    0.00 XXX   0 X    0.00 XXX   0 X    0.00 XXX   0 X

CYS  41 A  99.99     0 %    0.00    0   0.00    0    0.00 XXX   0 X    0.00 XXX   0 X    0.00 XXX   0 X

CYS 140 A   8.72     0 %    0.27  185   0.00    0   -0.56 THR 139 A    0.00 XXX   0 X    0.00 XXX   0 X

CYS 166 A   9.67     0 %    0.32  171   0.00    0    0.00 XXX   0 X   -0.02 ASN 165 A    0.05 CYS 140 A
CYS 166 A                                            0.00 XXX   0 X    0.00 XXX   0 X    0.32 GLU 169 A

CYS 184 A   8.62*    0 %    0.20  151   0.00    0   -0.57 CYS 197 A    0.00 XXX   0 X    0.00 XXX   0 X

CYS 197 A  10.17*    0 %    0.21  135   0.00    0    0.57 CYS 184 A    0.00 XXX   0 X    0.38 CYS 184 A

CYS 307 A   9.15     0 %    0.15   94   0.00    0    0.00 XXX   0 X    0.00 XXX   0 X    0.00 XXX   0 X

CYS 400 A   9.40     0 %    0.34  191   0.00    0    0.00 XXX   0 X   -0.08 CYS 400 A    0.14 CYS 407 A

CYS 407 A   8.71     0 %    0.37  178   0.00    0   -0.51 THR 404 A    0.00 XXX   0 X   -0.15 LYS 410 A

CYS 452 A   9.21     0 %    0.21  119   0.00    0    0.00 XXX   0 X    0.00 XXX   0 X    0.00 XXX   0 X

CYS 470 A   9.18     0 %    0.18   99   0.00    0    0.00 XXX   0 X    0.00 XXX   0 X    0.00 XXX   0 X

CYS 479 A   9.17     0 %    0.17  139   0.00    0    0.00 XXX   0 X    0.00 XXX   0 X    0.00 XXX   0 X

CYS 505 A   9.12     0 %    0.12  100   0.00    0    0.00 XXX   0 X    0.00 XXX   0 X    0.00 XXX   0 X

CYS 519 A   9.13     0 %    0.13   74   0.00    0    0.00 XXX   0 X    0.00 XXX   0 X    0.00 XXX   0 X

CYS 529 A   9.07     0 %    0.10   68   0.00    0    0.00 XXX   0 X   -0.02 CYS 529 A    0.00 XXX   0 X

CYS 563 A   9.38     0 %    0.27  152   0.00    0    0.00 XXX   0 X    0.00 XXX   0 X    0.11 ASP 564 A

TYR   9 A  10.19     0 %    0.14  147   0.00    0    0.00 XXX   0 X    0.00 XXX   0 X    0.05 TYR  10 A

TYR  10 A  10.10     0 %    0.11  168   0.00    0    0.00 XXX   0 X    0.00 XXX   0 X   -0.01 ARG  14 A

TYR  62 A  10.97     0 %    0.33  258   0.00    0    0.18 GLU  88 A    0.00 XXX   0 X    0.31 GLU  88 A
TYR  62 A                                            0.00 XXX   0 X    0.00 XXX   0 X    0.02 GLU 425 A
TYR  62 A                                            0.00 XXX   0 X    0.00 XXX   0 X    0.13 TYR  86 A

TYR  74 A  10.04     0 %    0.11  165   0.00    0    0.00 XXX   0 X    0.00 XXX   0 X   -0.07 LYS 100 A

TYR  83 A  10.51    25 %    0.89  350   0.00    0   -0.17 ASN  99 A   -0.18 PHE  80 A   -0.03 ARG 101 A

TYR  86 A  10.72     0 %    0.30  267   0.00    0    0.00 XXX   0 X    0.00 XXX   0 X    0.38 GLU  88 A
TYR  86 A                                            0.00 XXX   0 X    0.00 XXX   0 X    0.01 TYR 110 A
TYR  86 A                                            0.00 XXX   0 X    0.00 XXX   0 X    0.02 TYR 137 A

TYR  98 A  10.35     0 %    0.48  213   0.00    0    0.00 XXX   0 X    0.00 XXX   0 X    0.03 TYR  74 A
TYR  98 A                                            0.00 XXX   0 X    0.00 XXX   0 X   -0.16 LYS 100 A

TYR 110 A  10.44     0 %    0.34  276   0.00    0    0.00 XXX   0 X    0.00 XXX   0 X    0.08 TYR 137 A
TYR 110 A                                            0.00 XXX   0 X    0.00 XXX   0 X    0.01 TYR 161 A

TYR 120 A  11.80    45 %    1.80  407   0.00    0    0.00 XXX   0 X    0.00 XXX   0 X    0.00 XXX   0 X

TYR 123 A  10.16     0 %    0.14  177   0.00    0    0.00 XXX   0 X    0.00 XXX   0 X    0.02 TYR 148 A

TYR 128 A  10.01     0 %    0.09  143   0.00    0    0.00 XXX   0 X    0.00 XXX   0 X   -0.00 ARG 103 A
TYR 128 A                                            0.00 XXX   0 X    0.00 XXX   0 X   -0.08 LYS 102 A

TYR 135 A  11.23     0 %    0.37  252   0.00    0    0.19 TYR 161 A    0.00 XXX   0 X    0.23 TYR 110 A
TYR 135 A                                            0.00 XXX   0 X    0.00 XXX   0 X    0.10 TYR 137 A
TYR 135 A                                            0.00 XXX   0 X    0.00 XXX   0 X    0.34 TYR 161 A

TYR 137 A  10.28     0 %    0.28  235   0.00    0    0.00 XXX   0 X    0.00 XXX   0 X    0.00 XXX   0 X

TYR 148 A  10.09     0 %    0.09  143   0.00    0    0.00 XXX   0 X    0.00 XXX   0 X    0.00 XXX   0 X

TYR 161 A  10.02     0 %    0.20  222   0.00    0   -0.19 TYR 135 A    0.00 XXX   0 X    0.00 XXX   0 X

TYR 256 A  10.03     0 %    0.03   46   0.00    0    0.00 XXX   0 X    0.00 XXX   0 X    0.00 XXX   0 X

TYR 286 A  10.05     0 %    0.05   63   0.00    0    0.00 XXX   0 X    0.00 XXX   0 X    0.00 XXX   0 X

TYR 301 A  10.09     0 %    0.09   64   0.00    0    0.00 XXX   0 X    0.00 XXX   0 X    0.00 XXX   0 X

TYR 326 A  10.05     0 %    0.05   58   0.00    0    0.00 XXX   0 X    0.00 XXX   0 X    0.00 XXX   0 X

TYR 382 A  10.10     0 %    0.10  185   0.00    0    0.00 XXX   0 X    0.00 XXX   0 X    0.00 XXX   0 X

TYR 474 A  10.12     0 %    0.12  111   0.00    0    0.00 XXX   0 X    0.00 XXX   0 X    0.00 XXX   0 X

TYR 475 A  10.06     0 %    0.06  106   0.00    0    0.00 XXX   0 X    0.00 XXX   0 X    0.00 XXX   0 X

TYR 480 A  10.11     0 %    0.11  126   0.00    0    0.00 XXX   0 X    0.00 XXX   0 X    0.00 XXX   0 X

TYR 512 A  10.04     0 %    0.04   52   0.00    0    0.00 XXX   0 X    0.00 XXX   0 X    0.00 XXX   0 X

TYR 542 A  11.28     0 %    0.29  176   0.00    0    0.61 GLU 540 A    0.00 XXX   0 X    0.38 GLU 540 A

TYR 552 A   9.30     0 %    0.13  135   0.00    0   -0.84 ASN 556 A    0.00 XXX   0 X    0.00 XXX   0 X

LYS   8 A   9.84     0 %   -0.23  218   0.00    0    0.00 XXX   0 X    0.00 XXX   0 X   -0.08 ARG  12 A
LYS   8 A                                            0.00 XXX   0 X    0.00 XXX   0 X   -0.05 ARG  36 A
LYS   8 A                                            0.00 XXX   0 X    0.00 XXX   0 X   -0.30 ARG  38 A

LYS  26 A  10.28     0 %   -0.09  151   0.00    0    0.00 XXX   0 X    0.00 XXX   0 X   -0.02 ARG  43 A
LYS  26 A                                            0.00 XXX   0 X    0.00 XXX   0 X   -0.08 ARG  51 A
LYS  26 A                                            0.00 XXX   0 X    0.00 XXX   0 X   -0.03 LYS  50 A

LYS  32 A  10.39     0 %   -0.11  178   0.00    0    0.00 XXX   0 X    0.00 XXX   0 X    0.00 XXX   0 X

LYS  39 A  10.28     0 %   -0.16  187   0.00    0    0.00 XXX   0 X    0.00 XXX   0 X   -0.06 LYS  32 A

LYS  44 A  10.49     0 %   -0.23  173   0.00    0    0.00 XXX   0 X    0.00 XXX   0 X    0.00 GLU  27 A
LYS  44 A                                            0.00 XXX   0 X    0.00 XXX   0 X    0.12 GLU  28 A
LYS  44 A                                            0.00 XXX   0 X    0.00 XXX   0 X    0.10 GLU  46 A

LYS  45 A  10.32     0 %   -0.07  130   0.00    0    0.00 XXX   0 X    0.00 XXX   0 X    0.04 GLU  28 A
LYS  45 A                                            0.00 XXX   0 X    0.00 XXX   0 X   -0.16 ARG  42 A

LYS  50 A  10.40     0 %   -0.09  142   0.00    0    0.00 XXX   0 X    0.00 XXX   0 X   -0.01 LYS  44 A

LYS  77 A  10.46     0 %   -0.04   80   0.00    0    0.00 XXX   0 X    0.00 XXX   0 X    0.00 XXX   0 X

LYS 100 A  10.61     0 %   -0.10  138   0.00    0    0.00 XXX   0 X    0.00 XXX   0 X   -0.01 ARG 101 A
LYS 100 A                                            0.00 XXX   0 X    0.00 XXX   0 X    0.07 TYR  74 A
LYS 100 A                                            0.00 XXX   0 X    0.00 XXX   0 X    0.16 TYR  98 A

LYS 102 A  10.42     0 %   -0.15  164   0.00    0    0.00 XXX   0 X    0.00 XXX   0 X    0.08 TYR 128 A

LYS 202 A  10.47     0 %   -0.03   43   0.00    0    0.00 XXX   0 X    0.00 XXX   0 X    0.00 XXX   0 X

LYS 257 A  10.43     0 %   -0.07   63   0.00    0    0.00 XXX   0 X    0.00 XXX   0 X    0.00 XXX   0 X

LYS 266 A  10.45     0 %   -0.05   59   0.00    0    0.00 XXX   0 X    0.00 XXX   0 X    0.00 XXX   0 X

LYS 281 A  10.47     0 %   -0.03   52   0.00    0    0.00 XXX   0 X    0.00 XXX   0 X    0.00 XXX   0 X

LYS 304 A  10.44     0 %   -0.06   74   0.00    0    0.00 XXX   0 X    0.00 XXX   0 X    0.00 XXX   0 X

LYS 358 A  10.47     0 %   -0.03   47   0.00    0    0.00 XXX   0 X    0.00 XXX   0 X    0.00 XXX   0 X

LYS 360 A  10.46     0 %   -0.04   53   0.00    0    0.00 XXX   0 X    0.00 XXX   0 X    0.00 XXX   0 X

LYS 366 A  10.46     0 %   -0.04   62   0.00    0    0.00 XXX   0 X    0.00 XXX   0 X    0.00 XXX   0 X

LYS 380 A  10.46     0 %   -0.04   77   0.00    0    0.00 XXX   0 X    0.00 XXX   0 X    0.00 XXX   0 X

LYS 391 A  10.40     0 %   -0.10  120   0.00    0    0.00 XXX   0 X    0.00 XXX   0 X    0.00 XXX   0 X

LYS 392 A  10.39     0 %   -0.11  143   0.00    0    0.00 XXX   0 X    0.00 XXX   0 X    0.00 XXX   0 X

LYS 398 A  10.52     0 %   -0.12  133   0.00    0    0.00 XXX   0 X    0.00 XXX   0 X    0.13 ASP 394 A

LYS 402 A  10.44     0 %   -0.06   98   0.00    0    0.00 XXX   0 X    0.00 XXX   0 X    0.00 XXX   0 X

LYS 409 A  10.43     0 %   -0.07  144   0.00    0    0.00 XXX   0 X    0.00 XXX   0 X    0.00 XXX   0 X

LYS 410 A  10.55     0 %   -0.10  187   0.00    0    0.00 XXX   0 X    0.00 XXX   0 X    0.15 CYS 407 A

LYS 415 A  10.45     0 %   -0.21  251   0.00    0    0.00 XXX   0 X    0.00 XXX   0 X    0.20 ASP 394 A
LYS 415 A                                            0.00 XXX   0 X    0.00 XXX   0 X   -0.01 ARG 439 A
LYS 415 A                                            0.00 XXX   0 X    0.00 XXX   0 X   -0.03 LYS 398 A

LYS 427 A  10.39     0 %   -0.11  174   0.00    0    0.00 XXX   0 X    0.00 XXX   0 X    0.00 XXX   0 X

LYS 428 A  10.91     0 %   -0.16  139   0.00    0    0.19 GLU 425 A    0.00 XXX   0 X    0.38 GLU 425 A

LYS 431 A  10.47     0 %   -0.03   95   0.00    0    0.00 XXX   0 X    0.00 XXX   0 X    0.00 XXX   0 X

LYS 437 A  10.41     0 %   -0.11  128   0.00    0    0.00 XXX   0 X    0.00 XXX   0 X    0.02 ASP 433 A
LYS 437 A                                            0.00 XXX   0 X    0.00 XXX   0 X    0.01 GLU 436 A

LYS 445 A  10.43     0 %   -0.06  140   0.00    0    0.00 XXX   0 X    0.00 XXX   0 X   -0.00 ARG 420 A

LYS 446 A  10.47     0 %   -0.03   63   0.00    0    0.00 XXX   0 X    0.00 XXX   0 X    0.00 XXX   0 X

LYS 461 A  10.48     0 %   -0.02   47   0.00    0    0.00 XXX   0 X    0.00 XXX   0 X    0.00 XXX   0 X

LYS 463 A  10.47     0 %   -0.03   56   0.00    0    0.00 XXX   0 X    0.00 XXX   0 X    0.00 XXX   0 X

LYS 464 A  10.47     0 %   -0.03   66   0.00    0    0.00 XXX   0 X    0.00 XXX   0 X    0.00 XXX   0 X

LYS 467 A  10.48     0 %   -0.02   60   0.00    0    0.00 XXX   0 X    0.00 XXX   0 X    0.00 XXX   0 X

LYS 481 A  10.85     0 %   -0.13  113   0.00    0    0.48 GLU 483 A    0.00 XXX   0 X    0.00 XXX   0 X

LYS 482 A  10.96     0 %   -0.18  133   0.00    0    0.64 ASP 484 A    0.00 XXX   0 X    0.00 XXX   0 X

LYS 495 A  10.44     0 %   -0.06  101   0.00    0    0.00 XXX   0 X    0.00 XXX   0 X    0.00 XXX   0 X

LYS 499 A  10.44     0 %   -0.06   81   0.00    0    0.00 XXX   0 X    0.00 XXX   0 X    0.00 XXX   0 X

LYS 500 A  10.45     0 %   -0.05   83   0.00    0    0.00 XXX   0 X    0.00 XXX   0 X    0.00 XXX   0 X

LYS 509 A  10.47     0 %   -0.03   51   0.00    0    0.00 XXX   0 X    0.00 XXX   0 X    0.00 XXX   0 X

LYS 511 A  10.46     0 %   -0.04   56   0.00    0    0.00 XXX   0 X    0.00 XXX   0 X    0.00 XXX   0 X

LYS 517 A  10.47     0 %   -0.03   54   0.00    0    0.00 XXX   0 X    0.00 XXX   0 X    0.00 XXX   0 X

LYS 518 A  10.47     0 %   -0.03   43   0.00    0    0.00 XXX   0 X    0.00 XXX   0 X    0.00 XXX   0 X

LYS 533 A  10.47     0 %   -0.03   55   0.00    0    0.00 XXX   0 X    0.00 XXX   0 X    0.00 XXX   0 X

LYS 535 A  10.46     0 %   -0.04   60   0.00    0    0.00 XXX   0 X    0.00 XXX   0 X    0.00 XXX   0 X

LYS 536 A  10.48     0 %   -0.02   47   0.00    0    0.00 XXX   0 X    0.00 XXX   0 X    0.00 XXX   0 X

LYS 550 A  10.27     0 %   -0.23  124   0.00    0    0.00 XXX   0 X    0.00 XXX   0 X    0.00 XXX   0 X

LYS 553 A  10.26     0 %   -0.29  156   0.00    0    0.00 XXX   0 X    0.00 XXX   0 X    0.05 GLU 540 A

LYS 554 A  10.44     0 %   -0.06  155   0.00    0    0.00 XXX   0 X    0.00 XXX   0 X    0.00 XXX   0 X

LYS 562 A  10.44     0 %   -0.06  110   0.00    0    0.00 XXX   0 X    0.00 XXX   0 X    0.00 XXX   0 X

ARG  12 A  12.38     0 %   -0.12  189   0.00    0    0.00 XXX   0 X    0.00 XXX   0 X    0.00 XXX   0 X

ARG  14 A  11.98     0 %   -0.43  261   0.00    0    0.00 XXX   0 X    0.00 XXX   0 X    0.01 TYR  10 A
ARG  14 A                                            0.00 XXX   0 X    0.00 XXX   0 X   -0.10 ARG  42 A

ARG  17 A  12.60     0 %   -0.28  238   0.00    0    0.07 GLU  27 A    0.00 XXX   0 X    0.32 GLU  27 A

ARG  36 A  12.44     0 %   -0.06  126   0.00    0    0.00 XXX   0 X    0.00 XXX   0 X    0.00 XXX   0 X

ARG  38 A  12.22     0 %   -0.20  210   0.00    0    0.00 XXX   0 X    0.00 XXX   0 X   -0.08 ARG  36 A

ARG  42 A  12.42     0 %   -0.25  216   0.00    0    0.00 XXX   0 X    0.00 XXX   0 X    0.16 GLU  28 A

ARG  43 A  12.46     0 %   -0.14  204   0.00    0    0.00 XXX   0 X    0.00 XXX   0 X    0.16 GLU  27 A
ARG  43 A                                            0.00 XXX   0 X    0.00 XXX   0 X   -0.06 ARG  17 A

ARG  51 A  12.18     0 %   -0.12  154   0.00    0    0.00 XXX   0 X    0.00 XXX   0 X   -0.20 ARG  43 A

ARG  81 A  12.50     0 %   -0.07  140   0.00    0    0.00 XXX   0 X    0.00 XXX   0 X    0.07 ASP  82 A

ARG 101 A  12.23     0 %   -0.30  188   0.00    0    0.00 XXX   0 X    0.00 XXX   0 X    0.03 TYR  83 A

ARG 103 A  12.46     0 %   -0.07  139   0.00    0    0.00 XXX   0 X    0.00 XXX   0 X    0.00 TYR 128 A
ARG 103 A                                            0.00 XXX   0 X    0.00 XXX   0 X    0.02 ASP 130 A

ARG 167 A  12.46     0 %   -0.04   86   0.00    0    0.00 XXX   0 X    0.00 XXX   0 X    0.00 XXX   0 X

ARG 226 A  12.44     0 %   -0.06   52   0.00    0    0.00 XXX   0 X    0.00 XXX   0 X    0.00 XXX   0 X

ARG 258 A  12.46     0 %   -0.04   61   0.00    0    0.00 XXX   0 X    0.00 XXX   0 X    0.00 XXX   0 X

ARG 269 A  12.47     0 %   -0.03   50   0.00    0    0.00 XXX   0 X    0.00 XXX   0 X    0.00 XXX   0 X

ARG 420 A  12.37     0 %   -0.13  192   0.00    0    0.00 XXX   0 X    0.00 XXX   0 X    0.00 XXX   0 X

ARG 426 A  13.19     0 %   -0.23  210   0.00    0    0.36 GLU 436 A    0.00 XXX   0 X    0.20 ASP 433 A
ARG 426 A                                            0.00 XXX   0 X    0.00 XXX   0 X    0.36 GLU 436 A

ARG 439 A  12.36     0 %   -0.19  247   0.00    0    0.00 XXX   0 X    0.00 XXX   0 X    0.03 ASP 433 A
ARG 439 A                                            0.00 XXX   0 X    0.00 XXX   0 X    0.02 GLU 436 A

ARG 441 A  12.41     0 %   -0.09  112   0.00    0    0.00 XXX   0 X    0.00 XXX   0 X    0.00 XXX   0 X

N+    1 A   7.76     0 %   -0.19  121   0.00    0    0.00 XXX   0 X    0.00 XXX   0 X   -0.05 LYS   8 A

Coupled residues (marked *) were detected.Please rerun PropKa with the --display-coupled-residues 
or -d option for detailed information.

2026-08-31 21:20:33,749 INFO:output.py:227:print_pka_section:pKa summary:
--------------------------------------------------------------------------------------------------------
SUMMARY OF THIS PREDICTION
       Group      pKa  model-pKa   ligand atom-type
   ASP  82 A     3.98       3.80                      
   ASP  94 A     4.01       3.80                      
   ASP 130 A     4.09       3.80                      
   ASP 188 A     3.70       3.80                      
   ASP 285 A     3.87       3.80                      
   ASP 288 A     3.94       3.80                      
   ASP 290 A     3.92       3.80                      
   ASP 302 A     4.24       3.80                      
   ASP 357 A     3.93       3.80                      
   ASP 394 A     3.73       3.80                      
   ASP 433 A     2.99       3.80                      
   ASP 465 A     3.90       3.80                      
   ASP 484 A     3.42       3.80                      
   ASP 489 A     2.68       3.80                      
   ASP 564 A     4.10       3.80                      
   GLU  27 A     4.45       4.50                      
   GLU  28 A     4.41       4.50                      
   GLU  46 A     4.54       4.50                      
   GLU  78 A     4.65       4.50                      
   GLU  88 A     4.62       4.50                      
   GLU 157 A     4.69       4.50                      
   GLU 169 A     4.71       4.50                      
   GLU 229 A     4.58       4.50                      
   GLU 305 A     4.58       4.50                      
   GLU 316 A     4.54       4.50                      
   GLU 318 A     4.55       4.50                      
   GLU 320 A     4.58       4.50                      
   GLU 323 A     4.56       4.50                      
   GLU 367 A     4.56       4.50                      
   GLU 378 A     4.59       4.50                      
   GLU 425 A     4.16       4.50                      
   GLU 436 A     4.39       4.50                      
   GLU 447 A     4.59       4.50                      
   GLU 468 A     4.59       4.50                      
   GLU 483 A     4.17       4.50                      
   GLU 501 A     4.61       4.50                      
   GLU 510 A     4.57       4.50                      
   GLU 516 A     4.54       4.50                      
   GLU 525 A     4.57       4.50                      
   GLU 534 A     4.56       4.50                      
   GLU 540 A     3.99       4.50                      
   GLU 548 A     4.57       4.50                      
   GLU 566 A     4.68       4.50                      
   C-  570 A     3.32       3.20                      
   HIS 124 A     5.30       6.50                      
   HIS 162 A     5.98       6.50                      
   HIS 163 A     6.25       6.50                      
   HIS 176 A     6.34       6.50                      
   HIS 182 A     6.33       6.50                      
   HIS 199 A     6.37       6.50                      
   HIS 303 A     6.25       6.50                      
   HIS 327 A     6.32       6.50                      
   HIS 370 A     6.41       6.50                      
   HIS 460 A     6.41       6.50                      
   HIS 466 A     6.35       6.50                      
   HIS 502 A     6.40       6.50                      
   HIS 526 A     6.43       6.50                      
   CYS  11 A    99.99       9.00                      
   CYS  18 A    99.99       9.00                      
   CYS  23 A    99.99       9.00                      
   CYS  33 A    99.99       9.00                      
   CYS  40 A    99.99       9.00                      
   CYS  41 A    99.99       9.00                      
   CYS 140 A     8.72       9.00                      
   CYS 166 A     9.67       9.00                      
   CYS 184 A     8.62       9.00                      
   CYS 197 A    10.17       9.00                      
   CYS 307 A     9.15       9.00                      
   CYS 400 A     9.40       9.00                      
   CYS 407 A     8.71       9.00                      
   CYS 452 A     9.21       9.00                      
   CYS 470 A     9.18       9.00                      
   CYS 479 A     9.17       9.00                      
   CYS 505 A     9.12       9.00                      
   CYS 519 A     9.13       9.00                      
   CYS 529 A     9.07       9.00                      
   CYS 563 A     9.38       9.00                      
   TYR   9 A    10.19      10.00                      
   TYR  10 A    10.10      10.00                      
   TYR  62 A    10.97      10.00                      
   TYR  74 A    10.04      10.00                      
   TYR  83 A    10.51      10.00                      
   TYR  86 A    10.72      10.00                      
   TYR  98 A    10.35      10.00                      
   TYR 110 A    10.44      10.00                      
   TYR 120 A    11.80      10.00                      
   TYR 123 A    10.16      10.00                      
   TYR 128 A    10.01      10.00                      
   TYR 135 A    11.23      10.00                      
   TYR 137 A    10.28      10.00                      
   TYR 148 A    10.09      10.00                      
   TYR 161 A    10.02      10.00                      
   TYR 256 A    10.03      10.00                      
   TYR 286 A    10.05      10.00                      
   TYR 301 A    10.09      10.00                      
   TYR 326 A    10.05      10.00                      
   TYR 382 A    10.10      10.00                      
   TYR 474 A    10.12      10.00                      
   TYR 475 A    10.06      10.00                      
   TYR 480 A    10.11      10.00                      
   TYR 512 A    10.04      10.00                      
   TYR 542 A    11.28      10.00                      
   TYR 552 A     9.30      10.00                      
   LYS   8 A     9.84      10.50                      
   LYS  26 A    10.28      10.50                      
   LYS  32 A    10.39      10.50                      
   LYS  39 A    10.28      10.50                      
   LYS  44 A    10.49      10.50                      
   LYS  45 A    10.32      10.50                      
   LYS  50 A    10.40      10.50                      
   LYS  77 A    10.46      10.50                      
   LYS 100 A    10.61      10.50                      
   LYS 102 A    10.42      10.50                      
   LYS 202 A    10.47      10.50                      
   LYS 257 A    10.43      10.50                      
   LYS 266 A    10.45      10.50                      
   LYS 281 A    10.47      10.50                      
   LYS 304 A    10.44      10.50                      
   LYS 358 A    10.47      10.50                      
   LYS 360 A    10.46      10.50                      
   LYS 366 A    10.46      10.50                      
   LYS 380 A    10.46      10.50                      
   LYS 391 A    10.40      10.50                      
   LYS 392 A    10.39      10.50                      
   LYS 398 A    10.52      10.50                      
   LYS 402 A    10.44      10.50                      
   LYS 409 A    10.43      10.50                      
   LYS 410 A    10.55      10.50                      
   LYS 415 A    10.45      10.50                      
   LYS 427 A    10.39      10.50                      
   LYS 428 A    10.91      10.50                      
   LYS 431 A    10.47      10.50                      
   LYS 437 A    10.41      10.50                      
   LYS 445 A    10.43      10.50                      
   LYS 446 A    10.47      10.50                      
   LYS 461 A    10.48      10.50                      
   LYS 463 A    10.47      10.50                      
   LYS 464 A    10.47      10.50                      
   LYS 467 A    10.48      10.50                      
   LYS 481 A    10.85      10.50                      
   LYS 482 A    10.96      10.50                      
   LYS 495 A    10.44      10.50                      
   LYS 499 A    10.44      10.50                      
   LYS 500 A    10.45      10.50                      
   LYS 509 A    10.47      10.50                      
   LYS 511 A    10.46      10.50                      
   LYS 517 A    10.47      10.50                      
   LYS 518 A    10.47      10.50                      
   LYS 533 A    10.47      10.50                      
   LYS 535 A    10.46      10.50                      
   LYS 536 A    10.48      10.50                      
   LYS 550 A    10.27      10.50                      
   LYS 553 A    10.26      10.50                      
   LYS 554 A    10.44      10.50                      
   LYS 562 A    10.44      10.50                      
   ARG  12 A    12.38      12.50                      
   ARG  14 A    11.98      12.50                      
   ARG  17 A    12.60      12.50                      
   ARG  36 A    12.44      12.50                      
   ARG  38 A    12.22      12.50                      
   ARG  42 A    12.42      12.50                      
   ARG  43 A    12.46      12.50                      
   ARG  51 A    12.18      12.50                      
   ARG  81 A    12.50      12.50                      
   ARG 101 A    12.23      12.50                      
   ARG 103 A    12.46      12.50                      
   ARG 167 A    12.46      12.50                      
   ARG 226 A    12.44      12.50                      
   ARG 258 A    12.46      12.50                      
   ARG 269 A    12.47      12.50                      
   ARG 420 A    12.37      12.50                      
   ARG 426 A    13.19      12.50                      
   ARG 439 A    12.36      12.50                      
   ARG 441 A    12.41      12.50                      
   N+    1 A     7.76       8.00                      

2026-08-31 21:20:33,762 INFO:main.py:648:non_trivial:PROPKA information:
--------------------------------------------------------------------------------------------------------
Free energy of   folding (kcal/mol) as a function of pH (using neutral reference)
  0.00     14.11
  1.00     14.09
  2.00     13.98
  3.00     13.39
  4.00     12.98
  5.00     13.56
  6.00     12.57
  7.00     10.54
  8.00      9.87
  9.00     10.69
 10.00     13.96
 11.00     18.02
 12.00     19.68
 13.00     19.11
 14.00     19.01

The pH of optimum stability is  8.1 for which the free energy is    9.9 kcal/mol at 298K
Could not determine pH values where the free energy is within 80 % of minimum
Could not determine the pH-range where the free energy is negative


Protein charge of folded and unfolded state as a function of pH
    pH  unfolded  folded
  0.00     85.00   84.99
  0.10     85.00   84.99
  0.20     84.99   84.99
  0.30     84.99   84.99
  0.40     84.99   84.98
  0.50     84.99   84.98
  0.60     84.98   84.97
  0.70     84.98   84.97
  0.80     84.98   84.96
  0.90     84.97   84.95
  1.00     84.96   84.94
  1.10     84.95   84.92
  1.20     84.94   84.90
  1.30     84.92   84.88
  1.40     84.90   84.84
  1.50     84.88   84.81
  1.60     84.85   84.76
  1.70     84.81   84.70
  1.80     84.76   84.62
  1.90     84.70   84.53
  2.00     84.62   84.42
  2.10     84.52   84.28
  2.20     84.40   84.12
  2.30     84.25   83.92
  2.40     84.07   83.68
  2.50     83.84   83.40
  2.60     83.56   83.06
  2.70     83.22   82.67
  2.80     82.80   82.21
  2.90     82.30   81.68
  3.00     81.70   81.07
  3.10     80.99   80.36
  3.20     80.15   79.55
  3.30     79.17   78.63
  3.40     78.04   77.58
  3.50     76.77   76.41
  3.60     75.33   75.09
  3.70     73.75   73.63
  3.80     72.02   72.04
  3.90     70.15   70.30
  4.00     68.17   68.44
  4.10     66.09   66.46
  4.20     63.95   64.40
  4.30     61.76   62.27
  4.40     59.57   60.11
  4.50     57.41   57.96
  4.60     55.32   55.84
  4.70     53.34   53.79
  4.80     51.48   51.85
  4.90     49.78   50.03
  5.00     48.23   48.35
  5.10     46.85   46.81
  5.20     45.62   45.41
  5.30     44.52   44.14
  5.40     43.54   42.98
  5.50     42.65   41.91
  5.60     41.83   40.91
  5.70     41.06   39.97
  5.80     40.31   39.06
  5.90     39.56   38.17
  6.00     38.80   37.29
  6.10     38.03   36.42
  6.20     37.22   35.56
  6.30     36.40   34.71
  6.40     35.56   33.89
  6.50     34.72   33.10
  6.60     33.89   32.36
  6.70     33.09   31.67
  6.80     32.32   31.03
  6.90     31.61   30.45
  7.00     30.95   29.93
  7.10     30.35   29.46
  7.20     29.80   29.04
  7.30     29.30   28.65
  7.40     28.84   28.29
  7.50     28.41   27.95
  7.60     27.99   27.61
  7.70     27.58   27.28
  7.80     27.15   26.92
  7.90     26.70   26.55
  8.00     26.21   26.15
  8.10     25.67   25.70
  8.20     25.07   25.19
  8.30     24.38   24.62
  8.40     23.59   23.97
  8.50     22.69   23.22
  8.60     21.67   22.38
  8.70     20.52   21.41
  8.80     19.22   20.31
  8.90     17.77   19.08
  9.00     16.17   17.68
  9.10     14.40   16.12
  9.20     12.45   14.38
  9.30     10.32   12.44
  9.40      7.98   10.27
  9.50      5.41    7.88
  9.60      2.60    5.22
  9.70     -0.47    2.29
  9.80     -3.81   -0.93
  9.90     -7.41   -4.43
 10.00    -11.27   -8.19
 10.10    -15.33  -12.20
 10.20    -19.56  -16.40
 10.30    -23.88  -20.72
 10.40    -28.22  -25.08
 10.50    -32.51  -29.41
 10.60    -36.65  -33.63
 10.70    -40.58  -37.65
 10.80    -44.23  -41.43
 10.90    -47.58  -44.93
 11.00    -50.59  -48.12
 11.10    -53.26  -51.01
 11.20    -55.63  -53.60
 11.30    -57.70  -55.93
 11.40    -59.53  -58.03
 11.50    -61.16  -59.93
 11.60    -62.63  -61.68
 11.70    -63.98  -63.30
 11.80    -65.25  -64.84
 11.90    -66.48  -66.32
 12.00    -67.70  -67.75
 12.10    -68.92  -69.15
 12.20    -70.15  -70.53
 12.30    -71.40  -71.88
 12.40    -72.66  -73.19
 12.50    -73.90  -74.45
 12.60    -75.11  -75.64
 12.70    -76.27  -76.76
 12.80    -77.35  -77.78
 12.90    -78.35  -78.70
 13.00    -79.24  -79.53
 13.10    -80.03  -80.25
 13.20    -80.72  -80.88
 13.30    -81.30  -81.42
 13.40    -81.80  -81.88
 13.50    -82.21  -82.26
 13.60    -82.55  -82.58
 13.70    -82.83  -82.85
 13.80    -83.06  -83.07
 13.90    -83.25  -83.25
 14.00    -83.40  -83.40
The pI is  9.77 (folded) and  9.69 (unfolded)

--------------------------------------------------------------------------------------------------------
2026-08-31 21:20:33,762 INFO:biomolecule.py:797:apply_pka_values:Applying pKa values at a pH of 7.00:
2026-08-31 21:20:33,763 INFO:main.py:661:non_trivial:Adding hydrogens to biomolecule.
2026-08-31 21:20:33,906 INFO:main.py:664:non_trivial:Debumping biomolecule (again).
2026-08-31 21:20:34,048 INFO:main.py:666:non_trivial:Optimizing hydrogen bonds
2026-08-31 21:20:34,353 INFO:main.py:678:non_trivial:Applying force field to biomolecule states.
2026-08-31 21:20:34,356 INFO:main.py:725:non_trivial:Regenerating headers.
2026-08-31 21:20:34,356 INFO:main.py:750:non_trivial:Regenerating PDB lines.
2026-08-31 21:20:34,372 WARNING:main.py:326:print_pqr:Ignoring 466 header lines in output.
2026-08-31 21:51:15,013 INFO:main.py:246:print_splash_screen:PDB2PQR v3.7.1: biomolecular structure conversion software.
2026-08-31 21:51:15,014 INFO:main.py:248:print_splash_screen:Please cite:  Jurrus E, et al.  Improvements to the APBS biomolecular solvation software suite.  Protein Sci 27 112-128 (2018).
2026-08-31 21:51:15,014 INFO:main.py:248:print_splash_screen:Please cite:  Dolinsky TJ, et al.  PDB2PQR: expanding and upgrading automated preparation of biomolecular structures for molecular simulations. Nucleic Acids Res 35 W522-W525 (2007).
2026-08-31 21:51:15,014 INFO:main.py:770:main_driver:Checking and transforming input arguments.
2026-08-31 21:51:15,014 INFO:main.py:774:main_driver:Loading topology files.
2026-08-31 21:51:15,034 INFO:main.py:776:main_driver:Loading molecule: /Users/nek/Desktop/School/Research/Step_Outputs/Phase2/StepC/Supplementary_Archive/Vax_Final_4fce119e_phenix_pass1.pdb
2026-08-31 21:51:15,035 ERROR:pdb.py:2605:read_pdb:Warning -- ignoring record:
2026-08-31 21:51:15,035 ERROR:pdb.py:2606:read_pdb:<SSBOND   1 CYS A   11    CYS A   40>
2026-08-31 21:51:15,035 ERROR:pdb.py:2605:read_pdb:Warning -- ignoring record:
2026-08-31 21:51:15,035 ERROR:pdb.py:2606:read_pdb:<SSBOND   2 CYS A   18    CYS A   33>
2026-08-31 21:51:15,035 ERROR:pdb.py:2605:read_pdb:Warning -- ignoring record:
2026-08-31 21:51:15,035 ERROR:pdb.py:2606:read_pdb:<SSBOND   3 CYS A   23    CYS A   41>
2026-08-31 21:51:15,039 INFO:main.py:781:main_driver:Setting up molecule.
2026-08-31 21:51:15,052 INFO:main.py:423:setup_molecule:Created biomolecule object with 570 residues and 4263 atoms.
2026-08-31 21:51:15,052 INFO:main.py:785:main_driver:Setting termini states for biomolecule chains.
2026-08-31 21:51:15,056 INFO:main.py:616:non_trivial:Loading forcefield.
2026-08-31 21:51:15,058 INFO:main.py:620:non_trivial:Loading hydrogen topology definitions.
2026-08-31 21:51:15,060 INFO:main.py:474:is_repairable:This biomolecule is clean.  No repair needed.
2026-08-31 21:51:15,060 INFO:main.py:635:non_trivial:Updating disulfide bridges.
2026-08-31 21:51:15,061 INFO:main.py:638:non_trivial:Debumping biomolecule.
2026-08-31 21:51:15,094 INFO:main.py:645:non_trivial:Assigning titration states with PROPKA.
2026-08-31 21:51:15,109 INFO:output.py:74:print_header:
propka3.5.1                                                                                  2026-08-31

-------------------------------------------------------------------------------
--                                                                           --
--  PROPKA: A PROTEIN PKA PREDICTOR                                          --
--                                                                           --
--  VERSION 1.0,  04/25/2004,  IOWA CITY                                     --
--  BY HUI LI                                                                --
--                                                                           --
--  VERSION 2.0,  11/05/2007, IOWA CITY/COPENHAGEN                           --
--  BY DELPHINE C. BAS AND DAVID M. ROGERS                                   --
--                                                                           --
--  VERSION 3.0,  01/06/2011, COPENHAGEN                                     --
--  BY MATS H.M. OLSSON AND CHRESTEN R. SONDERGARD                           --
--                                                                           --
--  VERSION 3.1,  07/01/2011, COPENHAGEN                                     --
--  BY CHRESTEN R. SONDERGARD AND MATS H.M. OLSSON                           --
--                                                                           --
--  VERSION 3.2,  06/17/2020, PLANET EARTH                                   --
--  SEE ABOVE FOR AUTHORS                                                    --
--                                                                           --
-------------------------------------------------------------------------------


-------------------------------------------------------------------------------
References:

Very Fast Empirical Prediction and Rationalization of Protein pKa Values.
Hui Li, Andrew D. Robertson and Jan H. Jensen. PROTEINS: Structure, Function,
and Bioinformatics. 61:704-721 (2005)

Very Fast Prediction and Rationalization of pKa Values for Protein-Ligand
Complexes.  Delphine C. Bas, David M. Rogers and Jan H. Jensen.  PROTEINS:
Structure, Function, and Bioinformatics 73:765-783 (2008)

PROPKA3: Consistent Treatment of Internal and Surface Residues in Empirical
pKa predictions.  Mats H.M. Olsson, Chresten R. Sondergard, Michal Rostkowski,
and Jan H. Jensen.  Journal of Chemical Theory and Computation, 7(2):525-537
(2011)

Improved Treatment of Ligands and Coupling Effects in Empirical Calculation
and Rationalization of pKa Values.  Chresten R. Sondergaard, Mats H.M. Olsson,
Michal Rostkowski, and Jan H. Jensen.  Journal of Chemical Theory and
Computation, (2011)
-------------------------------------------------------------------------------



2026-08-31 21:51:15,157 INFO:conformation_container.py:124:find_covalently_coupled_groups:Coupling map:

2026-08-31 21:51:15,157 INFO:conformation_container.py:213:calculate_pka:Calculating pKas for Conformation container 1A with 5027 atoms and 1388 groups
2026-08-31 21:51:15,547 INFO:output.py:225:print_pka_section:pKa determinants:

---------  -----   ------   ---------------------    --------------    --------------    --------------
                            DESOLVATION  EFFECTS       SIDECHAIN          BACKBONE        COULOMBIC
 RESIDUE    pKa    BURIED     REGULAR      RE        HYDROGEN BOND     HYDROGEN BOND      INTERACTION
---------  -----   ------   ---------   ---------    --------------    --------------    --------------

ASP  82 A   3.99     0 %    0.26  216   0.00    0    0.00 XXX   0 X    0.00 XXX   0 X   -0.07 ARG  81 A

ASP  94 A   4.01     0 %    0.21  247   0.00    0    0.00 XXX   0 X    0.00 XXX   0 X    0.00 XXX   0 X

ASP 130 A   4.08     0 %    0.31  253   0.00    0    0.00 XXX   0 X    0.00 XXX   0 X   -0.03 ARG 103 A

ASP 188 A   3.65     0 %    0.22   67   0.00    0    0.00 XXX   0 X   -0.38 ASN 190 A    0.00 XXX   0 X

ASP 285 A   3.81     0 %    0.12   69   0.00    0    0.00 XXX   0 X   -0.11 ASP 285 A    0.00 XXX   0 X

ASP 288 A   3.93     0 %    0.13   55   0.00    0    0.00 XXX   0 X    0.00 XXX   0 X    0.00 XXX   0 X

ASP 290 A   3.90     0 %    0.10   58   0.00    0    0.00 XXX   0 X    0.00 XXX   0 X    0.00 XXX   0 X

ASP 302 A   4.18     0 %    0.38   80   0.00    0    0.00 XXX   0 X    0.00 XXX   0 X    0.00 XXX   0 X

ASP 357 A   3.94     0 %    0.14   60   0.00    0    0.00 XXX   0 X    0.00 XXX   0 X    0.00 XXX   0 X

ASP 394 A   3.73     0 %    0.26  233   0.00    0    0.00 XXX   0 X    0.00 XXX   0 X   -0.14 LYS 398 A
ASP 394 A                                            0.00 XXX   0 X    0.00 XXX   0 X   -0.20 LYS 415 A

ASP 433 A   2.98     0 %    0.44  180   0.00    0   -0.11 GLU 436 A   -0.17 ASP 433 A   -0.19 ARG 426 A
ASP 433 A                                            0.00 XXX   0 X   -0.03 TRP 435 A   -0.02 LYS 437 A
ASP 433 A                                            0.00 XXX   0 X   -0.72 GLU 436 A   -0.02 ARG 439 A

ASP 465 A   3.90     0 %    0.10   59   0.00    0    0.00 XXX   0 X    0.00 XXX   0 X    0.00 XXX   0 X

ASP 484 A   3.43     0 %    0.24  130   0.00    0   -0.62 LYS 482 A    0.00 XXX   0 X    0.00 XXX   0 X

ASP 489 A   2.45     0 %    0.34   85   0.00    0   -0.75 ASN 491 A   -0.23 ASP 489 A    0.00 XXX   0 X
ASP 489 A                                            0.00 XXX   0 X   -0.70 ASN 491 A    0.00 XXX   0 X

ASP 564 A   4.10     0 %    0.30  145   0.00    0    0.00 XXX   0 X    0.00 XXX   0 X    0.00 XXX   0 X

GLU  27 A   4.50     0 %    0.57  259   0.00    0    0.00 XXX   0 X   -0.10 LEU  24 A   -0.31 ARG  17 A
GLU  27 A                                            0.00 XXX   0 X    0.00 XXX   0 X   -0.16 ARG  43 A
GLU  27 A                                            0.00 XXX   0 X    0.00 XXX   0 X   -0.00 LYS  44 A

GLU  28 A   4.40     0 %    0.24  202   0.00    0    0.00 XXX   0 X    0.00 XXX   0 X   -0.16 ARG  42 A
GLU  28 A                                            0.00 XXX   0 X    0.00 XXX   0 X   -0.12 LYS  44 A
GLU  28 A                                            0.00 XXX   0 X    0.00 XXX   0 X   -0.05 LYS  45 A

GLU  46 A   4.54     0 %    0.10  129   0.00    0    0.00 XXX   0 X    0.00 XXX   0 X   -0.10 LYS  44 A
GLU  46 A                                            0.00 XXX   0 X    0.00 XXX   0 X    0.04 GLU  28 A

GLU  78 A   4.64     0 %    0.15  179   0.00    0    0.00 XXX   0 X    0.00 XXX   0 X   -0.00 ARG 101 A

GLU  88 A   4.31     0 %    0.31  277   0.00    0   -0.51 TYR  62 A    0.00 XXX   0 X    0.00 XXX   0 X

GLU 157 A   4.71     0 %    0.18  232   0.00    0    0.00 XXX   0 X    0.00 XXX   0 X    0.03 ASP 130 A

GLU 169 A   4.70     0 %    0.20  150   0.00    0    0.00 XXX   0 X    0.00 XXX   0 X    0.00 XXX   0 X

GLU 229 A   4.58     0 %    0.08   73   0.00    0    0.00 XXX   0 X    0.00 XXX   0 X    0.00 XXX   0 X

GLU 305 A   4.61     0 %    0.11   55   0.00    0    0.00 XXX   0 X    0.00 XXX   0 X    0.00 XXX   0 X

GLU 316 A   4.54     0 %    0.04   46   0.00    0    0.00 XXX   0 X    0.00 XXX   0 X    0.00 XXX   0 X

GLU 318 A   4.55     0 %    0.05   51   0.00    0    0.00 XXX   0 X    0.00 XXX   0 X    0.00 XXX   0 X

GLU 320 A   4.58     0 %    0.08   64   0.00    0    0.00 XXX   0 X    0.00 XXX   0 X    0.00 XXX   0 X

GLU 323 A   4.56     0 %    0.06   76   0.00    0    0.00 XXX   0 X    0.00 XXX   0 X    0.00 XXX   0 X

GLU 367 A   4.56     0 %    0.06   59   0.00    0    0.00 XXX   0 X    0.00 XXX   0 X    0.00 XXX   0 X

GLU 378 A   4.59     0 %    0.09   84   0.00    0    0.00 XXX   0 X    0.00 XXX   0 X    0.00 XXX   0 X

GLU 425 A   4.35     0 %    0.21  189   0.00    0    0.00 XXX   0 X    0.00 XXX   0 X   -0.36 LYS 428 A

GLU 436 A   4.29     0 %    0.52  213   0.00    0    0.11 ASP 433 A   -0.44 ASP 433 A   -0.01 LYS 437 A
GLU 436 A                                           -0.41 ARG 426 A    0.00 XXX   0 X   -0.01 ARG 439 A
GLU 436 A                                            0.00 XXX   0 X    0.00 XXX   0 X    0.38 ASP 433 A
GLU 436 A                                            0.00 XXX   0 X    0.00 XXX   0 X   -0.35 ARG 426 A

GLU 447 A   4.59     0 %    0.09  128   0.00    0    0.00 XXX   0 X    0.00 XXX   0 X    0.00 XXX   0 X

GLU 468 A   4.59     0 %    0.09   85   0.00    0    0.00 XXX   0 X    0.00 XXX   0 X    0.00 XXX   0 X

GLU 483 A   4.18     0 %    0.15  140   0.00    0   -0.47 LYS 481 A    0.00 XXX   0 X    0.00 XXX   0 X

GLU 501 A   4.61     0 %    0.11  105   0.00    0    0.00 XXX   0 X    0.00 XXX   0 X    0.00 XXX   0 X

GLU 510 A   4.57     0 %    0.07   67   0.00    0    0.00 XXX   0 X    0.00 XXX   0 X    0.00 XXX   0 X

GLU 516 A   4.54     0 %    0.04   53   0.00    0    0.00 XXX   0 X    0.00 XXX   0 X    0.00 XXX   0 X

GLU 525 A   4.57     0 %    0.07   57   0.00    0    0.00 XXX   0 X    0.00 XXX   0 X    0.00 XXX   0 X

GLU 534 A   4.56     0 %    0.06  109   0.00    0    0.00 XXX   0 X    0.00 XXX   0 X    0.00 XXX   0 X

GLU 540 A   4.00     0 %    0.16  151   0.00    0   -0.61 TYR 542 A    0.00 XXX   0 X   -0.06 LYS 553 A

GLU 548 A   4.57     0 %    0.07   81   0.00    0    0.00 XXX   0 X    0.00 XXX   0 X    0.00 XXX   0 X

GLU 566 A   4.69     0 %    0.19  120   0.00    0    0.00 XXX   0 X    0.00 XXX   0 X    0.00 XXX   0 X

C-  570 A   3.33     0 %    0.13   83   0.00    0    0.00 XXX   0 X    0.00 XXX   0 X    0.00 XXX   0 X

HIS 124 A   5.31    45 %   -1.19  407   0.00    0    0.00 XXX   0 X    0.00 XXX   0 X    0.00 XXX   0 X

HIS 162 A   5.95    15 %   -0.51  323   0.00    0    0.00 XXX   0 X    0.00 XXX   0 X   -0.04 HIS 163 A

HIS 163 A   6.26     0 %   -0.24  243   0.00    0    0.00 XXX   0 X    0.00 XXX   0 X    0.00 XXX   0 X

HIS 176 A   6.36     0 %   -0.14  138   0.00    0    0.00 XXX   0 X    0.00 XXX   0 X    0.00 XXX   0 X

HIS 182 A   6.32     0 %   -0.18  179   0.00    0    0.00 XXX   0 X    0.00 XXX   0 X    0.00 XXX   0 X

HIS 199 A   6.36     0 %   -0.14   95   0.00    0    0.00 XXX   0 X    0.00 XXX   0 X    0.00 XXX   0 X

HIS 303 A   7.15     0 %   -0.18   67   0.00    0    0.00 XXX   0 X    0.82 LYS 304 A    0.00 XXX   0 X

HIS 327 A   6.32     0 %   -0.18   70   0.00    0    0.00 XXX   0 X    0.00 XXX   0 X    0.00 XXX   0 X

HIS 370 A   6.41     0 %   -0.09   51   0.00    0    0.00 XXX   0 X    0.00 XXX   0 X    0.00 XXX   0 X

HIS 460 A   6.41     0 %   -0.09   48   0.00    0    0.00 XXX   0 X    0.00 XXX   0 X    0.00 XXX   0 X

HIS 466 A   6.35     0 %   -0.15   69   0.00    0    0.00 XXX   0 X    0.00 XXX   0 X    0.00 XXX   0 X

HIS 502 A   6.39     0 %   -0.11   94   0.00    0    0.00 XXX   0 X    0.00 XXX   0 X    0.00 XXX   0 X

HIS 526 A   6.43     0 %   -0.07   53   0.00    0    0.00 XXX   0 X    0.00 XXX   0 X    0.00 XXX   0 X

CYS  11 A  99.99     0 %    0.00    0   0.00    0    0.00 XXX   0 X    0.00 XXX   0 X    0.00 XXX   0 X

CYS  18 A  99.99     0 %    0.00    0   0.00    0    0.00 XXX   0 X    0.00 XXX   0 X    0.00 XXX   0 X

CYS  23 A  99.99     0 %    0.00    0   0.00    0    0.00 XXX   0 X    0.00 XXX   0 X    0.00 XXX   0 X

CYS  33 A  99.99     0 %    0.00    0   0.00    0    0.00 XXX   0 X    0.00 XXX   0 X    0.00 XXX   0 X

CYS  40 A  99.99     0 %    0.00    0   0.00    0    0.00 XXX   0 X    0.00 XXX   0 X    0.00 XXX   0 X

CYS  41 A  99.99     0 %    0.00    0   0.00    0    0.00 XXX   0 X    0.00 XXX   0 X    0.00 XXX   0 X

CYS 140 A   8.82     0 %    0.27  184   0.00    0   -0.45 THR 139 A    0.00 XXX   0 X    0.00 XXX   0 X

CYS 166 A   9.48     0 %    0.29  179   0.00    0    0.00 XXX   0 X   -0.07 ASN 165 A    0.08 CYS 140 A
CYS 166 A                                            0.00 XXX   0 X    0.00 XXX   0 X    0.18 GLU 169 A

CYS 184 A   8.63*    0 %    0.19  148   0.00    0   -0.56 CYS 197 A    0.00 XXX   0 X    0.00 XXX   0 X

CYS 197 A  10.15*    0 %    0.21  133   0.00    0    0.56 CYS 184 A    0.00 XXX   0 X    0.38 CYS 184 A

CYS 307 A   9.14     0 %    0.14   92   0.00    0    0.00 XXX   0 X    0.00 XXX   0 X    0.00 XXX   0 X

CYS 400 A   9.41     0 %    0.34  191   0.00    0    0.00 XXX   0 X   -0.08 CYS 400 A    0.14 CYS 407 A

CYS 407 A   8.83     0 %    0.37  176   0.00    0   -0.39 THR 404 A    0.00 XXX   0 X   -0.15 LYS 410 A

CYS 452 A   9.22     0 %    0.22  120   0.00    0    0.00 XXX   0 X    0.00 XXX   0 X    0.00 XXX   0 X

CYS 470 A   9.17     0 %    0.17   98   0.00    0    0.00 XXX   0 X    0.00 XXX   0 X    0.00 XXX   0 X

CYS 479 A   9.17     0 %    0.17  142   0.00    0    0.00 XXX   0 X    0.00 XXX   0 X    0.00 XXX   0 X

CYS 505 A   9.11     0 %    0.11  101   0.00    0    0.00 XXX   0 X    0.00 XXX   0 X    0.00 XXX   0 X

CYS 519 A   9.14     0 %    0.14   77   0.00    0    0.00 XXX   0 X    0.00 XXX   0 X    0.00 XXX   0 X

CYS 529 A   9.07     0 %    0.10   71   0.00    0    0.00 XXX   0 X   -0.02 CYS 529 A    0.00 XXX   0 X

CYS 563 A   9.38     0 %    0.27  152   0.00    0    0.00 XXX   0 X    0.00 XXX   0 X    0.11 ASP 564 A

TYR   9 A  10.19     0 %    0.14  147   0.00    0    0.00 XXX   0 X    0.00 XXX   0 X    0.05 TYR  10 A

TYR  10 A  10.11     0 %    0.12  168   0.00    0    0.00 XXX   0 X    0.00 XXX   0 X   -0.01 ARG  14 A

TYR  62 A  11.39     0 %    0.35  252   0.00    0    0.51 GLU  88 A    0.00 XXX   0 X    0.03 GLU 425 A
TYR  62 A                                            0.00 XXX   0 X    0.00 XXX   0 X    0.13 TYR  86 A
TYR  62 A                                            0.00 XXX   0 X    0.00 XXX   0 X    0.37 GLU  88 A

TYR  74 A  10.04     0 %    0.10  162   0.00    0    0.00 XXX   0 X    0.00 XXX   0 X   -0.06 LYS 100 A

TYR  83 A  10.72    25 %    0.87  352   0.00    0   -0.12 ASN  99 A    0.00 XXX   0 X   -0.02 ARG 101 A

TYR  86 A  10.70     0 %    0.30  267   0.00    0    0.00 XXX   0 X    0.00 XXX   0 X    0.38 GLU  88 A
TYR  86 A                                            0.00 XXX   0 X    0.00 XXX   0 X    0.01 TYR 110 A
TYR  86 A                                            0.00 XXX   0 X    0.00 XXX   0 X    0.01 TYR 137 A

TYR  98 A  10.34     0 %    0.49  212   0.00    0    0.00 XXX   0 X    0.00 XXX   0 X    0.03 TYR  74 A
TYR  98 A                                            0.00 XXX   0 X    0.00 XXX   0 X   -0.17 LYS 100 A

TYR 110 A  10.45     0 %    0.37  276   0.00    0    0.00 XXX   0 X    0.00 XXX   0 X    0.06 TYR 137 A
TYR 110 A                                            0.00 XXX   0 X    0.00 XXX   0 X    0.02 TYR 161 A

TYR 120 A  11.75    45 %    1.80  406   0.00    0   -0.05 THR 118 A    0.00 XXX   0 X    0.00 XXX   0 X

TYR 123 A  10.16     0 %    0.14  176   0.00    0    0.00 XXX   0 X    0.00 XXX   0 X    0.02 TYR 148 A

TYR 128 A  10.00     0 %    0.09  141   0.00    0    0.00 XXX   0 X    0.00 XXX   0 X   -0.02 ARG 103 A
TYR 128 A                                            0.00 XXX   0 X    0.00 XXX   0 X   -0.07 LYS 102 A

TYR 135 A  11.12     0 %    0.37  254   0.00    0    0.09 TYR 161 A    0.00 XXX   0 X    0.26 TYR 110 A
TYR 135 A                                            0.00 XXX   0 X    0.00 XXX   0 X    0.08 TYR 137 A
TYR 135 A                                            0.00 XXX   0 X    0.00 XXX   0 X    0.32 TYR 161 A

TYR 137 A  10.26     0 %    0.26  235   0.00    0    0.00 XXX   0 X    0.00 XXX   0 X    0.00 XXX   0 X

TYR 148 A  10.09     0 %    0.09  141   0.00    0    0.00 XXX   0 X    0.00 XXX   0 X    0.00 XXX   0 X

TYR 161 A  10.11     0 %    0.20  224   0.00    0   -0.09 TYR 135 A    0.00 XXX   0 X    0.00 XXX   0 X

TYR 256 A  10.03     0 %    0.03   46   0.00    0    0.00 XXX   0 X    0.00 XXX   0 X    0.00 XXX   0 X

TYR 286 A  10.04     0 %    0.04   65   0.00    0    0.00 XXX   0 X    0.00 XXX   0 X    0.00 XXX   0 X

TYR 301 A  10.04     0 %    0.04   61   0.00    0    0.00 XXX   0 X    0.00 XXX   0 X    0.00 XXX   0 X

TYR 326 A  10.05     0 %    0.05   58   0.00    0    0.00 XXX   0 X    0.00 XXX   0 X    0.00 XXX   0 X

TYR 382 A  10.11     0 %    0.11  186   0.00    0    0.00 XXX   0 X    0.00 XXX   0 X    0.00 XXX   0 X

TYR 474 A  10.11     0 %    0.11  113   0.00    0    0.00 XXX   0 X    0.00 XXX   0 X    0.00 XXX   0 X

TYR 475 A  10.06     0 %    0.06  107   0.00    0    0.00 XXX   0 X    0.00 XXX   0 X    0.00 XXX   0 X

TYR 480 A  10.11     0 %    0.11  124   0.00    0    0.00 XXX   0 X    0.00 XXX   0 X    0.00 XXX   0 X

TYR 512 A  10.05     0 %    0.05   54   0.00    0    0.00 XXX   0 X    0.00 XXX   0 X    0.00 XXX   0 X

TYR 542 A  11.30     0 %    0.32  177   0.00    0    0.61 GLU 540 A    0.00 XXX   0 X    0.38 GLU 540 A

TYR 552 A   9.29     0 %    0.14  142   0.00    0   -0.84 ASN 556 A    0.00 XXX   0 X   -0.01 LYS 392 A

LYS   8 A   9.85     0 %   -0.23  219   0.00    0    0.00 XXX   0 X    0.00 XXX   0 X   -0.08 ARG  12 A
LYS   8 A                                            0.00 XXX   0 X    0.00 XXX   0 X   -0.05 ARG  36 A
LYS   8 A                                            0.00 XXX   0 X    0.00 XXX   0 X   -0.29 ARG  38 A

LYS  26 A  10.29     0 %   -0.09  147   0.00    0    0.00 XXX   0 X    0.00 XXX   0 X   -0.01 ARG  43 A
LYS  26 A                                            0.00 XXX   0 X    0.00 XXX   0 X   -0.07 ARG  51 A
LYS  26 A                                            0.00 XXX   0 X    0.00 XXX   0 X   -0.04 LYS  50 A

LYS  32 A  10.39     0 %   -0.11  177   0.00    0    0.00 XXX   0 X    0.00 XXX   0 X    0.00 XXX   0 X

LYS  39 A  10.28     0 %   -0.17  188   0.00    0    0.00 XXX   0 X    0.00 XXX   0 X   -0.05 LYS  32 A

LYS  44 A  10.51     0 %   -0.23  173   0.00    0    0.00 XXX   0 X    0.00 XXX   0 X    0.00 GLU  27 A
LYS  44 A                                            0.00 XXX   0 X    0.00 XXX   0 X    0.12 GLU  28 A
LYS  44 A                                            0.00 XXX   0 X    0.00 XXX   0 X    0.10 GLU  46 A

LYS  45 A  10.32     0 %   -0.07  133   0.00    0    0.00 XXX   0 X    0.00 XXX   0 X    0.05 GLU  28 A
LYS  45 A                                            0.00 XXX   0 X    0.00 XXX   0 X   -0.17 ARG  42 A

LYS  50 A  10.39     0 %   -0.09  143   0.00    0    0.00 XXX   0 X    0.00 XXX   0 X   -0.02 LYS  44 A

LYS  77 A  10.46     0 %   -0.04   81   0.00    0    0.00 XXX   0 X    0.00 XXX   0 X    0.00 XXX   0 X

LYS 100 A  10.62     0 %   -0.10  138   0.00    0    0.00 XXX   0 X    0.00 XXX   0 X   -0.01 ARG 101 A
LYS 100 A                                            0.00 XXX   0 X    0.00 XXX   0 X    0.06 TYR  74 A
LYS 100 A                                            0.00 XXX   0 X    0.00 XXX   0 X    0.17 TYR  98 A

LYS 102 A  10.40     0 %   -0.17  167   0.00    0    0.00 XXX   0 X    0.00 XXX   0 X    0.07 TYR 128 A

LYS 202 A  10.47     0 %   -0.03   43   0.00    0    0.00 XXX   0 X    0.00 XXX   0 X    0.00 XXX   0 X

LYS 257 A  10.43     0 %   -0.07   63   0.00    0    0.00 XXX   0 X    0.00 XXX   0 X    0.00 XXX   0 X

LYS 266 A  10.45     0 %   -0.05   59   0.00    0    0.00 XXX   0 X    0.00 XXX   0 X    0.00 XXX   0 X

LYS 281 A  10.47     0 %   -0.03   52   0.00    0    0.00 XXX   0 X    0.00 XXX   0 X    0.00 XXX   0 X

LYS 304 A  10.43     0 %   -0.07   65   0.00    0    0.00 XXX   0 X    0.00 XXX   0 X    0.00 XXX   0 X

LYS 358 A  10.47     0 %   -0.03   47   0.00    0    0.00 XXX   0 X    0.00 XXX   0 X    0.00 XXX   0 X

LYS 360 A  10.46     0 %   -0.04   53   0.00    0    0.00 XXX   0 X    0.00 XXX   0 X    0.00 XXX   0 X

LYS 366 A  10.46     0 %   -0.04   64   0.00    0    0.00 XXX   0 X    0.00 XXX   0 X    0.00 XXX   0 X

LYS 380 A  10.45     0 %   -0.05   79   0.00    0    0.00 XXX   0 X    0.00 XXX   0 X    0.00 XXX   0 X

LYS 391 A  10.40     0 %   -0.10  120   0.00    0    0.00 XXX   0 X    0.00 XXX   0 X    0.00 XXX   0 X

LYS 392 A  10.41     0 %   -0.11  145   0.00    0    0.00 XXX   0 X    0.00 XXX   0 X    0.01 TYR 552 A

LYS 398 A  10.51     0 %   -0.13  135   0.00    0    0.00 XXX   0 X    0.00 XXX   0 X    0.14 ASP 394 A

LYS 402 A  10.45     0 %   -0.05   97   0.00    0    0.00 XXX   0 X    0.00 XXX   0 X    0.00 XXX   0 X

LYS 409 A  10.43     0 %   -0.07  139   0.00    0    0.00 XXX   0 X    0.00 XXX   0 X    0.00 XXX   0 X

LYS 410 A  10.55     0 %   -0.10  186   0.00    0    0.00 XXX   0 X    0.00 XXX   0 X    0.15 CYS 407 A

LYS 415 A  10.44     0 %   -0.21  249   0.00    0    0.00 XXX   0 X    0.00 XXX   0 X    0.20 ASP 394 A
LYS 415 A                                            0.00 XXX   0 X    0.00 XXX   0 X   -0.01 ARG 439 A
LYS 415 A                                            0.00 XXX   0 X    0.00 XXX   0 X   -0.03 LYS 398 A

LYS 427 A  10.38     0 %   -0.12  176   0.00    0    0.00 XXX   0 X    0.00 XXX   0 X    0.00 XXX   0 X

LYS 428 A  10.73     0 %   -0.14  138   0.00    0    0.00 XXX   0 X    0.00 XXX   0 X    0.36 GLU 425 A

LYS 431 A  10.47     0 %   -0.03   96   0.00    0    0.00 XXX   0 X    0.00 XXX   0 X    0.00 XXX   0 X

LYS 437 A  10.42     0 %   -0.12  127   0.00    0    0.00 XXX   0 X    0.00 XXX   0 X    0.02 ASP 433 A
LYS 437 A                                            0.00 XXX   0 X    0.00 XXX   0 X    0.01 GLU 436 A

LYS 445 A  10.43     0 %   -0.06  138   0.00    0    0.00 XXX   0 X    0.00 XXX   0 X   -0.00 ARG 420 A

LYS 446 A  10.47     0 %   -0.03   59   0.00    0    0.00 XXX   0 X    0.00 XXX   0 X    0.00 XXX   0 X

LYS 461 A  10.48     0 %   -0.02   46   0.00    0    0.00 XXX   0 X    0.00 XXX   0 X    0.00 XXX   0 X

LYS 463 A  10.47     0 %   -0.03   56   0.00    0    0.00 XXX   0 X    0.00 XXX   0 X    0.00 XXX   0 X

LYS 464 A  10.47     0 %   -0.03   67   0.00    0    0.00 XXX   0 X    0.00 XXX   0 X    0.00 XXX   0 X

LYS 467 A  10.48     0 %   -0.02   59   0.00    0    0.00 XXX   0 X    0.00 XXX   0 X    0.00 XXX   0 X

LYS 481 A  10.84     0 %   -0.13  113   0.00    0    0.47 GLU 483 A    0.00 XXX   0 X    0.00 XXX   0 X

LYS 482 A  10.95     0 %   -0.17  135   0.00    0    0.62 ASP 484 A    0.00 XXX   0 X    0.00 XXX   0 X

LYS 495 A  10.45     0 %   -0.05   96   0.00    0    0.00 XXX   0 X    0.00 XXX   0 X    0.00 XXX   0 X

LYS 499 A  10.45     0 %   -0.05   79   0.00    0    0.00 XXX   0 X    0.00 XXX   0 X    0.00 XXX   0 X

LYS 500 A  10.45     0 %   -0.05   82   0.00    0    0.00 XXX   0 X    0.00 XXX   0 X    0.00 XXX   0 X

LYS 509 A  10.47     0 %   -0.03   51   0.00    0    0.00 XXX   0 X    0.00 XXX   0 X    0.00 XXX   0 X

LYS 511 A  10.46     0 %   -0.04   55   0.00    0    0.00 XXX   0 X    0.00 XXX   0 X    0.00 XXX   0 X

LYS 517 A  10.47     0 %   -0.03   57   0.00    0    0.00 XXX   0 X    0.00 XXX   0 X    0.00 XXX   0 X

LYS 518 A  10.47     0 %   -0.03   44   0.00    0    0.00 XXX   0 X    0.00 XXX   0 X    0.00 XXX   0 X

LYS 533 A  10.47     0 %   -0.03   55   0.00    0    0.00 XXX   0 X    0.00 XXX   0 X    0.00 XXX   0 X

LYS 535 A  10.46     0 %   -0.04   60   0.00    0    0.00 XXX   0 X    0.00 XXX   0 X    0.00 XXX   0 X

LYS 536 A  10.48     0 %   -0.02   47   0.00    0    0.00 XXX   0 X    0.00 XXX   0 X    0.00 XXX   0 X

LYS 550 A  10.27     0 %   -0.23  124   0.00    0    0.00 XXX   0 X    0.00 XXX   0 X    0.00 XXX   0 X

LYS 553 A  10.31     0 %   -0.25  156   0.00    0    0.00 XXX   0 X    0.00 XXX   0 X    0.06 GLU 540 A

LYS 554 A  10.44     0 %   -0.06  156   0.00    0    0.00 XXX   0 X    0.00 XXX   0 X    0.00 XXX   0 X

LYS 562 A  10.43     0 %   -0.07  113   0.00    0    0.00 XXX   0 X    0.00 XXX   0 X    0.00 XXX   0 X

ARG  12 A  12.38     0 %   -0.12  191   0.00    0    0.00 XXX   0 X    0.00 XXX   0 X    0.00 XXX   0 X

ARG  14 A  11.97     0 %   -0.44  262   0.00    0    0.00 XXX   0 X    0.00 XXX   0 X    0.01 TYR  10 A
ARG  14 A                                            0.00 XXX   0 X    0.00 XXX   0 X   -0.09 ARG  42 A

ARG  17 A  12.54     0 %   -0.28  240   0.00    0    0.00 XXX   0 X    0.00 XXX   0 X    0.31 GLU  27 A

ARG  36 A  12.44     0 %   -0.06  125   0.00    0    0.00 XXX   0 X    0.00 XXX   0 X    0.00 XXX   0 X

ARG  38 A  12.23     0 %   -0.20  211   0.00    0    0.00 XXX   0 X    0.00 XXX   0 X   -0.07 ARG  36 A

ARG  42 A  12.40     0 %   -0.25  218   0.00    0    0.00 XXX   0 X    0.00 XXX   0 X    0.16 GLU  28 A

ARG  43 A  12.46     0 %   -0.14  206   0.00    0    0.00 XXX   0 X    0.00 XXX   0 X    0.16 GLU  27 A
ARG  43 A                                            0.00 XXX   0 X    0.00 XXX   0 X   -0.05 ARG  17 A

ARG  51 A  12.16     0 %   -0.12  155   0.00    0    0.00 XXX   0 X    0.00 XXX   0 X   -0.22 ARG  43 A

ARG  81 A  12.50     0 %   -0.07  139   0.00    0    0.00 XXX   0 X    0.00 XXX   0 X    0.07 ASP  82 A

ARG 101 A  12.25     0 %   -0.28  186   0.00    0    0.00 XXX   0 X    0.00 XXX   0 X    0.00 GLU  78 A
ARG 101 A                                            0.00 XXX   0 X    0.00 XXX   0 X    0.02 TYR  83 A

ARG 103 A  12.48     0 %   -0.07  140   0.00    0    0.00 XXX   0 X    0.00 XXX   0 X    0.02 TYR 128 A
ARG 103 A                                            0.00 XXX   0 X    0.00 XXX   0 X    0.03 ASP 130 A

ARG 167 A  12.46     0 %   -0.04   92   0.00    0    0.00 XXX   0 X    0.00 XXX   0 X    0.00 XXX   0 X

ARG 226 A  12.44     0 %   -0.06   52   0.00    0    0.00 XXX   0 X    0.00 XXX   0 X    0.00 XXX   0 X

ARG 258 A  12.46     0 %   -0.04   60   0.00    0    0.00 XXX   0 X    0.00 XXX   0 X    0.00 XXX   0 X

ARG 269 A  12.47     0 %   -0.03   50   0.00    0    0.00 XXX   0 X    0.00 XXX   0 X    0.00 XXX   0 X

ARG 420 A  12.37     0 %   -0.13  192   0.00    0    0.00 XXX   0 X    0.00 XXX   0 X    0.00 XXX   0 X

ARG 426 A  13.22     0 %   -0.22  213   0.00    0    0.41 GLU 436 A    0.00 XXX   0 X    0.19 ASP 433 A
ARG 426 A                                            0.00 XXX   0 X    0.00 XXX   0 X    0.35 GLU 436 A

ARG 439 A  12.35     0 %   -0.19  249   0.00    0    0.00 XXX   0 X    0.00 XXX   0 X    0.02 ASP 433 A
ARG 439 A                                            0.00 XXX   0 X    0.00 XXX   0 X    0.01 GLU 436 A

ARG 441 A  12.40     0 %   -0.10  112   0.00    0    0.00 XXX   0 X    0.00 XXX   0 X    0.00 XXX   0 X

N+    1 A   7.76     0 %   -0.19  121   0.00    0    0.00 XXX   0 X    0.00 XXX   0 X   -0.05 LYS   8 A

Coupled residues (marked *) were detected.Please rerun PropKa with the --display-coupled-residues 
or -d option for detailed information.

2026-08-31 21:51:15,547 INFO:output.py:227:print_pka_section:pKa summary:
--------------------------------------------------------------------------------------------------------
SUMMARY OF THIS PREDICTION
       Group      pKa  model-pKa   ligand atom-type
   ASP  82 A     3.99       3.80                      
   ASP  94 A     4.01       3.80                      
   ASP 130 A     4.08       3.80                      
   ASP 188 A     3.65       3.80                      
   ASP 285 A     3.81       3.80                      
   ASP 288 A     3.93       3.80                      
   ASP 290 A     3.90       3.80                      
   ASP 302 A     4.18       3.80                      
   ASP 357 A     3.94       3.80                      
   ASP 394 A     3.73       3.80                      
   ASP 433 A     2.98       3.80                      
   ASP 465 A     3.90       3.80                      
   ASP 484 A     3.43       3.80                      
   ASP 489 A     2.45       3.80                      
   ASP 564 A     4.10       3.80                      
   GLU  27 A     4.50       4.50                      
   GLU  28 A     4.40       4.50                      
   GLU  46 A     4.54       4.50                      
   GLU  78 A     4.64       4.50                      
   GLU  88 A     4.31       4.50                      
   GLU 157 A     4.71       4.50                      
   GLU 169 A     4.70       4.50                      
   GLU 229 A     4.58       4.50                      
   GLU 305 A     4.61       4.50                      
   GLU 316 A     4.54       4.50                      
   GLU 318 A     4.55       4.50                      
   GLU 320 A     4.58       4.50                      
   GLU 323 A     4.56       4.50                      
   GLU 367 A     4.56       4.50                      
   GLU 378 A     4.59       4.50                      
   GLU 425 A     4.35       4.50                      
   GLU 436 A     4.29       4.50                      
   GLU 447 A     4.59       4.50                      
   GLU 468 A     4.59       4.50                      
   GLU 483 A     4.18       4.50                      
   GLU 501 A     4.61       4.50                      
   GLU 510 A     4.57       4.50                      
   GLU 516 A     4.54       4.50                      
   GLU 525 A     4.57       4.50                      
   GLU 534 A     4.56       4.50                      
   GLU 540 A     4.00       4.50                      
   GLU 548 A     4.57       4.50                      
   GLU 566 A     4.69       4.50                      
   C-  570 A     3.33       3.20                      
   HIS 124 A     5.31       6.50                      
   HIS 162 A     5.95       6.50                      
   HIS 163 A     6.26       6.50                      
   HIS 176 A     6.36       6.50                      
   HIS 182 A     6.32       6.50                      
   HIS 199 A     6.36       6.50                      
   HIS 303 A     7.15       6.50                      
   HIS 327 A     6.32       6.50                      
   HIS 370 A     6.41       6.50                      
   HIS 460 A     6.41       6.50                      
   HIS 466 A     6.35       6.50                      
   HIS 502 A     6.39       6.50                      
   HIS 526 A     6.43       6.50                      
   CYS  11 A    99.99       9.00                      
   CYS  18 A    99.99       9.00                      
   CYS  23 A    99.99       9.00                      
   CYS  33 A    99.99       9.00                      
   CYS  40 A    99.99       9.00                      
   CYS  41 A    99.99       9.00                      
   CYS 140 A     8.82       9.00                      
   CYS 166 A     9.48       9.00                      
   CYS 184 A     8.63       9.00                      
   CYS 197 A    10.15       9.00                      
   CYS 307 A     9.14       9.00                      
   CYS 400 A     9.41       9.00                      
   CYS 407 A     8.83       9.00                      
   CYS 452 A     9.22       9.00                      
   CYS 470 A     9.17       9.00                      
   CYS 479 A     9.17       9.00                      
   CYS 505 A     9.11       9.00                      
   CYS 519 A     9.14       9.00                      
   CYS 529 A     9.07       9.00                      
   CYS 563 A     9.38       9.00                      
   TYR   9 A    10.19      10.00                      
   TYR  10 A    10.11      10.00                      
   TYR  62 A    11.39      10.00                      
   TYR  74 A    10.04      10.00                      
   TYR  83 A    10.72      10.00                      
   TYR  86 A    10.70      10.00                      
   TYR  98 A    10.34      10.00                      
   TYR 110 A    10.45      10.00                      
   TYR 120 A    11.75      10.00                      
   TYR 123 A    10.16      10.00                      
   TYR 128 A    10.00      10.00                      
   TYR 135 A    11.12      10.00                      
   TYR 137 A    10.26      10.00                      
   TYR 148 A    10.09      10.00                      
   TYR 161 A    10.11      10.00                      
   TYR 256 A    10.03      10.00                      
   TYR 286 A    10.04      10.00                      
   TYR 301 A    10.04      10.00                      
   TYR 326 A    10.05      10.00                      
   TYR 382 A    10.11      10.00                      
   TYR 474 A    10.11      10.00                      
   TYR 475 A    10.06      10.00                      
   TYR 480 A    10.11      10.00                      
   TYR 512 A    10.05      10.00                      
   TYR 542 A    11.30      10.00                      
   TYR 552 A     9.29      10.00                      
   LYS   8 A     9.85      10.50                      
   LYS  26 A    10.29      10.50                      
   LYS  32 A    10.39      10.50                      
   LYS  39 A    10.28      10.50                      
   LYS  44 A    10.51      10.50                      
   LYS  45 A    10.32      10.50                      
   LYS  50 A    10.39      10.50                      
   LYS  77 A    10.46      10.50                      
   LYS 100 A    10.62      10.50                      
   LYS 102 A    10.40      10.50                      
   LYS 202 A    10.47      10.50                      
   LYS 257 A    10.43      10.50                      
   LYS 266 A    10.45      10.50                      
   LYS 281 A    10.47      10.50                      
   LYS 304 A    10.43      10.50                      
   LYS 358 A    10.47      10.50                      
   LYS 360 A    10.46      10.50                      
   LYS 366 A    10.46      10.50                      
   LYS 380 A    10.45      10.50                      
   LYS 391 A    10.40      10.50                      
   LYS 392 A    10.41      10.50                      
   LYS 398 A    10.51      10.50                      
   LYS 402 A    10.45      10.50                      
   LYS 409 A    10.43      10.50                      
   LYS 410 A    10.55      10.50                      
   LYS 415 A    10.44      10.50                      
   LYS 427 A    10.38      10.50                      
   LYS 428 A    10.73      10.50                      
   LYS 431 A    10.47      10.50                      
   LYS 437 A    10.42      10.50                      
   LYS 445 A    10.43      10.50                      
   LYS 446 A    10.47      10.50                      
   LYS 461 A    10.48      10.50                      
   LYS 463 A    10.47      10.50                      
   LYS 464 A    10.47      10.50                      
   LYS 467 A    10.48      10.50                      
   LYS 481 A    10.84      10.50                      
   LYS 482 A    10.95      10.50                      
   LYS 495 A    10.45      10.50                      
   LYS 499 A    10.45      10.50                      
   LYS 500 A    10.45      10.50                      
   LYS 509 A    10.47      10.50                      
   LYS 511 A    10.46      10.50                      
   LYS 517 A    10.47      10.50                      
   LYS 518 A    10.47      10.50                      
   LYS 533 A    10.47      10.50                      
   LYS 535 A    10.46      10.50                      
   LYS 536 A    10.48      10.50                      
   LYS 550 A    10.27      10.50                      
   LYS 553 A    10.31      10.50                      
   LYS 554 A    10.44      10.50                      
   LYS 562 A    10.43      10.50                      
   ARG  12 A    12.38      12.50                      
   ARG  14 A    11.97      12.50                      
   ARG  17 A    12.54      12.50                      
   ARG  36 A    12.44      12.50                      
   ARG  38 A    12.23      12.50                      
   ARG  42 A    12.40      12.50                      
   ARG  43 A    12.46      12.50                      
   ARG  51 A    12.16      12.50                      
   ARG  81 A    12.50      12.50                      
   ARG 101 A    12.25      12.50                      
   ARG 103 A    12.48      12.50                      
   ARG 167 A    12.46      12.50                      
   ARG 226 A    12.44      12.50                      
   ARG 258 A    12.46      12.50                      
   ARG 269 A    12.47      12.50                      
   ARG 420 A    12.37      12.50                      
   ARG 426 A    13.22      12.50                      
   ARG 439 A    12.35      12.50                      
   ARG 441 A    12.40      12.50                      
   N+    1 A     7.76       8.00                      

2026-08-31 21:51:15,560 INFO:main.py:648:non_trivial:PROPKA information:
--------------------------------------------------------------------------------------------------------
Free energy of   folding (kcal/mol) as a function of pH (using neutral reference)
  0.00     13.19
  1.00     13.17
  2.00     12.99
  3.00     12.21
  4.00     11.62
  5.00     12.04
  6.00     11.18
  7.00      9.72
  8.00      9.44
  9.00     10.43
 10.00     13.73
 11.00     17.91
 12.00     19.69
 13.00     19.10
 14.00     18.99

The pH of optimum stability is  7.9 for which the free energy is    9.4 kcal/mol at 298K
Could not determine pH values where the free energy is within 80 % of minimum
Could not determine the pH-range where the free energy is negative


Protein charge of folded and unfolded state as a function of pH
    pH  unfolded  folded
  0.00     85.00   84.99
  0.10     85.00   84.99
  0.20     84.99   84.99
  0.30     84.99   84.98
  0.40     84.99   84.98
  0.50     84.99   84.98
  0.60     84.98   84.97
  0.70     84.98   84.96
  0.80     84.98   84.95
  0.90     84.97   84.94
  1.00     84.96   84.92
  1.10     84.95   84.90
  1.20     84.94   84.88
  1.30     84.92   84.85
  1.40     84.90   84.81
  1.50     84.88   84.76
  1.60     84.85   84.71
  1.70     84.81   84.64
  1.80     84.76   84.55
  1.90     84.70   84.45
  2.00     84.62   84.32
  2.10     84.52   84.17
  2.20     84.40   84.00
  2.30     84.25   83.79
  2.40     84.07   83.54
  2.50     83.84   83.25
  2.60     83.56   82.91
  2.70     83.22   82.52
  2.80     82.80   82.06
  2.90     82.30   81.53
  3.00     81.70   80.92
  3.10     80.99   80.22
  3.20     80.15   79.41
  3.30     79.17   78.49
  3.40     78.04   77.45
  3.50     76.77   76.27
  3.60     75.33   74.96
  3.70     73.75   73.50
  3.80     72.02   71.90
  3.90     70.15   70.16
  4.00     68.17   68.29
  4.10     66.09   66.32
  4.20     63.95   64.26
  4.30     61.76   62.13
  4.40     59.57   59.98
  4.50     57.41   57.83
  4.60     55.32   55.73
  4.70     53.34   53.69
  4.80     51.48   51.77
  4.90     49.78   49.97
  5.00     48.23   48.31
  5.10     46.85   46.79
  5.20     45.62   45.42
  5.30     44.52   44.17
  5.40     43.54   43.04
  5.50     42.65   42.00
  5.60     41.83   41.03
  5.70     41.06   40.12
  5.80     40.31   39.25
  5.90     39.56   38.40
  6.00     38.80   37.56
  6.10     38.03   36.74
  6.20     37.22   35.92
  6.30     36.40   35.11
  6.40     35.56   34.32
  6.50     34.72   33.55
  6.60     33.89   32.83
  6.70     33.09   32.14
  6.80     32.32   31.50
  6.90     31.61   30.91
  7.00     30.95   30.37
  7.10     30.35   29.87
  7.20     29.80   29.42
  7.30     29.30   29.00
  7.40     28.84   28.60
  7.50     28.41   28.22
  7.60     27.99   27.86
  7.70     27.58   27.49
  7.80     27.15   27.12
  7.90     26.70   26.73
  8.00     26.21   26.31
  8.10     25.67   25.85
  8.20     25.07   25.33
  8.30     24.38   24.76
  8.40     23.59   24.10
  8.50     22.69   23.35
  8.60     21.67   22.50
  8.70     20.52   21.52
  8.80     19.22   20.42
  8.90     17.77   19.17
  9.00     16.17   17.76
  9.10     14.40   16.18
  9.20     12.45   14.42
  9.30     10.32   12.46
  9.40      7.98   10.29
  9.50      5.41    7.88
  9.60      2.60    5.22
  9.70     -0.47    2.29
  9.80     -3.81   -0.92
  9.90     -7.41   -4.41
 10.00    -11.27   -8.17
 10.10    -15.33  -12.16
 10.20    -19.56  -16.34
 10.30    -23.88  -20.65
 10.40    -28.22  -25.00
 10.50    -32.51  -29.32
 10.60    -36.65  -33.52
 10.70    -40.58  -37.54
 10.80    -44.23  -41.31
 10.90    -47.58  -44.80
 11.00    -50.59  -47.99
 11.10    -53.26  -50.88
 11.20    -55.63  -53.48
 11.30    -57.70  -55.82
 11.40    -59.53  -57.93
 11.50    -61.16  -59.84
 11.60    -62.63  -61.60
 11.70    -63.98  -63.24
 11.80    -65.25  -64.80
 11.90    -66.48  -66.29
 12.00    -67.70  -67.73
 12.10    -68.92  -69.15
 12.20    -70.15  -70.54
 12.30    -71.40  -71.89
 12.40    -72.66  -73.21
 12.50    -73.90  -74.47
 12.60    -75.11  -75.67
 12.70    -76.27  -76.78
 12.80    -77.35  -77.80
 12.90    -78.35  -78.72
 13.00    -79.24  -79.54
 13.10    -80.03  -80.26
 13.20    -80.72  -80.88
 13.30    -81.30  -81.42
 13.40    -81.80  -81.87
 13.50    -82.21  -82.26
 13.60    -82.55  -82.58
 13.70    -82.83  -82.85
 13.80    -83.06  -83.07
 13.90    -83.25  -83.25
 14.00    -83.40  -83.39
The pI is  9.77 (folded) and  9.69 (unfolded)

--------------------------------------------------------------------------------------------------------
2026-08-31 21:51:15,560 INFO:biomolecule.py:797:apply_pka_values:Applying pKa values at a pH of 7.00:
2026-08-31 21:51:15,561 INFO:main.py:661:non_trivial:Adding hydrogens to biomolecule.
2026-08-31 21:51:15,703 INFO:main.py:664:non_trivial:Debumping biomolecule (again).
2026-08-31 21:51:15,846 INFO:main.py:666:non_trivial:Optimizing hydrogen bonds
2026-08-31 21:51:16,165 INFO:main.py:678:non_trivial:Applying force field to biomolecule states.
2026-08-31 21:51:16,167 INFO:main.py:725:non_trivial:Regenerating headers.
2026-08-31 21:51:16,167 INFO:main.py:750:non_trivial:Regenerating PDB lines.
2026-08-31 21:51:16,182 WARNING:main.py:326:print_pqr:Ignoring 466 header lines in output.
2026-08-31 21:52:54,817 INFO:main.py:246:print_splash_screen:PDB2PQR v3.7.1: biomolecular structure conversion software.
2026-08-31 21:52:54,817 INFO:main.py:248:print_splash_screen:Please cite:  Jurrus E, et al.  Improvements to the APBS biomolecular solvation software suite.  Protein Sci 27 112-128 (2018).
2026-08-31 21:52:54,817 INFO:main.py:248:print_splash_screen:Please cite:  Dolinsky TJ, et al.  PDB2PQR: expanding and upgrading automated preparation of biomolecular structures for molecular simulations. Nucleic Acids Res 35 W522-W525 (2007).
2026-08-31 21:52:54,817 INFO:main.py:770:main_driver:Checking and transforming input arguments.
2026-08-31 21:52:54,817 INFO:main.py:774:main_driver:Loading topology files.
2026-08-31 21:52:54,850 INFO:main.py:776:main_driver:Loading molecule: /Users/nek/Desktop/School/Research/Step_Outputs/Phase2/StepC/Supplementary_Archive/Vax_Final_4fce119e_phenix_pass1.pdb
2026-08-31 21:52:54,850 ERROR:pdb.py:2605:read_pdb:Warning -- ignoring record:
2026-08-31 21:52:54,850 ERROR:pdb.py:2606:read_pdb:<SSBOND   1 CYS A   11    CYS A   40>
2026-08-31 21:52:54,850 ERROR:pdb.py:2605:read_pdb:Warning -- ignoring record:
2026-08-31 21:52:54,850 ERROR:pdb.py:2606:read_pdb:<SSBOND   2 CYS A   18    CYS A   33>
2026-08-31 21:52:54,850 ERROR:pdb.py:2605:read_pdb:Warning -- ignoring record:
2026-08-31 21:52:54,850 ERROR:pdb.py:2606:read_pdb:<SSBOND   3 CYS A   23    CYS A   41>
2026-08-31 21:52:54,858 INFO:main.py:781:main_driver:Setting up molecule.
2026-08-31 21:52:54,880 INFO:main.py:423:setup_molecule:Created biomolecule object with 570 residues and 4263 atoms.
2026-08-31 21:52:54,880 INFO:main.py:785:main_driver:Setting termini states for biomolecule chains.
2026-08-31 21:52:54,886 INFO:main.py:616:non_trivial:Loading forcefield.
2026-08-31 21:52:54,887 INFO:main.py:620:non_trivial:Loading hydrogen topology definitions.
2026-08-31 21:52:54,889 INFO:main.py:474:is_repairable:This biomolecule is clean.  No repair needed.
2026-08-31 21:52:54,889 INFO:main.py:635:non_trivial:Updating disulfide bridges.
2026-08-31 21:52:54,890 INFO:main.py:638:non_trivial:Debumping biomolecule.
2026-08-31 21:52:54,960 INFO:main.py:645:non_trivial:Assigning titration states with PROPKA.
2026-08-31 21:52:54,969 INFO:output.py:74:print_header:
propka3.5.1                                                                                  2026-08-31

-------------------------------------------------------------------------------
--                                                                           --
--  PROPKA: A PROTEIN PKA PREDICTOR                                          --
--                                                                           --
--  VERSION 1.0,  04/25/2004,  IOWA CITY                                     --
--  BY HUI LI                                                                --
--                                                                           --
--  VERSION 2.0,  11/05/2007, IOWA CITY/COPENHAGEN                           --
--  BY DELPHINE C. BAS AND DAVID M. ROGERS                                   --
--                                                                           --
--  VERSION 3.0,  01/06/2011, COPENHAGEN                                     --
--  BY MATS H.M. OLSSON AND CHRESTEN R. SONDERGARD                           --
--                                                                           --
--  VERSION 3.1,  07/01/2011, COPENHAGEN                                     --
--  BY CHRESTEN R. SONDERGARD AND MATS H.M. OLSSON                           --
--                                                                           --
--  VERSION 3.2,  06/17/2020, PLANET EARTH                                   --
--  SEE ABOVE FOR AUTHORS                                                    --
--                                                                           --
-------------------------------------------------------------------------------


-------------------------------------------------------------------------------
References:

Very Fast Empirical Prediction and Rationalization of Protein pKa Values.
Hui Li, Andrew D. Robertson and Jan H. Jensen. PROTEINS: Structure, Function,
and Bioinformatics. 61:704-721 (2005)

Very Fast Prediction and Rationalization of pKa Values for Protein-Ligand
Complexes.  Delphine C. Bas, David M. Rogers and Jan H. Jensen.  PROTEINS:
Structure, Function, and Bioinformatics 73:765-783 (2008)

PROPKA3: Consistent Treatment of Internal and Surface Residues in Empirical
pKa predictions.  Mats H.M. Olsson, Chresten R. Sondergard, Michal Rostkowski,
and Jan H. Jensen.  Journal of Chemical Theory and Computation, 7(2):525-537
(2011)

Improved Treatment of Ligands and Coupling Effects in Empirical Calculation
and Rationalization of pKa Values.  Chresten R. Sondergaard, Mats H.M. Olsson,
Michal Rostkowski, and Jan H. Jensen.  Journal of Chemical Theory and
Computation, (2011)
-------------------------------------------------------------------------------



2026-08-31 21:52:55,015 INFO:conformation_container.py:124:find_covalently_coupled_groups:Coupling map:

2026-08-31 21:52:55,015 INFO:conformation_container.py:213:calculate_pka:Calculating pKas for Conformation container 1A with 5027 atoms and 1388 groups
2026-08-31 21:52:55,400 INFO:output.py:225:print_pka_section:pKa determinants:

---------  -----   ------   ---------------------    --------------    --------------    --------------
                            DESOLVATION  EFFECTS       SIDECHAIN          BACKBONE        COULOMBIC
 RESIDUE    pKa    BURIED     REGULAR      RE        HYDROGEN BOND     HYDROGEN BOND      INTERACTION
---------  -----   ------   ---------   ---------    --------------    --------------    --------------

ASP  82 A   3.98     0 %    0.26  216   0.00    0    0.00 XXX   0 X    0.00 XXX   0 X   -0.08 ARG  81 A

ASP  94 A   4.01     0 %    0.21  245   0.00    0    0.00 XXX   0 X    0.00 XXX   0 X    0.00 XXX   0 X

ASP 130 A   4.08     0 %    0.30  251   0.00    0    0.00 XXX   0 X    0.00 XXX   0 X   -0.02 ARG 103 A

ASP 188 A   3.66     0 %    0.23   67   0.00    0    0.00 XXX   0 X   -0.37 ASN 190 A    0.00 XXX   0 X

ASP 285 A   3.90     0 %    0.12   69   0.00    0    0.00 XXX   0 X   -0.02 ASP 285 A    0.00 XXX   0 X

ASP 288 A   3.93     0 %    0.13   54   0.00    0    0.00 XXX   0 X    0.00 XXX   0 X    0.00 XXX   0 X

ASP 290 A   3.91     0 %    0.11   56   0.00    0    0.00 XXX   0 X    0.00 XXX   0 X    0.00 XXX   0 X

ASP 302 A   4.11     0 %    0.31   89   0.00    0    0.00 XXX   0 X    0.00 XXX   0 X    0.00 XXX   0 X

ASP 357 A   3.93     0 %    0.13   62   0.00    0    0.00 XXX   0 X    0.00 XXX   0 X    0.00 XXX   0 X

ASP 394 A   3.72     0 %    0.26  233   0.00    0    0.00 XXX   0 X    0.00 XXX   0 X   -0.14 LYS 398 A
ASP 394 A                                            0.00 XXX   0 X    0.00 XXX   0 X   -0.20 LYS 415 A

ASP 433 A   2.86     0 %    0.45  177   0.00    0   -0.25 GLU 436 A   -0.17 ASP 433 A   -0.18 ARG 426 A
ASP 433 A                                            0.00 XXX   0 X   -0.02 TRP 435 A   -0.03 LYS 437 A
ASP 433 A                                            0.00 XXX   0 X   -0.72 GLU 436 A   -0.02 ARG 439 A

ASP 465 A   3.90     0 %    0.10   58   0.00    0    0.00 XXX   0 X    0.00 XXX   0 X    0.00 XXX   0 X

ASP 484 A   3.39     0 %    0.26  130   0.00    0   -0.67 LYS 482 A    0.00 XXX   0 X    0.00 XXX   0 X

ASP 489 A   2.59     0 %    0.33   85   0.00    0   -0.59 ASN 491 A   -0.23 ASP 489 A    0.00 XXX   0 X
ASP 489 A                                            0.00 XXX   0 X   -0.71 ASN 491 A    0.00 XXX   0 X

ASP 564 A   4.10     0 %    0.30  146   0.00    0    0.00 XXX   0 X    0.00 XXX   0 X    0.00 XXX   0 X

GLU  27 A   4.37     0 %    0.59  260   0.00    0   -0.04 ARG  17 A   -0.20 LEU  24 A   -0.31 ARG  17 A
GLU  27 A                                            0.00 XXX   0 X    0.00 XXX   0 X   -0.16 ARG  43 A
GLU  27 A                                            0.00 XXX   0 X    0.00 XXX   0 X   -0.00 LYS  44 A

GLU  28 A   4.39     0 %    0.23  202   0.00    0    0.00 XXX   0 X    0.00 XXX   0 X   -0.17 ARG  42 A
GLU  28 A                                            0.00 XXX   0 X    0.00 XXX   0 X   -0.12 LYS  44 A
GLU  28 A                                            0.00 XXX   0 X    0.00 XXX   0 X   -0.05 LYS  45 A

GLU  46 A   4.54     0 %    0.10  128   0.00    0    0.00 XXX   0 X    0.00 XXX   0 X   -0.10 LYS  44 A
GLU  46 A                                            0.00 XXX   0 X    0.00 XXX   0 X    0.04 GLU  28 A

GLU  78 A   4.65     0 %    0.15  182   0.00    0    0.00 XXX   0 X    0.00 XXX   0 X    0.00 XXX   0 X

GLU  88 A   4.45     0 %    0.31  278   0.00    0   -0.03 TYR  86 A    0.00 XXX   0 X    0.00 XXX   0 X
GLU  88 A                                           -0.33 TYR  62 A    0.00 XXX   0 X    0.00 XXX   0 X

GLU 157 A   4.71     0 %    0.18  232   0.00    0    0.00 XXX   0 X    0.00 XXX   0 X    0.03 ASP 130 A

GLU 169 A   4.70     0 %    0.20  147   0.00    0    0.00 XXX   0 X    0.00 XXX   0 X    0.00 XXX   0 X

GLU 229 A   4.58     0 %    0.08   73   0.00    0    0.00 XXX   0 X    0.00 XXX   0 X    0.00 XXX   0 X

GLU 305 A   4.59     0 %    0.09   57   0.00    0    0.00 XXX   0 X    0.00 XXX   0 X    0.00 XXX   0 X

GLU 316 A   4.54     0 %    0.04   45   0.00    0    0.00 XXX   0 X    0.00 XXX   0 X    0.00 XXX   0 X

GLU 318 A   4.55     0 %    0.05   51   0.00    0    0.00 XXX   0 X    0.00 XXX   0 X    0.00 XXX   0 X

GLU 320 A   4.58     0 %    0.08   63   0.00    0    0.00 XXX   0 X    0.00 XXX   0 X    0.00 XXX   0 X

GLU 323 A   4.56     0 %    0.06   76   0.00    0    0.00 XXX   0 X    0.00 XXX   0 X    0.00 XXX   0 X

GLU 367 A   4.56     0 %    0.06   59   0.00    0    0.00 XXX   0 X    0.00 XXX   0 X    0.00 XXX   0 X

GLU 378 A   4.59     0 %    0.09   82   0.00    0    0.00 XXX   0 X    0.00 XXX   0 X    0.00 XXX   0 X

GLU 425 A   4.37     0 %    0.21  193   0.00    0    0.00 XXX   0 X    0.00 XXX   0 X   -0.33 LYS 428 A

GLU 436 A   4.37     0 %    0.51  211   0.00    0   -0.39 ARG 426 A   -0.52 ASP 433 A   -0.01 LYS 437 A
GLU 436 A                                            0.25 ASP 433 A    0.00 XXX   0 X   -0.01 ARG 439 A
GLU 436 A                                            0.00 XXX   0 X    0.00 XXX   0 X   -0.34 ARG 426 A
GLU 436 A                                            0.00 XXX   0 X    0.00 XXX   0 X    0.38 ASP 433 A

GLU 447 A   4.59     0 %    0.09  129   0.00    0    0.00 XXX   0 X    0.00 XXX   0 X    0.00 XXX   0 X

GLU 468 A   4.59     0 %    0.09   82   0.00    0    0.00 XXX   0 X    0.00 XXX   0 X    0.00 XXX   0 X

GLU 483 A   4.40     0 %    0.14  141   0.00    0   -0.24 LYS 481 A    0.00 XXX   0 X    0.00 XXX   0 X

GLU 501 A   4.61     0 %    0.11  103   0.00    0    0.00 XXX   0 X    0.00 XXX   0 X    0.00 XXX   0 X

GLU 510 A   4.57     0 %    0.07   67   0.00    0    0.00 XXX   0 X    0.00 XXX   0 X    0.00 XXX   0 X

GLU 516 A   4.54     0 %    0.04   49   0.00    0    0.00 XXX   0 X    0.00 XXX   0 X    0.00 XXX   0 X

GLU 525 A   4.56     0 %    0.06   56   0.00    0    0.00 XXX   0 X    0.00 XXX   0 X    0.00 XXX   0 X

GLU 534 A   4.56     0 %    0.06  111   0.00    0    0.00 XXX   0 X    0.00 XXX   0 X    0.00 XXX   0 X

GLU 540 A   4.42     0 %    0.13  150   0.00    0   -0.16 TYR 542 A    0.00 XXX   0 X   -0.05 LYS 553 A

GLU 548 A   4.57     0 %    0.07   81   0.00    0    0.00 XXX   0 X    0.00 XXX   0 X    0.00 XXX   0 X

GLU 566 A   4.69     0 %    0.19  120   0.00    0    0.00 XXX   0 X    0.00 XXX   0 X    0.00 XXX   0 X

C-  570 A   3.32     0 %    0.12   82   0.00    0    0.00 XXX   0 X    0.00 XXX   0 X    0.00 XXX   0 X

HIS 124 A   5.28    46 %   -1.22  410   0.00    0    0.00 XXX   0 X    0.00 XXX   0 X    0.00 XXX   0 X

HIS 162 A   5.95    15 %   -0.51  323   0.00    0    0.00 XXX   0 X    0.00 XXX   0 X   -0.03 HIS 163 A

HIS 163 A   6.28     0 %   -0.22  244   0.00    0    0.00 XXX   0 X    0.00 XXX   0 X    0.00 XXX   0 X

HIS 176 A   6.35     0 %   -0.15  136   0.00    0    0.00 XXX   0 X    0.00 XXX   0 X    0.00 XXX   0 X

HIS 182 A   6.33     0 %   -0.17  180   0.00    0    0.00 XXX   0 X    0.00 XXX   0 X    0.00 XXX   0 X

HIS 199 A   6.36     0 %   -0.14   93   0.00    0    0.00 XXX   0 X    0.00 XXX   0 X    0.00 XXX   0 X

HIS 303 A   6.26     0 %   -0.24   85   0.00    0    0.00 XXX   0 X    0.00 XXX   0 X    0.00 XXX   0 X

HIS 327 A   6.33     0 %   -0.17   69   0.00    0    0.00 XXX   0 X    0.00 XXX   0 X    0.00 XXX   0 X

HIS 370 A   6.41     0 %   -0.09   50   0.00    0    0.00 XXX   0 X    0.00 XXX   0 X    0.00 XXX   0 X

HIS 460 A   6.41     0 %   -0.09   48   0.00    0    0.00 XXX   0 X    0.00 XXX   0 X    0.00 XXX   0 X

HIS 466 A   6.36     0 %   -0.14   69   0.00    0    0.00 XXX   0 X    0.00 XXX   0 X    0.00 XXX   0 X

HIS 502 A   6.40     0 %   -0.10   94   0.00    0    0.00 XXX   0 X    0.00 XXX   0 X    0.00 XXX   0 X

HIS 526 A   6.43     0 %   -0.07   52   0.00    0    0.00 XXX   0 X    0.00 XXX   0 X    0.00 XXX   0 X

CYS  11 A  99.99     0 %    0.00    0   0.00    0    0.00 XXX   0 X    0.00 XXX   0 X    0.00 XXX   0 X

CYS  18 A  99.99     0 %    0.00    0   0.00    0    0.00 XXX   0 X    0.00 XXX   0 X    0.00 XXX   0 X

CYS  23 A  99.99     0 %    0.00    0   0.00    0    0.00 XXX   0 X    0.00 XXX   0 X    0.00 XXX   0 X

CYS  33 A  99.99     0 %    0.00    0   0.00    0    0.00 XXX   0 X    0.00 XXX   0 X    0.00 XXX   0 X

CYS  40 A  99.99     0 %    0.00    0   0.00    0    0.00 XXX   0 X    0.00 XXX   0 X    0.00 XXX   0 X

CYS  41 A  99.99     0 %    0.00    0   0.00    0    0.00 XXX   0 X    0.00 XXX   0 X    0.00 XXX   0 X

CYS 140 A   8.86     0 %    0.29  190   0.00    0   -0.44 THR 139 A    0.00 XXX   0 X    0.00 XXX   0 X

CYS 166 A   9.47     0 %    0.29  175   0.00    0    0.00 XXX   0 X   -0.10 ASN 165 A    0.07 CYS 140 A
CYS 166 A                                            0.00 XXX   0 X    0.00 XXX   0 X    0.20 GLU 169 A

CYS 184 A   8.63*    0 %    0.19  148   0.00    0   -0.56 CYS 197 A    0.00 XXX   0 X    0.00 XXX   0 X

CYS 197 A  10.15*    0 %    0.21  132   0.00    0    0.56 CYS 184 A    0.00 XXX   0 X    0.38 CYS 184 A

CYS 307 A   9.12     0 %    0.15   79   0.00    0    0.00 XXX   0 X   -0.03 CYS 307 A    0.00 XXX   0 X

CYS 400 A   9.41     0 %    0.33  187   0.00    0    0.00 XXX   0 X   -0.07 CYS 400 A    0.15 CYS 407 A

CYS 407 A   8.79     0 %    0.37  176   0.00    0   -0.43 THR 404 A    0.00 XXX   0 X   -0.15 LYS 410 A

CYS 452 A   9.24     0 %    0.24  119   0.00    0    0.00 XXX   0 X    0.00 XXX   0 X    0.00 XXX   0 X

CYS 470 A   9.18     0 %    0.18   90   0.00    0    0.00 XXX   0 X    0.00 XXX   0 X    0.00 XXX   0 X

CYS 479 A   9.17     0 %    0.17  139   0.00    0    0.00 XXX   0 X    0.00 XXX   0 X    0.00 XXX   0 X

CYS 505 A   9.11     0 %    0.11   98   0.00    0    0.00 XXX   0 X    0.00 XXX   0 X    0.00 XXX   0 X

CYS 519 A   9.12     0 %    0.12   69   0.00    0    0.00 XXX   0 X    0.00 XXX   0 X    0.00 XXX   0 X

CYS 529 A   9.06     0 %    0.10   72   0.00    0    0.00 XXX   0 X   -0.04 CYS 529 A    0.00 XXX   0 X

CYS 563 A   9.38     0 %    0.27  152   0.00    0    0.00 XXX   0 X    0.00 XXX   0 X    0.11 ASP 564 A

TYR   9 A  10.20     0 %    0.15  147   0.00    0    0.00 XXX   0 X    0.00 XXX   0 X    0.05 TYR  10 A

TYR  10 A  10.11     0 %    0.12  168   0.00    0    0.00 XXX   0 X    0.00 XXX   0 X   -0.01 ARG  14 A

TYR  62 A  11.17     0 %    0.33  255   0.00    0    0.33 GLU  88 A    0.00 XXX   0 X    0.03 GLU 425 A
TYR  62 A                                            0.00 XXX   0 X    0.00 XXX   0 X    0.14 TYR  86 A
TYR  62 A                                            0.00 XXX   0 X    0.00 XXX   0 X    0.33 GLU  88 A

TYR  74 A  10.05     0 %    0.12  166   0.00    0    0.00 XXX   0 X    0.00 XXX   0 X   -0.07 LYS 100 A

TYR  83 A  10.78    25 %    0.87  350   0.00    0   -0.06 ASN  99 A    0.00 XXX   0 X   -0.03 ARG 101 A

TYR  86 A  10.75     0 %    0.32  272   0.00    0    0.03 GLU  88 A    0.00 XXX   0 X    0.38 GLU  88 A
TYR  86 A                                            0.00 XXX   0 X    0.00 XXX   0 X    0.01 TYR 110 A
TYR  86 A                                            0.00 XXX   0 X    0.00 XXX   0 X    0.02 TYR 137 A

TYR  98 A  10.26     0 %    0.42  210   0.00    0    0.00 XXX   0 X    0.00 XXX   0 X    0.06 TYR  74 A
TYR  98 A                                            0.00 XXX   0 X    0.00 XXX   0 X   -0.22 LYS 100 A

TYR 110 A  10.43     0 %    0.35  277   0.00    0    0.00 XXX   0 X    0.00 XXX   0 X    0.06 TYR 137 A
TYR 110 A                                            0.00 XXX   0 X    0.00 XXX   0 X    0.01 TYR 161 A

TYR 120 A  11.77    45 %    1.83  408   0.00    0   -0.06 THR 118 A    0.00 XXX   0 X    0.00 ASP  94 A

TYR 123 A  10.20     0 %    0.16  175   0.00    0    0.00 XXX   0 X    0.00 XXX   0 X    0.04 TYR 148 A

TYR 128 A  10.04     0 %    0.10  140   0.00    0    0.00 XXX   0 X    0.00 XXX   0 X   -0.05 LYS 102 A

TYR 135 A  11.04     0 %    0.38  256   0.00    0    0.03 TYR 161 A    0.00 XXX   0 X    0.25 TYR 110 A
TYR 135 A                                            0.00 XXX   0 X    0.00 XXX   0 X    0.07 TYR 137 A
TYR 135 A                                            0.00 XXX   0 X    0.00 XXX   0 X    0.31 TYR 161 A

TYR 137 A  10.23     0 %    0.23  239   0.00    0    0.00 XXX   0 X    0.00 XXX   0 X    0.00 XXX   0 X

TYR 148 A  10.09     0 %    0.09  139   0.00    0    0.00 XXX   0 X    0.00 XXX   0 X    0.00 XXX   0 X

TYR 161 A  10.17     0 %    0.20  223   0.00    0   -0.03 TYR 135 A    0.00 XXX   0 X    0.00 XXX   0 X

TYR 256 A  10.03     0 %    0.03   47   0.00    0    0.00 XXX   0 X    0.00 XXX   0 X    0.00 XXX   0 X

TYR 286 A  10.04     0 %    0.04   60   0.00    0    0.00 XXX   0 X    0.00 XXX   0 X    0.00 XXX   0 X

TYR 301 A  10.05     0 %    0.05   53   0.00    0    0.00 XXX   0 X    0.00 XXX   0 X    0.00 XXX   0 X

TYR 326 A  10.05     0 %    0.05   58   0.00    0    0.00 XXX   0 X    0.00 XXX   0 X    0.00 XXX   0 X

TYR 382 A  10.11     0 %    0.11  188   0.00    0    0.00 XXX   0 X    0.00 XXX   0 X    0.00 XXX   0 X

TYR 474 A  10.12     0 %    0.12  113   0.00    0    0.00 XXX   0 X    0.00 XXX   0 X    0.00 XXX   0 X

TYR 475 A  10.06     0 %    0.06  107   0.00    0    0.00 XXX   0 X    0.00 XXX   0 X    0.00 XXX   0 X

TYR 480 A  10.11     0 %    0.11  124   0.00    0    0.00 XXX   0 X    0.00 XXX   0 X    0.00 XXX   0 X

TYR 512 A  10.04     0 %    0.04   51   0.00    0    0.00 XXX   0 X    0.00 XXX   0 X    0.00 XXX   0 X

TYR 542 A  10.73     0 %    0.25  176   0.00    0    0.16 GLU 540 A    0.00 XXX   0 X    0.32 GLU 540 A

TYR 552 A   9.29     0 %    0.13  141   0.00    0   -0.84 ASN 556 A    0.00 XXX   0 X   -0.01 LYS 392 A

LYS   8 A   9.85     0 %   -0.23  218   0.00    0    0.00 XXX   0 X    0.00 XXX   0 X   -0.08 ARG  12 A
LYS   8 A                                            0.00 XXX   0 X    0.00 XXX   0 X   -0.05 ARG  36 A
LYS   8 A                                            0.00 XXX   0 X    0.00 XXX   0 X   -0.29 ARG  38 A

LYS  26 A  10.27     0 %   -0.09  149   0.00    0    0.00 XXX   0 X    0.00 XXX   0 X   -0.02 ARG  43 A
LYS  26 A                                            0.00 XXX   0 X    0.00 XXX   0 X   -0.07 ARG  51 A
LYS  26 A                                            0.00 XXX   0 X    0.00 XXX   0 X   -0.04 LYS  50 A

LYS  32 A  10.40     0 %   -0.10  175   0.00    0    0.00 XXX   0 X    0.00 XXX   0 X    0.00 XXX   0 X

LYS  39 A  10.28     0 %   -0.17  189   0.00    0    0.00 XXX   0 X    0.00 XXX   0 X   -0.04 LYS  32 A

LYS  44 A  10.51     0 %   -0.22  171   0.00    0    0.00 XXX   0 X    0.00 XXX   0 X    0.00 GLU  27 A
LYS  44 A                                            0.00 XXX   0 X    0.00 XXX   0 X    0.12 GLU  28 A
LYS  44 A                                            0.00 XXX   0 X    0.00 XXX   0 X    0.10 GLU  46 A

LYS  45 A  10.31     0 %   -0.07  133   0.00    0    0.00 XXX   0 X    0.00 XXX   0 X    0.05 GLU  28 A
LYS  45 A                                            0.00 XXX   0 X    0.00 XXX   0 X   -0.18 ARG  42 A

LYS  50 A  10.39     0 %   -0.09  145   0.00    0    0.00 XXX   0 X    0.00 XXX   0 X   -0.02 LYS  44 A

LYS  77 A  10.46     0 %   -0.04   80   0.00    0    0.00 XXX   0 X    0.00 XXX   0 X    0.00 XXX   0 X

LYS 100 A  10.67     0 %   -0.11  137   0.00    0    0.00 XXX   0 X    0.00 XXX   0 X   -0.01 ARG 101 A
LYS 100 A                                            0.00 XXX   0 X    0.00 XXX   0 X    0.07 TYR  74 A
LYS 100 A                                            0.00 XXX   0 X    0.00 XXX   0 X    0.22 TYR  98 A

LYS 102 A  10.42     0 %   -0.13  166   0.00    0    0.00 XXX   0 X    0.00 XXX   0 X    0.05 TYR 128 A

LYS 202 A  10.47     0 %   -0.03   44   0.00    0    0.00 XXX   0 X    0.00 XXX   0 X    0.00 XXX   0 X

LYS 257 A  10.42     0 %   -0.08   63   0.00    0    0.00 XXX   0 X    0.00 XXX   0 X    0.00 XXX   0 X

LYS 266 A  10.45     0 %   -0.05   59   0.00    0    0.00 XXX   0 X    0.00 XXX   0 X    0.00 XXX   0 X

LYS 281 A  10.46     0 %   -0.04   53   0.00    0    0.00 XXX   0 X    0.00 XXX   0 X    0.00 XXX   0 X

LYS 304 A  10.45     0 %   -0.05   64   0.00    0    0.00 XXX   0 X    0.00 XXX   0 X    0.00 XXX   0 X

LYS 358 A  10.47     0 %   -0.03   47   0.00    0    0.00 XXX   0 X    0.00 XXX   0 X    0.00 XXX   0 X

LYS 360 A  10.46     0 %   -0.04   54   0.00    0    0.00 XXX   0 X    0.00 XXX   0 X    0.00 XXX   0 X

LYS 366 A  10.46     0 %   -0.04   64   0.00    0    0.00 XXX   0 X    0.00 XXX   0 X    0.00 XXX   0 X

LYS 380 A  10.46     0 %   -0.04   76   0.00    0    0.00 XXX   0 X    0.00 XXX   0 X    0.00 XXX   0 X

LYS 391 A  10.40     0 %   -0.10  121   0.00    0    0.00 XXX   0 X    0.00 XXX   0 X    0.00 XXX   0 X

LYS 392 A  10.40     0 %   -0.11  145   0.00    0    0.00 XXX   0 X    0.00 XXX   0 X    0.01 TYR 552 A

LYS 398 A  10.51     0 %   -0.13  136   0.00    0    0.00 XXX   0 X    0.00 XXX   0 X    0.14 ASP 394 A

LYS 402 A  10.45     0 %   -0.05   97   0.00    0    0.00 XXX   0 X    0.00 XXX   0 X    0.00 XXX   0 X

LYS 409 A  10.42     0 %   -0.08  142   0.00    0    0.00 XXX   0 X    0.00 XXX   0 X    0.00 XXX   0 X

LYS 410 A  10.55     0 %   -0.10  188   0.00    0    0.00 XXX   0 X    0.00 XXX   0 X    0.15 CYS 407 A

LYS 415 A  10.46     0 %   -0.21  251   0.00    0    0.00 XXX   0 X    0.00 XXX   0 X    0.20 ASP 394 A
LYS 415 A                                            0.00 XXX   0 X    0.00 XXX   0 X   -0.01 ARG 439 A
LYS 415 A                                            0.00 XXX   0 X    0.00 XXX   0 X   -0.03 LYS 398 A

LYS 427 A  10.39     0 %   -0.11  174   0.00    0    0.00 XXX   0 X    0.00 XXX   0 X    0.00 XXX   0 X

LYS 428 A  10.71     0 %   -0.13  135   0.00    0    0.00 XXX   0 X    0.00 XXX   0 X    0.33 GLU 425 A

LYS 431 A  10.46     0 %   -0.04   98   0.00    0    0.00 XXX   0 X    0.00 XXX   0 X    0.00 XXX   0 X

LYS 437 A  10.42     0 %   -0.13  127   0.00    0    0.00 XXX   0 X    0.00 XXX   0 X    0.03 ASP 433 A
LYS 437 A                                            0.00 XXX   0 X    0.00 XXX   0 X    0.01 GLU 436 A

LYS 445 A  10.44     0 %   -0.06  132   0.00    0    0.00 XXX   0 X    0.00 XXX   0 X    0.00 XXX   0 X

LYS 446 A  10.47     0 %   -0.03   60   0.00    0    0.00 XXX   0 X    0.00 XXX   0 X    0.00 XXX   0 X

LYS 461 A  10.48     0 %   -0.02   45   0.00    0    0.00 XXX   0 X    0.00 XXX   0 X    0.00 XXX   0 X

LYS 463 A  10.47     0 %   -0.03   56   0.00    0    0.00 XXX   0 X    0.00 XXX   0 X    0.00 XXX   0 X

LYS 464 A  10.47     0 %   -0.03   66   0.00    0    0.00 XXX   0 X    0.00 XXX   0 X    0.00 XXX   0 X

LYS 467 A  10.48     0 %   -0.02   59   0.00    0    0.00 XXX   0 X    0.00 XXX   0 X    0.00 XXX   0 X

LYS 481 A  10.63     0 %   -0.11  109   0.00    0    0.24 GLU 483 A    0.00 XXX   0 X    0.00 XXX   0 X

LYS 482 A  10.99     0 %   -0.18  134   0.00    0    0.67 ASP 484 A    0.00 XXX   0 X    0.00 XXX   0 X

LYS 495 A  10.45     0 %   -0.05  101   0.00    0    0.00 XXX   0 X    0.00 XXX   0 X    0.00 XXX   0 X

LYS 499 A  10.45     0 %   -0.05   79   0.00    0    0.00 XXX   0 X    0.00 XXX   0 X    0.00 XXX   0 X

LYS 500 A  10.45     0 %   -0.05   82   0.00    0    0.00 XXX   0 X    0.00 XXX   0 X    0.00 XXX   0 X

LYS 509 A  10.47     0 %   -0.03   51   0.00    0    0.00 XXX   0 X    0.00 XXX   0 X    0.00 XXX   0 X

LYS 511 A  10.46     0 %   -0.04   57   0.00    0    0.00 XXX   0 X    0.00 XXX   0 X    0.00 XXX   0 X

LYS 517 A  10.47     0 %   -0.03   61   0.00    0    0.00 XXX   0 X    0.00 XXX   0 X    0.00 XXX   0 X

LYS 518 A  10.48     0 %   -0.02   43   0.00    0    0.00 XXX   0 X    0.00 XXX   0 X    0.00 XXX   0 X

LYS 533 A  10.47     0 %   -0.03   55   0.00    0    0.00 XXX   0 X    0.00 XXX   0 X    0.00 XXX   0 X

LYS 535 A  10.46     0 %   -0.04   60   0.00    0    0.00 XXX   0 X    0.00 XXX   0 X    0.00 XXX   0 X

LYS 536 A  10.48     0 %   -0.02   47   0.00    0    0.00 XXX   0 X    0.00 XXX   0 X    0.00 XXX   0 X

LYS 550 A  10.27     0 %   -0.23  124   0.00    0    0.00 XXX   0 X    0.00 XXX   0 X    0.00 XXX   0 X

LYS 553 A  10.27     0 %   -0.28  156   0.00    0    0.00 XXX   0 X    0.00 XXX   0 X    0.05 GLU 540 A

LYS 554 A  10.44     0 %   -0.06  155   0.00    0    0.00 XXX   0 X    0.00 XXX   0 X    0.00 XXX   0 X

LYS 562 A  10.43     0 %   -0.07  113   0.00    0    0.00 XXX   0 X    0.00 XXX   0 X    0.00 XXX   0 X

ARG  12 A  12.38     0 %   -0.12  190   0.00    0    0.00 XXX   0 X    0.00 XXX   0 X    0.00 XXX   0 X

ARG  14 A  11.99     0 %   -0.42  261   0.00    0    0.00 XXX   0 X    0.00 XXX   0 X    0.01 TYR  10 A
ARG  14 A                                            0.00 XXX   0 X    0.00 XXX   0 X   -0.09 ARG  42 A

ARG  17 A  12.57     0 %   -0.29  241   0.00    0    0.04 GLU  27 A    0.00 XXX   0 X    0.31 GLU  27 A

ARG  36 A  12.44     0 %   -0.06  126   0.00    0    0.00 XXX   0 X    0.00 XXX   0 X    0.00 XXX   0 X

ARG  38 A  12.23     0 %   -0.20  211   0.00    0    0.00 XXX   0 X    0.00 XXX   0 X   -0.07 ARG  36 A

ARG  42 A  12.41     0 %   -0.26  221   0.00    0    0.00 XXX   0 X    0.00 XXX   0 X    0.17 GLU  28 A

ARG  43 A  12.47     0 %   -0.14  206   0.00    0    0.00 XXX   0 X    0.00 XXX   0 X    0.16 GLU  27 A
ARG  43 A                                            0.00 XXX   0 X    0.00 XXX   0 X   -0.05 ARG  17 A

ARG  51 A  12.16     0 %   -0.12  153   0.00    0    0.00 XXX   0 X    0.00 XXX   0 X   -0.22 ARG  43 A

ARG  81 A  12.50     0 %   -0.07  141   0.00    0    0.00 XXX   0 X    0.00 XXX   0 X    0.08 ASP  82 A

ARG 101 A  12.23     0 %   -0.30  190   0.00    0    0.00 XXX   0 X    0.00 XXX   0 X    0.03 TYR  83 A

ARG 103 A  12.46     0 %   -0.07  141   0.00    0    0.00 XXX   0 X    0.00 XXX   0 X    0.02 ASP 130 A

ARG 167 A  12.46     0 %   -0.04   88   0.00    0    0.00 XXX   0 X    0.00 XXX   0 X    0.00 XXX   0 X

ARG 226 A  12.44     0 %   -0.06   52   0.00    0    0.00 XXX   0 X    0.00 XXX   0 X    0.00 XXX   0 X

ARG 258 A  12.46     0 %   -0.04   60   0.00    0    0.00 XXX   0 X    0.00 XXX   0 X    0.00 XXX   0 X

ARG 269 A  12.47     0 %   -0.03   50   0.00    0    0.00 XXX   0 X    0.00 XXX   0 X    0.00 XXX   0 X

ARG 420 A  12.37     0 %   -0.13  190   0.00    0    0.00 XXX   0 X    0.00 XXX   0 X    0.00 XXX   0 X

ARG 426 A  13.19     0 %   -0.22  215   0.00    0    0.39 GLU 436 A    0.00 XXX   0 X    0.18 ASP 433 A
ARG 426 A                                            0.00 XXX   0 X    0.00 XXX   0 X    0.34 GLU 436 A

ARG 439 A  12.34     0 %   -0.19  249   0.00    0    0.00 XXX   0 X    0.00 XXX   0 X    0.02 ASP 433 A
ARG 439 A                                            0.00 XXX   0 X    0.00 XXX   0 X    0.01 GLU 436 A

ARG 441 A  12.41     0 %   -0.09  111   0.00    0    0.00 XXX   0 X    0.00 XXX   0 X    0.00 XXX   0 X

N+    1 A   7.75     0 %   -0.19  123   0.00    0    0.00 XXX   0 X    0.00 XXX   0 X   -0.06 LYS   8 A

Coupled residues (marked *) were detected.Please rerun PropKa with the --display-coupled-residues 
or -d option for detailed information.

2026-08-31 21:52:55,400 INFO:output.py:227:print_pka_section:pKa summary:
--------------------------------------------------------------------------------------------------------
SUMMARY OF THIS PREDICTION
       Group      pKa  model-pKa   ligand atom-type
   ASP  82 A     3.98       3.80                      
   ASP  94 A     4.01       3.80                      
   ASP 130 A     4.08       3.80                      
   ASP 188 A     3.66       3.80                      
   ASP 285 A     3.90       3.80                      
   ASP 288 A     3.93       3.80                      
   ASP 290 A     3.91       3.80                      
   ASP 302 A     4.11       3.80                      
   ASP 357 A     3.93       3.80                      
   ASP 394 A     3.72       3.80                      
   ASP 433 A     2.86       3.80                      
   ASP 465 A     3.90       3.80                      
   ASP 484 A     3.39       3.80                      
   ASP 489 A     2.59       3.80                      
   ASP 564 A     4.10       3.80                      
   GLU  27 A     4.37       4.50                      
   GLU  28 A     4.39       4.50                      
   GLU  46 A     4.54       4.50                      
   GLU  78 A     4.65       4.50                      
   GLU  88 A     4.45       4.50                      
   GLU 157 A     4.71       4.50                      
   GLU 169 A     4.70       4.50                      
   GLU 229 A     4.58       4.50                      
   GLU 305 A     4.59       4.50                      
   GLU 316 A     4.54       4.50                      
   GLU 318 A     4.55       4.50                      
   GLU 320 A     4.58       4.50                      
   GLU 323 A     4.56       4.50                      
   GLU 367 A     4.56       4.50                      
   GLU 378 A     4.59       4.50                      
   GLU 425 A     4.37       4.50                      
   GLU 436 A     4.37       4.50                      
   GLU 447 A     4.59       4.50                      
   GLU 468 A     4.59       4.50                      
   GLU 483 A     4.40       4.50                      
   GLU 501 A     4.61       4.50                      
   GLU 510 A     4.57       4.50                      
   GLU 516 A     4.54       4.50                      
   GLU 525 A     4.56       4.50                      
   GLU 534 A     4.56       4.50                      
   GLU 540 A     4.42       4.50                      
   GLU 548 A     4.57       4.50                      
   GLU 566 A     4.69       4.50                      
   C-  570 A     3.32       3.20                      
   HIS 124 A     5.28       6.50                      
   HIS 162 A     5.95       6.50                      
   HIS 163 A     6.28       6.50                      
   HIS 176 A     6.35       6.50                      
   HIS 182 A     6.33       6.50                      
   HIS 199 A     6.36       6.50                      
   HIS 303 A     6.26       6.50                      
   HIS 327 A     6.33       6.50                      
   HIS 370 A     6.41       6.50                      
   HIS 460 A     6.41       6.50                      
   HIS 466 A     6.36       6.50                      
   HIS 502 A     6.40       6.50                      
   HIS 526 A     6.43       6.50                      
   CYS  11 A    99.99       9.00                      
   CYS  18 A    99.99       9.00                      
   CYS  23 A    99.99       9.00                      
   CYS  33 A    99.99       9.00                      
   CYS  40 A    99.99       9.00                      
   CYS  41 A    99.99       9.00                      
   CYS 140 A     8.86       9.00                      
   CYS 166 A     9.47       9.00                      
   CYS 184 A     8.63       9.00                      
   CYS 197 A    10.15       9.00                      
   CYS 307 A     9.12       9.00                      
   CYS 400 A     9.41       9.00                      
   CYS 407 A     8.79       9.00                      
   CYS 452 A     9.24       9.00                      
   CYS 470 A     9.18       9.00                      
   CYS 479 A     9.17       9.00                      
   CYS 505 A     9.11       9.00                      
   CYS 519 A     9.12       9.00                      
   CYS 529 A     9.06       9.00                      
   CYS 563 A     9.38       9.00                      
   TYR   9 A    10.20      10.00                      
   TYR  10 A    10.11      10.00                      
   TYR  62 A    11.17      10.00                      
   TYR  74 A    10.05      10.00                      
   TYR  83 A    10.78      10.00                      
   TYR  86 A    10.75      10.00                      
   TYR  98 A    10.26      10.00                      
   TYR 110 A    10.43      10.00                      
   TYR 120 A    11.77      10.00                      
   TYR 123 A    10.20      10.00                      
   TYR 128 A    10.04      10.00                      
   TYR 135 A    11.04      10.00                      
   TYR 137 A    10.23      10.00                      
   TYR 148 A    10.09      10.00                      
   TYR 161 A    10.17      10.00                      
   TYR 256 A    10.03      10.00                      
   TYR 286 A    10.04      10.00                      
   TYR 301 A    10.05      10.00                      
   TYR 326 A    10.05      10.00                      
   TYR 382 A    10.11      10.00                      
   TYR 474 A    10.12      10.00                      
   TYR 475 A    10.06      10.00                      
   TYR 480 A    10.11      10.00                      
   TYR 512 A    10.04      10.00                      
   TYR 542 A    10.73      10.00                      
   TYR 552 A     9.29      10.00                      
   LYS   8 A     9.85      10.50                      
   LYS  26 A    10.27      10.50                      
   LYS  32 A    10.40      10.50                      
   LYS  39 A    10.28      10.50                      
   LYS  44 A    10.51      10.50                      
   LYS  45 A    10.31      10.50                      
   LYS  50 A    10.39      10.50                      
   LYS  77 A    10.46      10.50                      
   LYS 100 A    10.67      10.50                      
   LYS 102 A    10.42      10.50                      
   LYS 202 A    10.47      10.50                      
   LYS 257 A    10.42      10.50                      
   LYS 266 A    10.45      10.50                      
   LYS 281 A    10.46      10.50                      
   LYS 304 A    10.45      10.50                      
   LYS 358 A    10.47      10.50                      
   LYS 360 A    10.46      10.50                      
   LYS 366 A    10.46      10.50                      
   LYS 380 A    10.46      10.50                      
   LYS 391 A    10.40      10.50                      
   LYS 392 A    10.40      10.50                      
   LYS 398 A    10.51      10.50                      
   LYS 402 A    10.45      10.50                      
   LYS 409 A    10.42      10.50                      
   LYS 410 A    10.55      10.50                      
   LYS 415 A    10.46      10.50                      
   LYS 427 A    10.39      10.50                      
   LYS 428 A    10.71      10.50                      
   LYS 431 A    10.46      10.50                      
   LYS 437 A    10.42      10.50                      
   LYS 445 A    10.44      10.50                      
   LYS 446 A    10.47      10.50                      
   LYS 461 A    10.48      10.50                      
   LYS 463 A    10.47      10.50                      
   LYS 464 A    10.47      10.50                      
   LYS 467 A    10.48      10.50                      
   LYS 481 A    10.63      10.50                      
   LYS 482 A    10.99      10.50                      
   LYS 495 A    10.45      10.50                      
   LYS 499 A    10.45      10.50                      
   LYS 500 A    10.45      10.50                      
   LYS 509 A    10.47      10.50                      
   LYS 511 A    10.46      10.50                      
   LYS 517 A    10.47      10.50                      
   LYS 518 A    10.48      10.50                      
   LYS 533 A    10.47      10.50                      
   LYS 535 A    10.46      10.50                      
   LYS 536 A    10.48      10.50                      
   LYS 550 A    10.27      10.50                      
   LYS 553 A    10.27      10.50                      
   LYS 554 A    10.44      10.50                      
   LYS 562 A    10.43      10.50                      
   ARG  12 A    12.38      12.50                      
   ARG  14 A    11.99      12.50                      
   ARG  17 A    12.57      12.50                      
   ARG  36 A    12.44      12.50                      
   ARG  38 A    12.23      12.50                      
   ARG  42 A    12.41      12.50                      
   ARG  43 A    12.47      12.50                      
   ARG  51 A    12.16      12.50                      
   ARG  81 A    12.50      12.50                      
   ARG 101 A    12.23      12.50                      
   ARG 103 A    12.46      12.50                      
   ARG 167 A    12.46      12.50                      
   ARG 226 A    12.44      12.50                      
   ARG 258 A    12.46      12.50                      
   ARG 269 A    12.47      12.50                      
   ARG 420 A    12.37      12.50                      
   ARG 426 A    13.19      12.50                      
   ARG 439 A    12.34      12.50                      
   ARG 441 A    12.41      12.50                      
   N+    1 A     7.75       8.00                      

2026-08-31 21:52:55,412 INFO:main.py:648:non_trivial:PROPKA information:
--------------------------------------------------------------------------------------------------------
Free energy of   folding (kcal/mol) as a function of pH (using neutral reference)
  0.00     14.56
  1.00     14.55
  2.00     14.40
  3.00     13.68
  4.00     13.36
  5.00     14.18
  6.00     13.24
  7.00     11.25
  8.00     10.62
  9.00     11.51
 10.00     14.70
 11.00     18.43
 12.00     19.71
 13.00     19.01
 14.00     18.88

The pH of optimum stability is  8.0 for which the free energy is   10.6 kcal/mol at 298K
Could not determine pH values where the free energy is within 80 % of minimum
Could not determine the pH-range where the free energy is negative


Protein charge of folded and unfolded state as a function of pH
    pH  unfolded  folded
  0.00     85.00   84.99
  0.10     85.00   84.99
  0.20     84.99   84.99
  0.30     84.99   84.99
  0.40     84.99   84.98
  0.50     84.99   84.98
  0.60     84.98   84.97
  0.70     84.98   84.96
  0.80     84.98   84.96
  0.90     84.97   84.94
  1.00     84.96   84.93
  1.10     84.95   84.91
  1.20     84.94   84.89
  1.30     84.92   84.86
  1.40     84.90   84.83
  1.50     84.88   84.78
  1.60     84.85   84.73
  1.70     84.81   84.66
  1.80     84.76   84.58
  1.90     84.70   84.48
  2.00     84.62   84.36
  2.10     84.52   84.22
  2.20     84.40   84.04
  2.30     84.25   83.83
  2.40     84.07   83.59
  2.50     83.84   83.30
  2.60     83.56   82.96
  2.70     83.22   82.57
  2.80     82.80   82.11
  2.90     82.30   81.59
  3.00     81.70   80.99
  3.10     80.99   80.30
  3.20     80.15   79.52
  3.30     79.17   78.62
  3.40     78.04   77.60
  3.50     76.77   76.46
  3.60     75.33   75.18
  3.70     73.75   73.76
  3.80     72.02   72.19
  3.90     70.15   70.48
  4.00     68.17   68.64
  4.10     66.09   66.68
  4.20     63.95   64.62
  4.30     61.76   62.49
  4.40     59.57   60.33
  4.50     57.41   58.15
  4.60     55.32   56.02
  4.70     53.34   53.95
  4.80     51.48   51.98
  4.90     49.78   50.14
  5.00     48.23   48.44
  5.10     46.85   46.88
  5.20     45.62   45.47
  5.30     44.52   44.19
  5.40     43.54   43.02
  5.50     42.65   41.94
  5.60     41.83   40.94
  5.70     41.06   39.99
  5.80     40.31   39.08
  5.90     39.56   38.19
  6.00     38.80   37.31
  6.10     38.03   36.45
  6.20     37.22   35.59
  6.30     36.40   34.74
  6.40     35.56   33.92
  6.50     34.72   33.13
  6.60     33.89   32.39
  6.70     33.09   31.69
  6.80     32.32   31.05
  6.90     31.61   30.48
  7.00     30.95   29.95
  7.10     30.35   29.48
  7.20     29.80   29.06
  7.30     29.30   28.67
  7.40     28.84   28.31
  7.50     28.41   27.97
  7.60     27.99   27.64
  7.70     27.58   27.30
  7.80     27.15   26.96
  7.90     26.70   26.59
  8.00     26.21   26.19
  8.10     25.67   25.75
  8.20     25.07   25.25
  8.30     24.38   24.68
  8.40     23.59   24.03
  8.50     22.69   23.29
  8.60     21.67   22.44
  8.70     20.52   21.47
  8.80     19.22   20.36
  8.90     17.77   19.11
  9.00     16.17   17.70
  9.10     14.40   16.12
  9.20     12.45   14.36
  9.30     10.32   12.40
  9.40      7.98   10.22
  9.50      5.41    7.81
  9.60      2.60    5.14
  9.70     -0.47    2.20
  9.80     -3.81   -1.03
  9.90     -7.41   -4.54
 10.00    -11.27   -8.32
 10.10    -15.33  -12.35
 10.20    -19.56  -16.56
 10.30    -23.88  -20.90
 10.40    -28.22  -25.30
 10.50    -32.51  -29.66
 10.60    -36.65  -33.90
 10.70    -40.58  -37.95
 10.80    -44.23  -41.76
 10.90    -47.58  -45.27
 11.00    -50.59  -48.47
 11.10    -53.26  -51.36
 11.20    -55.63  -53.95
 11.30    -57.70  -56.26
 11.40    -59.53  -58.34
 11.50    -61.16  -60.22
 11.60    -62.63  -61.94
 11.70    -63.98  -63.54
 11.80    -65.25  -65.05
 11.90    -66.48  -66.50
 12.00    -67.70  -67.91
 12.10    -68.92  -69.30
 12.20    -70.15  -70.66
 12.30    -71.40  -71.99
 12.40    -72.66  -73.29
 12.50    -73.90  -74.54
 12.60    -75.11  -75.72
 12.70    -76.27  -76.82
 12.80    -77.35  -77.84
 12.90    -78.35  -78.75
 13.00    -79.24  -79.57
 13.10    -80.03  -80.29
 13.20    -80.72  -80.91
 13.30    -81.30  -81.44
 13.40    -81.80  -81.89
 13.50    -82.21  -82.28
 13.60    -82.55  -82.60
 13.70    -82.83  -82.86
 13.80    -83.06  -83.08
 13.90    -83.25  -83.26
 14.00    -83.40  -83.40
The pI is  9.77 (folded) and  9.69 (unfolded)

--------------------------------------------------------------------------------------------------------
2026-08-31 21:52:55,412 INFO:biomolecule.py:797:apply_pka_values:Applying pKa values at a pH of 7.00:
2026-08-31 21:52:55,413 INFO:main.py:661:non_trivial:Adding hydrogens to biomolecule.
2026-08-31 21:52:55,555 INFO:main.py:664:non_trivial:Debumping biomolecule (again).
2026-08-31 21:52:55,697 INFO:main.py:666:non_trivial:Optimizing hydrogen bonds
2026-08-31 21:52:55,995 INFO:main.py:678:non_trivial:Applying force field to biomolecule states.
2026-08-31 21:52:55,998 INFO:main.py:725:non_trivial:Regenerating headers.
2026-08-31 21:52:55,998 INFO:main.py:750:non_trivial:Regenerating PDB lines.
2026-08-31 21:52:56,013 WARNING:main.py:326:print_pqr:Ignoring 466 header lines in output.
