Time_h,A1_ug,A2_ug,Total_ug
0.0,10.0,0.0,10.0
0.25,9.09811206,0.71106441,9.80917646
0.5,8.28599118,1.34948612,9.63547729
0.75,7.55468048,1.9225178,9.47719828
1.0,6.89611686,2.43668841,9.33280527
1.25,6.30304176,2.89787541,9.20091718
1.5,5.76892096,3.31136975,9.08029072
1.75,5.28787222,3.68193443,8.96980665
2.0,4.85460028,4.01385716,8.86845743
2.25,4.46433825,4.31099777,8.77533602
2.5,4.11279491,4.57683096,8.68962587
2.75,3.79610726,4.81448467,8.61059193
3.0,3.51079773,5.02677474,8.53757247
3.25,3.2537358,5.21623598,8.46997178
3.5,3.02210328,5.38515029,8.40725357
3.75,2.81336324,5.53557184,8.34893508
4.0,2.62523187,5.66934983,8.2945817
4.25,2.45565326,5.78814891,8.24380217
4.5,2.30277663,5.89346764,8.19624427
4.75,2.1649359,5.98665501,8.1515909
5.0,2.04063123,6.0689254,8.10955662
5.25,1.92851244,6.14137201,8.06988444
5.5,1.82736408,6.20497894,8.03234302
5.75,1.73609198,6.26063209,7.99672406
6.0,1.65371114,6.30912894,7.96284008
6.25,1.57933488,6.35118739,7.93052227
6.5,1.51216496,6.3874537,7.89961866
6.75,1.45148281,6.41850963,7.86999244
7.0,1.39664155,6.44487887,7.84152043
7.25,1.34705887,6.46703287,7.81409173
7.5,1.30221053,6.48539599,7.78760652
7.75,1.26162464,6.50035027,7.76197491
8.0,1.22487636,6.5122396,7.73711596
8.25,1.19158327,6.52137356,7.71295683
8.5,1.16140109,6.52803081,7.6894319
8.75,1.1340199,6.53246222,7.66648212
9.0,1.1091607,6.5348936,7.6440543
9.25,1.08657234,6.53552822,7.62210055
9.5,1.06602871,6.53454906,7.60057778
9.75,1.04732629,6.53212085,7.57944714
10.0,1.03028184,6.52839184,7.55867367
10.25,1.01473041,6.5234955,7.53822591
10.5,1.00052352,6.51755197,7.5180755
10.75,0.9875275,6.5106694,7.4981969
11.0,0.97562201,6.50294512,7.47856713
11.25,0.96469872,6.49446676,7.45916548
11.5,0.9546601,6.48531318,7.43997329
11.75,0.94541838,6.47555538,7.42097376
12.0,0.93689452,6.46525725,7.40215177
12.25,0.92901737,6.4544763,7.38349367
12.5,0.92172289,6.4432643,7.36498719
12.75,0.91495341,6.43166785,7.34662126
13.0,0.90865703,6.41972887,7.3283859
13.25,0.90278703,6.4074851,7.31027213
13.5,0.89730133,6.39497053,7.29227186
13.75,0.89216207,6.3822157,7.27437777
14.0,0.88733516,6.36924814,7.25658329
14.25,0.8827899,6.35609259,7.23888249
14.5,0.87849866,6.34277134,7.22127
14.75,0.87443657,6.32930444,7.20374101
15.0,0.87058125,6.31570992,7.18629116
15.25,0.86691252,6.30200401,7.16891652
15.5,0.86341223,6.28820131,7.15161354
15.75,0.86006406,6.27431496,7.13437902
16.0,0.85685329,6.26035678,7.11721006
16.25,0.85376667,6.24633739,7.10010406
16.5,0.85079229,6.23226636,7.08305865
16.75,0.8479194,6.21815229,7.06607169
17.0,0.84513835,6.20400291,7.04914126
17.25,0.84244044,6.18982516,7.0322656
17.5,0.83981782,6.17562532,7.01544314
17.75,0.83726346,6.16140898,6.99867244
18.0,0.83477098,6.1471812,6.98195219
18.25,0.83233469,6.13294653,6.96528122
18.5,0.82994943,6.11870903,6.94865846
18.75,0.82761056,6.10447237,6.93208294
19.0,0.82531391,6.09023985,6.91555376
19.25,0.82305573,6.0760144,6.89907012
19.5,0.82083261,6.06179868,6.88263129
19.75,0.81864153,6.04759507,6.8662366
20.0,0.81647973,6.03340571,6.84988544
20.25,0.81434474,6.01923249,6.83357724
20.5,0.81223434,6.00507714,6.81731148
20.75,0.81014651,5.9909412,6.80108771
21.0,0.80807946,5.97682602,6.78490549
21.25,0.80603155,5.96273285,6.76876441
21.5,0.80400132,5.94866278,6.75266411
21.75,0.80198745,5.93461679,6.73660424
22.0,0.79998875,5.92059576,6.72058451
22.25,0.79800415,5.90660045,6.7046046
22.5,0.79603267,5.89263158,6.68866425
22.75,0.79407345,5.87868976,6.67276321
23.0,0.79212571,5.86477553,6.65690124
23.25,0.79018873,5.85088938,6.64107811
23.5,0.78826188,5.83703174,6.62529362
23.75,0.78634459,5.82320299,6.60954757
24.0,0.78443632,5.80940346,6.59383978
24.25,0.78253662,5.79563344,6.57817006
24.5,0.78064507,5.78189319,6.56253826
24.75,0.77876127,5.76818294,6.54694421
25.0,0.77688489,5.75450287,6.53138776
25.25,0.77501561,5.74085315,6.51586877
25.5,0.77315316,5.72723393,6.50038709
25.75,0.77129728,5.71364531,6.4849426
26.0,0.76944774,5.70008742,6.46953516
26.25,0.76760433,5.68656031,6.45416464
26.5,0.76576686,5.67306408,6.43883094
26.75,0.76393517,5.65959876,6.42353393
27.0,0.7621091,5.6461644,6.4082735
27.25,0.76028851,5.63276102,6.39304953
27.5,0.75847327,5.61938865,6.37786192
27.75,0.75666327,5.6060473,6.36271057
28.0,0.7548584,5.59273696,6.34759536
28.25,0.75305857,5.57945763,6.3325162
28.5,0.75126368,5.5662093,6.31747298
28.75,0.74947367,5.55299194,6.30246562
29.0,0.74768846,5.53980554,6.287494
29.25,0.74590798,5.52665006,6.27255805
29.5,0.74413218,5.51352547,6.25765765
29.75,0.74236099,5.50043174,6.24279273
30.0,0.74059437,5.48736882,6.22796318
30.25,0.73883226,5.47433666,6.21316892
30.5,0.73707464,5.46133522,6.19840986
30.75,0.73532145,5.44836446,6.18368591
31.0,0.73357266,5.43542431,6.16899697
31.25,0.73182824,5.42251473,6.15434297
31.5,0.73008816,5.40963566,6.13972382
31.75,0.72835237,5.39678704,6.12513942
32.0,0.72662087,5.38396882,6.11058969
32.25,0.72489362,5.37118093,6.09607455
32.5,0.7231706,5.35842332,6.08159392
32.75,0.72145178,5.34569592,6.0671477
33.0,0.71973715,5.33299867,6.05273582
33.25,0.71802668,5.3203315,6.03835819
33.5,0.71632036,5.30769436,6.02401472
33.75,0.71461817,5.29508718,6.00970535
34.0,0.71292008,5.28250989,5.99542997
34.25,0.71122609,5.26996242,5.98118852
34.5,0.70953618,5.25744472,5.9669809
34.75,0.70785033,5.24495671,5.95280704
35.0,0.70616853,5.23249833,5.93866686
35.25,0.70449077,5.22006951,5.92456027
35.5,0.70281702,5.20767018,5.9104872
35.75,0.70114728,5.19530028,5.89644757
36.0,0.69948154,5.18295975,5.88244128
36.25,0.69781978,5.1706485,5.86846828
36.5,0.69616199,5.15836648,5.85452847
36.75,0.69450816,5.14611361,5.84062177
37.0,0.69285828,5.13388984,5.82674811
37.25,0.69121233,5.12169509,5.81290741
37.5,0.68957031,5.10952929,5.79909959
37.75,0.6879322,5.09739238,5.78532458
38.0,0.68629799,5.08528429,5.77158228
38.25,0.68466768,5.07320495,5.75787263
38.5,0.68304126,5.06115429,5.74419555
38.75,0.6814187,5.04913226,5.73055095
39.0,0.67980001,5.03713877,5.71693877
39.25,0.67818516,5.02517376,5.70335893
39.5,0.67657417,5.01323718,5.68981134
39.75,0.674967,5.00132894,5.67629594
40.0,0.67336366,4.98944898,5.66281264
40.25,0.67176413,4.97759724,5.64936136
40.5,0.6701684,4.96577365,5.63594205
40.75,0.66857647,4.95397814,5.6225546
41.0,0.66698832,4.94221064,5.60919896
41.25,0.66540395,4.9304711,5.59587505
41.5,0.66382334,4.91875943,5.58258278
41.75,0.6622465,4.90707559,5.56932209
42.0,0.6606734,4.8954195,5.55609289
42.25,0.65910404,4.88379109,5.54289513
42.5,0.6575384,4.8721903,5.52972871
42.75,0.65597649,4.86061707,5.51659356
43.0,0.65441829,4.84907133,5.50348962
43.25,0.6528638,4.83755301,5.49041681
43.5,0.651313,4.82606205,5.47737505
43.75,0.64976588,4.81459839,5.46436426
44.0,0.64822244,4.80316195,5.45138439
44.25,0.64668266,4.79175268,5.43843534
44.5,0.64514654,4.78037051,5.42551706
44.75,0.64361408,4.76901538,5.41262946
45.0,0.64208525,4.75768722,5.39977247
45.25,0.64056006,4.74638596,5.38694602
45.5,0.63903849,4.73511156,5.37415004
45.75,0.63752053,4.72386393,5.36138446
46.0,0.63600618,4.71264302,5.3486492
46.25,0.63449543,4.70144876,5.33594419
46.5,0.63298827,4.69028109,5.32326936
46.75,0.63148468,4.67913995,5.31062463
47.0,0.62998467,4.66802527,5.29800994
47.25,0.62848822,4.656937,5.28542522
47.5,0.62699533,4.64587506,5.27287039
47.75,0.62550598,4.6348394,5.26034538
48.0,0.62402018,4.62382995,5.24785013
48.25,0.6225379,4.61284666,5.23538455
48.5,0.62105914,4.60188945,5.22294859
48.75,0.61958389,4.59095827,5.21054217
49.0,0.61811215,4.58005306,5.19816521
49.25,0.61664391,4.56917375,5.18581766
49.5,0.61517915,4.55832028,5.17349943
49.75,0.61371787,4.54749259,5.16121047
50.0,0.61226007,4.53669063,5.14895069
50.25,0.61080572,4.52591432,5.13672004
50.5,0.60935484,4.51516361,5.12451844
50.75,0.60790739,4.50443843,5.11234582
51.0,0.60646339,4.49373873,5.10020212
51.25,0.60502281,4.48306445,5.08808727
51.5,0.60358566,4.47241552,5.07600119
51.75,0.60215192,4.46179189,5.06394382
52.0,0.60072159,4.4511935,5.05191509
52.25,0.59929466,4.44062027,5.03991493
52.5,0.59787111,4.43007217,5.02794328
52.75,0.59645095,4.41954912,5.01600006
53.0,0.59503416,4.40905106,5.00408522
53.25,0.59362073,4.39857794,4.99219867
53.5,0.59221066,4.3881297,4.98034037
53.75,0.59080394,4.37770628,4.96851023
54.0,0.58940057,4.36730762,4.95670819
54.25,0.58800052,4.35693366,4.94493418
54.5,0.58660381,4.34658434,4.93318814
54.75,0.58521041,4.3362596,4.92147001
55.0,0.58382032,4.32595939,4.9097797
55.25,0.58243353,4.31568364,4.89811717
55.5,0.58105004,4.30543231,4.88648234
55.75,0.57966983,4.29520532,4.87487515
56.0,0.5782929,4.28500263,4.86329553
56.25,0.57691924,4.27482417,4.85174341
56.5,0.57554884,4.26466989,4.84021874
56.75,0.5741817,4.25453973,4.82872144
57.0,0.57281781,4.24443363,4.81725145
57.25,0.57145716,4.23435154,4.8058087
57.5,0.57009974,4.2242934,4.79439314
57.75,0.56874554,4.21425915,4.78300469
58.0,0.56739456,4.20424873,4.77164329
58.25,0.56604679,4.1942621,4.76030889
58.5,0.56470222,4.18429918,4.7490014
58.75,0.56336085,4.17435993,4.73772078
59.0,0.56202266,4.16444429,4.72646695
59.25,0.56068765,4.1545522,4.71523985
59.5,0.55935581,4.14468361,4.70403942
59.75,0.55802713,4.13483847,4.6928656
60.0,0.55670161,4.1250167,4.68171831
60.25,0.55537924,4.11521827,4.67059751
60.5,0.55406001,4.10544311,4.65950312
60.75,0.55274391,4.09569118,4.64843509
61.0,0.55143094,4.0859624,4.63739335
61.25,0.55012109,4.07625674,4.62637783
61.5,0.54881435,4.06657413,4.61538848
61.75,0.54751072,4.05691452,4.60442524
62.0,0.54621018,4.04727786,4.59348803
62.25,0.54491273,4.03766408,4.58257681
62.5,0.54361836,4.02807314,4.5716915
62.75,0.54232706,4.01850499,4.56083205
63.0,0.54103884,4.00895956,4.5499984
63.25,0.53975367,3.99943681,4.53919048
63.5,0.53847156,3.98993667,4.52840823
63.75,0.53719249,3.98045911,4.5176516
64.0,0.53591646,3.97100405,4.50692051
64.25,0.53464346,3.96157146,4.49621492
64.5,0.53337349,3.95216127,4.48553475
64.75,0.53210653,3.94277343,4.47487996
65.0,0.53084258,3.93340789,4.46425047
65.25,0.52958163,3.9240646,4.45364624
65.5,0.52832368,3.91474351,4.44306719
65.75,0.52706872,3.90544455,4.43251327
66.0,0.52581674,3.89616768,4.42198442
66.25,0.52456773,3.88691285,4.41148058
66.5,0.52332169,3.87768,4.40100169
66.75,0.52207861,3.86846909,4.39054769
67.0,0.52083848,3.85928005,4.38011853
67.25,0.51960129,3.85011284,4.36971413
67.5,0.51836705,3.8409674,4.35933445
67.75,0.51713574,3.83184369,4.34897943
68.0,0.51590735,3.82274166,4.33864901
68.25,0.51468188,3.81366124,4.32834312
68.5,0.51345932,3.80460239,4.31806171
68.75,0.51223967,3.79556506,4.30780473
69.0,0.51102291,3.7865492,4.2975721
69.25,0.50980904,3.77755475,4.28736379
69.5,0.50859806,3.76858167,4.27717972
69.75,0.50738995,3.7596299,4.26701985
70.0,0.50618471,3.75069939,4.25688411
70.25,0.50498234,3.7417901,4.24677244
70.5,0.50378282,3.73290198,4.23668479
70.75,0.50258615,3.72403496,4.22662111
71.0,0.50139232,3.71518901,4.21658133
71.25,0.50020133,3.70636407,4.2065654
71.5,0.49901317,3.69756009,4.19657326
71.75,0.49782783,3.68877702,4.18660485
72.0,0.4966453,3.68001482,4.17666013
72.25,0.49546559,3.67127343,4.16673902
72.5,0.49428868,3.66255281,4.15684148
72.75,0.49311456,3.6538529,4.14696746
73.0,0.49194323,3.64517365,4.13711688
73.25,0.49077468,3.63651502,4.12728971
73.5,0.48960891,3.62787696,4.11748588
73.75,0.48844591,3.61925942,4.10770533
74.0,0.48728567,3.61066235,4.09794802
74.25,0.48612819,3.6020857,4.08821389
74.5,0.48497346,3.59352942,4.07850288
74.75,0.48382147,3.58499346,4.06881493
75.0,0.48267221,3.57647779,4.05915
75.25,0.48152569,3.56798233,4.04950802
75.5,0.48038189,3.55950706,4.03988895
75.75,0.4792408,3.55105193,4.03029273
76.0,0.47810243,3.54261687,4.0207193
76.25,0.47696676,3.53420185,4.01116862
76.5,0.47583379,3.52580682,4.00164061
76.75,0.47470351,3.51743174,3.99213525
77.0,0.47357592,3.50907654,3.98265246
77.25,0.472451,3.50074119,3.97319219
77.5,0.47132875,3.49242564,3.9637544
77.75,0.47020917,3.48412985,3.95433902
78.0,0.46909225,3.47585376,3.94494601
78.25,0.46797799,3.46759733,3.93557532
78.5,0.46686637,3.45936051,3.92622688
78.75,0.46575739,3.45114325,3.91690064
79.0,0.46465104,3.44294552,3.90759656
79.25,0.46354733,3.43476726,3.89831458
79.5,0.46244623,3.42660842,3.88905465
79.75,0.46134775,3.41846897,3.87981672
80.0,0.46025188,3.41034885,3.87060073
80.25,0.45915861,3.40224801,3.86140662
80.5,0.45806794,3.39416642,3.85223436
80.75,0.45697986,3.38610403,3.84308389
81.0,0.45589437,3.37806078,3.83395515
81.25,0.45481145,3.37003665,3.8248481
81.5,0.45373111,3.36203157,3.81576268
81.75,0.45265333,3.35404551,3.80669884
82.0,0.45157811,3.34607842,3.79765653
82.25,0.45050544,3.33813025,3.7886357
82.5,0.44943533,3.33020096,3.77963629
82.75,0.44836775,3.32229051,3.77065826
83.0,0.44730272,3.31439885,3.76170156
83.25,0.44624021,3.30652593,3.75276614
83.5,0.44518022,3.29867172,3.74385194
83.75,0.44412276,3.29083616,3.73495891
84.0,0.4430678,3.28301921,3.72608701
84.25,0.44201535,3.27522083,3.71723619
84.5,0.4409654,3.26744098,3.70840638
84.75,0.43991795,3.2596796,3.69959755
85.0,0.43887298,3.25193667,3.69080965
85.25,0.4378305,3.24421212,3.68204262
85.5,0.43679049,3.23650592,3.67329641
85.75,0.43575295,3.22881803,3.66457098
86.0,0.43471788,3.2211484,3.65586628
86.25,0.43368526,3.21349699,3.64718225
86.5,0.4326551,3.20586375,3.63851885
86.75,0.43162738,3.19824864,3.62987603
87.0,0.43060211,3.19065163,3.62125374
87.25,0.42957927,3.18307266,3.61265193
87.5,0.42855886,3.17551169,3.60407055
87.75,0.42754088,3.16796868,3.59550956
88.0,0.42652531,3.16044359,3.5869689
88.25,0.42551216,3.15293637,3.57844853
88.5,0.42450141,3.14544699,3.5699484
88.75,0.42349306,3.13797539,3.56146846
89.0,0.42248711,3.13052155,3.55300866
89.25,0.42148355,3.12308541,3.54456896
89.5,0.42048237,3.11566693,3.5361493
89.75,0.41948357,3.10826608,3.52774965
90.0,0.41848714,3.1008828,3.51936994
90.25,0.41749308,3.09351706,3.51101014
90.5,0.41650138,3.08616882,3.5026702
90.75,0.41551204,3.07883804,3.49435007
91.0,0.41452504,3.07152466,3.48604971
91.25,0.41354039,3.06422866,3.47776906
91.5,0.41255808,3.05694999,3.46950807
91.75,0.41157811,3.04968861,3.46126672
92.0,0.41060046,3.04244448,3.45304494
92.25,0.40962513,3.03521755,3.44484268
92.5,0.40865212,3.0280078,3.43665991
92.75,0.40768142,3.02081516,3.42849658
93.0,0.40671303,3.01363962,3.42035264
93.25,0.40574693,3.00648111,3.41222805
93.5,0.40478313,2.99933961,3.40412275
93.75,0.40382163,2.99221508,3.39603671
94.0,0.4028624,2.98510747,3.38796987
94.25,0.40190545,2.97801674,3.37992219
94.5,0.40095078,2.97094285,3.37189364
94.75,0.39999838,2.96388577,3.36388415
95.0,0.39904823,2.95684545,3.35589369
95.25,0.39810035,2.94982186,3.3479222
95.5,0.39715471,2.94281495,3.33996966
95.75,0.39621132,2.93582468,3.332036
96.0,0.39527018,2.92885101,3.32412119
96.25,0.39433126,2.92189392,3.31622518
96.5,0.39339458,2.91495334,3.30834792
96.75,0.39246012,2.90802926,3.30048938
97.0,0.39152789,2.90112162,3.2926495
97.25,0.39059786,2.89423039,3.28482825
97.5,0.38967005,2.88735552,3.27702557
97.75,0.38874444,2.88049699,3.26924143
98.0,0.38782103,2.87365475,3.26147578
98.25,0.38689981,2.86682877,3.25372858
98.5,0.38598078,2.86001899,3.24599978
98.75,0.38506394,2.8532254,3.23828933
99.0,0.38414927,2.84644794,3.2305972
99.25,0.38323677,2.83968657,3.22292335
99.5,0.38232644,2.83294127,3.21526772
99.75,0.38141828,2.826212,3.20763027
100.0,0.38051227,2.8194987,3.20001097
100.25,0.37960841,2.81280136,3.19240977
100.5,0.3787067,2.80611992,3.18482662
100.75,0.37780714,2.79945435,3.17726149
101.0,0.3769097,2.79280462,3.16971432
101.25,0.37601441,2.78617068,3.16218508
101.5,0.37512123,2.7795525,3.15467373
101.75,0.37423018,2.77295004,3.14718022
102.0,0.37334125,2.76636326,3.13970451
102.25,0.37245442,2.75979213,3.13224656
102.5,0.37156971,2.75323661,3.12480632
102.75,0.37068709,2.74669666,3.11738375
103.0,0.36980658,2.74017225,3.10997882
103.25,0.36892815,2.73366333,3.10259148
103.5,0.36805181,2.72716987,3.09522168
103.75,0.36717755,2.72069184,3.08786939
104.0,0.36630537,2.7142292,3.08053457
104.25,0.36543526,2.7077819,3.07321716
104.5,0.36456722,2.70134993,3.06591714
104.75,0.36370123,2.69493323,3.05863446
105.0,0.36283731,2.68853177,3.05136908
105.25,0.36197544,2.68214552,3.04412095
105.5,0.36111561,2.67577443,3.03689005
105.75,0.36025783,2.66941849,3.02967632
106.0,0.35940209,2.66307763,3.02247972
106.25,0.35854837,2.65675185,3.01530022
106.5,0.35769669,2.65044108,3.00813777
106.75,0.35684703,2.64414531,3.00099234
107.0,0.35599939,2.63786449,2.99386388
107.25,0.35515376,2.63159859,2.98675235
107.5,0.35431013,2.62534758,2.97965771
107.75,0.35346852,2.61911141,2.97257993
108.0,0.3526289,2.61289006,2.96551896
108.25,0.35179128,2.60668348,2.95847476
108.5,0.35095564,2.60049165,2.9514473
108.75,0.35012199,2.59431453,2.94443652
109.0,0.34929033,2.58815208,2.9374424
109.25,0.34846063,2.58200426,2.9304649
109.5,0.34763291,2.57587105,2.92350396
109.75,0.34680715,2.56975241,2.91655957
110.0,0.34598336,2.5636483,2.90963166
110.25,0.34516152,2.5575587,2.90272022
110.5,0.34434164,2.55148355,2.89582519
110.75,0.3435237,2.54542284,2.88894654
111.0,0.3427077,2.53937653,2.88208423
111.25,0.34189365,2.53334457,2.87523822
111.5,0.34108152,2.52732695,2.86840847
111.75,0.34027133,2.52132362,2.86159495
112.0,0.33946306,2.51533455,2.85479761
112.25,0.33865671,2.5093597,2.84801641
112.5,0.33785228,2.50339905,2.84125132
112.75,0.33704975,2.49745255,2.83450231
113.0,0.33624914,2.49152019,2.82776932
113.25,0.33545042,2.48560191,2.82105233
113.5,0.3346536,2.47969769,2.81435129
113.75,0.33385868,2.4738075,2.80766617
114.0,0.33306564,2.46793129,2.80099693
114.25,0.33227449,2.46206905,2.79434353
114.5,0.33148521,2.45622073,2.78770594
114.75,0.33069781,2.4503863,2.78108411
115.0,0.32991228,2.44456573,2.77447802
115.25,0.32912862,2.43875899,2.76788761
115.5,0.32834682,2.43296604,2.76131286
115.75,0.32756687,2.42718685,2.75475372
116.0,0.32678878,2.42142139,2.74821017
116.25,0.32601254,2.41566962,2.74168216
116.5,0.32523814,2.40993152,2.73516966
116.75,0.32446558,2.40420704,2.72867262
117.0,0.32369485,2.39849617,2.72219102
117.25,0.32292596,2.39279886,2.71572482
117.5,0.32215889,2.38711508,2.70927397
117.75,0.32139365,2.3814448,2.70283845
118.0,0.32063022,2.375788,2.69641821
118.25,0.3198686,2.37014463,2.69001323
118.5,0.3191088,2.36451466,2.68362346
118.75,0.3183508,2.35889807,2.67724886
119.0,0.3175946,2.35329482,2.67088941
119.25,0.31684019,2.34770488,2.66454507
119.5,0.31608758,2.34212821,2.65821579
119.75,0.31533676,2.3365648,2.65190155
120.0,0.31458771,2.3310146,2.64560231
120.25,0.31384045,2.32547758,2.63931803
120.5,0.31309497,2.31995371,2.63304868
120.75,0.31235125,2.31444297,2.62679422
121.0,0.3116093,2.30894532,2.62055462
121.25,0.31086912,2.30346072,2.61432984
121.5,0.31013069,2.29798916,2.60811984
121.75,0.30939401,2.29253059,2.6019246
122.0,0.30865909,2.28708498,2.59574407
122.25,0.30792591,2.28165232,2.58957822
122.5,0.30719447,2.27623255,2.58342702
122.75,0.30646477,2.27082566,2.57729043
123.0,0.30573681,2.26543162,2.57116842
123.25,0.30501057,2.26005038,2.56506095
123.5,0.30428606,2.25468193,2.55896799
123.75,0.30356326,2.24932623,2.5528895
124.0,0.30284219,2.24398325,2.54682544
124.25,0.30212283,2.23865297,2.5407758
124.5,0.30140518,2.23333534,2.53474052
124.75,0.30068923,2.22803035,2.52871958
125.0,0.29997498,2.22273796,2.52271294
125.25,0.29926243,2.21745814,2.51672057
125.5,0.29855157,2.21219086,2.51074243
125.75,0.2978424,2.20693609,2.50477849
126.0,0.29713492,2.20169381,2.49882872
126.25,0.29642911,2.19646398,2.49289309
126.5,0.29572498,2.19124657,2.48697155
126.75,0.29502253,2.18604155,2.48106408
127.0,0.29432174,2.1808489,2.47517064
127.25,0.29362262,2.17566858,2.4692912
127.5,0.29292516,2.17050056,2.46342572
127.75,0.29222935,2.16534483,2.45757418
128.0,0.2915352,2.16020134,2.45173654
128.25,0.29084269,2.15507006,2.44591276
128.5,0.29015184,2.14995098,2.44010282
128.75,0.28946262,2.14484406,2.43430667
129.0,0.28877504,2.13974926,2.4285243
129.25,0.28808909,2.13466657,2.42275566
129.5,0.28740477,2.12959595,2.41700073
129.75,0.28672208,2.12453738,2.41125946
130.0,0.28604101,2.11949082,2.40553183
130.25,0.28536156,2.11445625,2.39981781
130.5,0.28468372,2.10943364,2.39411736
130.75,0.28400749,2.10442296,2.38843045
131.0,0.28333287,2.09942418,2.38275705
131.25,0.28265985,2.09443727,2.37709712
131.5,0.28198843,2.08946222,2.37145064
131.75,0.2813186,2.08449897,2.36581758
132.0,0.28065037,2.07954752,2.36019789
132.25,0.27998372,2.07460783,2.35459155
132.5,0.27931866,2.06967987,2.34899853
132.75,0.27865517,2.06476362,2.34341879
133.0,0.27799326,2.05985905,2.33785231
133.25,0.27733293,2.05496613,2.33229905
133.5,0.27667416,2.05008483,2.32675899
133.75,0.27601696,2.04521512,2.32123208
134.0,0.27536131,2.04035698,2.3157183
134.25,0.27470723,2.03551038,2.31021761
134.5,0.2740547,2.0306753,2.30473
134.75,0.27340372,2.0258517,2.29925542
135.0,0.27275428,2.02103955,2.29379384
135.25,0.27210639,2.01623884,2.28834523
135.5,0.27146004,2.01144953,2.28290957
135.75,0.27081522,2.0066716,2.27748682
136.0,0.27017194,2.00190502,2.27207695
136.25,0.26953018,1.99714976,2.26667993
136.5,0.26888994,1.99240579,2.26129574
136.75,0.26825123,1.98767309,2.25592433
137.0,0.26761404,1.98295164,2.25056568
137.25,0.26697835,1.9782414,2.24521975
137.5,0.26634418,1.97354235,2.23988653
137.75,0.26571152,1.96885446,2.23456598
138.0,0.26508035,1.96417771,2.22925806
138.25,0.26445069,1.95951206,2.22396275
138.5,0.26382252,1.9548575,2.21868002
138.75,0.26319585,1.95021399,2.21340984
139.0,0.26257066,1.94558152,2.20815218
139.25,0.26194696,1.94096005,2.20290701
139.5,0.26132474,1.93634955,2.19767429
139.75,0.260704,1.93175001,2.19245401
140.0,0.26008473,1.92716139,2.18724612
140.25,0.25946693,1.92258368,2.18205061
140.5,0.2588506,1.91801683,2.17686743
140.75,0.25823574,1.91346084,2.17169657
141.0,0.25762233,1.90891566,2.166538
141.25,0.25701038,1.90438129,2.16139167
141.5,0.25639989,1.89985768,2.15625757
141.75,0.25579085,1.89534482,2.15113567
142.0,0.25518325,1.89084268,2.14602593
142.25,0.25457709,1.88635123,2.14092833
142.5,0.25397238,1.88187045,2.13584283
142.75,0.2533691,1.87740032,2.13076942
143.0,0.25276726,1.8729408,2.12570806
143.25,0.25216684,1.86849188,2.12065872
143.5,0.25156785,1.86405352,2.11562138
143.75,0.25097029,1.85962571,2.110596
144.0,0.25037414,1.85520842,2.10558256
144.25,0.24977941,1.85080161,2.10058102
144.5,0.24918609,1.84640528,2.09559137
144.75,0.24859418,1.84201939,2.09061357
145.0,0.24800368,1.83764391,2.08564759
145.25,0.24741458,1.83327883,2.08069341
145.5,0.24682688,1.82892412,2.075751
145.75,0.24624058,1.82457975,2.07082033
146.0,0.24565566,1.82024571,2.06590137
146.25,0.24507214,1.81592195,2.06099409
146.5,0.24449,1.81160847,2.05609847
146.75,0.24390925,1.80730523,2.05121448
147.0,0.24332988,1.80301222,2.04634209
147.25,0.24275188,1.7987294,2.04148128
147.5,0.24217525,1.79445676,2.03663201
147.75,0.2416,1.79019426,2.03179426
148.0,0.24102611,1.78594189,2.026968
148.25,0.24045358,1.78169962,2.02215321
148.5,0.23988242,1.77746743,2.01734985
148.75,0.23931261,1.77324529,2.0125579
149.0,0.23874415,1.76903318,2.00777734
149.25,0.23817705,1.76483108,2.00300813
149.5,0.23761129,1.76063895,1.99825024
149.75,0.23704688,1.75645679,1.99350366
150.0,0.2364838,1.75228456,1.98876836
150.25,0.23592207,1.74812224,1.9840443
150.5,0.23536166,1.7439698,1.97933147
150.75,0.23480259,1.73982723,1.97462983
151.0,0.23424485,1.7356945,1.96993936
151.25,0.23368843,1.73157159,1.96526003
151.5,0.23313334,1.72745847,1.96059181
151.75,0.23257956,1.72335512,1.95593468
152.0,0.2320271,1.71926152,1.95128862
152.25,0.23147595,1.71517764,1.94665359
152.5,0.23092611,1.71110346,1.94202957
152.75,0.23037757,1.70703896,1.93741654
153.0,0.22983034,1.70298412,1.93281446
153.25,0.22928441,1.6989389,1.92822332
153.5,0.22873978,1.6949033,1.92364308
153.75,0.22819643,1.69087728,1.91907372
154.0,0.22765438,1.68686083,1.91451521
154.25,0.22711362,1.68285391,1.90996753
154.5,0.22657414,1.67885651,1.90543066
154.75,0.22603595,1.67486861,1.90090456
155.0,0.22549903,1.67089018,1.89638921
155.25,0.22496338,1.6669212,1.89188459
155.5,0.22442901,1.66296165,1.88739067
155.75,0.22389591,1.65901151,1.88290742
156.0,0.22336408,1.65507074,1.87843482
156.25,0.22283351,1.65113934,1.87397285
156.5,0.22230419,1.64721728,1.86952147
156.75,0.22177614,1.64330453,1.86508067
157.0,0.22124934,1.63940108,1.86065042
157.25,0.22072379,1.6355069,1.85623069
157.5,0.22019949,1.63162197,1.85182146
157.75,0.21967644,1.62774627,1.8474227
158.0,0.21915462,1.62387977,1.84303439
158.25,0.21863405,1.62002246,1.83865651
158.5,0.21811471,1.61617431,1.83428902
158.75,0.21759661,1.6123353,1.82993191
159.0,0.21707974,1.60850541,1.82558515
159.25,0.2165641,1.60468462,1.82124871
159.5,0.21604968,1.6008729,1.81692258
159.75,0.21553648,1.59707024,1.81260672
160.0,0.2150245,1.59327661,1.80830111
160.25,0.21451374,1.58949199,1.80400573
160.5,0.21400419,1.58571636,1.79972055
160.75,0.21349585,1.5819497,1.79544555
161.0,0.21298872,1.57819199,1.79118071
161.25,0.21248279,1.57444321,1.786926
161.5,0.21197807,1.57070332,1.78268139
161.75,0.21147454,1.56697233,1.77844687
162.0,0.21097221,1.56325019,1.7742224
162.25,0.21047108,1.5595369,1.77000797
162.5,0.20997113,1.55583242,1.76580355
162.75,0.20947237,1.55213675,1.76160912
163.0,0.2089748,1.54844985,1.75742465
163.25,0.2084784,1.54477171,1.75325012
163.5,0.20798319,1.54110231,1.7490855
163.75,0.20748915,1.53744163,1.74493078
164.0,0.20699629,1.53378964,1.74078593
164.25,0.2065046,1.53014632,1.73665092
164.5,0.20601408,1.52651166,1.73252574
164.75,0.20552472,1.52288564,1.72841035
165.0,0.20503652,1.51926822,1.72430474
165.25,0.20454948,1.5156594,1.72020888
165.5,0.2040636,1.51205915,1.71612275
165.75,0.20357888,1.50846746,1.71204633
166.0,0.2030953,1.50488429,1.70797959
166.25,0.20261287,1.50130964,1.70392251
166.5,0.20213159,1.49774347,1.69987507
166.75,0.20165146,1.49418578,1.69583724
167.0,0.20117246,1.49063654,1.691809
167.25,0.2006946,1.48709573,1.68779033
167.5,0.20021788,1.48356333,1.68378121
167.75,0.19974229,1.48003932,1.67978161
168.0,0.19926783,1.47652369,1.67579151
168.25,0.19879449,1.4730164,1.67181089
168.5,0.19832228,1.46951744,1.66783973
168.75,0.19785119,1.4660268,1.66387799
169.0,0.19738122,1.46254445,1.65992567
169.25,0.19691237,1.45907036,1.65598274
169.5,0.19644463,1.45560454,1.65204917
169.75,0.195978,1.45214694,1.64812494
170.0,0.19551248,1.44869756,1.64421004
170.25,0.19504807,1.44525637,1.64030444
170.5,0.19458476,1.44182335,1.63640811
170.75,0.19412255,1.43839849,1.63252104
171.0,0.19366144,1.43498176,1.6286432
171.25,0.19320142,1.43157316,1.62477457
171.5,0.19274249,1.42817264,1.62091514
171.75,0.19228466,1.42478021,1.61706487
172.0,0.19182791,1.42139583,1.61322374
172.25,0.19137225,1.41801949,1.60939174
172.5,0.19091767,1.41465117,1.60556885
172.75,0.19046417,1.41129086,1.60175503
173.0,0.19001175,1.40793852,1.59795027
173.25,0.1895604,1.40459415,1.59415455
173.5,0.18911013,1.40125772,1.59036785
173.75,0.18866092,1.39792922,1.58659014
174.0,0.18821278,1.39460862,1.5828214
174.25,0.18776571,1.39129592,1.57906162
174.5,0.18731969,1.38799108,1.57531077
174.75,0.18687474,1.38469409,1.57156883
175.0,0.18643084,1.38140493,1.56783577
175.25,0.185988,1.37812358,1.56411159
175.5,0.18554621,1.37485003,1.56039625
175.75,0.18510547,1.37158426,1.55668973
176.0,0.18466578,1.36832624,1.55299202
176.25,0.18422713,1.36507596,1.54930309
176.5,0.18378952,1.36183341,1.54562293
176.75,0.18335295,1.35859855,1.5419515
177.0,0.18291742,1.35537138,1.5382888
177.25,0.18248293,1.35215187,1.5346348
177.5,0.18204946,1.34894002,1.53098948
177.75,0.18161703,1.34573579,1.52735282
178.0,0.18118562,1.34253917,1.52372479
178.25,0.18075524,1.33935014,1.52010538
178.5,0.18032588,1.3361687,1.51649457
178.75,0.17989754,1.3329948,1.51289234
179.0,0.17947022,1.32982845,1.50929867
179.25,0.17904391,1.32666962,1.50571353
179.5,0.17861861,1.32351829,1.5021369
179.75,0.17819433,1.32037445,1.49856878
180.0,0.17777105,1.31723807,1.49500912
180.25,0.17734878,1.31410915,1.49145793
180.5,0.17692751,1.31098765,1.48791517
180.75,0.17650724,1.30787358,1.48438082
181.0,0.17608797,1.3047669,1.48085487
181.25,0.1756697,1.30166759,1.47733729
181.5,0.17525242,1.29857565,1.47382807
181.75,0.17483613,1.29549106,1.47032719
182.0,0.17442083,1.29241379,1.46683462
182.25,0.17400652,1.28934383,1.46335035
182.5,0.17359319,1.28628117,1.45987436
182.75,0.17318084,1.28322578,1.45640662
183.0,0.17276947,1.28017764,1.45294711
183.25,0.17235908,1.27713675,1.44949583
183.5,0.17194966,1.27410308,1.44605275
183.75,0.17154122,1.27107662,1.44261784
184.0,0.17113375,1.26805734,1.43919109
184.25,0.17072724,1.26504524,1.43577248
184.5,0.1703217,1.26204029,1.43236199
184.75,0.16991712,1.25904248,1.42895961
185.0,0.16951351,1.25605179,1.4255653
185.25,0.16911085,1.25306821,1.42217906
185.5,0.16870915,1.25009171,1.41880086
185.75,0.16830841,1.24712228,1.41543069
186.0,0.16790861,1.24415991,1.41206852
186.25,0.16750977,1.24120457,1.40871434
186.5,0.16711187,1.23825625,1.40536812
186.75,0.16671492,1.23531494,1.40202986
187.0,0.16631891,1.23238061,1.39869952
187.25,0.16592384,1.22945325,1.39537709
187.5,0.16552971,1.22653285,1.39206256
187.75,0.16513651,1.22361938,1.3887559
188.0,0.16474425,1.22071284,1.38545709
188.25,0.16435293,1.2178132,1.38216612
188.5,0.16396253,1.21492044,1.37888297
188.75,0.16357306,1.21203456,1.37560762
189.0,0.16318451,1.20915553,1.37234004
189.25,0.16279689,1.20628334,1.36908023
189.5,0.16241018,1.20341798,1.36582816
189.75,0.1620244,1.20055941,1.36258382
190.0,0.16163953,1.19770764,1.35934718
190.25,0.16125558,1.19486265,1.35611823
190.5,0.16087254,1.19202441,1.35289695
190.75,0.16049041,1.18919291,1.34968332
191.0,0.16010918,1.18636814,1.34647733
191.25,0.15972887,1.18355008,1.34327895
191.5,0.15934945,1.18073872,1.34008817
191.75,0.15897094,1.17793403,1.33690496
192.0,0.15859332,1.175136,1.33372932
192.25,0.1582166,1.17234462,1.33056122
192.5,0.15784078,1.16955987,1.32740065
192.75,0.15746585,1.16678173,1.32424759
193.0,0.15709181,1.1640102,1.32110201
193.25,0.15671866,1.16124525,1.31796391
193.5,0.1563464,1.15848686,1.31483326
193.75,0.15597502,1.15573503,1.31171005
194.0,0.15560452,1.15298973,1.30859425
194.25,0.1552349,1.15025096,1.30548586
194.5,0.15486616,1.14751869,1.30238485
194.75,0.1544983,1.14479291,1.29929121
195.0,0.15413131,1.14207361,1.29620491
195.25,0.15376519,1.13936076,1.29312595
195.5,0.15339994,1.13665436,1.2900543
195.75,0.15303556,1.13395439,1.28698995
196.0,0.15267204,1.13126083,1.28393287
196.25,0.15230939,1.12857367,1.28088306
196.5,0.1519476,1.12589289,1.27784049
196.75,0.15158667,1.12321848,1.27480515
197.0,0.15122659,1.12055042,1.27177702
197.25,0.15086737,1.1178887,1.26875608
197.5,0.15050901,1.11523331,1.26574232
197.75,0.1501515,1.11258422,1.26273571
198.0,0.14979483,1.10994142,1.25973625
198.25,0.14943901,1.1073049,1.25674391
198.5,0.14908404,1.10467465,1.25375869
198.75,0.14872991,1.10205064,1.25078055
199.0,0.14837662,1.09943286,1.24780948
199.25,0.14802417,1.0968213,1.24484548
199.5,0.14767256,1.09421595,1.24188851
199.75,0.14732178,1.09161678,1.23893857
200.0,0.14697184,1.08902379,1.23599563
200.25,0.14662273,1.08643696,1.23305969
200.5,0.14627445,1.08385627,1.23013072
200.75,0.14592699,1.08128172,1.22720871
201.0,0.14558036,1.07871327,1.22429363
201.25,0.14523455,1.07615093,1.22138549
201.5,0.14488957,1.07359468,1.21848425
201.75,0.1445454,1.0710445,1.2155899
202.0,0.14420205,1.06850037,1.21270243
202.25,0.14385952,1.06596229,1.20982181
202.5,0.1435178,1.06343024,1.20694804
202.75,0.14317689,1.0609042,1.20408109
203.0,0.1428368,1.05838416,1.20122096
203.25,0.14249751,1.05587011,1.19836762
203.5,0.14215902,1.05336203,1.19552105
203.75,0.14182134,1.05085991,1.19268125
204.0,0.14148446,1.04836373,1.18984819
204.25,0.14114839,1.04587348,1.18702187
204.5,0.14081311,1.04338915,1.18420225
204.75,0.14047862,1.04091071,1.18138934
205.0,0.14014494,1.03843817,1.1785831
205.25,0.13981204,1.03597149,1.17578353
205.5,0.13947993,1.03351068,1.17299062
205.75,0.13914862,1.03105571,1.17020433
206.0,0.13881809,1.02860658,1.16742467
206.25,0.13848835,1.02616326,1.1646516
206.5,0.13815938,1.02372574,1.16188513
206.75,0.13783121,1.02129402,1.15912522
207.0,0.13750381,1.01886807,1.15637187
207.25,0.13717718,1.01644788,1.15362506
207.5,0.13685134,1.01403344,1.15088478
207.75,0.13652626,1.01162474,1.14815101
208.0,0.13620196,1.00922176,1.14542372
208.25,0.13587843,1.00682449,1.14270292
208.5,0.13555567,1.00443291,1.13998858
208.75,0.13523368,1.00204701,1.13728069
209.0,0.13491245,0.99966678,1.13457923
209.25,0.13459198,0.9972922,1.13188419
209.5,0.13427228,0.99492327,1.12919555
209.75,0.13395333,0.99255996,1.12651329
210.0,0.13363514,0.99020226,1.12383741
210.25,0.13331771,0.98785017,1.12116788
210.5,0.13300103,0.98550366,1.11850469
210.75,0.1326851,0.98316273,1.11584783
211.0,0.13236993,0.98082736,1.11319728
211.25,0.1320555,0.97849753,1.11055303
211.5,0.13174182,0.97617324,1.10791506
211.75,0.13142889,0.97385447,1.10528335
212.0,0.13111669,0.97154121,1.1026579
212.25,0.13080524,0.96923344,1.10003868
212.5,0.13049453,0.96693115,1.09742568
212.75,0.13018456,0.96463433,1.09481889
213.0,0.12987532,0.96234297,1.0922183
213.25,0.12956682,0.96005705,1.08962388
213.5,0.12925905,0.95777657,1.08703562
213.75,0.12895202,0.95550149,1.08445351
214.0,0.12864571,0.95323183,1.08187753
214.25,0.12834013,0.95096755,1.07930768
214.5,0.12803527,0.94870865,1.07674392
214.75,0.12773114,0.94645512,1.07418626
215.0,0.12742773,0.94420694,1.07163467
215.25,0.12712504,0.9419641,1.06908915
215.5,0.12682308,0.93972659,1.06654967
215.75,0.12652182,0.93749439,1.06401622
216.0,0.12622129,0.9352675,1.06148879
216.25,0.12592147,0.9330459,1.05896736
216.5,0.12562236,0.93082957,1.05645193
216.75,0.12532396,0.92861851,1.05394246
217.0,0.12502627,0.9264127,1.05143896
217.25,0.12472928,0.92421212,1.04894141
217.5,0.12443301,0.92201678,1.04644979
217.75,0.12413743,0.91982665,1.04396408
218.0,0.12384256,0.91764173,1.04148428
218.25,0.12354839,0.91546199,1.03901038
218.5,0.12325491,0.91328743,1.03654234
218.75,0.12296214,0.91111804,1.03408018
219.0,0.12267006,0.9089538,1.03162385
219.25,0.12237867,0.9067947,1.02917337
219.5,0.12208798,0.90464073,1.0267287
219.75,0.12179797,0.90249187,1.02428984
220.0,0.12150866,0.90034812,1.02185678
220.25,0.12122003,0.89820946,1.01942949
220.5,0.12093209,0.89607588,1.01700797
220.75,0.12064483,0.89394737,1.01459221
221.0,0.12035826,0.89182392,1.01218218
221.25,0.12007236,0.88970551,1.00977787
221.5,0.11978714,0.88759213,1.00737928
221.75,0.11950261,0.88548378,1.00498638
222.0,0.11921874,0.88338043,1.00259917
222.25,0.11893555,0.88128207,1.00021763
222.5,0.11865304,0.8791887,0.99784174
222.75,0.11837119,0.87710031,0.9954715
223.0,0.11809002,0.87501687,0.99310689
223.25,0.11780951,0.87293838,0.9907479
223.5,0.11752967,0.87086483,0.9883945
223.75,0.11725049,0.86879621,0.9860467
224.0,0.11697198,0.8667325,0.98370448
224.25,0.11669413,0.86467369,0.98136782
224.5,0.11641694,0.86261977,0.97903671
224.75,0.11614041,0.86057073,0.97671114
225.0,0.11586453,0.85852656,0.97439109
225.25,0.11558931,0.85648724,0.97207655
225.5,0.11531474,0.85445277,0.96976751
225.75,0.11504083,0.85242313,0.96746396
226.0,0.11476756,0.85039831,0.96516588
226.25,0.11449495,0.8483783,0.96287325
226.5,0.11422298,0.84636309,0.96058607
226.75,0.11395166,0.84435267,0.95830433
227.0,0.11368098,0.84234702,0.956028
227.25,0.11341095,0.84034614,0.95375708
227.5,0.11314155,0.83835001,0.95149156
227.75,0.1128728,0.83635862,0.94923142
228.0,0.11260469,0.83437196,0.94697664
228.25,0.11233721,0.83239002,0.94472723
228.5,0.11207037,0.83041279,0.94248315
228.75,0.11180416,0.82844025,0.94024441
229.0,0.11153858,0.8264724,0.93801098
229.25,0.11127364,0.82450922,0.93578286
229.5,0.11100932,0.82255071,0.93356003
229.75,0.11074563,0.82059685,0.93134248
230.0,0.11048257,0.81864763,0.9291302
230.25,0.11022014,0.81670304,0.92692318
230.5,0.10995832,0.81476307,0.92472139
230.75,0.10969713,0.81282771,0.92252484
231.0,0.10943656,0.81089694,0.9203335
231.25,0.10917661,0.80897077,0.91814737
231.5,0.10891727,0.80704916,0.91596644
231.75,0.10865855,0.80513212,0.91379068
232.0,0.10840045,0.80321964,0.91162009
232.25,0.10814296,0.8013117,0.90945466
232.5,0.10788608,0.79940829,0.90729437
232.75,0.10762981,0.7975094,0.90513921
233.0,0.10737415,0.79561502,0.90298917
233.25,0.1071191,0.79372514,0.90084424
233.5,0.10686465,0.79183975,0.8987044
233.75,0.10661081,0.78995884,0.89656965
234.0,0.10635757,0.7880824,0.89443997
234.25,0.10610493,0.78621041,0.89231534
234.5,0.10585289,0.78434287,0.89019576
234.75,0.10560145,0.78247977,0.88808122
235.0,0.10535061,0.78062109,0.8859717
235.25,0.10510036,0.77876683,0.88386719
235.5,0.10485071,0.77691697,0.88176768
235.75,0.10460165,0.77507151,0.87967316
236.0,0.10435318,0.77323043,0.87758361
236.25,0.10410531,0.77139372,0.87549903
236.5,0.10385802,0.76956138,0.8734194
236.75,0.10361132,0.76773339,0.87134471
237.0,0.1033652,0.76590974,0.86927494
237.25,0.10311967,0.76409042,0.86721009
237.5,0.10287472,0.76227543,0.86515015
237.75,0.10263036,0.76046474,0.8630951
238.0,0.10238657,0.75865836,0.86104493
238.25,0.10214337,0.75685627,0.85899963
238.5,0.10190074,0.75505845,0.85695919
238.75,0.10165869,0.75326491,0.8549236
239.0,0.10141721,0.75147563,0.85289284
239.25,0.10117631,0.7496906,0.85086691
239.5,0.10093598,0.74790981,0.84884579
239.75,0.10069622,0.74613325,0.84682947
240.0,0.10045703,0.74436091,0.84481793
240.25,0.1002184,0.74259278,0.84281118
240.5,0.09998035,0.74082884,0.84080919
240.75,0.09974286,0.7390691,0.83881196
241.0,0.09950593,0.73731354,0.83681948
241.25,0.09926957,0.73556215,0.83483172
241.5,0.09903377,0.73381492,0.83284869
241.75,0.09879853,0.73207184,0.83087037
242.0,0.09856384,0.7303329,0.82889674
242.25,0.09832972,0.72859809,0.82692781
242.5,0.09809615,0.7268674,0.82496355
242.75,0.09786313,0.72514083,0.82300396
243.0,0.09763067,0.72341835,0.82104902
243.25,0.09739876,0.72169996,0.81909873
243.5,0.09716741,0.71998566,0.81715307
243.75,0.0969366,0.71827543,0.81521203
244.0,0.09670634,0.71656926,0.8132756
244.25,0.09647663,0.71486715,0.81134377
244.5,0.09624746,0.71316907,0.80941653
244.75,0.09601883,0.71147504,0.80749387
245.0,0.09579075,0.70978502,0.80557578
245.25,0.09556322,0.70809902,0.80366224
245.5,0.09533622,0.70641702,0.80175324
245.75,0.09510976,0.70473902,0.79984878
246.0,0.09488384,0.70306501,0.79794885
246.25,0.09465846,0.70139497,0.79605343
246.5,0.09443361,0.6997289,0.79416251
246.75,0.09420929,0.69806679,0.79227608
247.0,0.09398551,0.69640862,0.79039413
247.25,0.09376226,0.69475439,0.78851666
247.5,0.09353954,0.6931041,0.78664364
247.75,0.09331735,0.69145772,0.78477507
248.0,0.09309569,0.68981525,0.78291094
248.25,0.09287455,0.68817669,0.78105124
248.5,0.09265394,0.68654202,0.77919595
248.75,0.09243385,0.68491123,0.77734508
249.0,0.09221429,0.68328431,0.7754986
249.25,0.09199524,0.68166126,0.7736565
249.5,0.09177672,0.68004206,0.77181878
249.75,0.09155872,0.67842671,0.76998543
250.0,0.09134123,0.6768152,0.76815643
250.25,0.09112426,0.67520751,0.76633178
250.5,0.09090781,0.67360365,0.76451146
250.75,0.09069187,0.67200359,0.76269546
251.0,0.09047644,0.67040734,0.76088378
251.25,0.09026153,0.66881487,0.7590764
251.5,0.09004712,0.66722619,0.75727332
251.75,0.08983323,0.66564128,0.75547451
252.0,0.08961984,0.66406014,0.75367998
252.25,0.08940696,0.66248275,0.75188972
252.5,0.08919459,0.66090911,0.7501037
252.75,0.08898272,0.65933921,0.74832193
253.0,0.08877135,0.65777304,0.74654439
253.25,0.08856049,0.65621058,0.74477107
253.5,0.08835012,0.65465184,0.74300197
253.75,0.08814026,0.6530968,0.74123706
254.0,0.08793089,0.65154546,0.73947635
254.25,0.08772203,0.6499978,0.73771982
254.5,0.08751365,0.64845381,0.73596747
254.75,0.08730578,0.6469135,0.73421927
255.0,0.08709839,0.64537684,0.73247523
255.25,0.0868915,0.64384383,0.73073534
255.5,0.0866851,0.64231447,0.72899957
255.75,0.08647919,0.64078873,0.72726793
256.0,0.08627377,0.63926662,0.7255404
256.25,0.08606884,0.63774813,0.72381697
256.5,0.0858644,0.63623325,0.72209764
256.75,0.08566044,0.63472196,0.72038239
257.0,0.08545696,0.63321426,0.71867122
257.25,0.08525397,0.63171014,0.71696411
257.5,0.08505146,0.6302096,0.71526106
257.75,0.08484943,0.62871262,0.71356205
258.0,0.08464788,0.62721919,0.71186708
258.25,0.08444681,0.62572932,0.71017613
258.5,0.08424622,0.62424298,0.7084892
258.75,0.08404611,0.62276017,0.70680628
259.0,0.08384647,0.62128089,0.70512736
259.25,0.0836473,0.61980512,0.70345242
259.5,0.08344861,0.61833285,0.70178146
259.75,0.08325039,0.61686409,0.70011447
260.0,0.08305264,0.61539881,0.69845144
260.25,0.08285535,0.61393701,0.69679236
260.5,0.08265854,0.61247868,0.69513722
260.75,0.0824622,0.61102382,0.69348602
261.0,0.08226632,0.60957241,0.69183873
261.25,0.08207091,0.60812445,0.69019536
261.5,0.08187596,0.60667994,0.68855589
261.75,0.08168147,0.60523885,0.68692032
262.0,0.08148745,0.60380118,0.68528863
262.25,0.08129389,0.60236693,0.68366082
262.5,0.08110078,0.60093609,0.68203687
262.75,0.08090814,0.59950865,0.68041679
263.0,0.08071595,0.59808459,0.67880054
263.25,0.08052422,0.59666392,0.67718814
263.5,0.08033295,0.59524662,0.67557957
263.75,0.08014213,0.59383269,0.67397482
264.0,0.07995176,0.59242212,0.67237388
264.25,0.07976185,0.5910149,0.67077675
264.5,0.07957238,0.58961103,0.66918341
264.75,0.07938337,0.58821048,0.66759385
265.0,0.0791948,0.58681327,0.66600807
265.25,0.07900669,0.58541937,0.66442606
265.5,0.07881902,0.58402878,0.6628478
265.75,0.07863179,0.5826415,0.66127329
266.0,0.07844501,0.58125751,0.65970253
266.25,0.07825868,0.57987681,0.65813549
266.5,0.07807278,0.57849939,0.65657218
266.75,0.07788733,0.57712524,0.65501257
267.0,0.07770232,0.57575436,0.65345668
267.25,0.07751775,0.57438673,0.65190448
267.5,0.07733362,0.57302235,0.65035597
267.75,0.07714992,0.57166121,0.64881113
268.0,0.07696666,0.5703033,0.64726997
268.25,0.07678384,0.56894862,0.64573246
268.5,0.07660145,0.56759716,0.64419861
268.75,0.07641949,0.56624891,0.6426684
269.0,0.07623797,0.56490386,0.64114183
269.25,0.07605687,0.56356201,0.63961888
269.5,0.07587621,0.56222334,0.63809955
269.75,0.07569598,0.56088785,0.63658383
270.0,0.07551617,0.55955554,0.63507171
270.25,0.07533679,0.55822639,0.63356318
270.5,0.07515784,0.55690039,0.63205823
270.75,0.07497931,0.55557755,0.63055686
271.0,0.07480121,0.55425785,0.62905906
271.25,0.07462353,0.55294128,0.62756481
271.5,0.07444627,0.55162784,0.62607411
271.75,0.07426943,0.55031752,0.62458696
272.0,0.07409302,0.54901032,0.62310333
272.25,0.07391702,0.54770622,0.62162323
272.5,0.07374144,0.54640521,0.62014665
272.75,0.07356627,0.5451073,0.61867357
273.0,0.07339153,0.54381247,0.617204
273.25,0.0732172,0.54252071,0.61573791
273.5,0.07304328,0.54123203,0.61427531
273.75,0.07286977,0.5399464,0.61281618
274.0,0.07269668,0.53866383,0.61136051
274.25,0.072524,0.53738431,0.60990831
274.5,0.07235173,0.53610782,0.60845955
274.75,0.07217987,0.53483437,0.60701423
275.0,0.07200841,0.53356394,0.60557235
275.25,0.07183737,0.53229653,0.60413389
275.5,0.07166673,0.53103213,0.60269885
275.75,0.07149649,0.52977073,0.60126722
276.0,0.07132666,0.52851233,0.59983899
276.25,0.07115723,0.52725692,0.59841415
276.5,0.07098821,0.52600449,0.5969927
276.75,0.07081959,0.52475504,0.59557462
277.0,0.07065136,0.52350855,0.59415991
277.25,0.07048354,0.52226503,0.59274857
277.5,0.07031612,0.52102445,0.59134057
277.75,0.07014909,0.51978683,0.58993592
278.0,0.06998246,0.51855214,0.5885346
278.25,0.06981623,0.51732039,0.58713662
278.5,0.06965039,0.51609157,0.58574195
278.75,0.06948494,0.51486566,0.5843506
279.0,0.06931989,0.51364266,0.58296255
279.25,0.06915523,0.51242257,0.5815778
279.5,0.06899096,0.51120538,0.58019634
279.75,0.06882708,0.50999108,0.57881816
280.0,0.06866359,0.50877966,0.57744325
280.25,0.06850049,0.50757112,0.57607161
280.5,0.06833778,0.50636546,0.57470323
280.75,0.06817545,0.50516265,0.5733381
281.0,0.06801351,0.50396271,0.57197621
281.25,0.06785195,0.50276561,0.57061756
281.5,0.06769078,0.50157136,0.56926213
281.75,0.06752999,0.50037994,0.56790992
282.0,0.06736958,0.49919135,0.56656093
282.25,0.06720955,0.49800559,0.56521514
282.5,0.0670499,0.49682264,0.56387254
282.75,0.06689063,0.49564251,0.56253314
283.0,0.06673174,0.49446517,0.56119692
283.25,0.06657323,0.49329064,0.55986387
283.5,0.0664151,0.49211889,0.55853398
283.75,0.06625734,0.49094993,0.55720726
284.0,0.06609995,0.48978374,0.55588369
284.25,0.06594294,0.48862032,0.55456326
284.5,0.0657863,0.48745967,0.55324597
284.75,0.06563003,0.48630177,0.55193181
285.0,0.06547414,0.48514663,0.55062077
285.25,0.06531861,0.48399423,0.54931284
285.5,0.06516346,0.48284456,0.54800802
285.75,0.06500867,0.48169763,0.5467063
286.0,0.06485425,0.48055342,0.54540767
286.25,0.0647002,0.47941193,0.54411213
286.5,0.06454651,0.47827315,0.54281966
286.75,0.06439319,0.47713707,0.54153026
287.0,0.06424023,0.4760037,0.54024393
287.25,0.06408764,0.47487301,0.53896065
287.5,0.0639354,0.47374502,0.53768042
287.75,0.06378353,0.4726197,0.53640323
288.0,0.06363203,0.47149705,0.53512908
288.25,0.06348088,0.47037707,0.53385795
288.5,0.06333009,0.46925975,0.53258984
288.75,0.06317965,0.46814509,0.53132474
289.0,0.06302958,0.46703307,0.53006265
289.25,0.06287986,0.4659237,0.52880356
289.5,0.0627305,0.46481696,0.52754745
289.75,0.06258149,0.46371285,0.52629434
290.0,0.06243284,0.46261136,0.52504419
290.25,0.06228453,0.46151249,0.52379702
290.5,0.06213659,0.46041622,0.52255281
290.75,0.06198899,0.45932257,0.52131155
291.0,0.06184174,0.45823151,0.52007325
291.25,0.06169484,0.45714304,0.51883788
291.5,0.0615483,0.45605715,0.51760545
291.75,0.0614021,0.45497385,0.51637595
292.0,0.06125624,0.45389312,0.51514936
292.25,0.06111074,0.45281496,0.5139257
292.5,0.06096558,0.45173935,0.51270493
292.75,0.06082076,0.45066631,0.51148707
293.0,0.06067629,0.44959581,0.5102721
293.25,0.06053216,0.44852785,0.50906002
293.5,0.06038838,0.44746244,0.50785081
293.75,0.06024493,0.44639955,0.50664448
294.0,0.06010183,0.44533918,0.50544101
294.25,0.05995906,0.44428134,0.5042404
294.5,0.05981664,0.44322601,0.50304265
294.75,0.05967455,0.44217318,0.50184774
295.0,0.0595328,0.44112286,0.50065566
295.25,0.05939139,0.44007503,0.49946642
295.5,0.05925031,0.43902969,0.49828
295.75,0.05910957,0.43798683,0.49709641
296.0,0.05896917,0.43694645,0.49591562
296.25,0.05882909,0.43590855,0.49473764
296.5,0.05868935,0.4348731,0.49356245
296.75,0.05854994,0.43384012,0.49239006
297.0,0.05841087,0.43280959,0.49122045
297.25,0.05827212,0.43178151,0.49005362
297.5,0.0581337,0.43075587,0.48888957
297.75,0.05799561,0.42973266,0.48772827
298.0,0.05785785,0.42871189,0.48656974
298.25,0.05772042,0.42769354,0.48541396
298.5,0.05758331,0.42667761,0.48426092
298.75,0.05744653,0.4256641,0.48311062
299.0,0.05731007,0.42465299,0.48196306
299.25,0.05717394,0.42364428,0.48081822
299.5,0.05703813,0.42263797,0.4796761
299.75,0.05690264,0.42163405,0.47853669
300.0,0.05676748,0.42063251,0.47739999
300.25,0.05663263,0.41963336,0.47626599
300.5,0.05649811,0.41863657,0.47513468
300.75,0.05636391,0.41764216,0.47400606
301.0,0.05623002,0.4166501,0.47288012
301.25,0.05609646,0.4156604,0.47175686
301.5,0.05596321,0.41467306,0.47063626
301.75,0.05583027,0.41368806,0.46951833
302.0,0.05569766,0.4127054,0.46840305
302.25,0.05556535,0.41172507,0.46729042
302.5,0.05543336,0.41074707,0.46618043
302.75,0.05530169,0.40977139,0.46507308
303.0,0.05517033,0.40879804,0.46396837
303.25,0.05503928,0.40782699,0.46286627
303.5,0.05490854,0.40685825,0.46176679
303.75,0.05477811,0.40589181,0.46066993
304.0,0.05464799,0.40492767,0.45957567
304.25,0.05451818,0.40396582,0.458484
304.5,0.05438868,0.40300625,0.45739494
304.75,0.05425949,0.40204896,0.45630845
305.0,0.0541306,0.40109395,0.45522455
305.25,0.05400202,0.4001412,0.45414323
305.5,0.05387375,0.39919072,0.45306447
305.75,0.05374578,0.3982425,0.45198828
306.0,0.05361811,0.39729652,0.45091464
306.25,0.05349075,0.3963528,0.44984355
306.5,0.05336369,0.39541132,0.44877501
306.75,0.05323693,0.39447207,0.447709
307.0,0.05311048,0.39353505,0.44664553
307.25,0.05298432,0.39260026,0.44558458
307.5,0.05285846,0.39166769,0.44452615
307.75,0.0527329,0.39073734,0.44347024
308.0,0.05260764,0.38980919,0.44241683
308.25,0.05248268,0.38888325,0.44136593
308.5,0.05235801,0.38795951,0.44031752
308.75,0.05223364,0.38703796,0.43927161
309.0,0.05210957,0.38611861,0.43822818
309.25,0.05198579,0.38520143,0.43718722
309.5,0.05186231,0.38428644,0.43614874
309.75,0.05173911,0.38337362,0.43511273
310.0,0.05161621,0.38246296,0.43407918
310.25,0.05149361,0.38155447,0.43304808
310.5,0.05137129,0.38064814,0.43201943
310.75,0.05124927,0.37974396,0.43099323
311.0,0.05112753,0.37884193,0.42996946
311.25,0.05100608,0.37794204,0.42894812
311.5,0.05088492,0.37704429,0.42792921
311.75,0.05076405,0.37614867,0.42691272
312.0,0.05064347,0.37525518,0.42589865
312.25,0.05052317,0.37436381,0.42488698
312.5,0.05040316,0.37347456,0.42387772
312.75,0.05028344,0.37258742,0.42287085
313.0,0.05016399,0.37170239,0.42186638
313.25,0.05004484,0.37081946,0.42086429
313.5,0.04992596,0.36993862,0.41986459
313.75,0.04980737,0.36905988,0.41886725
314.0,0.04968906,0.36818323,0.41787229
314.25,0.04957103,0.36730866,0.41687969
314.5,0.04945328,0.36643617,0.41588945
314.75,0.04933581,0.36556575,0.41490156
315.0,0.04921862,0.36469739,0.41391601
315.25,0.04910171,0.3638311,0.41293281
315.5,0.04898507,0.36296687,0.41195194
315.75,0.04886871,0.36210469,0.4109734
316.0,0.04875263,0.36124456,0.40999719
316.25,0.04863683,0.36038647,0.4090233
316.5,0.0485213,0.35953042,0.40805172
316.75,0.04840604,0.3586764,0.40708244
317.0,0.04829106,0.35782441,0.40611547
317.25,0.04817635,0.35697445,0.4051508
317.5,0.04806191,0.3561265,0.40418842
317.75,0.04794775,0.35528057,0.40322832
318.0,0.04783386,0.35443665,0.4022705
318.25,0.04772023,0.35359473,0.40131496
318.5,0.04760688,0.35275481,0.40036169
318.75,0.0474938,0.35191689,0.39941069
319.0,0.04738098,0.35108096,0.39846194
319.25,0.04726843,0.35024701,0.39751545
319.5,0.04715615,0.34941505,0.3965712
319.75,0.04704414,0.34858506,0.3956292
320.0,0.04693239,0.34775704,0.39468943
320.25,0.04682091,0.34693099,0.3937519
320.5,0.04670969,0.3461069,0.3928166
320.75,0.04659874,0.34528477,0.39188351
321.0,0.04648805,0.34446459,0.39095264
321.25,0.04637763,0.34364636,0.39002399
321.5,0.04626746,0.34283007,0.38909754
321.75,0.04615756,0.34201573,0.38817329
322.0,0.04604792,0.34120331,0.38725123
322.25,0.04593854,0.34039283,0.38633137
322.5,0.04582942,0.33958427,0.38541369
322.75,0.04572056,0.33877763,0.38449819
323.0,0.04561195,0.33797291,0.38358487
323.25,0.04550361,0.3371701,0.38267371
323.5,0.04539552,0.3363692,0.38176472
323.75,0.04528769,0.3355702,0.38085789
324.0,0.04518011,0.3347731,0.37995321
324.25,0.04507279,0.33397789,0.37905068
324.5,0.04496573,0.33318457,0.3781503
324.75,0.04485892,0.33239313,0.37725205
325.0,0.04475236,0.33160358,0.37635594
325.25,0.04464606,0.3308159,0.37546195
325.5,0.04454001,0.33003009,0.37457009
325.75,0.04443421,0.32924614,0.37368035
326.0,0.04432866,0.32846406,0.37279272
326.25,0.04422337,0.32768384,0.3719072
326.5,0.04411832,0.32690547,0.37102379
326.75,0.04401352,0.32612895,0.37014247
327.0,0.04390897,0.32535427,0.36926325
327.25,0.04380467,0.32458144,0.36838611
327.5,0.04370062,0.32381044,0.36751106
327.75,0.04359682,0.32304127,0.36663808
328.0,0.04349326,0.32227393,0.36576718
328.25,0.04338994,0.32150841,0.36489835
328.5,0.04328688,0.32074471,0.36403158
328.75,0.04318406,0.31998282,0.36316687
329.0,0.04308148,0.31922274,0.36230422
329.25,0.04297914,0.31846447,0.36144361
329.5,0.04287705,0.317708,0.36058505
329.75,0.0427752,0.31695333,0.35972853
330.0,0.0426736,0.31620045,0.35887404
330.25,0.04257223,0.31544935,0.35802158
330.5,0.04247111,0.31470005,0.35717115
330.75,0.04237022,0.31395252,0.35632274
331.0,0.04226958,0.31320676,0.35547634
331.25,0.04216917,0.31246278,0.35463195
331.5,0.042069,0.31172057,0.35378957
331.75,0.04196907,0.31098012,0.35294919
332.0,0.04186938,0.31024143,0.35211081
332.25,0.04176993,0.30950449,0.35127442
332.5,0.04167071,0.3087693,0.35044001
332.75,0.04157172,0.30803586,0.34960759
333.0,0.04147298,0.30730416,0.34877714
333.25,0.04137446,0.3065742,0.34794866
333.5,0.04127618,0.30584598,0.34712216
333.75,0.04117814,0.30511948,0.34629762
334.0,0.04108032,0.30439471,0.34547503
334.25,0.04098274,0.30367166,0.3446544
334.5,0.04088539,0.30295033,0.34383572
334.75,0.04078828,0.30223071,0.34301898
335.0,0.04069139,0.3015128,0.34220419
335.25,0.04059473,0.30079659,0.34139133
335.5,0.0404983,0.30008209,0.3405804
335.75,0.04040211,0.29936929,0.33977139
336.0,0.04030614,0.29865817,0.33896431
336.25,0.04021039,0.29794875,0.33815915
336.5,0.04011488,0.29724101,0.33735589
336.75,0.04001959,0.29653496,0.33655455
337.0,0.03992453,0.29583058,0.33575511
337.25,0.0398297,0.29512787,0.33495757
337.5,0.03973509,0.29442683,0.33416192
337.75,0.0396407,0.29372746,0.33336816
338.0,0.03954654,0.29302975,0.33257629
338.25,0.0394526,0.2923337,0.3317863
338.5,0.03935889,0.2916393,0.33099818
338.75,0.0392654,0.29094655,0.33021194
339.0,0.03917213,0.29025544,0.32942757
339.25,0.03907908,0.28956598,0.32864506
339.5,0.03898625,0.28887815,0.3278644
339.75,0.03889364,0.28819196,0.3270856
340.0,0.03880126,0.2875074,0.32630866
340.25,0.03870909,0.28682446,0.32553355
340.5,0.03861714,0.28614315,0.32476029
340.75,0.03852541,0.28546345,0.32398887
341.0,0.0384339,0.28478537,0.32321927
341.25,0.0383426,0.2841089,0.32245151
341.5,0.03825153,0.28343404,0.32168557
341.75,0.03816067,0.28276078,0.32092145
342.0,0.03807002,0.28208912,0.32015914
342.25,0.03797959,0.28141905,0.31939864
342.5,0.03788937,0.28075058,0.31863995
342.75,0.03779937,0.28008369,0.31788307
343.0,0.03770959,0.27941839,0.31712798
343.25,0.03762001,0.27875467,0.31637468
343.5,0.03753065,0.27809253,0.31562318
343.75,0.0374415,0.27743195,0.31487345
344.0,0.03735256,0.27677295,0.31412551
344.25,0.03726384,0.27611551,0.31337935
344.5,0.03717532,0.27545964,0.31263496
344.75,0.03708702,0.27480532,0.31189234
345.0,0.03699892,0.27415256,0.31115148
345.25,0.03691104,0.27350134,0.31041238
345.5,0.03682336,0.27285168,0.30967503
345.75,0.03673589,0.27220355,0.30893944
346.0,0.03664863,0.27155697,0.3082056
346.25,0.03656157,0.27091192,0.3074735
346.5,0.03647473,0.27026841,0.30674313
346.75,0.03638809,0.26962642,0.30601451
347.0,0.03630165,0.26898596,0.30528761
347.25,0.03621542,0.26834702,0.30456244
347.5,0.0361294,0.26770959,0.30383899
347.75,0.03604358,0.26707369,0.30311726
348.0,0.03595796,0.26643929,0.30239725
348.25,0.03587255,0.2658064,0.30167894
348.5,0.03578733,0.26517501,0.30096234
348.75,0.03570233,0.26454512,0.30024745
349.0,0.03561752,0.26391673,0.29953425
349.25,0.03553292,0.26328983,0.29882274
349.5,0.03544851,0.26266442,0.29811293
349.75,0.03536431,0.26204049,0.2974048
350.0,0.03528031,0.26141805,0.29669836
350.25,0.0351965,0.26079709,0.29599359
350.5,0.0351129,0.2601776,0.2952905
350.75,0.03502949,0.25955958,0.29458907
351.0,0.03494628,0.25894303,0.29388931
351.25,0.03486327,0.25832795,0.29319122
351.5,0.03478046,0.25771432,0.29249478
351.75,0.03469784,0.25710216,0.2918
352.0,0.03461542,0.25649144,0.29110687
352.25,0.0345332,0.25588218,0.29041538
352.5,0.03445117,0.25527437,0.28972554
352.75,0.03436934,0.254668,0.28903733
353.0,0.0342877,0.25406307,0.28835076
353.25,0.03420625,0.25345957,0.28766582
353.5,0.034125,0.25285751,0.28698251
353.75,0.03404394,0.25225688,0.28630082
354.0,0.03396307,0.25165768,0.28562075
354.25,0.0338824,0.2510599,0.2849423
354.5,0.03380191,0.25046354,0.28426546
354.75,0.03372162,0.2498686,0.28359022
355.0,0.03364152,0.24927507,0.28291659
355.25,0.03356161,0.24868295,0.28224456
355.5,0.03348189,0.24809224,0.28157412
355.75,0.03340236,0.24750293,0.28090528
356.0,0.03332301,0.24691502,0.28023803
356.25,0.03324386,0.2463285,0.27957236
356.5,0.03316489,0.24574338,0.27890827
356.75,0.03308611,0.24515965,0.27824576
357.0,0.03300752,0.2445773,0.27758483
357.25,0.03292912,0.24399634,0.27692546
357.5,0.0328509,0.24341676,0.27626766
357.75,0.03277287,0.24283856,0.27561142
358.0,0.03269502,0.24226173,0.27495675
358.25,0.03261735,0.24168627,0.27430362
358.5,0.03253988,0.24111217,0.27365205
358.75,0.03246258,0.24053944,0.27300203
359.0,0.03238547,0.23996807,0.27235355
359.25,0.03230854,0.23939806,0.27170661
359.5,0.0322318,0.2388294,0.2710612
359.75,0.03215524,0.23826209,0.27041733
360.0,0.03207886,0.23769613,0.26977499
360.25,0.03200266,0.23713152,0.26913418
360.5,0.03192664,0.23656824,0.26849488
360.75,0.0318508,0.23600631,0.26785711
361.0,0.03177514,0.23544571,0.26722085
361.25,0.03169967,0.23488644,0.2665861
361.5,0.03162437,0.23432849,0.26595286
361.75,0.03154925,0.23377188,0.26532113
362.0,0.03147431,0.23321658,0.26469089
362.25,0.03139955,0.23266261,0.26406215
362.5,0.03132496,0.23210995,0.26343491
362.75,0.03125055,0.2315586,0.26280915
363.0,0.03117632,0.23100857,0.26218489
363.25,0.03110226,0.23045984,0.2615621
363.5,0.03102839,0.22991241,0.26094079
363.75,0.03095468,0.22936628,0.26032096
364.0,0.03088115,0.22882145,0.25970261
364.25,0.0308078,0.22827792,0.25908572
364.5,0.03073462,0.22773567,0.25847029
364.75,0.03066161,0.22719472,0.25785633
365.0,0.03058878,0.22665505,0.25724383
365.25,0.03051612,0.22611666,0.25663278
365.5,0.03044363,0.22557955,0.25602318
365.75,0.03037132,0.22504371,0.25541503
366.0,0.03029918,0.22450915,0.25480833
366.25,0.0302272,0.22397586,0.25420306
366.5,0.0301554,0.22344383,0.25359924
366.75,0.03008377,0.22291307,0.25299685
367.0,0.03001231,0.22238357,0.25239589
367.25,0.02994102,0.22185533,0.25179635
367.5,0.0298699,0.22132834,0.25119824
367.75,0.02979895,0.22080261,0.25060155
368.0,0.02972817,0.22027812,0.25000628
368.25,0.02965755,0.21975488,0.24941243
368.5,0.0295871,0.21923288,0.24881998
368.75,0.02951682,0.21871212,0.24822894
369.0,0.02944671,0.2181926,0.24763931
369.25,0.02937676,0.21767431,0.24705107
369.5,0.02930698,0.21715725,0.24646424
369.75,0.02923737,0.21664142,0.24587879
370.0,0.02916792,0.21612682,0.24529474
370.25,0.02909863,0.21561344,0.24471207
370.5,0.02902951,0.21510128,0.24413079
370.75,0.02896056,0.21459033,0.24355089
371.0,0.02889177,0.2140806,0.24297237
371.25,0.02882314,0.21357208,0.24239522
371.5,0.02875467,0.21306477,0.24181944
371.75,0.02868637,0.21255866,0.24124503
372.0,0.02861823,0.21205376,0.24067199
372.25,0.02855025,0.21155005,0.2401003
372.5,0.02848243,0.21104754,0.23952998
372.75,0.02841478,0.21054623,0.238961
373.0,0.02834728,0.2100461,0.23839338
373.25,0.02827994,0.20954717,0.23782711
373.5,0.02821277,0.20904942,0.23726219
373.75,0.02814575,0.20855285,0.2366986
374.0,0.0280789,0.20805746,0.23613635
374.25,0.0280122,0.20756324,0.23557544
374.5,0.02794566,0.2070702,0.23501586
374.75,0.02787928,0.20657834,0.23445762
375.0,0.02781306,0.20608764,0.23390069
375.25,0.02774699,0.2055981,0.23334509
375.5,0.02768108,0.20510973,0.23279081
375.75,0.02761533,0.20462252,0.23223785
376.0,0.02754973,0.20413647,0.2316862
376.25,0.02748429,0.20365157,0.23113586
376.5,0.027419,0.20316782,0.23058683
376.75,0.02735387,0.20268522,0.2300391
377.0,0.0272889,0.20220377,0.22949267
377.25,0.02722408,0.20172346,0.22894754
377.5,0.02715941,0.20124429,0.22840371
377.75,0.0270949,0.20076627,0.22786116
378.0,0.02703054,0.20028937,0.22731991
378.25,0.02696633,0.19981361,0.22677994
378.5,0.02690227,0.19933898,0.22624125
378.75,0.02683837,0.19886548,0.22570385
379.0,0.02677462,0.1983931,0.22516772
379.25,0.02671102,0.19792184,0.22463286
379.5,0.02664757,0.1974517,0.22409928
379.75,0.02658427,0.19698268,0.22356696
380.0,0.02652113,0.19651478,0.2230359
380.25,0.02645813,0.19604798,0.22250611
380.5,0.02639528,0.1955823,0.22197758
380.75,0.02633258,0.19511772,0.2214503
381.0,0.02627003,0.19465424,0.22092427
381.25,0.02620763,0.19419186,0.2203995
381.5,0.02614538,0.19373059,0.21987597
381.75,0.02608328,0.19327041,0.21935368
382.0,0.02602132,0.19281132,0.21883264
382.25,0.02595951,0.19235332,0.21831283
382.5,0.02589784,0.19189641,0.21779425
382.75,0.02583633,0.19144059,0.21727691
383.0,0.02577496,0.19098584,0.2167608
383.25,0.02571373,0.19053218,0.21624591
383.5,0.02565265,0.1900796,0.21573225
383.75,0.02559172,0.18962809,0.21521981
384.0,0.02553093,0.18917765,0.21470858
384.25,0.02547028,0.18872829,0.21419857
384.5,0.02540978,0.18827999,0.21368977
384.75,0.02534942,0.18783275,0.21318218
385.0,0.02528921,0.18738658,0.21267579
385.25,0.02522914,0.18694147,0.21217061
385.5,0.02516921,0.18649741,0.21166662
385.75,0.02510942,0.18605441,0.21116384
386.0,0.02504978,0.18561247,0.21066225
386.25,0.02499028,0.18517157,0.21016185
386.5,0.02493092,0.18473172,0.20966263
386.75,0.0248717,0.18429291,0.20916461
387.0,0.02481262,0.18385515,0.20866776
387.25,0.02475368,0.18341842,0.2081721
387.5,0.02469488,0.18298274,0.20767762
387.75,0.02463622,0.18254809,0.20718431
388.0,0.0245777,0.18211447,0.20669217
388.25,0.02451932,0.18168188,0.2062012
388.5,0.02446108,0.18125032,0.20571139
388.75,0.02440297,0.18081978,0.20522275
389.0,0.02434501,0.18039027,0.20473527
389.25,0.02428718,0.17996178,0.20424895
389.5,0.02422949,0.1795343,0.20376379
389.75,0.02417193,0.17910784,0.20327977
390.0,0.02411451,0.17868239,0.20279691
390.25,0.02405723,0.17825796,0.20231519
390.5,0.02400009,0.17783453,0.20183462
390.75,0.02394308,0.17741211,0.20135519
391.0,0.02388621,0.17699069,0.20087689
391.25,0.02382947,0.17657027,0.20039974
391.5,0.02377286,0.17615085,0.19992371
391.75,0.02371639,0.17573243,0.19944882
392.0,0.02366006,0.175315,0.19897506
392.25,0.02360386,0.17489856,0.19850242
392.5,0.02354779,0.17448311,0.1980309
392.75,0.02349186,0.17406865,0.19756051
393.0,0.02343605,0.17365517,0.19709123
393.25,0.02338038,0.17324268,0.19662306
393.5,0.02332485,0.17283116,0.19615601
393.75,0.02326944,0.17242062,0.19569007
394.0,0.02321417,0.17201106,0.19522523
394.25,0.02315903,0.17160247,0.1947615
394.5,0.02310402,0.17119485,0.19429887
394.75,0.02304914,0.1707882,0.19383734
395.0,0.02299439,0.17038252,0.1933769
395.25,0.02293976,0.1699778,0.19291756
395.5,0.02288527,0.16957404,0.19245931
395.75,0.02283091,0.16917124,0.19200215
396.0,0.02277668,0.16876939,0.19154607
396.25,0.02272258,0.1683685,0.19109108
396.5,0.0226686,0.16796857,0.19063717
396.75,0.02261476,0.16756958,0.19018434
397.0,0.02256104,0.16717154,0.18973258
397.25,0.02250745,0.16677445,0.18928189
397.5,0.02245399,0.1663783,0.18883228
397.75,0.02240065,0.16598309,0.18838373
398.0,0.02234744,0.16558881,0.18793625
398.25,0.02229436,0.16519548,0.18748984
398.5,0.0222414,0.16480308,0.18704448
398.75,0.02218857,0.16441161,0.18660018
399.0,0.02213586,0.16402107,0.18615694
399.25,0.02208328,0.16363146,0.18571474
399.5,0.02203082,0.16324278,0.1852736
399.75,0.02197849,0.16285502,0.18483351
400.0,0.02192629,0.16246818,0.18439446
400.25,0.0218742,0.16208226,0.18395646
400.5,0.02182224,0.16169725,0.18351949
400.75,0.02177041,0.16131316,0.18308357
401.0,0.0217187,0.16092998,0.18264868
401.25,0.02166711,0.16054771,0.18221482
401.5,0.02161564,0.16016635,0.18178199
401.75,0.02156429,0.1597859,0.18135019
402.0,0.02151307,0.15940635,0.18091942
402.25,0.02146197,0.1590277,0.18048967
402.5,0.02141099,0.15864995,0.18006094
402.75,0.02136013,0.1582731,0.17963323
403.0,0.02130939,0.15789714,0.17920653
403.25,0.02125877,0.15752208,0.17878085
403.5,0.02120828,0.15714791,0.17835618
403.75,0.0211579,0.15677462,0.17793252
404.0,0.02110764,0.15640222,0.17750987
404.25,0.0210575,0.15603071,0.17708821
404.5,0.02100748,0.15566008,0.17666756
404.75,0.02095758,0.15529033,0.17624791
405.0,0.0209078,0.15492146,0.17582926
405.25,0.02085814,0.15455346,0.1754116
405.5,0.02080859,0.15418634,0.17499493
405.75,0.02075916,0.15382009,0.17457926
406.0,0.02070985,0.15345471,0.17416457
406.25,0.02066066,0.1530902,0.17375086
406.5,0.02061158,0.15272656,0.17333814
406.75,0.02056262,0.15236378,0.1729264
407.0,0.02051378,0.15200186,0.17251563
407.25,0.02046505,0.1516408,0.17210585
407.5,0.02041644,0.15128059,0.17169703
407.75,0.02036794,0.15092125,0.17128919
408.0,0.02031956,0.15056275,0.17088231
408.25,0.02027129,0.15020511,0.1704764
408.5,0.02022314,0.14984832,0.17007146
408.75,0.0201751,0.14949237,0.16966748
409.0,0.02012718,0.14913727,0.16926446
409.25,0.02007937,0.14878302,0.16886239
409.5,0.02003168,0.1484296,0.16846128
409.75,0.01998409,0.14807703,0.16806112
410.0,0.01993662,0.14772529,0.16766191
410.25,0.01988927,0.14737439,0.16726366
410.5,0.01984202,0.14702432,0.16686634
410.75,0.01979489,0.14667508,0.16646997
411.0,0.01974787,0.14632668,0.16607455
411.25,0.01970096,0.1459791,0.16568006
411.5,0.01965417,0.14563234,0.16528651
411.75,0.01960748,0.14528641,0.16489389
412.0,0.0195609,0.1449413,0.16450221
412.25,0.01951444,0.14459701,0.16411145
412.5,0.01946809,0.14425354,0.16372163
412.75,0.01942184,0.14391089,0.16333273
413.0,0.01937571,0.14356905,0.16294476
413.25,0.01932968,0.14322802,0.1625577
413.5,0.01928377,0.1428878,0.16217157
413.75,0.01923796,0.14254839,0.16178635
414.0,0.01919227,0.14220978,0.16140205
414.25,0.01914668,0.14187198,0.16101866
414.5,0.0191012,0.14153498,0.16063618
414.75,0.01905582,0.14119879,0.16025461
415.0,0.01901056,0.14086339,0.15987395
415.25,0.0189654,0.14052878,0.15949419
415.5,0.01892035,0.14019498,0.15911533
415.75,0.01887541,0.13986196,0.15873737
416.0,0.01883057,0.13952974,0.15836031
416.25,0.01878584,0.1391983,0.15798415
416.5,0.01874122,0.13886766,0.15760888
416.75,0.0186967,0.1385378,0.1572345
417.0,0.01865229,0.13820872,0.15686101
417.25,0.01860799,0.13788042,0.15648841
417.5,0.01856378,0.1375529,0.15611669
417.75,0.01851969,0.13722617,0.15574585
418.0,0.0184757,0.1369002,0.1553759
418.25,0.01843181,0.13657501,0.15500683
418.5,0.01838803,0.1362506,0.15463863
418.75,0.01834435,0.13592695,0.1542713
419.0,0.01830078,0.13560408,0.15390485
419.25,0.01825731,0.13528197,0.15353927
419.5,0.01821394,0.13496062,0.15317456
419.75,0.01817067,0.13464004,0.15281071
420.0,0.01812751,0.13432022,0.15244773
420.25,0.01808445,0.13400116,0.15208561
420.5,0.01804149,0.13368286,0.15172435
420.75,0.01799864,0.13336531,0.15136395
421.0,0.01795589,0.13304852,0.15100441
421.25,0.01791323,0.13273248,0.15064572
421.5,0.01787068,0.13241719,0.15028788
421.75,0.01782823,0.13210266,0.14993089
422.0,0.01778588,0.13178886,0.14957475
422.25,0.01774364,0.13147582,0.14921945
422.5,0.01770149,0.13116351,0.148865
422.75,0.01765944,0.13085195,0.14851139
423.0,0.01761749,0.13054113,0.14815862
423.25,0.01757565,0.13023105,0.14780669
423.5,0.0175339,0.1299217,0.1474556
423.75,0.01749225,0.12961309,0.14710534
424.0,0.0174507,0.12930521,0.14675591
424.25,0.01740925,0.12899806,0.14640731
424.5,0.01736789,0.12869164,0.14605954
424.75,0.01732664,0.12838595,0.14571259
425.0,0.01728548,0.12808099,0.14536647
425.25,0.01724442,0.12777675,0.14502117
425.5,0.01720346,0.12747323,0.14467669
425.75,0.01716259,0.12717044,0.14433303
426.0,0.01712183,0.12686836,0.14399019
426.25,0.01708116,0.126567,0.14364816
426.5,0.01704058,0.12626636,0.14330694
426.75,0.0170001,0.12596643,0.14296653
427.0,0.01695972,0.12566721,0.14262694
427.25,0.01691944,0.12536871,0.14228814
427.5,0.01687925,0.12507091,0.14195016
427.75,0.01683915,0.12477382,0.14161297
428.0,0.01679915,0.12447744,0.14127659
428.25,0.01675925,0.12418176,0.14094101
428.5,0.01671944,0.12388678,0.14060622
428.75,0.01667973,0.1235925,0.14027223
429.0,0.0166401,0.12329893,0.13993903
429.25,0.01660058,0.12300605,0.13960662
429.5,0.01656115,0.12271386,0.13927501
429.75,0.01652181,0.12242237,0.13894418
430.0,0.01648256,0.12213157,0.13861413
430.25,0.01644341,0.12184146,0.13828487
430.5,0.01640435,0.12155205,0.1379564
430.75,0.01636538,0.12126332,0.1376287
431.0,0.01632651,0.12097527,0.13730178
431.25,0.01628773,0.12068791,0.13697564
431.5,0.01624904,0.12040123,0.13665027
431.75,0.01621044,0.12011523,0.13632568
432.0,0.01617194,0.11982992,0.13600185
432.25,0.01613352,0.11954528,0.1356788
432.5,0.0160952,0.11926131,0.13535651
432.75,0.01605697,0.11897802,0.13503499
433.0,0.01601883,0.11869541,0.13471423
433.25,0.01598078,0.11841346,0.13439424
433.5,0.01594281,0.11813219,0.134075
433.75,0.01590494,0.11785158,0.13375652
434.0,0.01586716,0.11757164,0.1334388
434.25,0.01582947,0.11729236,0.13312184
434.5,0.01579187,0.11701375,0.13280562
434.75,0.01575436,0.1167358,0.13249016
435.0,0.01571694,0.11645851,0.13217545
435.25,0.01567961,0.11618188,0.13186148
435.5,0.01564236,0.1159059,0.13154826
435.75,0.0156052,0.11563058,0.13123579
436.0,0.01556814,0.11535592,0.13092405
436.25,0.01553116,0.1150819,0.13061306
436.5,0.01549426,0.11480854,0.13030281
436.75,0.01545746,0.11453583,0.12999329
437.0,0.01542074,0.11426377,0.12968451
437.25,0.01538411,0.11399235,0.12937646
437.5,0.01534757,0.11372157,0.12906914
437.75,0.01531111,0.11345144,0.12876256
438.0,0.01527474,0.11318195,0.1284567
438.25,0.01523846,0.1129131,0.12815157
438.5,0.01520226,0.11264489,0.12784716
438.75,0.01516615,0.11237732,0.12754347
439.0,0.01513013,0.11211038,0.12724051
439.25,0.01509419,0.11184408,0.12693827
439.5,0.01505833,0.11157841,0.12663674
439.75,0.01502257,0.11131337,0.12633594
440.0,0.01498688,0.11104896,0.12603584
440.25,0.01495128,0.11078518,0.12573646
440.5,0.01491577,0.11052202,0.12543779
440.75,0.01488034,0.11025949,0.12513983
441.0,0.01484499,0.10999758,0.12484257
441.25,0.01480973,0.1097363,0.12454603
441.5,0.01477455,0.10947564,0.12425019
441.75,0.01473945,0.10921559,0.12395505
442.0,0.01470444,0.10895616,0.12366061
442.25,0.01466951,0.10869735,0.12336687
442.5,0.01463467,0.10843916,0.12307383
442.75,0.01459991,0.10818157,0.12278148
443.0,0.01456523,0.1079246,0.12248983
443.25,0.01453063,0.10766824,0.12219887
443.5,0.01449611,0.10741249,0.1219086
443.75,0.01446168,0.10715735,0.12161903
444.0,0.01442733,0.10690281,0.12133014
444.25,0.01439306,0.10664887,0.12104193
444.5,0.01435887,0.10639554,0.12075441
444.75,0.01432476,0.10614282,0.12046758
445.0,0.01429073,0.10589069,0.12018142
445.25,0.01425679,0.10563916,0.11989595
445.5,0.01422292,0.10538823,0.11961115
445.75,0.01418914,0.10513789,0.11932703
446.0,0.01415543,0.10488815,0.11904358
446.25,0.01412181,0.104639,0.11876081
446.5,0.01408827,0.10439045,0.11847871
446.75,0.0140548,0.10414248,0.11819728
447.0,0.01402141,0.1038951,0.11791652
447.25,0.01398811,0.10364831,0.11763642
447.5,0.01395488,0.10340211,0.11735699
447.75,0.01392173,0.10315649,0.11707823
448.0,0.01388866,0.10291146,0.11680012
448.25,0.01385567,0.10266701,0.11652268
448.5,0.01382276,0.10242313,0.1162459
448.75,0.01378993,0.10217984,0.11596977
449.0,0.01375717,0.10193713,0.1156943
449.25,0.01372449,0.10169499,0.11541948
449.5,0.01369189,0.10145343,0.11514532
449.75,0.01365937,0.10121244,0.11487181
450.0,0.01362692,0.10097202,0.11459894
450.25,0.01359455,0.10073217,0.11432673
450.5,0.01356226,0.1004929,0.11405516
450.75,0.01353005,0.10025419,0.11378424
451.0,0.01349791,0.10001605,0.11351396
451.25,0.01346585,0.09977847,0.11324432
451.5,0.01343386,0.09954146,0.11297532
451.75,0.01340195,0.09930502,0.11270697
452.0,0.01337011,0.09906913,0.11243924
452.25,0.01333836,0.0988338,0.11217216
452.5,0.01330667,0.09859904,0.11190571
452.75,0.01327506,0.09836483,0.11163989
453.0,0.01324353,0.09813118,0.11137471
453.25,0.01321207,0.09789808,0.11111015
453.5,0.01318069,0.09766553,0.11084622
453.75,0.01314938,0.09743354,0.11058292
454.0,0.01311814,0.0972021,0.11032025
454.25,0.01308698,0.09697121,0.1100582
454.5,0.0130559,0.09674087,0.10979677
454.75,0.01302489,0.09651107,0.10953596
455.0,0.01299395,0.09628183,0.10927577
455.25,0.01296308,0.09605312,0.1090162
455.5,0.01293229,0.09582496,0.10875725
455.75,0.01290157,0.09559734,0.10849891
456.0,0.01287092,0.09537026,0.10824118
456.25,0.01284035,0.09514372,0.10798407
456.5,0.01280985,0.09491772,0.10772757
456.75,0.01277942,0.09469226,0.10747168
457.0,0.01274907,0.09446733,0.10721639
457.25,0.01271878,0.09424293,0.10696171
457.5,0.01268857,0.09401907,0.10670764
457.75,0.01265843,0.09379574,0.10645417
458.0,0.01262836,0.09357294,0.1062013
458.25,0.01259837,0.09335067,0.10594904
458.5,0.01256844,0.09312893,0.10569737
458.75,0.01253859,0.09290771,0.1054463
459.0,0.0125088,0.09268702,0.10519582
459.25,0.01247909,0.09246686,0.10494595
459.5,0.01244945,0.09224721,0.10469666
459.75,0.01241987,0.09202809,0.10444797
460.0,0.01239037,0.09180949,0.10419987
460.25,0.01236094,0.09159141,0.10395235
460.5,0.01233158,0.09137385,0.10370543
460.75,0.01230229,0.0911568,0.10345909
461.0,0.01227306,0.09094027,0.10321334
461.25,0.01224391,0.09072425,0.10296817
461.5,0.01221483,0.09050875,0.10272358
461.75,0.01218581,0.09029376,0.10247957
462.0,0.01215687,0.09007928,0.10223615
462.25,0.01212799,0.08986531,0.1019933
462.5,0.01209918,0.08965184,0.10175103
462.75,0.01207044,0.08943889,0.10150933
463.0,0.01204177,0.08922644,0.10126821
463.25,0.01201317,0.08901449,0.10102766
463.5,0.01198463,0.08880305,0.10078768
463.75,0.01195616,0.08859211,0.10054827
464.0,0.01192776,0.08838167,0.10030943
464.25,0.01189943,0.08817173,0.10007116
464.5,0.01187116,0.08796229,0.09983346
464.75,0.01184297,0.08775335,0.09959631
465.0,0.01181483,0.0875449,0.09935974
465.25,0.01178677,0.08733695,0.09912372
465.5,0.01175877,0.08712949,0.09888827
465.75,0.01173084,0.08692253,0.09865337
466.0,0.01170298,0.08671606,0.09841903
466.25,0.01167518,0.08651007,0.09818525
466.5,0.01164744,0.08630458,0.09795202
466.75,0.01161978,0.08609957,0.09771935
467.0,0.01159218,0.08589506,0.09748723
467.25,0.01156464,0.08569102,0.09725566
467.5,0.01153717,0.08548748,0.09702465
467.75,0.01150976,0.08528441,0.09679418
468.0,0.01148242,0.08508183,0.09656426
468.25,0.01145515,0.08487973,0.09633488
468.5,0.01142794,0.08467811,0.09610605
468.75,0.01140079,0.08447697,0.09587776
469.0,0.01137371,0.0842763,0.09565002
469.25,0.0113467,0.08407612,0.09542281
469.5,0.01131974,0.0838764,0.09519615
469.75,0.01129285,0.08367717,0.09497002
470.0,0.01126603,0.0834784,0.09474443
470.25,0.01123927,0.08328011,0.09451938
470.5,0.01121257,0.08308229,0.09429486
470.75,0.01118594,0.08288494,0.09407088
471.0,0.01115937,0.08268806,0.09384742
471.25,0.01113286,0.08249164,0.0936245
471.5,0.01110641,0.0822957,0.09340211
471.75,0.01108003,0.08210021,0.09318025
472.0,0.01105371,0.08190519,0.09295891
472.25,0.01102746,0.08171064,0.0927381
472.5,0.01100126,0.08151655,0.09251781
472.75,0.01097513,0.08132291,0.09229805
473.0,0.01094906,0.08112974,0.0920788
473.25,0.01092305,0.08093703,0.09186008
473.5,0.01089711,0.08074477,0.09164188
473.75,0.01087122,0.08055298,0.0914242
474.0,0.0108454,0.08036163,0.09120703
474.25,0.01081964,0.08017074,0.09099038
474.5,0.01079394,0.07998031,0.09077425
474.75,0.0107683,0.07979033,0.09055862
475.0,0.01074272,0.0796008,0.09034351
475.25,0.0107172,0.07941171,0.09012891
475.5,0.01069174,0.07922308,0.08991483
475.75,0.01066635,0.0790349,0.08970124
476.0,0.01064101,0.07884716,0.08948817
476.25,0.01061573,0.07865987,0.0892756
476.5,0.01059052,0.07847302,0.08906354
476.75,0.01056536,0.07828662,0.08885198
477.0,0.01054026,0.07810066,0.08864093
477.25,0.01051523,0.07791514,0.08843037
477.5,0.01049025,0.07773007,0.08822032
477.75,0.01046533,0.07754543,0.08801076
478.0,0.01044047,0.07736123,0.0878017
478.25,0.01041567,0.07717747,0.08759314
478.5,0.01039093,0.07699414,0.08738508
478.75,0.01036625,0.07681126,0.0871775
479.0,0.01034163,0.0766288,0.08697043
479.25,0.01031706,0.07644678,0.08676384
479.5,0.01029255,0.07626519,0.08655774
479.75,0.0102681,0.07608403,0.08635214
480.0,0.01024371,0.0759033,0.08614702
480.25,0.01021938,0.07572301,0.08594239
480.5,0.01019511,0.07554314,0.08573824
480.75,0.01017089,0.07536369,0.08553458
481.0,0.01014673,0.07518468,0.08533141
481.25,0.01012263,0.07500609,0.08512871
481.5,0.01009858,0.07482792,0.0849265
481.75,0.01007459,0.07465017,0.08472477
482.0,0.01005066,0.07447285,0.08452352
482.25,0.01002679,0.07429595,0.08432274
482.5,0.01000297,0.07411947,0.08412245
482.75,0.00997921,0.07394341,0.08392262
483.0,0.00995551,0.07376777,0.08372328
483.25,0.00993186,0.07359254,0.0835244
483.5,0.00990827,0.07341773,0.083326
483.75,0.00988473,0.07324334,0.08312807
484.0,0.00986125,0.07306936,0.08293061
484.25,0.00983783,0.07289579,0.08273362
484.5,0.00981446,0.07272264,0.0825371
484.75,0.00979115,0.0725499,0.08234104
485.0,0.00976789,0.07237756,0.08214545
485.25,0.00974469,0.07220564,0.08195033
485.5,0.00972154,0.07203412,0.08175566
485.75,0.00969845,0.07186302,0.08156146
486.0,0.00967541,0.07169232,0.08136773
486.25,0.00965243,0.07152202,0.08117445
486.5,0.0096295,0.07135213,0.08098163
486.75,0.00960663,0.07118264,0.08078927
487.0,0.00958381,0.07101356,0.08059736
487.25,0.00956104,0.07084487,0.08040591
487.5,0.00953833,0.07067659,0.08021492
487.75,0.00951567,0.07050871,0.08002438
488.0,0.00949307,0.07034122,0.07983429
488.25,0.00947052,0.07017414,0.07964466
488.5,0.00944802,0.07000745,0.07945547
488.75,0.00942558,0.06984115,0.07926674
489.0,0.00940319,0.06967526,0.07907845
489.25,0.00938086,0.06950975,0.07889061
489.5,0.00935857,0.06934464,0.07870321
489.75,0.00933634,0.06917992,0.07851627
490.0,0.00931417,0.06901559,0.07832976
490.25,0.00929204,0.06885166,0.0781437
490.5,0.00926997,0.06868811,0.07795808
490.75,0.00924795,0.06852495,0.0777729
491.0,0.00922598,0.06836218,0.07758816
491.25,0.00920407,0.06819979,0.07740386
491.5,0.0091822,0.06803779,0.07722
491.75,0.00916039,0.06787618,0.07703657
492.0,0.00913863,0.06771495,0.07685358
492.25,0.00911693,0.0675541,0.07667103
492.5,0.00909527,0.06739363,0.0764889
492.75,0.00907367,0.06723355,0.07630721
493.0,0.00905211,0.06707384,0.07612596
493.25,0.00903061,0.06691452,0.07594513
493.5,0.00900916,0.06675557,0.07576473
493.75,0.00898776,0.066597,0.07558476
494.0,0.00896641,0.06643881,0.07540522
494.25,0.00894511,0.06628099,0.07522611
494.5,0.00892386,0.06612355,0.07504742
494.75,0.00890267,0.06596648,0.07486915
495.0,0.00888152,0.06580979,0.07469131
495.25,0.00886042,0.06565347,0.07451389
495.5,0.00883938,0.06549752,0.07433689
495.75,0.00881838,0.06534194,0.07416031
496.0,0.00879743,0.06518672,0.07398416
496.25,0.00877653,0.06503188,0.07380842
496.5,0.00875569,0.06487741,0.07363309
496.75,0.00873489,0.0647233,0.07345819
497.0,0.00871414,0.06456956,0.0732837
497.25,0.00869344,0.06441618,0.07310962
497.5,0.00867279,0.06426317,0.07293596
497.75,0.00865219,0.06411052,0.07276271
498.0,0.00863164,0.06395823,0.07258987
498.25,0.00861113,0.06380631,0.07241745
498.5,0.00859068,0.06365475,0.07224543
498.75,0.00857027,0.06350354,0.07207382
499.0,0.00854992,0.0633527,0.07190262
499.25,0.00852961,0.06320221,0.07173182
499.5,0.00850935,0.06305208,0.07156143
499.75,0.00848913,0.06290231,0.07139145
500.0,0.00846897,0.0627529,0.07122187
500.25,0.00844885,0.06260384,0.07105269
500.5,0.00842878,0.06245513,0.07088391
500.75,0.00840876,0.06230677,0.07071554
501.0,0.00838879,0.06215877,0.07054756
501.25,0.00836886,0.06201112,0.07037998
501.5,0.00834898,0.06186382,0.07021281
501.75,0.00832915,0.06171687,0.07004602
502.0,0.00830937,0.06157027,0.06987964
502.25,0.00828963,0.06142402,0.06971365
502.5,0.00826994,0.06127812,0.06954805
502.75,0.00825029,0.06113256,0.06938285
503.0,0.00823069,0.06098735,0.06921804
503.25,0.00821114,0.06084248,0.06905362
503.5,0.00819164,0.06069796,0.0688896
503.75,0.00817218,0.06055378,0.06872596
504.0,0.00815277,0.06040994,0.06856271
504.25,0.0081334,0.06026644,0.06839985
504.5,0.00811408,0.06012329,0.06823737
504.75,0.00809481,0.05998047,0.06807528
505.0,0.00807558,0.059838,0.06791358
505.25,0.0080564,0.05969586,0.06775226
505.5,0.00803726,0.05955406,0.06759132
505.75,0.00801817,0.0594126,0.06743077
506.0,0.00799912,0.05927147,0.0672706
506.25,0.00798012,0.05913068,0.0671108
506.5,0.00796117,0.05899022,0.06695139
506.75,0.00794226,0.0588501,0.06679236
507.0,0.00792339,0.05871031,0.0666337
507.25,0.00790457,0.05857085,0.06647542
507.5,0.00788579,0.05843172,0.06631752
507.75,0.00786706,0.05829293,0.06615999
508.0,0.00784838,0.05815446,0.06600283
508.25,0.00782973,0.05801632,0.06584605
508.5,0.00781113,0.05787851,0.06568964
508.75,0.00779258,0.05774103,0.06553361
509.0,0.00777407,0.05760387,0.06537794
509.25,0.0077556,0.05746704,0.06522264
509.5,0.00773718,0.05733054,0.06506772
509.75,0.0077188,0.05719435,0.06491316
510.0,0.00770047,0.0570585,0.06475896
510.25,0.00768218,0.05692296,0.06460514
510.5,0.00766393,0.05678775,0.06445168
510.75,0.00764572,0.05665286,0.06429858
511.0,0.00762756,0.05651829,0.06414585
511.25,0.00760944,0.05638403,0.06399348
511.5,0.00759137,0.0562501,0.06384147
511.75,0.00757334,0.05611649,0.06368982
512.0,0.00755535,0.05598319,0.06353854
512.25,0.0075374,0.05585021,0.06338761
512.5,0.0075195,0.05571754,0.06323704
512.75,0.00750163,0.05558519,0.06308683
513.0,0.00748382,0.05545316,0.06293697
513.25,0.00746604,0.05532144,0.06278748
513.5,0.0074483,0.05519003,0.06263833
513.75,0.00743061,0.05505893,0.06248954
514.0,0.00741296,0.05492815,0.06234111
514.25,0.00739535,0.05479767,0.06219302
514.5,0.00737779,0.05466751,0.06204529
514.75,0.00736026,0.05453765,0.06189791
515.0,0.00734278,0.0544081,0.06175088
515.25,0.00732534,0.05427887,0.0616042
515.5,0.00730794,0.05414993,0.06145787
515.75,0.00729058,0.05402131,0.06131188
516.0,0.00727326,0.05389299,0.06116624
516.25,0.00725598,0.05376497,0.06102095
516.5,0.00723875,0.05363726,0.06087601
516.75,0.00722155,0.05350985,0.0607314
517.0,0.0072044,0.05338275,0.06058714
517.25,0.00718728,0.05325594,0.06044323
517.5,0.00717021,0.05312944,0.06029965
517.75,0.00715318,0.05300324,0.06015642
518.0,0.00713619,0.05287734,0.06001352
518.25,0.00711924,0.05275173,0.05987097
518.5,0.00710233,0.05262643,0.05972875
518.75,0.00708546,0.05250142,0.05958688
519.0,0.00706863,0.05237671,0.05944534
519.25,0.00705184,0.0522523,0.05930413
519.5,0.00703508,0.05212818,0.05916326
519.75,0.00701837,0.05200435,0.05902273
520.0,0.0070017,0.05188082,0.05888253
520.25,0.00698507,0.05175759,0.05874266
520.5,0.00696848,0.05163465,0.05860312
520.75,0.00695193,0.05151199,0.05846392
521.0,0.00693541,0.05138963,0.05832505
521.25,0.00691894,0.05126756,0.0581865
521.5,0.0069025,0.05114579,0.05804829
521.75,0.00688611,0.0510243,0.0579104
522.0,0.00686975,0.05090309,0.05777284
522.25,0.00685343,0.05078218,0.05763561
522.5,0.00683715,0.05066155,0.05749871
522.75,0.00682091,0.05054121,0.05736213
523.0,0.00680471,0.05042116,0.05722587
523.25,0.00678855,0.05030139,0.05708994
523.5,0.00677242,0.05018191,0.05695433
523.75,0.00675633,0.05006271,0.05681904
524.0,0.00674028,0.04994379,0.05668407
524.25,0.00672427,0.04982515,0.05654943
524.5,0.0067083,0.0497068,0.0564151
524.75,0.00669237,0.04958873,0.0562811
525.0,0.00667647,0.04947094,0.05614741
525.25,0.00666061,0.04935343,0.05601404
525.5,0.00664479,0.04923619,0.05588098
525.75,0.00662901,0.04911924,0.05574825
526.0,0.00661326,0.04900256,0.05561582
526.25,0.00659755,0.04888616,0.05548371
526.5,0.00658188,0.04877004,0.05535192
526.75,0.00656624,0.04865419,0.05522044
527.0,0.00655065,0.04853862,0.05508927
527.25,0.00653509,0.04842333,0.05495841
527.5,0.00651956,0.0483083,0.05482787
527.75,0.00650408,0.04819355,0.05469763
528.0,0.00648863,0.04807908,0.0545677
528.25,0.00647322,0.04796487,0.05443809
528.5,0.00645784,0.04785094,0.05430877
528.75,0.0064425,0.04773727,0.05417977
529.0,0.0064272,0.04762388,0.05405107
529.25,0.00641193,0.04751075,0.05392268
529.5,0.0063967,0.0473979,0.0537946
529.75,0.0063815,0.04728531,0.05366681
530.0,0.00636635,0.04717299,0.05353934
530.25,0.00635122,0.04706094,0.05341216
530.5,0.00633614,0.04694915,0.05328529
530.75,0.00632109,0.04683763,0.05315872
531.0,0.00630607,0.04672637,0.05303244
531.25,0.00629109,0.04661538,0.05290647
531.5,0.00627615,0.04650465,0.0527808
531.75,0.00626124,0.04639419,0.05265543
532.0,0.00624637,0.04628398,0.05253035
532.25,0.00623153,0.04617404,0.05240557
532.5,0.00621673,0.04606436,0.05228109
532.75,0.00620196,0.04595494,0.0521569
533.0,0.00618723,0.04584578,0.05203301
533.25,0.00617253,0.04573688,0.05190941
533.5,0.00615787,0.04562824,0.05178611
533.75,0.00614324,0.04551986,0.0516631
534.0,0.00612865,0.04541173,0.05154038
534.25,0.00611409,0.04530386,0.05141795
534.5,0.00609957,0.04519625,0.05129581
534.75,0.00608508,0.04508889,0.05117397
535.0,0.00607063,0.04498179,0.05105241
535.25,0.00605621,0.04487494,0.05093114
535.5,0.00604182,0.04476834,0.05081016
535.75,0.00602747,0.044662,0.05068947
536.0,0.00601315,0.04455591,0.05056906
536.25,0.00599887,0.04445008,0.05044894
536.5,0.00598462,0.04434449,0.05032911
536.75,0.0059704,0.04423916,0.05020956
537.0,0.00595622,0.04413407,0.05009029
537.25,0.00594207,0.04402924,0.04997131
537.5,0.00592796,0.04392465,0.04985261
537.75,0.00591388,0.04382031,0.04973419
538.0,0.00589983,0.04371623,0.04961605
538.25,0.00588581,0.04361238,0.0494982
538.5,0.00587183,0.04350879,0.04938062
538.75,0.00585789,0.04340544,0.04926332
539.0,0.00584397,0.04330233,0.04914631
539.25,0.00583009,0.04319948,0.04902957
539.5,0.00581624,0.04309686,0.0489131
539.75,0.00580243,0.04299449,0.04879692
540.0,0.00578864,0.04289236,0.048681
540.25,0.00577489,0.04279048,0.04856537
540.5,0.00576117,0.04268883,0.04845001
540.75,0.00574749,0.04258743,0.04833492
541.0,0.00573384,0.04248627,0.04822011
541.25,0.00572022,0.04238535,0.04810557
541.5,0.00570663,0.04228467,0.0479913
541.75,0.00569307,0.04218423,0.0478773
542.0,0.00567955,0.04208403,0.04776358
542.25,0.00566606,0.04198406,0.04765012
542.5,0.0056526,0.04188433,0.04753693
542.75,0.00563917,0.04178484,0.04742402
543.0,0.00562578,0.04168559,0.04731137
543.25,0.00561242,0.04158657,0.04719899
543.5,0.00559908,0.04148779,0.04708687
543.75,0.00558578,0.04138924,0.04697502
544.0,0.00557252,0.04129092,0.04686344
544.25,0.00555928,0.04119284,0.04675212
544.5,0.00554607,0.04109499,0.04664107
544.75,0.0055329,0.04099738,0.04653028
545.0,0.00551976,0.04089999,0.04641975
545.25,0.00550665,0.04080284,0.04630949
545.5,0.00549357,0.04070592,0.04619948
545.75,0.00548052,0.04060923,0.04608974
546.0,0.0054675,0.04051277,0.04598026
546.25,0.00545451,0.04041653,0.04587104
546.5,0.00544155,0.04032053,0.04576208
546.75,0.00542863,0.04022475,0.04565338
547.0,0.00541573,0.0401292,0.04554494
547.25,0.00540287,0.04003388,0.04543675
547.5,0.00539004,0.03993879,0.04532882
547.75,0.00537723,0.03984392,0.04522115
548.0,0.00536446,0.03974927,0.04511373
548.25,0.00535172,0.03965485,0.04500657
548.5,0.005339,0.03956066,0.04489966
548.75,0.00532632,0.03946669,0.04479301
549.0,0.00531367,0.03937294,0.04468661
549.25,0.00530105,0.03927942,0.04458046
549.5,0.00528846,0.03918611,0.04447457
549.75,0.00527589,0.03909303,0.04436893
550.0,0.00526336,0.03900017,0.04426353
550.25,0.00525086,0.03890753,0.04415839
550.5,0.00523839,0.03881511,0.0440535
550.75,0.00522594,0.03872291,0.04394886
551.0,0.00521353,0.03863093,0.04384446
551.25,0.00520115,0.03853917,0.04374031
551.5,0.00518879,0.03844762,0.04363641
551.75,0.00517647,0.0383563,0.04353276
552.0,0.00516417,0.03826519,0.04342936
552.25,0.0051519,0.03817429,0.0433262
552.5,0.00513967,0.03808361,0.04322328
552.75,0.00512746,0.03799315,0.04312061
553.0,0.00511528,0.0379029,0.04301818
553.25,0.00510313,0.03781287,0.042916
553.5,0.00509101,0.03772305,0.04281406
553.75,0.00507891,0.03763344,0.04271236
554.0,0.00506685,0.03754405,0.0426109
554.25,0.00505481,0.03745487,0.04250968
554.5,0.00504281,0.0373659,0.04240871
554.75,0.00503083,0.03727714,0.04230797
555.0,0.00501888,0.0371886,0.04220747
555.25,0.00500696,0.03710026,0.04210721
555.5,0.00499506,0.03701213,0.04200719
555.75,0.0049832,0.03692422,0.04190741
556.0,0.00497136,0.03683651,0.04180787
556.25,0.00495955,0.03674901,0.04170856
556.5,0.00494777,0.03666171,0.04160948
556.75,0.00493602,0.03657463,0.04151065
557.0,0.00492429,0.03648775,0.04141204
557.25,0.0049126,0.03640108,0.04131367
557.5,0.00490093,0.03631461,0.04121554
557.75,0.00488928,0.03622835,0.04111764
558.0,0.00487767,0.0361423,0.04101997
558.25,0.00486608,0.03605645,0.04092253
558.5,0.00485453,0.0359708,0.04082532
558.75,0.00484299,0.03588535,0.04072835
559.0,0.00483149,0.03580011,0.0406316
559.25,0.00482001,0.03571508,0.04053509
559.5,0.00480857,0.03563024,0.0404388
559.75,0.00479714,0.0355456,0.04034275
560.0,0.00478575,0.03546117,0.04024692
560.25,0.00477438,0.03537694,0.04015132
560.5,0.00476304,0.0352929,0.04005594
560.75,0.00475173,0.03520907,0.03996079
561.0,0.00474044,0.03512544,0.03986587
561.25,0.00472918,0.035042,0.03977118
561.5,0.00471794,0.03495876,0.03967671
561.75,0.00470674,0.03487572,0.03958246
562.0,0.00469556,0.03479288,0.03948844
562.25,0.0046844,0.03471023,0.03939464
562.5,0.00467328,0.03462778,0.03930106
562.75,0.00466218,0.03454553,0.03920771
563.0,0.0046511,0.03446347,0.03911457
563.25,0.00464005,0.03438161,0.03902166
563.5,0.00462903,0.03429994,0.03892897
563.75,0.00461804,0.03421846,0.0388365
564.0,0.00460707,0.03413718,0.03874425
564.25,0.00459612,0.03405609,0.03865222
564.5,0.00458521,0.0339752,0.0385604
564.75,0.00457431,0.03389449,0.03846881
565.0,0.00456345,0.03381398,0.03837743
565.25,0.00455261,0.03373366,0.03828627
565.5,0.00454179,0.03365353,0.03819533
565.75,0.00453101,0.03357359,0.0381046
566.0,0.00452024,0.03349384,0.03801409
566.25,0.00450951,0.03341428,0.03792379
566.5,0.00449879,0.03333491,0.03783371
566.75,0.00448811,0.03325573,0.03774384
567.0,0.00447745,0.03317673,0.03765418
567.25,0.00446681,0.03309793,0.03756474
567.5,0.0044562,0.03301931,0.03747551
567.75,0.00444562,0.03294088,0.03738649
568.0,0.00443506,0.03286263,0.03729768
568.25,0.00442452,0.03278457,0.03720909
568.5,0.00441401,0.03270669,0.0371207
568.75,0.00440353,0.032629,0.03703253
569.0,0.00439307,0.0325515,0.03694456
569.25,0.00438263,0.03247417,0.0368568
569.5,0.00437222,0.03239704,0.03676926
569.75,0.00436183,0.03232008,0.03668192
570.0,0.00435147,0.03224331,0.03659478
570.25,0.00434114,0.03216672,0.03650786
570.5,0.00433083,0.03209031,0.03642114
570.75,0.00432054,0.03201409,0.03633462
571.0,0.00431028,0.03193804,0.03624832
571.25,0.00430004,0.03186218,0.03616221
571.5,0.00428982,0.03178649,0.03607631
571.75,0.00427963,0.03171099,0.03599062
572.0,0.00426947,0.03163566,0.03590513
572.25,0.00425933,0.03156051,0.03581984
572.5,0.00424921,0.03148555,0.03573476
572.75,0.00423911,0.03141076,0.03564987
573.0,0.00422905,0.03133615,0.03556519
573.25,0.004219,0.03126171,0.03548071
573.5,0.00420898,0.03118745,0.03539643
573.75,0.00419898,0.03111337,0.03531235
574.0,0.00418901,0.03103946,0.03522847
574.25,0.00417906,0.03096573,0.03514479
574.5,0.00416913,0.03089218,0.03506131
574.75,0.00415923,0.0308188,0.03497802
575.0,0.00414935,0.03074559,0.03489494
575.25,0.00413949,0.03067256,0.03481205
575.5,0.00412966,0.0305997,0.03472936
575.75,0.00411985,0.03052702,0.03464686
576.0,0.00411006,0.0304545,0.03456457
576.25,0.0041003,0.03038216,0.03448246
576.5,0.00409056,0.03030999,0.03440055
576.75,0.00408084,0.030238,0.03431884
577.0,0.00407115,0.03016617,0.03423732
577.25,0.00406148,0.03009452,0.03415599
577.5,0.00405183,0.03002303,0.03407486
577.75,0.00404221,0.02995171,0.03399392
578.0,0.0040326,0.02988057,0.03391317
578.25,0.00402303,0.02980959,0.03383262
578.5,0.00401347,0.02973878,0.03375225
578.75,0.00400394,0.02966814,0.03367208
579.0,0.00399442,0.02959767,0.03359209
579.25,0.00398494,0.02952736,0.0335123
579.5,0.00397547,0.02945722,0.0334327
579.75,0.00396603,0.02938725,0.03335328
580.0,0.00395661,0.02931745,0.03327405
580.25,0.00394721,0.02924781,0.03319502
580.5,0.00393783,0.02917833,0.03311617
580.75,0.00392848,0.02910902,0.0330375
581.0,0.00391915,0.02903988,0.03295903
581.25,0.00390984,0.0289709,0.03288074
581.5,0.00390055,0.02890208,0.03280263
581.75,0.00389129,0.02883343,0.03272471
582.0,0.00388204,0.02876494,0.03264698
582.25,0.00387282,0.02869661,0.03256943
582.5,0.00386362,0.02862845,0.03249207
582.75,0.00385444,0.02856044,0.03241489
583.0,0.00384529,0.0284926,0.03233789
583.25,0.00383615,0.02842492,0.03226108
583.5,0.00382704,0.0283574,0.03218444
583.75,0.00381795,0.02829004,0.03210799
584.0,0.00380888,0.02822284,0.03203173
584.25,0.00379983,0.0281558,0.03195564
584.5,0.00379081,0.02808892,0.03187973
584.75,0.0037818,0.0280222,0.03180401
585.0,0.00377282,0.02795564,0.03172846
585.25,0.00376386,0.02788923,0.03165309
585.5,0.00375492,0.02782299,0.03157791
585.75,0.003746,0.0277569,0.0315029
586.0,0.0037371,0.02769096,0.03142807
586.25,0.00372822,0.02762519,0.03135341
586.5,0.00371937,0.02755957,0.03127894
586.75,0.00371053,0.0274941,0.03120464
587.0,0.00370172,0.0274288,0.03113051
587.25,0.00369293,0.02736364,0.03105657
587.5,0.00368415,0.02729864,0.0309828
587.75,0.0036754,0.0272338,0.0309092
588.0,0.00366667,0.02716911,0.03083578
588.25,0.00365796,0.02710457,0.03076254
588.5,0.00364927,0.02704019,0.03068946
588.75,0.00364061,0.02697596,0.03061656
589.0,0.00363196,0.02691188,0.03054384
589.25,0.00362333,0.02684795,0.03047129
589.5,0.00361472,0.02678418,0.0303989
589.75,0.00360614,0.02672056,0.0303267
590.0,0.00359757,0.02665709,0.03025466
590.25,0.00358903,0.02659377,0.03018279
590.5,0.0035805,0.0265306,0.0301111
590.75,0.003572,0.02646758,0.03003957
591.0,0.00356351,0.02640471,0.02996822
591.25,0.00355505,0.02634199,0.02989703
591.5,0.0035466,0.02627941,0.02982602
591.75,0.00353818,0.02621699,0.02975517
592.0,0.00352977,0.02615472,0.02968449
592.25,0.00352139,0.02609259,0.02961398
592.5,0.00351302,0.02603061,0.02954363
592.75,0.00350468,0.02596878,0.02947346
593.0,0.00349635,0.02590709,0.02940345
593.25,0.00348805,0.02584555,0.0293336
593.5,0.00347976,0.02578416,0.02926392
593.75,0.0034715,0.02572291,0.02919441
594.0,0.00346325,0.02566181,0.02912506
594.25,0.00345503,0.02560086,0.02905588
594.5,0.00344682,0.02554004,0.02898686
594.75,0.00343863,0.02547938,0.02891801
595.0,0.00343046,0.02541885,0.02884932
595.25,0.00342231,0.02535848,0.02878079
595.5,0.00341419,0.02529824,0.02871242
595.75,0.00340608,0.02523815,0.02864422
596.0,0.00339798,0.0251782,0.02857618
596.25,0.00338991,0.02511839,0.0285083
596.5,0.00338186,0.02505872,0.02844058
596.75,0.00337383,0.0249992,0.02837303
597.0,0.00336581,0.02493982,0.02830563
597.25,0.00335782,0.02488058,0.0282384
597.5,0.00334984,0.02482148,0.02817132
597.75,0.00334189,0.02476252,0.0281044
598.0,0.00333395,0.0247037,0.02803764
598.25,0.00332603,0.02464502,0.02797104
598.5,0.00331813,0.02458647,0.0279046
598.75,0.00331025,0.02452807,0.02783832
599.0,0.00330238,0.02446981,0.02777219
599.25,0.00329454,0.02441168,0.02770622
599.5,0.00328671,0.0243537,0.02764041
599.75,0.00327891,0.02429585,0.02757475
600.0,0.00327112,0.02423814,0.02750925
600.25,0.00326335,0.02418056,0.02744391
600.5,0.00325559,0.02412313,0.02737872
600.75,0.00324786,0.02406582,0.02731369
601.0,0.00324015,0.02400866,0.02724881
601.25,0.00323245,0.02395163,0.02718408
601.5,0.00322477,0.02389474,0.02711951
601.75,0.00321711,0.02383798,0.02705509
602.0,0.00320947,0.02378135,0.02699082
602.25,0.00320185,0.02372486,0.02692671
602.5,0.00319424,0.02366851,0.02686275
602.75,0.00318665,0.02361229,0.02679894
603.0,0.00317908,0.0235562,0.02673528
603.25,0.00317153,0.02350024,0.02667178
603.5,0.003164,0.02344442,0.02660842
603.75,0.00315648,0.02338873,0.02654522
604.0,0.00314899,0.02333318,0.02648216
604.25,0.00314151,0.02327775,0.02641926
604.5,0.00313404,0.02322246,0.0263565
604.75,0.0031266,0.0231673,0.02629389
605.0,0.00311917,0.02311227,0.02623144
605.25,0.00311176,0.02305737,0.02616913
605.5,0.00310437,0.0230026,0.02610697
605.75,0.003097,0.02294796,0.02604495
606.0,0.00308964,0.02289345,0.02598309
606.25,0.0030823,0.02283907,0.02592137
606.5,0.00307498,0.02278481,0.02585979
606.75,0.00306768,0.02273069,0.02579837
607.0,0.00306039,0.0226767,0.02573709
607.25,0.00305312,0.02262283,0.02567595
607.5,0.00304587,0.0225691,0.02561496
607.75,0.00303863,0.02251549,0.02555412
608.0,0.00303141,0.022462,0.02549342
608.25,0.00302421,0.02240865,0.02543286
608.5,0.00301703,0.02235542,0.02537245
608.75,0.00300986,0.02230232,0.02531218
609.0,0.00300271,0.02224934,0.02525205
609.25,0.00299558,0.02219649,0.02519207
609.5,0.00298847,0.02214377,0.02513223
609.75,0.00298137,0.02209117,0.02507253
610.0,0.00297428,0.02203869,0.02501298
610.25,0.00296722,0.02198634,0.02495356
610.5,0.00296017,0.02193412,0.02489429
610.75,0.00295314,0.02188201,0.02483515
611.0,0.00294613,0.02183004,0.02477616
611.25,0.00293913,0.02177818,0.02471731
611.5,0.00293215,0.02172645,0.0246586
611.75,0.00292518,0.02167484,0.02460002
612.0,0.00291823,0.02162336,0.02454159
612.25,0.0029113,0.02157199,0.02448329
612.5,0.00290439,0.02152075,0.02442514
612.75,0.00289749,0.02146963,0.02436712
613.0,0.0028906,0.02141863,0.02430924
613.25,0.00288374,0.02136776,0.02425149
613.5,0.00287689,0.021317,0.02419389
613.75,0.00287005,0.02126636,0.02413642
614.0,0.00286324,0.02121585,0.02407908
614.25,0.00285643,0.02116545,0.02402189
614.5,0.00284965,0.02111518,0.02396483
614.75,0.00284288,0.02106502,0.0239079
615.0,0.00283613,0.02101498,0.02385111
615.25,0.00282939,0.02096507,0.02379446
615.5,0.00282267,0.02091527,0.02373794
615.75,0.00281597,0.02086558,0.02368155
616.0,0.00280928,0.02081602,0.0236253
616.25,0.0028026,0.02076658,0.02356918
616.5,0.00279595,0.02071725,0.02351319
616.75,0.0027893,0.02066804,0.02345734
617.0,0.00278268,0.02061894,0.02340162
617.25,0.00277607,0.02056996,0.02334603
617.5,0.00276948,0.0205211,0.02329058
617.75,0.0027629,0.02047236,0.02323525
618.0,0.00275633,0.02042373,0.02318006
618.25,0.00274979,0.02037521,0.023125
618.5,0.00274325,0.02032682,0.02307007
618.75,0.00273674,0.02027853,0.02301527
619.0,0.00273024,0.02023036,0.0229606
619.25,0.00272375,0.02018231,0.02290606
619.5,0.00271728,0.02013437,0.02285165
619.75,0.00271083,0.02008654,0.02279737
620.0,0.00270439,0.02003883,0.02274322
620.25,0.00269796,0.01999123,0.02268919
620.5,0.00269156,0.01994374,0.0226353
620.75,0.00268516,0.01989637,0.02258153
621.0,0.00267878,0.01984911,0.02252789
621.25,0.00267242,0.01980196,0.02247438
621.5,0.00266607,0.01975492,0.022421
621.75,0.00265974,0.019708,0.02236774
622.0,0.00265342,0.01966118,0.02231461
622.25,0.00264712,0.01961448,0.0222616
622.5,0.00264083,0.01956789,0.02220872
622.75,0.00263456,0.01952141,0.02215597
623.0,0.0026283,0.01947504,0.02210334
623.25,0.00262206,0.01942878,0.02205083
623.5,0.00261583,0.01938263,0.02199846
623.75,0.00260962,0.01933659,0.0219462
624.0,0.00260342,0.01929065,0.02189407
624.25,0.00259723,0.01924483,0.02184206
624.5,0.00259106,0.01919912,0.02179018
624.75,0.00258491,0.01915351,0.02173842
625.0,0.00257877,0.01910802,0.02168679
625.25,0.00257264,0.01906263,0.02163527
625.5,0.00256653,0.01901735,0.02158388
625.75,0.00256044,0.01897217,0.02153261
626.0,0.00255435,0.01892711,0.02148146
626.25,0.00254829,0.01888215,0.02143044
626.5,0.00254223,0.0188373,0.02137953
626.75,0.00253619,0.01879255,0.02132875
627.0,0.00253017,0.01874791,0.02127808
627.25,0.00252416,0.01870338,0.02122754
627.5,0.00251816,0.01865895,0.02117712
627.75,0.00251218,0.01861463,0.02112681
628.0,0.00250622,0.01857041,0.02107663
628.25,0.00250026,0.0185263,0.02102656
628.5,0.00249432,0.0184823,0.02097662
628.75,0.0024884,0.01843839,0.02092679
629.0,0.00248249,0.0183946,0.02087708
629.25,0.00247659,0.0183509,0.02082749
629.5,0.00247071,0.01830731,0.02077802
629.75,0.00246484,0.01826382,0.02072866
630.0,0.00245898,0.01822044,0.02067942
630.25,0.00245314,0.01817716,0.0206303
630.5,0.00244732,0.01813398,0.0205813
630.75,0.0024415,0.01809091,0.02053241
631.0,0.0024357,0.01804794,0.02048364
631.25,0.00242992,0.01800507,0.02043498
631.5,0.00242415,0.0179623,0.02038644
631.75,0.00241839,0.01791963,0.02033802
632.0,0.00241264,0.01787706,0.02028971
632.25,0.00240691,0.0178346,0.02024151
632.5,0.00240119,0.01779224,0.02019343
632.75,0.00239549,0.01774997,0.02014546
633.0,0.0023898,0.01770781,0.02009761
633.25,0.00238412,0.01766575,0.02004987
633.5,0.00237846,0.01762378,0.02000225
633.75,0.00237281,0.01758192,0.01995473
634.0,0.00236717,0.01754016,0.01990733
634.25,0.00236155,0.01749849,0.01986005
634.5,0.00235594,0.01745693,0.01981287
634.75,0.00235035,0.01741546,0.01976581
635.0,0.00234476,0.01737409,0.01971886
635.25,0.00233919,0.01733282,0.01967202
635.5,0.00233364,0.01729165,0.01962529
635.75,0.00232809,0.01725058,0.01957867
636.0,0.00232256,0.0172096,0.01953216
636.25,0.00231705,0.01716872,0.01948577
636.5,0.00231154,0.01712794,0.01943948
636.75,0.00230605,0.01708726,0.01939331
637.0,0.00230057,0.01704667,0.01934724
637.25,0.00229511,0.01700617,0.01930128
637.5,0.00228966,0.01696578,0.01925544
637.75,0.00228422,0.01692548,0.0192097
638.0,0.00227879,0.01688527,0.01916407
638.25,0.00227338,0.01684517,0.01911855
638.5,0.00226798,0.01680515,0.01907313
638.75,0.00226259,0.01676523,0.01902783
639.0,0.00225722,0.01672541,0.01898263
639.25,0.00225186,0.01668568,0.01893754
639.5,0.00224651,0.01664605,0.01889255
639.75,0.00224117,0.01660651,0.01884768
640.0,0.00223585,0.01656706,0.01880291
640.25,0.00223054,0.01652771,0.01875824
640.5,0.00222524,0.01648845,0.01871369
640.75,0.00221995,0.01644928,0.01866923
641.0,0.00221468,0.01641021,0.01862489
641.25,0.00220942,0.01637123,0.01858065
641.5,0.00220417,0.01633234,0.01853651
641.75,0.00219893,0.01629354,0.01849248
642.0,0.00219371,0.01625484,0.01844855
642.25,0.0021885,0.01621623,0.01840473
642.5,0.0021833,0.01617771,0.01836101
642.75,0.00217812,0.01613928,0.0183174
643.0,0.00217294,0.01610095,0.01827389
643.25,0.00216778,0.0160627,0.01823048
643.5,0.00216263,0.01602455,0.01818718
643.75,0.00215749,0.01598648,0.01814398
644.0,0.00215237,0.01594851,0.01810088
644.25,0.00214726,0.01591062,0.01805788
644.5,0.00214216,0.01587283,0.01801499
644.75,0.00213707,0.01583513,0.01797219
645.0,0.00213199,0.01579751,0.0179295
645.25,0.00212693,0.01575999,0.01788691
645.5,0.00212188,0.01572255,0.01784443
645.75,0.00211683,0.0156852,0.01780204
646.0,0.00211181,0.01564795,0.01775975
646.25,0.00210679,0.01561078,0.01771757
646.5,0.00210179,0.0155737,0.01767548
646.75,0.00209679,0.0155367,0.0176335
647.0,0.00209181,0.0154998,0.01759161
647.25,0.00208684,0.01546298,0.01754982
647.5,0.00208189,0.01542625,0.01750814
647.75,0.00207694,0.01538961,0.01746655
648.0,0.00207201,0.01535305,0.01742506
648.25,0.00206709,0.01531658,0.01738367
648.5,0.00206218,0.0152802,0.01734237
648.75,0.00205728,0.0152439,0.01730118
649.0,0.00205239,0.01520769,0.01726008
649.25,0.00204752,0.01517157,0.01721908
649.5,0.00204265,0.01513553,0.01717818
649.75,0.0020378,0.01509958,0.01713738
650.0,0.00203296,0.01506371,0.01709667
650.25,0.00202813,0.01502793,0.01705606
650.5,0.00202331,0.01499223,0.01701555
650.75,0.00201851,0.01495662,0.01697513
651.0,0.00201371,0.01492109,0.01693481
651.25,0.00200893,0.01488565,0.01689458
651.5,0.00200416,0.01485029,0.01685445
651.75,0.0019994,0.01481502,0.01681441
652.0,0.00199465,0.01477982,0.01677447
652.25,0.00198991,0.01474472,0.01673463
652.5,0.00198518,0.01470969,0.01669488
652.75,0.00198047,0.01467475,0.01665522
653.0,0.00197576,0.01463989,0.01661566
653.25,0.00197107,0.01460512,0.01657619
653.5,0.00196639,0.01457043,0.01653681
653.75,0.00196172,0.01453582,0.01649753
654.0,0.00195706,0.01450129,0.01645835
654.25,0.00195241,0.01446684,0.01641925
654.5,0.00194777,0.01443248,0.01638025
654.75,0.00194314,0.0143982,0.01634134
655.0,0.00193853,0.014364,0.01630252
655.25,0.00193392,0.01432988,0.0162638
655.5,0.00192933,0.01429584,0.01622517
655.75,0.00192475,0.01426188,0.01618663
656.0,0.00192017,0.014228,0.01614818
656.25,0.00191561,0.0141942,0.01610982
656.5,0.00191106,0.01416049,0.01607155
656.75,0.00190652,0.01412685,0.01603338
657.0,0.00190199,0.0140933,0.01599529
657.25,0.00189748,0.01405982,0.0159573
657.5,0.00189297,0.01402642,0.01591939
657.75,0.00188847,0.0139931,0.01588158
658.0,0.00188399,0.01395986,0.01584385
658.25,0.00187951,0.01392671,0.01580622
658.5,0.00187505,0.01389362,0.01576867
658.75,0.00187059,0.01386062,0.01573122
659.0,0.00186615,0.0138277,0.01569385
659.25,0.00186172,0.01379485,0.01565657
659.5,0.0018573,0.01376208,0.01561938
659.75,0.00185288,0.01372939,0.01558228
660.0,0.00184848,0.01369678,0.01554526
660.25,0.00184409,0.01366425,0.01550834
660.5,0.00183971,0.01363179,0.0154715
660.75,0.00183534,0.01359941,0.01543475
661.0,0.00183098,0.0135671,0.01539809
661.25,0.00182663,0.01353488,0.01536151
661.5,0.00182229,0.01350273,0.01532502
661.75,0.00181796,0.01347065,0.01528862
662.0,0.00181365,0.01343866,0.0152523
662.25,0.00180934,0.01340673,0.01521607
662.5,0.00180504,0.01337489,0.01517993
662.75,0.00180075,0.01334312,0.01514387
663.0,0.00179648,0.01331142,0.0151079
663.25,0.00179221,0.0132798,0.01507201
663.5,0.00178795,0.01324826,0.01503621
663.75,0.0017837,0.01321679,0.01500049
664.0,0.00177947,0.0131854,0.01496486
664.25,0.00177524,0.01315407,0.01492931
664.5,0.00177102,0.01312283,0.01489385
664.75,0.00176682,0.01309166,0.01485847
665.0,0.00176262,0.01306056,0.01482318
665.25,0.00175843,0.01302954,0.01478797
665.5,0.00175426,0.01299859,0.01475284
665.75,0.00175009,0.01296771,0.0147178
666.0,0.00174593,0.01293691,0.01468284
666.25,0.00174178,0.01290618,0.01464796
666.5,0.00173765,0.01287552,0.01461317
666.75,0.00173352,0.01284494,0.01457846
667.0,0.0017294,0.01281442,0.01454383
667.25,0.00172529,0.01278399,0.01450928
667.5,0.0017212,0.01275362,0.01447481
667.75,0.00171711,0.01272332,0.01444043
668.0,0.00171303,0.0126931,0.01440613
668.25,0.00170896,0.01266295,0.01437191
668.5,0.0017049,0.01263287,0.01433777
668.75,0.00170085,0.01260286,0.01430371
669.0,0.00169681,0.01257293,0.01426974
669.25,0.00169278,0.01254306,0.01423584
669.5,0.00168876,0.01251327,0.01420203
669.75,0.00168475,0.01248354,0.01416829
670.0,0.00168075,0.01245389,0.01413464
670.25,0.00167675,0.01242431,0.01410106
670.5,0.00167277,0.0123948,0.01406757
670.75,0.0016688,0.01236535,0.01403415
671.0,0.00166483,0.01233598,0.01400081
671.25,0.00166088,0.01230668,0.01396756
671.5,0.00165693,0.01227745,0.01393438
671.75,0.001653,0.01224828,0.01390128
672.0,0.00164907,0.01221919,0.01386826
672.25,0.00164515,0.01219016,0.01383532
672.5,0.00164125,0.01216121,0.01380245
672.75,0.00163735,0.01213232,0.01376967
673.0,0.00163346,0.0121035,0.01373696
673.25,0.00162958,0.01207475,0.01370433
673.5,0.00162571,0.01204607,0.01367178
673.75,0.00162184,0.01201746,0.0136393
674.0,0.00161799,0.01198891,0.0136069
674.25,0.00161415,0.01196043,0.01357458
674.5,0.00161031,0.01193202,0.01354234
674.75,0.00160649,0.01190368,0.01351017
675.0,0.00160267,0.0118754,0.01347808
675.25,0.00159887,0.01184719,0.01344606
675.5,0.00159507,0.01181905,0.01341412
675.75,0.00159128,0.01179098,0.01338226
676.0,0.0015875,0.01176297,0.01335047
676.25,0.00158373,0.01173503,0.01331876
676.5,0.00157997,0.01170715,0.01328712
676.75,0.00157621,0.01167935,0.01325556
677.0,0.00157247,0.0116516,0.01322407
677.25,0.00156873,0.01162393,0.01319266
677.5,0.00156501,0.01159631,0.01316132
677.75,0.00156129,0.01156877,0.01313006
678.0,0.00155758,0.01154129,0.01309887
678.25,0.00155388,0.01151387,0.01306776
678.5,0.00155019,0.01148652,0.01303672
678.75,0.00154651,0.01145924,0.01300575
679.0,0.00154284,0.01143202,0.01297486
679.25,0.00153917,0.01140486,0.01294404
679.5,0.00153551,0.01137777,0.01291329
679.75,0.00153187,0.01135075,0.01288261
680.0,0.00152823,0.01132379,0.01285201
680.25,0.0015246,0.01129689,0.01282149
680.5,0.00152098,0.01127005,0.01279103
680.75,0.00151736,0.01124328,0.01276065
681.0,0.00151376,0.01121658,0.01273034
681.25,0.00151016,0.01118993,0.0127001
681.5,0.00150658,0.01116335,0.01266993
681.75,0.001503,0.01113683,0.01263983
682.0,0.00149943,0.01111038,0.01260981
682.25,0.00149587,0.01108399,0.01257986
682.5,0.00149231,0.01105766,0.01254997
682.75,0.00148877,0.01103139,0.01252016
683.0,0.00148523,0.01100519,0.01249042
683.25,0.0014817,0.01097905,0.01246075
683.5,0.00147818,0.01095297,0.01243115
683.75,0.00147467,0.01092695,0.01240163
684.0,0.00147117,0.010901,0.01237217
684.25,0.00146768,0.0108751,0.01234278
684.5,0.00146419,0.01084927,0.01231346
684.75,0.00146071,0.0108235,0.01228421
685.0,0.00145724,0.01079779,0.01225503
685.25,0.00145378,0.01077214,0.01222592
685.5,0.00145033,0.01074655,0.01219688
685.75,0.00144688,0.01072103,0.01216791
686.0,0.00144345,0.01069556,0.01213901
686.25,0.00144002,0.01067015,0.01211017
686.5,0.0014366,0.01064481,0.01208141
686.75,0.00143318,0.01061952,0.01205271
687.0,0.00142978,0.0105943,0.01202408
687.25,0.00142638,0.01056913,0.01199552
687.5,0.00142299,0.01054403,0.01196702
687.75,0.00141961,0.01051898,0.0119386
688.0,0.00141624,0.010494,0.01191024
688.25,0.00141288,0.01046907,0.01188195
688.5,0.00140952,0.0104442,0.01185372
688.75,0.00140617,0.01041939,0.01182557
689.0,0.00140283,0.01039464,0.01179748
689.25,0.0013995,0.01036995,0.01176945
689.5,0.00139618,0.01034532,0.0117415
689.75,0.00139286,0.01032074,0.0117136
690.0,0.00138955,0.01029623,0.01168578
690.25,0.00138625,0.01027177,0.01165802
690.5,0.00138296,0.01024737,0.01163033
690.75,0.00137967,0.01022303,0.0116027
691.0,0.0013764,0.01019875,0.01157514
691.25,0.00137313,0.01017452,0.01154765
691.5,0.00136987,0.01015035,0.01152022
691.75,0.00136661,0.01012624,0.01149285
692.0,0.00136337,0.01010219,0.01146555
692.25,0.00136013,0.01007819,0.01143832
692.5,0.0013569,0.01005425,0.01141115
692.75,0.00135367,0.01003037,0.01138404
693.0,0.00135046,0.01000654,0.011357
693.25,0.00134725,0.00998278,0.01133002
693.5,0.00134405,0.00995906,0.01130311
693.75,0.00134086,0.00993541,0.01127626
694.0,0.00133767,0.00991181,0.01124948
694.25,0.00133449,0.00988826,0.01122276
694.5,0.00133132,0.00986477,0.0111961
694.75,0.00132816,0.00984134,0.0111695
695.0,0.00132501,0.00981796,0.01114297
695.25,0.00132186,0.00979464,0.0111165
695.5,0.00131872,0.00977138,0.0110901
695.75,0.00131559,0.00974817,0.01106375
696.0,0.00131246,0.00972501,0.01103747
696.25,0.00130934,0.00970191,0.01101126
696.5,0.00130623,0.00967886,0.0109851
696.75,0.00130313,0.00965587,0.01095901
697.0,0.00130004,0.00963294,0.01093297
697.25,0.00129695,0.00961006,0.010907
697.5,0.00129387,0.00958723,0.0108811
697.75,0.00129079,0.00956446,0.01085525
698.0,0.00128773,0.00954174,0.01082946
698.25,0.00128467,0.00951907,0.01080374
698.5,0.00128162,0.00949646,0.01077808
698.75,0.00127857,0.0094739,0.01075248
699.0,0.00127554,0.0094514,0.01072693
699.25,0.00127251,0.00942895,0.01070145
699.5,0.00126948,0.00940655,0.01067603
699.75,0.00126647,0.00938421,0.01065067
700.0,0.00126346,0.00936192,0.01062538
700.25,0.00126046,0.00933968,0.01060014
700.5,0.00125746,0.00931749,0.01057496
700.75,0.00125448,0.00929536,0.01054984
701.0,0.0012515,0.00927328,0.01052478
701.25,0.00124853,0.00925125,0.01049978
701.5,0.00124556,0.00922928,0.01047484
701.75,0.0012426,0.00920735,0.01044996
702.0,0.00123965,0.00918548,0.01042513
702.25,0.0012367,0.00916366,0.01040037
702.5,0.00123377,0.0091419,0.01037566
702.75,0.00123084,0.00912018,0.01035102
703.0,0.00122791,0.00909852,0.01032643
703.25,0.001225,0.00907691,0.0103019
703.5,0.00122209,0.00905535,0.01027743
703.75,0.00121918,0.00903384,0.01025302
704.0,0.00121629,0.00901238,0.01022866
704.25,0.0012134,0.00899097,0.01020437
704.5,0.00121052,0.00896961,0.01018013
704.75,0.00120764,0.00894831,0.01015595
705.0,0.00120477,0.00892705,0.01013182
705.25,0.00120191,0.00890585,0.01010776
705.5,0.00119905,0.00888469,0.01008375
705.75,0.00119621,0.00886359,0.01005979
706.0,0.00119337,0.00884253,0.0100359
706.25,0.00119053,0.00882153,0.01001206
706.5,0.0011877,0.00880057,0.00998828
706.75,0.00118488,0.00877967,0.00996455
707.0,0.00118207,0.00875881,0.00994088
707.25,0.00117926,0.00873801,0.00991727
707.5,0.00117646,0.00871725,0.00989371
707.75,0.00117366,0.00869655,0.00987021
708.0,0.00117088,0.00867589,0.00984676
708.25,0.00116809,0.00865528,0.00982337
708.5,0.00116532,0.00863472,0.00980004
708.75,0.00116255,0.00861421,0.00977676
709.0,0.00115979,0.00859375,0.00975354
709.25,0.00115704,0.00857333,0.00973037
709.5,0.00115429,0.00855297,0.00970726
709.75,0.00115154,0.00853265,0.0096842
710.0,0.00114881,0.00851239,0.00966119
710.25,0.00114608,0.00849217,0.00963825
710.5,0.00114336,0.00847199,0.00961535
710.75,0.00114064,0.00845187,0.00959251
711.0,0.00113793,0.00843179,0.00956973
711.25,0.00113523,0.00841176,0.00954699
711.5,0.00113253,0.00839178,0.00952432
711.75,0.00112984,0.00837185,0.00950169
712.0,0.00112716,0.00835196,0.00947912
712.25,0.00112448,0.00833212,0.00945661
712.5,0.00112181,0.00831233,0.00943414
712.75,0.00111915,0.00829259,0.00941173
713.0,0.00111649,0.00827289,0.00938938
713.25,0.00111384,0.00825324,0.00936707
713.5,0.00111119,0.00823363,0.00934482
713.75,0.00110855,0.00821408,0.00932263
714.0,0.00110592,0.00819456,0.00930048
714.25,0.00110329,0.0081751,0.00927839
714.5,0.00110067,0.00815568,0.00925635
714.75,0.00109806,0.00813631,0.00923436
715.0,0.00109545,0.00811698,0.00921243
715.25,0.00109284,0.0080977,0.00919055
715.5,0.00109025,0.00807847,0.00916871
715.75,0.00108766,0.00805928,0.00914694
716.0,0.00108508,0.00804013,0.00912521
716.25,0.0010825,0.00802103,0.00910353
716.5,0.00107993,0.00800198,0.00908191
716.75,0.00107736,0.00798297,0.00906033
717.0,0.0010748,0.00796401,0.00903881
717.25,0.00107225,0.00794509,0.00901734
717.5,0.0010697,0.00792622,0.00899592
717.75,0.00106716,0.00790739,0.00897455
718.0,0.00106463,0.00788861,0.00895324
718.25,0.0010621,0.00786987,0.00893197
718.5,0.00105957,0.00785118,0.00891075
718.75,0.00105706,0.00783253,0.00888959
719.0,0.00105455,0.00781392,0.00886847
719.25,0.00105204,0.00779536,0.0088474
719.5,0.00104954,0.00777685,0.00882639
719.75,0.00104705,0.00775837,0.00880542
720.0,0.00104456,0.00773994,0.00878451
720.25,0.00104208,0.00772156,0.00876364
720.5,0.00103961,0.00770322,0.00874282
720.75,0.00103714,0.00768492,0.00872206
721.0,0.00103467,0.00766666,0.00870134
721.25,0.00103222,0.00764845,0.00868067
721.5,0.00102976,0.00763029,0.00866005
721.75,0.00102732,0.00761216,0.00863948
722.0,0.00102488,0.00759408,0.00861896
722.25,0.00102244,0.00757604,0.00859848
722.5,0.00102001,0.00755804,0.00857806
722.75,0.00101759,0.00754009,0.00855768
723.0,0.00101517,0.00752218,0.00853736
723.25,0.00101276,0.00750431,0.00851708
723.5,0.00101036,0.00748649,0.00849684
723.75,0.00100796,0.0074687,0.00847666
724.0,0.00100556,0.00745096,0.00845653
724.25,0.00100317,0.00743326,0.00843644
724.5,0.00100079,0.00741561,0.0084164
724.75,0.00099841,0.00739799,0.00839641
725.0,0.00099604,0.00738042,0.00837646
725.25,0.00099368,0.00736289,0.00835657
725.5,0.00099132,0.0073454,0.00833672
725.75,0.00098896,0.00732795,0.00831691
726.0,0.00098661,0.00731054,0.00829716
726.25,0.00098427,0.00729318,0.00827745
726.5,0.00098193,0.00727586,0.00825779
726.75,0.0009796,0.00725857,0.00823817
727.0,0.00097727,0.00724133,0.0082186
727.25,0.00097495,0.00722413,0.00819908
727.5,0.00097263,0.00720697,0.0081796
727.75,0.00097032,0.00718985,0.00816017
728.0,0.00096802,0.00717277,0.00814079
728.25,0.00096572,0.00715573,0.00812145
728.5,0.00096343,0.00713874,0.00810216
728.75,0.00096114,0.00712178,0.00808292
729.0,0.00095885,0.00710486,0.00806372
729.25,0.00095658,0.00708799,0.00804456
729.5,0.0009543,0.00707115,0.00802545
729.75,0.00095204,0.00705435,0.00800639
730.0,0.00094978,0.0070376,0.00798737
730.25,0.00094752,0.00702088,0.0079684
730.5,0.00094527,0.0070042,0.00794947
730.75,0.00094302,0.00698756,0.00793059
731.0,0.00094078,0.00697097,0.00791175
731.25,0.00093855,0.00695441,0.00789296
731.5,0.00093632,0.00693789,0.00787421
731.75,0.0009341,0.00692141,0.0078555
732.0,0.00093188,0.00690497,0.00783684
732.25,0.00092966,0.00688857,0.00781823
732.5,0.00092745,0.0068722,0.00779966
732.75,0.00092525,0.00685588,0.00778113
733.0,0.00092305,0.00683959,0.00776265
733.25,0.00092086,0.00682335,0.00774421
733.5,0.00091867,0.00680714,0.00772581
733.75,0.00091649,0.00679097,0.00770746
734.0,0.00091431,0.00677484,0.00768915
734.25,0.00091214,0.00675875,0.00767089
734.5,0.00090998,0.00674269,0.00765267
734.75,0.00090781,0.00672668,0.00763449
735.0,0.00090566,0.0067107,0.00761636
735.25,0.00090351,0.00669476,0.00759826
735.5,0.00090136,0.00667885,0.00758022
735.75,0.00089922,0.00666299,0.00756221
736.0,0.00089708,0.00664716,0.00754425
736.25,0.00089495,0.00663137,0.00752633
736.5,0.00089283,0.00661562,0.00750845
736.75,0.00089071,0.00659991,0.00749061
737.0,0.00088859,0.00658423,0.00747282
737.25,0.00088648,0.00656859,0.00745507
737.5,0.00088437,0.00655299,0.00743736
737.75,0.00088227,0.00653742,0.00741969
738.0,0.00088018,0.00652189,0.00740207
738.25,0.00087809,0.0065064,0.00738449
738.5,0.000876,0.00649094,0.00736695
738.75,0.00087392,0.00647553,0.00734945
739.0,0.00087184,0.00646014,0.00733199
739.25,0.00086977,0.0064448,0.00731457
739.5,0.00086771,0.00642949,0.0072972
739.75,0.00086565,0.00641422,0.00727986
740.0,0.00086359,0.00639898,0.00726257
740.25,0.00086154,0.00638378,0.00724532
740.5,0.00085949,0.00636862,0.00722811
740.75,0.00085745,0.00635349,0.00721094
741.0,0.00085541,0.0063384,0.00719381
741.25,0.00085338,0.00632334,0.00717672
741.5,0.00085135,0.00630832,0.00715968
741.75,0.00084933,0.00629334,0.00714267
742.0,0.00084732,0.00627839,0.0071257
742.25,0.0008453,0.00626348,0.00710878
742.5,0.00084329,0.0062486,0.00709189
742.75,0.00084129,0.00623375,0.00707505
743.0,0.00083929,0.00621895,0.00705824
743.25,0.0008373,0.00620417,0.00704147
743.5,0.00083531,0.00618944,0.00702475
743.75,0.00083333,0.00617474,0.00700806
744.0,0.00083135,0.00616007,0.00699142
744.25,0.00082937,0.00614544,0.00697481
744.5,0.0008274,0.00613084,0.00695824
744.75,0.00082544,0.00611628,0.00694171
745.0,0.00082348,0.00610175,0.00692522
745.25,0.00082152,0.00608725,0.00690877
745.5,0.00081957,0.00607279,0.00689236
745.75,0.00081762,0.00605837,0.00687599
746.0,0.00081568,0.00604398,0.00685966
746.25,0.00081374,0.00602962,0.00684336
746.5,0.00081181,0.0060153,0.00682711
746.75,0.00080988,0.00600101,0.00681089
747.0,0.00080796,0.00598675,0.00679471
747.25,0.00080604,0.00597253,0.00677857
747.5,0.00080412,0.00595835,0.00676247
747.75,0.00080221,0.00594419,0.00674641
748.0,0.00080031,0.00593007,0.00673038
748.25,0.00079841,0.00591599,0.00671439
748.5,0.00079651,0.00590194,0.00669845
748.75,0.00079462,0.00588792,0.00668253
749.0,0.00079273,0.00587393,0.00666666
749.25,0.00079085,0.00585998,0.00665083
749.5,0.00078897,0.00584606,0.00663503
749.75,0.00078709,0.00583217,0.00661927
750.0,0.00078523,0.00581832,0.00660354
750.25,0.00078336,0.0058045,0.00658786
750.5,0.0007815,0.00579071,0.00657221
750.75,0.00077964,0.00577695,0.0065566
751.0,0.00077779,0.00576323,0.00654102
751.25,0.00077594,0.00574954,0.00652549
751.5,0.0007741,0.00573588,0.00650999
751.75,0.00077226,0.00572226,0.00649452
752.0,0.00077043,0.00570867,0.00647909
752.25,0.0007686,0.00569511,0.0064637
752.5,0.00076677,0.00568158,0.00644835
752.75,0.00076495,0.00566808,0.00643303
753.0,0.00076313,0.00565462,0.00641775
753.25,0.00076132,0.00564119,0.00640251
753.5,0.00075951,0.00562779,0.0063873
753.75,0.00075771,0.00561442,0.00637213
754.0,0.00075591,0.00560108,0.00635699
754.25,0.00075411,0.00558778,0.00634189
754.5,0.00075232,0.00557451,0.00632683
754.75,0.00075053,0.00556126,0.0063118
755.0,0.00074875,0.00554805,0.00629681
755.25,0.00074697,0.00553488,0.00628185
755.5,0.0007452,0.00552173,0.00626693
755.75,0.00074343,0.00550861,0.00625204
756.0,0.00074166,0.00549553,0.00623719
756.25,0.0007399,0.00548247,0.00622237
756.5,0.00073814,0.00546945,0.00620759
756.75,0.00073639,0.00545646,0.00619285
757.0,0.00073464,0.0054435,0.00617814
757.25,0.0007329,0.00543057,0.00616346
757.5,0.00073115,0.00541767,0.00614882
757.75,0.00072942,0.0054048,0.00613422
758.0,0.00072769,0.00539196,0.00611965
758.25,0.00072596,0.00537915,0.00610511
758.5,0.00072423,0.00536637,0.00609061
758.75,0.00072251,0.00535363,0.00607614
759.0,0.0007208,0.00534091,0.00606171
759.25,0.00071908,0.00532822,0.00604731
759.5,0.00071738,0.00531557,0.00603294
759.75,0.00071567,0.00530294,0.00601861
760.0,0.00071397,0.00529035,0.00600432
760.25,0.00071228,0.00527778,0.00599005
760.5,0.00071058,0.00526524,0.00597583
760.75,0.0007089,0.00525273,0.00596163
761.0,0.00070721,0.00524026,0.00594747
761.25,0.00070553,0.00522781,0.00593334
761.5,0.00070386,0.00521539,0.00591925
761.75,0.00070218,0.005203,0.00590519
762.0,0.00070052,0.00519064,0.00589116
762.25,0.00069885,0.00517832,0.00587717
762.5,0.00069719,0.00516601,0.00586321
762.75,0.00069554,0.00515374,0.00584928
763.0,0.00069388,0.0051415,0.00583539
763.25,0.00069224,0.00512929,0.00582152
763.5,0.00069059,0.0051171,0.0058077
763.75,0.00068895,0.00510495,0.0057939
764.0,0.00068731,0.00509282,0.00578014
764.25,0.00068568,0.00508073,0.00576641
764.5,0.00068405,0.00506866,0.00575271
764.75,0.00068243,0.00505662,0.00573905
765.0,0.00068081,0.00504461,0.00572541
765.25,0.00067919,0.00503262,0.00571181
765.5,0.00067758,0.00502067,0.00569825
765.75,0.00067597,0.00500874,0.00568471
766.0,0.00067436,0.00499685,0.00567121
766.25,0.00067276,0.00498498,0.00565774
766.5,0.00067116,0.00497314,0.0056443
766.75,0.00066957,0.00496132,0.00563089
767.0,0.00066798,0.00494954,0.00561751
767.25,0.00066639,0.00493778,0.00560417
767.5,0.00066481,0.00492605,0.00559086
767.75,0.00066323,0.00491435,0.00557758
768.0,0.00066165,0.00490268,0.00556433
768.25,0.00066008,0.00489103,0.00555111
768.5,0.00065851,0.00487941,0.00553793
768.75,0.00065695,0.00486782,0.00552477
769.0,0.00065539,0.00485626,0.00551165
769.25,0.00065383,0.00484472,0.00549856
769.5,0.00065228,0.00483322,0.00548549
769.75,0.00065073,0.00482174,0.00547246
770.0,0.00064918,0.00481028,0.00545947
770.25,0.00064764,0.00479886,0.0054465
770.5,0.0006461,0.00478746,0.00543356
770.75,0.00064457,0.00477608,0.00542065
771.0,0.00064304,0.00476474,0.00540778
771.25,0.00064151,0.00475342,0.00539493
771.5,0.00063999,0.00474213,0.00538212
771.75,0.00063847,0.00473087,0.00536933
772.0,0.00063695,0.00471963,0.00535658
772.25,0.00063544,0.00470842,0.00534385
772.5,0.00063393,0.00469723,0.00533116
772.75,0.00063242,0.00468608,0.0053185
773.0,0.00063092,0.00467495,0.00530586
773.25,0.00062942,0.00466384,0.00529326
773.5,0.00062792,0.00465276,0.00528069
773.75,0.00062643,0.00464171,0.00526814
774.0,0.00062495,0.00463068,0.00525563
774.25,0.00062346,0.00461968,0.00524315
774.5,0.00062198,0.00460871,0.00523069
774.75,0.0006205,0.00459776,0.00521827
775.0,0.00061903,0.00458684,0.00520587
775.25,0.00061756,0.00457595,0.0051935
775.5,0.00061609,0.00456508,0.00518117
775.75,0.00061463,0.00455423,0.00516886
776.0,0.00061317,0.00454342,0.00515658
776.25,0.00061171,0.00453262,0.00514433
776.5,0.00061026,0.00452186,0.00513211
776.75,0.00060881,0.00451112,0.00511992
777.0,0.00060736,0.0045004,0.00510776
777.25,0.00060592,0.00448971,0.00509563
777.5,0.00060448,0.00447905,0.00508353
777.75,0.00060304,0.00446841,0.00507145
778.0,0.00060161,0.00445779,0.0050594
778.25,0.00060018,0.0044472,0.00504739
778.5,0.00059876,0.00443664,0.0050354
778.75,0.00059734,0.0044261,0.00502344
779.0,0.00059592,0.00441559,0.0050115
779.25,0.0005945,0.0044051,0.0049996
779.5,0.00059309,0.00439463,0.00498772
779.75,0.00059168,0.0043842,0.00497588
780.0,0.00059027,0.00437378,0.00496406
780.25,0.00058887,0.00436339,0.00495226
780.5,0.00058747,0.00435303,0.0049405
780.75,0.00058608,0.00434269,0.00492877
781.0,0.00058469,0.00433237,0.00491706
781.25,0.0005833,0.00432208,0.00490538
781.5,0.00058191,0.00431181,0.00489373
781.75,0.00058053,0.00430157,0.0048821
782.0,0.00057915,0.00429135,0.0048705
782.25,0.00057777,0.00428116,0.00485894
782.5,0.0005764,0.00427099,0.00484739
782.75,0.00057503,0.00426085,0.00483588
783.0,0.00057367,0.00425073,0.00482439
783.25,0.0005723,0.00424063,0.00481293
783.5,0.00057094,0.00423056,0.0048015
783.75,0.00056959,0.00422051,0.00479009
784.0,0.00056824,0.00421048,0.00477872
784.25,0.00056689,0.00420048,0.00476737
784.5,0.00056554,0.0041905,0.00475604
784.75,0.0005642,0.00418055,0.00474474
785.0,0.00056286,0.00417062,0.00473347
785.25,0.00056152,0.00416071,0.00472223
785.5,0.00056018,0.00415083,0.00471101
785.75,0.00055885,0.00414097,0.00469982
786.0,0.00055753,0.00413113,0.00468866
786.25,0.0005562,0.00412132,0.00467752
786.5,0.00055488,0.00411153,0.00466641
786.75,0.00055356,0.00410176,0.00465533
787.0,0.00055225,0.00409202,0.00464427
787.25,0.00055094,0.0040823,0.00463324
787.5,0.00054963,0.0040726,0.00462223
787.75,0.00054832,0.00406293,0.00461125
788.0,0.00054702,0.00405328,0.0046003
788.25,0.00054572,0.00404365,0.00458937
788.5,0.00054442,0.00403404,0.00457847
788.75,0.00054313,0.00402446,0.00456759
789.0,0.00054184,0.0040149,0.00455674
789.25,0.00054055,0.00400537,0.00454592
789.5,0.00053927,0.00399585,0.00453512
789.75,0.00053799,0.00398636,0.00452435
790.0,0.00053671,0.00397689,0.0045136
790.25,0.00053544,0.00396744,0.00450288
790.5,0.00053416,0.00395802,0.00449218
790.75,0.0005329,0.00394862,0.00448151
791.0,0.00053163,0.00393924,0.00447087
791.25,0.00053037,0.00392988,0.00446025
791.5,0.00052911,0.00392055,0.00444965
791.75,0.00052785,0.00391123,0.00443908
792.0,0.0005266,0.00390194,0.00442854
792.25,0.00052535,0.00389267,0.00441802
792.5,0.0005241,0.00388343,0.00440753
792.75,0.00052285,0.0038742,0.00439706
793.0,0.00052161,0.003865,0.00438661
793.25,0.00052037,0.00385582,0.00437619
793.5,0.00051914,0.00384666,0.0043658
793.75,0.0005179,0.00383752,0.00435543
794.0,0.00051667,0.00382841,0.00434508
794.25,0.00051544,0.00381931,0.00433476
794.5,0.00051422,0.00381024,0.00432446
794.75,0.000513,0.00380119,0.00431419
795.0,0.00051178,0.00379216,0.00430394
795.25,0.00051056,0.00378315,0.00429372
795.5,0.00050935,0.00377417,0.00428352
795.75,0.00050814,0.0037652,0.00427335
796.0,0.00050694,0.00375626,0.00426319
796.25,0.00050573,0.00374734,0.00425307
796.5,0.00050453,0.00373844,0.00424297
796.75,0.00050333,0.00372956,0.00423289
797.0,0.00050214,0.0037207,0.00422283
797.25,0.00050094,0.00371186,0.0042128
797.5,0.00049975,0.00370304,0.00420279
797.75,0.00049857,0.00369425,0.00419281
798.0,0.00049738,0.00368547,0.00418285
798.25,0.0004962,0.00367672,0.00417292
798.5,0.00049502,0.00366798,0.004163
798.75,0.00049385,0.00365927,0.00415311
799.0,0.00049267,0.00365058,0.00414325
799.25,0.0004915,0.00364191,0.00413341
799.5,0.00049033,0.00363325,0.00412359
799.75,0.00048917,0.00362462,0.00411379
800.0,0.00048801,0.00361601,0.00410402
800.25,0.00048685,0.00360743,0.00409427
800.5,0.00048569,0.00359886,0.00408455
800.75,0.00048454,0.00359031,0.00407485
801.0,0.00048339,0.00358178,0.00406517
801.25,0.00048224,0.00357327,0.00405551
801.5,0.00048109,0.00356478,0.00404588
801.75,0.00047995,0.00355632,0.00403627
802.0,0.00047881,0.00354787,0.00402668
802.25,0.00047767,0.00353944,0.00401711
802.5,0.00047654,0.00353103,0.00400757
802.75,0.00047541,0.00352265,0.00399805
803.0,0.00047428,0.00351428,0.00398856
803.25,0.00047315,0.00350593,0.00397908
803.5,0.00047203,0.0034976,0.00396963
803.75,0.00047091,0.00348929,0.0039602
804.0,0.00046979,0.00348101,0.00395079
804.25,0.00046867,0.00347274,0.00394141
804.5,0.00046756,0.00346449,0.00393205
804.75,0.00046645,0.00345626,0.00392271
805.0,0.00046534,0.00344805,0.00391339
805.25,0.00046423,0.00343986,0.00390409
805.5,0.00046313,0.00343169,0.00389482
805.75,0.00046203,0.00342354,0.00388557
806.0,0.00046093,0.0034154,0.00387634
806.25,0.00045984,0.00340729,0.00386713
806.5,0.00045875,0.0033992,0.00385794
806.75,0.00045766,0.00339112,0.00384878
807.0,0.00045657,0.00338307,0.00383964
807.25,0.00045549,0.00337503,0.00383052
807.5,0.0004544,0.00336702,0.00382142
807.75,0.00045332,0.00335902,0.00381234
808.0,0.00045225,0.00335104,0.00380329
808.25,0.00045117,0.00334308,0.00379425
808.5,0.0004501,0.00333514,0.00378524
808.75,0.00044903,0.00332722,0.00377625
809.0,0.00044797,0.00331931,0.00376728
809.25,0.0004469,0.00331143,0.00375833
809.5,0.00044584,0.00330356,0.0037494
809.75,0.00044478,0.00329571,0.0037405
810.0,0.00044372,0.00328789,0.00373161
810.25,0.00044267,0.00328008,0.00372275
810.5,0.00044162,0.00327228,0.0037139
810.75,0.00044057,0.00326451,0.00370508
811.0,0.00043952,0.00325676,0.00369628
811.25,0.00043848,0.00324902,0.0036875
811.5,0.00043744,0.0032413,0.00367874
811.75,0.0004364,0.0032336,0.00367
812.0,0.00043536,0.00322592,0.00366129
812.25,0.00043433,0.00321826,0.00365259
812.5,0.0004333,0.00321062,0.00364391
812.75,0.00043227,0.00320299,0.00363526
813.0,0.00043124,0.00319538,0.00362662
813.25,0.00043022,0.00318779,0.00361801
813.5,0.00042919,0.00318022,0.00360941
813.75,0.00042817,0.00317266,0.00360084
814.0,0.00042716,0.00316513,0.00359229
814.25,0.00042614,0.00315761,0.00358375
814.5,0.00042513,0.00315011,0.00357524
814.75,0.00042412,0.00314263,0.00356675
815.0,0.00042311,0.00313516,0.00355828
815.25,0.00042211,0.00312771,0.00354982
815.5,0.00042111,0.00312029,0.00354139
815.75,0.00042011,0.00311287,0.00353298
816.0,0.00041911,0.00310548,0.00352459
816.25,0.00041811,0.0030981,0.00351621
816.5,0.00041712,0.00309074,0.00350786
816.75,0.00041613,0.0030834,0.00349953
817.0,0.00041514,0.00307608,0.00349122
817.25,0.00041415,0.00306877,0.00348292
817.5,0.00041317,0.00306148,0.00347465
817.75,0.00041219,0.00305421,0.0034664
818.0,0.00041121,0.00304695,0.00345816
818.25,0.00041023,0.00303972,0.00344995
818.5,0.00040926,0.0030325,0.00344175
818.75,0.00040829,0.00302529,0.00343358
819.0,0.00040732,0.00301811,0.00342542
819.25,0.00040635,0.00301094,0.00341729
819.5,0.00040538,0.00300379,0.00340917
819.75,0.00040442,0.00299665,0.00340107
820.0,0.00040346,0.00298953,0.00339299
820.25,0.0004025,0.00298243,0.00338493
820.5,0.00040155,0.00297535,0.00337689
820.75,0.00040059,0.00296828,0.00336887
821.0,0.00039964,0.00296123,0.00336087
821.25,0.00039869,0.00295419,0.00335289
821.5,0.00039774,0.00294718,0.00334492
821.75,0.0003968,0.00294018,0.00333698
822.0,0.00039586,0.00293319,0.00332905
822.25,0.00039492,0.00292623,0.00332114
822.5,0.00039398,0.00291927,0.00331325
822.75,0.00039304,0.00291234,0.00330538
823.0,0.00039211,0.00290542,0.00329753
823.25,0.00039118,0.00289852,0.0032897
823.5,0.00039025,0.00289164,0.00328188
823.75,0.00038932,0.00288477,0.00327409
824.0,0.0003884,0.00287791,0.00326631
824.25,0.00038747,0.00287108,0.00325855
824.5,0.00038655,0.00286426,0.00325081
824.75,0.00038563,0.00285745,0.00324309
825.0,0.00038472,0.00285067,0.00323539
825.25,0.0003838,0.0028439,0.0032277
825.5,0.00038289,0.00283714,0.00322003
825.75,0.00038198,0.0028304,0.00321239
826.0,0.00038108,0.00282368,0.00320475
826.25,0.00038017,0.00281697,0.00319714
826.5,0.00037927,0.00281028,0.00318955
826.75,0.00037837,0.0028036,0.00318197
827.0,0.00037747,0.00279694,0.00317441
827.25,0.00037657,0.0027903,0.00316687
827.5,0.00037568,0.00278367,0.00315935
827.75,0.00037478,0.00277706,0.00315185
828.0,0.00037389,0.00277046,0.00314436
828.25,0.00037301,0.00276388,0.00313689
828.5,0.00037212,0.00275732,0.00312944
828.75,0.00037124,0.00275077,0.003122
829.0,0.00037035,0.00274423,0.00311459
829.25,0.00036948,0.00273772,0.00310719
829.5,0.0003686,0.00273121,0.00309981
829.75,0.00036772,0.00272472,0.00309245
830.0,0.00036685,0.00271825,0.0030851
830.25,0.00036598,0.0027118,0.00307777
830.5,0.00036511,0.00270535,0.00307046
830.75,0.00036424,0.00269893,0.00306317
831.0,0.00036338,0.00269252,0.00305589
831.25,0.00036251,0.00268612,0.00304863
831.5,0.00036165,0.00267974,0.00304139
831.75,0.00036079,0.00267338,0.00303417
832.0,0.00035993,0.00266703,0.00302696
832.25,0.00035908,0.00266069,0.00301977
832.5,0.00035823,0.00265437,0.0030126
832.75,0.00035738,0.00264806,0.00300544
833.0,0.00035653,0.00264177,0.0029983
833.25,0.00035568,0.0026355,0.00299118
833.5,0.00035484,0.00262924,0.00298407
833.75,0.00035399,0.00262299,0.00297699
834.0,0.00035315,0.00261676,0.00296991
834.25,0.00035231,0.00261055,0.00296286
834.5,0.00035148,0.00260435,0.00295582
834.75,0.00035064,0.00259816,0.0029488
835.0,0.00034981,0.00259199,0.0029418
835.25,0.00034898,0.00258583,0.00293481
835.5,0.00034815,0.00257969,0.00292784
835.75,0.00034732,0.00257356,0.00292088
836.0,0.0003465,0.00256745,0.00291394
836.25,0.00034567,0.00256135,0.00290702
836.5,0.00034485,0.00255527,0.00290012
836.75,0.00034403,0.0025492,0.00289323
837.0,0.00034322,0.00254314,0.00288636
837.25,0.0003424,0.0025371,0.0028795
837.5,0.00034159,0.00253107,0.00287266
837.75,0.00034078,0.00252506,0.00286584
838.0,0.00033997,0.00251906,0.00285903
838.25,0.00033916,0.00251308,0.00285224
838.5,0.00033835,0.00250711,0.00284546
838.75,0.00033755,0.00250115,0.0028387
839.0,0.00033675,0.00249521,0.00283196
839.25,0.00033595,0.00248929,0.00282523
839.5,0.00033515,0.00248337,0.00281852
839.75,0.00033435,0.00247747,0.00281183
840.0,0.00033356,0.00247159,0.00280515
840.25,0.00033277,0.00246572,0.00279849
840.5,0.00033198,0.00245986,0.00279184
840.75,0.00033119,0.00245402,0.00278521
841.0,0.0003304,0.00244819,0.00277859
841.25,0.00032962,0.00244237,0.00277199
841.5,0.00032883,0.00243657,0.00276541
841.75,0.00032805,0.00243078,0.00275884
842.0,0.00032727,0.00242501,0.00275228
842.25,0.0003265,0.00241925,0.00274575
842.5,0.00032572,0.0024135,0.00273922
842.75,0.00032495,0.00240777,0.00273272
843.0,0.00032417,0.00240205,0.00272623
843.25,0.0003234,0.00239635,0.00271975
843.5,0.00032264,0.00239065,0.00271329
843.75,0.00032187,0.00238497,0.00270685
844.0,0.00032111,0.00237931,0.00270042
844.25,0.00032034,0.00237366,0.002694
844.5,0.00031958,0.00236802,0.0026876
844.75,0.00031882,0.00236239,0.00268122
845.0,0.00031807,0.00235678,0.00267485
845.25,0.00031731,0.00235119,0.00266849
845.5,0.00031656,0.0023456,0.00266216
845.75,0.0003158,0.00234003,0.00265583
846.0,0.00031505,0.00233447,0.00264952
846.25,0.00031431,0.00232892,0.00264323
846.5,0.00031356,0.00232339,0.00263695
846.75,0.00031281,0.00231787,0.00263069
847.0,0.00031207,0.00231237,0.00262444
847.25,0.00031133,0.00230688,0.00261821
847.5,0.00031059,0.0023014,0.00261199
847.75,0.00030985,0.00229593,0.00260578
848.0,0.00030912,0.00229048,0.00259959
848.25,0.00030838,0.00228503,0.00259342
848.5,0.00030765,0.00227961,0.00258726
848.75,0.00030692,0.00227419,0.00258111
849.0,0.00030619,0.00226879,0.00257498
849.25,0.00030546,0.0022634,0.00256886
849.5,0.00030474,0.00225802,0.00256276
849.75,0.00030401,0.00225266,0.00255667
850.0,0.00030329,0.00224731,0.0025506
850.25,0.00030257,0.00224197,0.00254454
850.5,0.00030185,0.00223665,0.0025385
850.75,0.00030113,0.00223133,0.00253247
851.0,0.00030042,0.00222603,0.00252645
851.25,0.00029971,0.00222075,0.00252045
851.5,0.00029899,0.00221547,0.00251446
851.75,0.00029828,0.00221021,0.00250849
852.0,0.00029758,0.00220496,0.00250253
852.25,0.00029687,0.00219972,0.00249659
852.5,0.00029616,0.00219449,0.00249066
852.75,0.00029546,0.00218928,0.00248474
853.0,0.00029476,0.00218408,0.00247884
853.25,0.00029406,0.00217889,0.00247295
853.5,0.00029336,0.00217372,0.00246708
853.75,0.00029266,0.00216855,0.00246122
854.0,0.00029197,0.0021634,0.00245537
854.25,0.00029127,0.00215826,0.00244954
854.5,0.00029058,0.00215314,0.00244372
854.75,0.00028989,0.00214802,0.00243792
855.0,0.0002892,0.00214292,0.00243212
855.25,0.00028852,0.00213783,0.00242635
855.5,0.00028783,0.00213275,0.00242058
855.75,0.00028715,0.00212769,0.00241483
856.0,0.00028647,0.00212263,0.0024091
856.25,0.00028578,0.00211759,0.00240338
856.5,0.00028511,0.00211256,0.00239767
856.75,0.00028443,0.00210754,0.00239197
857.0,0.00028375,0.00210254,0.00238629
857.25,0.00028308,0.00209754,0.00238062
857.5,0.00028241,0.00209256,0.00237497
857.75,0.00028174,0.00208759,0.00236932
858.0,0.00028107,0.00208263,0.0023637
858.25,0.0002804,0.00207768,0.00235808
858.5,0.00027973,0.00207275,0.00235248
858.75,0.00027907,0.00206782,0.00234689
859.0,0.00027841,0.00206291,0.00234132
859.25,0.00027774,0.00205801,0.00233576
859.5,0.00027708,0.00205312,0.00233021
859.75,0.00027643,0.00204825,0.00232467
860.0,0.00027577,0.00204338,0.00231915
860.25,0.00027511,0.00203853,0.00231364
860.5,0.00027446,0.00203369,0.00230815
860.75,0.00027381,0.00202885,0.00230266
861.0,0.00027316,0.00202404,0.00229719
861.25,0.00027251,0.00201923,0.00229174
861.5,0.00027186,0.00201443,0.00228629
861.75,0.00027122,0.00200965,0.00228086
862.0,0.00027057,0.00200487,0.00227545
862.25,0.00026993,0.00200011,0.00227004
862.5,0.00026929,0.00199536,0.00226465
862.75,0.00026865,0.00199062,0.00225927
863.0,0.00026801,0.00198589,0.0022539
863.25,0.00026737,0.00198117,0.00224855
863.5,0.00026674,0.00197647,0.00224321
863.75,0.00026611,0.00197177,0.00223788
864.0,0.00026547,0.00196709,0.00223256
864.25,0.00026484,0.00196242,0.00222726
864.5,0.00026421,0.00195776,0.00222197
864.75,0.00026359,0.0019531,0.00221669
865.0,0.00026296,0.00194847,0.00221143
865.25,0.00026234,0.00194384,0.00220617
865.5,0.00026171,0.00193922,0.00220093
865.75,0.00026109,0.00193461,0.0021957
866.0,0.00026047,0.00193002,0.00219049
866.25,0.00025985,0.00192543,0.00218529
866.5,0.00025923,0.00192086,0.00218009
866.75,0.00025862,0.0019163,0.00217492
867.0,0.000258,0.00191175,0.00216975
867.25,0.00025739,0.0019072,0.0021646
867.5,0.00025678,0.00190267,0.00215945
867.75,0.00025617,0.00189815,0.00215432
868.0,0.00025556,0.00189365,0.00214921
868.25,0.00025495,0.00188915,0.0021441
868.5,0.00025435,0.00188466,0.00213901
868.75,0.00025374,0.00188018,0.00213393
869.0,0.00025314,0.00187572,0.00212886
869.25,0.00025254,0.00187126,0.0021238
869.5,0.00025194,0.00186682,0.00211876
869.75,0.00025134,0.00186238,0.00211372
870.0,0.00025075,0.00185796,0.0021087
870.25,0.00025015,0.00185355,0.00210369
870.5,0.00024956,0.00184914,0.0020987
870.75,0.00024896,0.00184475,0.00209371
871.0,0.00024837,0.00184037,0.00208874
871.25,0.00024778,0.001836,0.00208378
871.5,0.00024719,0.00183164,0.00207883
871.75,0.00024661,0.00182728,0.00207389
872.0,0.00024602,0.00182294,0.00206896
872.25,0.00024544,0.00181861,0.00206405
872.5,0.00024485,0.00181429,0.00205915
872.75,0.00024427,0.00180998,0.00205426
873.0,0.00024369,0.00180568,0.00204938
873.25,0.00024311,0.0018014,0.00204451
873.5,0.00024253,0.00179712,0.00203965
873.75,0.00024196,0.00179285,0.00203481
874.0,0.00024138,0.00178859,0.00202997
874.25,0.00024081,0.00178434,0.00202515
874.5,0.00024024,0.0017801,0.00202034
874.75,0.00023967,0.00177587,0.00201554
875.0,0.0002391,0.00177166,0.00201075
875.25,0.00023853,0.00176745,0.00200598
875.5,0.00023796,0.00176325,0.00200121
875.75,0.0002374,0.00175906,0.00199646
876.0,0.00023683,0.00175488,0.00199172
876.25,0.00023627,0.00175071,0.00198699
876.5,0.00023571,0.00174656,0.00198227
876.75,0.00023515,0.00174241,0.00197756
877.0,0.00023459,0.00173827,0.00197286
877.25,0.00023403,0.00173414,0.00196817
877.5,0.00023348,0.00173002,0.0019635
877.75,0.00023292,0.00172591,0.00195883
878.0,0.00023237,0.00172181,0.00195418
878.25,0.00023182,0.00171772,0.00194954
878.5,0.00023127,0.00171364,0.00194491
878.75,0.00023072,0.00170957,0.00194029
879.0,0.00023017,0.00170551,0.00193568
879.25,0.00022962,0.00170146,0.00193108
879.5,0.00022908,0.00169742,0.00192649
879.75,0.00022853,0.00169338,0.00192192
880.0,0.00022799,0.00168936,0.00191735
880.25,0.00022745,0.00168535,0.0019128
880.5,0.00022691,0.00168135,0.00190826
880.75,0.00022637,0.00167735,0.00190372
881.0,0.00022583,0.00167337,0.0018992
881.25,0.0002253,0.00166939,0.00189469
881.5,0.00022476,0.00166543,0.00189019
881.75,0.00022423,0.00166147,0.0018857
882.0,0.0002237,0.00165752,0.00188122
882.25,0.00022316,0.00165359,0.00187675
882.5,0.00022263,0.00164966,0.00187229
882.75,0.0002221,0.00164574,0.00186785
883.0,0.00022158,0.00164183,0.00186341
883.25,0.00022105,0.00163793,0.00185898
883.5,0.00022053,0.00163404,0.00185457
883.75,0.00022,0.00163016,0.00185016
884.0,0.00021948,0.00162629,0.00184577
884.25,0.00021896,0.00162242,0.00184138
884.5,0.00021844,0.00161857,0.00183701
884.75,0.00021792,0.00161473,0.00183264
885.0,0.0002174,0.00161089,0.00182829
885.25,0.00021689,0.00160706,0.00182395
885.5,0.00021637,0.00160325,0.00181962
885.75,0.00021586,0.00159944,0.00181529
886.0,0.00021534,0.00159564,0.00181098
886.25,0.00021483,0.00159185,0.00180668
886.5,0.00021432,0.00158807,0.00180239
886.75,0.00021381,0.00158429,0.00179811
887.0,0.0002133,0.00158053,0.00179384
887.25,0.0002128,0.00157678,0.00178957
887.5,0.00021229,0.00157303,0.00178532
887.75,0.00021179,0.0015693,0.00178108
888.0,0.00021128,0.00156557,0.00177685
888.25,0.00021078,0.00156185,0.00177263
888.5,0.00021028,0.00155814,0.00176842
888.75,0.00020978,0.00155444,0.00176422
889.0,0.00020928,0.00155075,0.00176003
889.25,0.00020879,0.00154706,0.00175585
889.5,0.00020829,0.00154339,0.00175168
889.75,0.0002078,0.00153972,0.00174752
890.0,0.0002073,0.00153606,0.00174337
890.25,0.00020681,0.00153241,0.00173923
890.5,0.00020632,0.00152877,0.00173509
890.75,0.00020583,0.00152514,0.00173097
891.0,0.00020534,0.00152152,0.00172686
891.25,0.00020485,0.00151791,0.00172276
891.5,0.00020437,0.0015143,0.00171867
891.75,0.00020388,0.0015107,0.00171458
892.0,0.0002034,0.00150712,0.00171051
892.25,0.00020291,0.00150354,0.00170645
892.5,0.00020243,0.00149996,0.00170239
892.75,0.00020195,0.0014964,0.00169835
893.0,0.00020147,0.00149285,0.00169432
893.25,0.00020099,0.0014893,0.00169029
893.5,0.00020051,0.00148576,0.00168628
893.75,0.00020004,0.00148223,0.00168227
894.0,0.00019956,0.00147871,0.00167828
894.25,0.00019909,0.0014752,0.00167429
894.5,0.00019862,0.0014717,0.00167031
894.75,0.00019814,0.0014682,0.00166634
895.0,0.00019767,0.00146471,0.00166239
895.25,0.0001972,0.00146123,0.00165844
895.5,0.00019674,0.00145776,0.0016545
895.75,0.00019627,0.0014543,0.00165057
896.0,0.0001958,0.00145085,0.00164665
896.25,0.00019534,0.0014474,0.00164274
896.5,0.00019487,0.00144396,0.00163883
896.75,0.00019441,0.00144053,0.00163494
897.0,0.00019395,0.00143711,0.00163106
897.25,0.00019349,0.0014337,0.00162718
897.5,0.00019303,0.00143029,0.00162332
897.75,0.00019257,0.00142689,0.00161946
898.0,0.00019211,0.0014235,0.00161562
898.25,0.00019166,0.00142012,0.00161178
898.5,0.0001912,0.00141675,0.00160795
898.75,0.00019075,0.00141338,0.00160413
899.0,0.00019029,0.00141003,0.00160032
899.25,0.00018984,0.00140668,0.00159652
899.5,0.00018939,0.00140333,0.00159273
899.75,0.00018894,0.0014,0.00158894
900.0,0.00018849,0.00139668,0.00158517
900.25,0.00018804,0.00139336,0.0015814
900.5,0.0001876,0.00139005,0.00157765
900.75,0.00018715,0.00138675,0.0015739
901.0,0.00018671,0.00138345,0.00157016
901.25,0.00018626,0.00138017,0.00156643
901.5,0.00018582,0.00137689,0.00156271
901.75,0.00018538,0.00137362,0.001559
902.0,0.00018494,0.00137035,0.00155529
902.25,0.0001845,0.0013671,0.0015516
902.5,0.00018406,0.00136385,0.00154791
902.75,0.00018362,0.00136061,0.00154424
903.0,0.00018319,0.00135738,0.00154057
903.25,0.00018275,0.00135416,0.00153691
903.5,0.00018232,0.00135094,0.00153326
903.75,0.00018189,0.00134773,0.00152962
904.0,0.00018145,0.00134453,0.00152598
904.25,0.00018102,0.00134134,0.00152236
904.5,0.00018059,0.00133815,0.00151874
904.75,0.00018016,0.00133497,0.00151514
905.0,0.00017974,0.0013318,0.00151154
905.25,0.00017931,0.00132864,0.00150795
905.5,0.00017888,0.00132548,0.00150436
905.75,0.00017846,0.00132233,0.00150079
906.0,0.00017803,0.00131919,0.00149723
906.25,0.00017761,0.00131606,0.00149367
906.5,0.00017719,0.00131293,0.00149012
906.75,0.00017677,0.00130981,0.00148658
907.0,0.00017635,0.0013067,0.00148305
907.25,0.00017593,0.0013036,0.00147953
907.5,0.00017551,0.0013005,0.00147601
907.75,0.0001751,0.00129741,0.00147251
908.0,0.00017468,0.00129433,0.00146901
908.25,0.00017426,0.00129126,0.00146552
908.5,0.00017385,0.00128819,0.00146204
908.75,0.00017344,0.00128513,0.00145857
909.0,0.00017303,0.00128208,0.0014551
909.25,0.00017261,0.00127903,0.00145164
909.5,0.0001722,0.00127599,0.0014482
909.75,0.0001718,0.00127296,0.00144476
910.0,0.00017139,0.00126994,0.00144132
910.25,0.00017098,0.00126692,0.0014379
910.5,0.00017057,0.00126391,0.00143449
910.75,0.00017017,0.00126091,0.00143108
911.0,0.00016976,0.00125791,0.00142768
911.25,0.00016936,0.00125493,0.00142429
911.5,0.00016896,0.00125194,0.0014209
911.75,0.00016856,0.00124897,0.00141753
912.0,0.00016816,0.001246,0.00141416
912.25,0.00016776,0.00124304,0.0014108
912.5,0.00016736,0.00124009,0.00140745
912.75,0.00016696,0.00123715,0.00140411
913.0,0.00016657,0.00123421,0.00140077
913.25,0.00016617,0.00123128,0.00139745
913.5,0.00016578,0.00122835,0.00139413
913.75,0.00016538,0.00122543,0.00139081
914.0,0.00016499,0.00122252,0.00138751
914.25,0.0001646,0.00121962,0.00138421
914.5,0.00016421,0.00121672,0.00138093
914.75,0.00016382,0.00121383,0.00137765
915.0,0.00016343,0.00121095,0.00137437
915.25,0.00016304,0.00120807,0.00137111
915.5,0.00016265,0.0012052,0.00136785
915.75,0.00016226,0.00120234,0.0013646
916.0,0.00016188,0.00119948,0.00136136
916.25,0.00016149,0.00119663,0.00135813
916.5,0.00016111,0.00119379,0.0013549
916.75,0.00016073,0.00119096,0.00135168
917.0,0.00016035,0.00118813,0.00134847
917.25,0.00015997,0.0011853,0.00134527
917.5,0.00015959,0.00118249,0.00134207
917.75,0.00015921,0.00117968,0.00133889
918.0,0.00015883,0.00117688,0.00133571
918.25,0.00015845,0.00117408,0.00133253
918.5,0.00015807,0.00117129,0.00132937
918.75,0.0001577,0.00116851,0.00132621
919.0,0.00015732,0.00116574,0.00132306
919.25,0.00015695,0.00116297,0.00131992
919.5,0.00015658,0.0011602,0.00131678
919.75,0.00015621,0.00115745,0.00131365
920.0,0.00015584,0.0011547,0.00131053
920.25,0.00015547,0.00115196,0.00130742
920.5,0.0001551,0.00114922,0.00130432
920.75,0.00015473,0.00114649,0.00130122
921.0,0.00015436,0.00114377,0.00129813
921.25,0.00015399,0.00114105,0.00129504
921.5,0.00015363,0.00113834,0.00129197
921.75,0.00015326,0.00113564,0.0012889
922.0,0.0001529,0.00113294,0.00128584
922.25,0.00015254,0.00113025,0.00128278
922.5,0.00015217,0.00112756,0.00127973
922.75,0.00015181,0.00112488,0.00127669
923.0,0.00015145,0.00112221,0.00127366
923.25,0.00015109,0.00111955,0.00127064
923.5,0.00015073,0.00111689,0.00126762
923.75,0.00015037,0.00111423,0.00126461
924.0,0.00015002,0.00111159,0.0012616
924.25,0.00014966,0.00110895,0.00125861
924.5,0.00014931,0.00110631,0.00125562
924.75,0.00014895,0.00110368,0.00125263
925.0,0.0001486,0.00110106,0.00124966
925.25,0.00014824,0.00109845,0.00124669
925.5,0.00014789,0.00109584,0.00124373
925.75,0.00014754,0.00109323,0.00124078
926.0,0.00014719,0.00109064,0.00123783
926.25,0.00014684,0.00108805,0.00123489
926.5,0.00014649,0.00108546,0.00123195
926.75,0.00014614,0.00108288,0.00122903
927.0,0.0001458,0.00108031,0.00122611
927.25,0.00014545,0.00107775,0.0012232
927.5,0.0001451,0.00107519,0.00122029
927.75,0.00014476,0.00107263,0.00121739
928.0,0.00014442,0.00107008,0.0012145
928.25,0.00014407,0.00106754,0.00121162
928.5,0.00014373,0.00106501,0.00120874
928.75,0.00014339,0.00106248,0.00120587
929.0,0.00014305,0.00105995,0.001203
929.25,0.00014271,0.00105744,0.00120014
929.5,0.00014237,0.00105492,0.00119729
929.75,0.00014203,0.00105242,0.00119445
930.0,0.00014169,0.00104992,0.00119161
930.25,0.00014136,0.00104742,0.00118878
930.5,0.00014102,0.00104494,0.00118596
930.75,0.00014069,0.00104245,0.00118314
931.0,0.00014035,0.00103998,0.00118033
931.25,0.00014002,0.00103751,0.00117753
931.5,0.00013969,0.00103504,0.00117473
931.75,0.00013935,0.00103258,0.00117194
932.0,0.00013902,0.00103013,0.00116916
932.25,0.00013869,0.00102768,0.00116638
932.5,0.00013836,0.00102524,0.00116361
932.75,0.00013804,0.00102281,0.00116084
933.0,0.00013771,0.00102038,0.00115809
933.25,0.00013738,0.00101795,0.00115534
933.5,0.00013705,0.00101554,0.00115259
933.75,0.00013673,0.00101312,0.00114985
934.0,0.0001364,0.00101072,0.00114712
934.25,0.00013608,0.00100832,0.0011444
934.5,0.00013576,0.00100592,0.00114168
934.75,0.00013543,0.00100353,0.00113897
935.0,0.00013511,0.00100115,0.00113626
935.25,0.00013479,0.00099877,0.00113356
935.5,0.00013447,0.0009964,0.00113087
935.75,0.00013415,0.00099403,0.00112818
936.0,0.00013383,0.00099167,0.0011255
936.25,0.00013352,0.00098931,0.00112283
936.5,0.0001332,0.00098696,0.00112016
936.75,0.00013288,0.00098462,0.0011175
937.0,0.00013257,0.00098228,0.00111485
937.25,0.00013225,0.00097995,0.0011122
937.5,0.00013194,0.00097762,0.00110956
937.75,0.00013162,0.0009753,0.00110692
938.0,0.00013131,0.00097298,0.00110429
938.25,0.000131,0.00097067,0.00110167
938.5,0.00013069,0.00096836,0.00109905
938.75,0.00013038,0.00096606,0.00109644
939.0,0.00013007,0.00096377,0.00109384
939.25,0.00012976,0.00096148,0.00109124
939.5,0.00012945,0.0009592,0.00108865
939.75,0.00012914,0.00095692,0.00108606
940.0,0.00012884,0.00095464,0.00108348
940.25,0.00012853,0.00095238,0.00108091
940.5,0.00012823,0.00095011,0.00107834
940.75,0.00012792,0.00094786,0.00107578
941.0,0.00012762,0.00094561,0.00107322
941.25,0.00012731,0.00094336,0.00107067
941.5,0.00012701,0.00094112,0.00106813
941.75,0.00012671,0.00093888,0.00106559
942.0,0.00012641,0.00093665,0.00106306
942.25,0.00012611,0.00093443,0.00106054
942.5,0.00012581,0.00093221,0.00105802
942.75,0.00012551,0.00093,0.0010555
943.0,0.00012521,0.00092779,0.001053
943.25,0.00012491,0.00092558,0.0010505
943.5,0.00012462,0.00092338,0.001048
943.75,0.00012432,0.00092119,0.00104551
944.0,0.00012403,0.000919,0.00104303
944.25,0.00012373,0.00091682,0.00104055
944.5,0.00012344,0.00091464,0.00103808
944.75,0.00012314,0.00091247,0.00103561
945.0,0.00012285,0.0009103,0.00103315
945.25,0.00012256,0.00090814,0.0010307
945.5,0.00012227,0.00090598,0.00102825
945.75,0.00012198,0.00090383,0.00102581
946.0,0.00012169,0.00090168,0.00102337
946.25,0.0001214,0.00089954,0.00102094
946.5,0.00012111,0.0008974,0.00101852
946.75,0.00012082,0.00089527,0.0010161
947.0,0.00012054,0.00089315,0.00101368
947.25,0.00012025,0.00089102,0.00101127
947.5,0.00011996,0.00088891,0.00100887
947.75,0.00011968,0.0008868,0.00100648
948.0,0.0001194,0.00088469,0.00100409
948.25,0.00011911,0.00088259,0.0010017
948.5,0.00011883,0.00088049,0.00099932
948.75,0.00011855,0.0008784,0.00099695
949.0,0.00011827,0.00087631,0.00099458
949.25,0.00011798,0.00087423,0.00099222
949.5,0.0001177,0.00087216,0.00098986
949.75,0.00011742,0.00087008,0.00098751
950.0,0.00011715,0.00086802,0.00098516
950.25,0.00011687,0.00086596,0.00098282
950.5,0.00011659,0.0008639,0.00098049
950.75,0.00011631,0.00086185,0.00097816
951.0,0.00011604,0.0008598,0.00097584
951.25,0.00011576,0.00085776,0.00097352
951.5,0.00011549,0.00085572,0.00097121
951.75,0.00011521,0.00085369,0.0009689
952.0,0.00011494,0.00085166,0.0009666
952.25,0.00011466,0.00084964,0.0009643
952.5,0.00011439,0.00084762,0.00096201
952.75,0.00011412,0.0008456,0.00095972
953.0,0.00011385,0.0008436,0.00095745
953.25,0.00011358,0.00084159,0.00095517
953.5,0.00011331,0.00083959,0.0009529
953.75,0.00011304,0.0008376,0.00095064
954.0,0.00011277,0.00083561,0.00094838
954.25,0.0001125,0.00083362,0.00094613
954.5,0.00011224,0.00083164,0.00094388
954.75,0.00011197,0.00082967,0.00094164
955.0,0.0001117,0.0008277,0.0009394
955.25,0.00011144,0.00082573,0.00093717
955.5,0.00011117,0.00082377,0.00093494
955.75,0.00011091,0.00082181,0.00093272
956.0,0.00011065,0.00081986,0.00093051
956.25,0.00011038,0.00081791,0.0009283
956.5,0.00011012,0.00081597,0.00092609
956.75,0.00010986,0.00081403,0.00092389
957.0,0.0001096,0.0008121,0.0009217
957.25,0.00010934,0.00081017,0.00091951
957.5,0.00010908,0.00080825,0.00091732
957.75,0.00010882,0.00080633,0.00091515
958.0,0.00010856,0.00080441,0.00091297
958.25,0.0001083,0.0008025,0.0009108
958.5,0.00010805,0.00080059,0.00090864
958.75,0.00010779,0.00079869,0.00090648
959.0,0.00010753,0.00079679,0.00090433
959.25,0.00010728,0.0007949,0.00090218
959.5,0.00010702,0.00079301,0.00090004
959.75,0.00010677,0.00079113,0.0008979
960.0,0.00010652,0.00078925,0.00089577
960.25,0.00010626,0.00078738,0.00089364
960.5,0.00010601,0.00078551,0.00089152
960.75,0.00010576,0.00078364,0.0008894
961.0,0.00010551,0.00078178,0.00088729
961.25,0.00010526,0.00077992,0.00088518
961.5,0.00010501,0.00077807,0.00088307
961.75,0.00010476,0.00077622,0.00088098
962.0,0.00010451,0.00077438,0.00087888
962.25,0.00010426,0.00077254,0.0008768
962.5,0.00010401,0.0007707,0.00087471
962.75,0.00010376,0.00076887,0.00087264
963.0,0.00010352,0.00076705,0.00087056
963.25,0.00010327,0.00076522,0.0008685
963.5,0.00010303,0.00076341,0.00086643
963.75,0.00010278,0.00076159,0.00086437
964.0,0.00010254,0.00075978,0.00086232
964.25,0.00010229,0.00075798,0.00086027
964.5,0.00010205,0.00075618,0.00085823
964.75,0.00010181,0.00075438,0.00085619
965.0,0.00010157,0.00075259,0.00085416
965.25,0.00010133,0.0007508,0.00085213
965.5,0.00010109,0.00074902,0.0008501
965.75,0.00010085,0.00074724,0.00084808
966.0,0.00010061,0.00074546,0.00084607
966.25,0.00010037,0.00074369,0.00084406
966.5,0.00010013,0.00074193,0.00084206
966.75,9.989e-05,0.00074016,0.00084006
967.0,9.965e-05,0.00073841,0.00083806
967.25,9.942e-05,0.00073665,0.00083607
967.5,9.918e-05,0.0007349,0.00083408
967.75,9.894e-05,0.00073316,0.0008321
968.0,9.871e-05,0.00073142,0.00083013
968.25,9.848e-05,0.00072968,0.00082815
968.5,9.824e-05,0.00072794,0.00082619
968.75,9.801e-05,0.00072622,0.00082422
969.0,9.778e-05,0.00072449,0.00082227
969.25,9.754e-05,0.00072277,0.00082031
969.5,9.731e-05,0.00072105,0.00081836
969.75,9.708e-05,0.00071934,0.00081642
970.0,9.685e-05,0.00071763,0.00081448
970.25,9.662e-05,0.00071593,0.00081255
970.5,9.639e-05,0.00071423,0.00081062
970.75,9.616e-05,0.00071253,0.00080869
971.0,9.593e-05,0.00071084,0.00080677
971.25,9.57e-05,0.00070915,0.00080485
971.5,9.548e-05,0.00070746,0.00080294
971.75,9.525e-05,0.00070578,0.00080103
972.0,9.502e-05,0.00070411,0.00079913
972.25,9.48e-05,0.00070243,0.00079723
972.5,9.457e-05,0.00070077,0.00079534
972.75,9.435e-05,0.0006991,0.00079345
973.0,9.412e-05,0.00069744,0.00079157
973.25,9.39e-05,0.00069578,0.00078969
973.5,9.368e-05,0.00069413,0.00078781
973.75,9.346e-05,0.00069248,0.00078594
974.0,9.323e-05,0.00069084,0.00078407
974.25,9.301e-05,0.0006892,0.00078221
974.5,9.279e-05,0.00068756,0.00078035
974.75,9.257e-05,0.00068593,0.0007785
975.0,9.235e-05,0.0006843,0.00077665
975.25,9.213e-05,0.00068267,0.0007748
975.5,9.191e-05,0.00068105,0.00077296
975.75,9.169e-05,0.00067943,0.00077113
976.0,9.148e-05,0.00067782,0.0007693
976.25,9.126e-05,0.00067621,0.00076747
976.5,9.104e-05,0.0006746,0.00076564
976.75,9.083e-05,0.000673,0.00076383
977.0,9.061e-05,0.0006714,0.00076201
977.25,9.04e-05,0.00066981,0.0007602
977.5,9.018e-05,0.00066822,0.0007584
977.75,8.997e-05,0.00066663,0.00075659
978.0,8.975e-05,0.00066504,0.0007548
978.25,8.954e-05,0.00066346,0.000753
978.5,8.933e-05,0.00066189,0.00075122
978.75,8.911e-05,0.00066032,0.00074943
979.0,8.89e-05,0.00065875,0.00074765
979.25,8.869e-05,0.00065718,0.00074588
979.5,8.848e-05,0.00065562,0.0007441
979.75,8.827e-05,0.00065406,0.00074234
980.0,8.806e-05,0.00065251,0.00074057
980.25,8.785e-05,0.00065096,0.00073881
980.5,8.764e-05,0.00064942,0.00073706
980.75,8.744e-05,0.00064787,0.00073531
981.0,8.723e-05,0.00064633,0.00073356
981.25,8.702e-05,0.0006448,0.00073182
981.5,8.681e-05,0.00064327,0.00073008
981.75,8.661e-05,0.00064174,0.00072835
982.0,8.64e-05,0.00064021,0.00072662
982.25,8.62e-05,0.00063869,0.00072489
982.5,8.599e-05,0.00063718,0.00072317
982.75,8.579e-05,0.00063566,0.00072145
983.0,8.558e-05,0.00063415,0.00071974
983.25,8.538e-05,0.00063265,0.00071803
983.5,8.518e-05,0.00063114,0.00071632
983.75,8.498e-05,0.00062964,0.00071462
984.0,8.477e-05,0.00062815,0.00071292
984.25,8.457e-05,0.00062666,0.00071123
984.5,8.437e-05,0.00062517,0.00070954
984.75,8.417e-05,0.00062368,0.00070785
985.0,8.397e-05,0.0006222,0.00070617
985.25,8.377e-05,0.00062072,0.0007045
985.5,8.357e-05,0.00061925,0.00070282
985.75,8.337e-05,0.00061778,0.00070115
986.0,8.318e-05,0.00061631,0.00069949
986.25,8.298e-05,0.00061485,0.00069783
986.5,8.278e-05,0.00061339,0.00069617
986.75,8.258e-05,0.00061193,0.00069451
987.0,8.239e-05,0.00061048,0.00069286
987.25,8.219e-05,0.00060903,0.00069122
987.5,8.2e-05,0.00060758,0.00068958
987.75,8.18e-05,0.00060614,0.00068794
988.0,8.161e-05,0.0006047,0.0006863
988.25,8.141e-05,0.00060326,0.00068467
988.5,8.122e-05,0.00060183,0.00068305
988.75,8.103e-05,0.0006004,0.00068143
989.0,8.084e-05,0.00059897,0.00067981
989.25,8.064e-05,0.00059755,0.00067819
989.5,8.045e-05,0.00059613,0.00067658
989.75,8.026e-05,0.00059471,0.00067497
990.0,8.007e-05,0.0005933,0.00067337
990.25,7.988e-05,0.00059189,0.00067177
990.5,7.969e-05,0.00059049,0.00067018
990.75,7.95e-05,0.00058908,0.00066858
991.0,7.931e-05,0.00058768,0.000667
991.25,7.912e-05,0.00058629,0.00066541
991.5,7.894e-05,0.00058489,0.00066383
991.75,7.875e-05,0.00058351,0.00066225
992.0,7.856e-05,0.00058212,0.00066068
992.25,7.837e-05,0.00058074,0.00065911
992.5,7.819e-05,0.00057936,0.00065755
992.75,7.8e-05,0.00057798,0.00065598
993.0,7.782e-05,0.00057661,0.00065443
993.25,7.763e-05,0.00057524,0.00065287
993.5,7.745e-05,0.00057387,0.00065132
993.75,7.726e-05,0.00057251,0.00064977
994.0,7.708e-05,0.00057115,0.00064823
994.25,7.69e-05,0.00056979,0.00064669
994.5,7.671e-05,0.00056844,0.00064515
994.75,7.653e-05,0.00056709,0.00064362
995.0,7.635e-05,0.00056574,0.00064209
995.25,7.617e-05,0.0005644,0.00064057
995.5,7.599e-05,0.00056306,0.00063905
995.75,7.581e-05,0.00056172,0.00063753
996.0,7.563e-05,0.00056039,0.00063601
996.25,7.545e-05,0.00055905,0.0006345
996.5,7.527e-05,0.00055773,0.000633
996.75,7.509e-05,0.0005564,0.00063149
997.0,7.491e-05,0.00055508,0.00062999
997.25,7.473e-05,0.00055376,0.0006285
997.5,7.456e-05,0.00055245,0.000627
997.75,7.438e-05,0.00055113,0.00062551
998.0,7.42e-05,0.00054982,0.00062403
998.25,7.403e-05,0.00054852,0.00062254
998.5,7.385e-05,0.00054722,0.00062107
998.75,7.368e-05,0.00054592,0.00061959
999.0,7.35e-05,0.00054462,0.00061812
999.25,7.333e-05,0.00054332,0.00061665
999.5,7.315e-05,0.00054203,0.00061519
999.75,7.298e-05,0.00054075,0.00061372
1000.0,7.28e-05,0.00053946,0.00061227
1000.25,7.263e-05,0.00053818,0.00061081
1000.5,7.246e-05,0.0005369,0.00060936
1000.75,7.229e-05,0.00053563,0.00060791
1001.0,7.212e-05,0.00053435,0.00060647
1001.25,7.194e-05,0.00053309,0.00060503
1001.5,7.177e-05,0.00053182,0.00060359
1001.75,7.16e-05,0.00053056,0.00060216
1002.0,7.143e-05,0.0005293,0.00060073
1002.25,7.126e-05,0.00052804,0.0005993
1002.5,7.109e-05,0.00052678,0.00059788
1002.75,7.092e-05,0.00052553,0.00059646
1003.0,7.076e-05,0.00052428,0.00059504
1003.25,7.059e-05,0.00052304,0.00059363
1003.5,7.042e-05,0.0005218,0.00059222
1003.75,7.025e-05,0.00052056,0.00059081
1004.0,7.009e-05,0.00051932,0.00058941
1004.25,6.992e-05,0.00051809,0.00058801
1004.5,6.975e-05,0.00051686,0.00058661
1004.75,6.959e-05,0.00051563,0.00058522
1005.0,6.942e-05,0.0005144,0.00058383
1005.25,6.926e-05,0.00051318,0.00058244
1005.5,6.909e-05,0.00051196,0.00058106
1005.75,6.893e-05,0.00051075,0.00057968
1006.0,6.877e-05,0.00050953,0.0005783
1006.25,6.86e-05,0.00050832,0.00057693
1006.5,6.844e-05,0.00050712,0.00057556
1006.75,6.828e-05,0.00050591,0.00057419
1007.0,6.811e-05,0.00050471,0.00057282
1007.25,6.795e-05,0.00050351,0.00057146
1007.5,6.779e-05,0.00050231,0.00057011
1007.75,6.763e-05,0.00050112,0.00056875
1008.0,6.747e-05,0.00049993,0.0005674
1008.25,6.731e-05,0.00049874,0.00056605
1008.5,6.715e-05,0.00049756,0.00056471
1008.75,6.699e-05,0.00049638,0.00056337
1009.0,6.683e-05,0.0004952,0.00056203
1009.25,6.667e-05,0.00049402,0.00056069
1009.5,6.651e-05,0.00049285,0.00055936
1009.75,6.636e-05,0.00049168,0.00055803
1010.0,6.62e-05,0.00049051,0.00055671
1010.25,6.604e-05,0.00048934,0.00055539
1010.5,6.588e-05,0.00048818,0.00055407
1010.75,6.573e-05,0.00048702,0.00055275
1011.0,6.557e-05,0.00048587,0.00055144
1011.25,6.542e-05,0.00048471,0.00055013
1011.5,6.526e-05,0.00048356,0.00054882
1011.75,6.511e-05,0.00048241,0.00054752
1012.0,6.495e-05,0.00048127,0.00054622
1012.25,6.48e-05,0.00048012,0.00054492
1012.5,6.464e-05,0.00047898,0.00054362
1012.75,6.449e-05,0.00047784,0.00054233
1013.0,6.434e-05,0.00047671,0.00054104
1013.25,6.418e-05,0.00047558,0.00053976
1013.5,6.403e-05,0.00047445,0.00053848
1013.75,6.388e-05,0.00047332,0.0005372
1014.0,6.373e-05,0.0004722,0.00053592
1014.25,6.357e-05,0.00047107,0.00053465
1014.5,6.342e-05,0.00046996,0.00053338
1014.75,6.327e-05,0.00046884,0.00053211
1015.0,6.312e-05,0.00046773,0.00053085
1015.25,6.297e-05,0.00046661,0.00052959
1015.5,6.282e-05,0.00046551,0.00052833
1015.75,6.267e-05,0.0004644,0.00052707
1016.0,6.253e-05,0.0004633,0.00052582
1016.25,6.238e-05,0.0004622,0.00052457
1016.5,6.223e-05,0.0004611,0.00052333
1016.75,6.208e-05,0.00046,0.00052208
1017.0,6.193e-05,0.00045891,0.00052084
1017.25,6.179e-05,0.00045782,0.00051961
1017.5,6.164e-05,0.00045673,0.00051837
1017.75,6.149e-05,0.00045565,0.00051714
1018.0,6.135e-05,0.00045457,0.00051591
1018.25,6.12e-05,0.00045349,0.00051469
1018.5,6.106e-05,0.00045241,0.00051346
1018.75,6.091e-05,0.00045133,0.00051225
1019.0,6.077e-05,0.00045026,0.00051103
1019.25,6.062e-05,0.00044919,0.00050981
1019.5,6.048e-05,0.00044813,0.0005086
1019.75,6.033e-05,0.00044706,0.0005074
1020.0,6.019e-05,0.000446,0.00050619
1020.25,6.005e-05,0.00044494,0.00050499
1020.5,5.991e-05,0.00044388,0.00050379
1020.75,5.976e-05,0.00044283,0.00050259
1021.0,5.962e-05,0.00044178,0.0005014
1021.25,5.948e-05,0.00044073,0.00050021
1021.5,5.934e-05,0.00043968,0.00049902
1021.75,5.92e-05,0.00043864,0.00049783
1022.0,5.906e-05,0.00043759,0.00049665
1022.25,5.892e-05,0.00043655,0.00049547
1022.5,5.878e-05,0.00043552,0.00049429
1022.75,5.864e-05,0.00043448,0.00049312
1023.0,5.85e-05,0.00043345,0.00049195
1023.25,5.836e-05,0.00043242,0.00049078
1023.5,5.822e-05,0.00043139,0.00048961
1023.75,5.808e-05,0.00043037,0.00048845
1024.0,5.794e-05,0.00042935,0.00048729
1024.25,5.781e-05,0.00042833,0.00048613
1024.5,5.767e-05,0.00042731,0.00048498
1024.75,5.753e-05,0.0004263,0.00048383
1025.0,5.74e-05,0.00042528,0.00048268
1025.25,5.726e-05,0.00042427,0.00048153
1025.5,5.712e-05,0.00042326,0.00048039
1025.75,5.699e-05,0.00042226,0.00047925
1026.0,5.685e-05,0.00042126,0.00047811
1026.25,5.672e-05,0.00042026,0.00047697
1026.5,5.658e-05,0.00041926,0.00047584
1026.75,5.645e-05,0.00041826,0.00047471
1027.0,5.631e-05,0.00041727,0.00047358
1027.25,5.618e-05,0.00041628,0.00047246
1027.5,5.605e-05,0.00041529,0.00047133
1027.75,5.591e-05,0.0004143,0.00047021
1028.0,5.578e-05,0.00041332,0.0004691
1028.25,5.565e-05,0.00041234,0.00046798
1028.5,5.552e-05,0.00041136,0.00046687
1028.75,5.538e-05,0.00041038,0.00046576
1029.0,5.525e-05,0.0004094,0.00046466
1029.25,5.512e-05,0.00040843,0.00046355
1029.5,5.499e-05,0.00040746,0.00046245
1029.75,5.486e-05,0.00040649,0.00046135
1030.0,5.473e-05,0.00040553,0.00046026
1030.25,5.46e-05,0.00040456,0.00045916
1030.5,5.447e-05,0.0004036,0.00045807
1030.75,5.434e-05,0.00040264,0.00045698
1031.0,5.421e-05,0.00040169,0.0004559
1031.25,5.408e-05,0.00040073,0.00045482
1031.5,5.395e-05,0.00039978,0.00045374
1031.75,5.383e-05,0.00039883,0.00045266
1032.0,5.37e-05,0.00039789,0.00045158
1032.25,5.357e-05,0.00039694,0.00045051
1032.5,5.344e-05,0.000396,0.00044944
1032.75,5.332e-05,0.00039506,0.00044837
1033.0,5.319e-05,0.00039412,0.00044731
1033.25,5.306e-05,0.00039318,0.00044625
1033.5,5.294e-05,0.00039225,0.00044519
1033.75,5.281e-05,0.00039132,0.00044413
1034.0,5.269e-05,0.00039039,0.00044307
1034.25,5.256e-05,0.00038946,0.00044202
1034.5,5.244e-05,0.00038853,0.00044097
1034.75,5.231e-05,0.00038761,0.00043992
1035.0,5.219e-05,0.00038669,0.00043888
1035.25,5.206e-05,0.00038577,0.00043784
1035.5,5.194e-05,0.00038486,0.0004368
1035.75,5.182e-05,0.00038394,0.00043576
1036.0,5.169e-05,0.00038303,0.00043472
1036.25,5.157e-05,0.00038212,0.00043369
1036.5,5.145e-05,0.00038121,0.00043266
1036.75,5.133e-05,0.00038031,0.00043163
1037.0,5.12e-05,0.0003794,0.00043061
1037.25,5.108e-05,0.0003785,0.00042958
1037.5,5.096e-05,0.0003776,0.00042856
1037.75,5.084e-05,0.00037671,0.00042755
1038.0,5.072e-05,0.00037581,0.00042653
1038.25,5.06e-05,0.00037492,0.00042552
1038.5,5.048e-05,0.00037403,0.00042451
1038.75,5.036e-05,0.00037314,0.0004235
1039.0,5.024e-05,0.00037225,0.00042249
1039.25,5.012e-05,0.00037137,0.00042149
1039.5,5e-05,0.00037049,0.00042049
1039.75,4.988e-05,0.00036961,0.00041949
1040.0,4.976e-05,0.00036873,0.00041849
1040.25,4.964e-05,0.00036785,0.0004175
1040.5,4.953e-05,0.00036698,0.00041651
1040.75,4.941e-05,0.00036611,0.00041552
1041.0,4.929e-05,0.00036524,0.00041453
1041.25,4.917e-05,0.00036437,0.00041354
1041.5,4.906e-05,0.0003635,0.00041256
1041.75,4.894e-05,0.00036264,0.00041158
1042.0,4.882e-05,0.00036178,0.0004106
1042.25,4.871e-05,0.00036092,0.00040963
1042.5,4.859e-05,0.00036006,0.00040866
1042.75,4.848e-05,0.00035921,0.00040769
1043.0,4.836e-05,0.00035835,0.00040672
1043.25,4.825e-05,0.0003575,0.00040575
1043.5,4.813e-05,0.00035665,0.00040479
1043.75,4.802e-05,0.00035581,0.00040383
1044.0,4.79e-05,0.00035496,0.00040287
1044.25,4.779e-05,0.00035412,0.00040191
1044.5,4.768e-05,0.00035328,0.00040096
1044.75,4.756e-05,0.00035244,0.0004
1045.0,4.745e-05,0.0003516,0.00039905
1045.25,4.734e-05,0.00035077,0.0003981
1045.5,4.723e-05,0.00034993,0.00039716
1045.75,4.711e-05,0.0003491,0.00039622
1046.0,4.7e-05,0.00034827,0.00039527
1046.25,4.689e-05,0.00034745,0.00039434
1046.5,4.678e-05,0.00034662,0.0003934
1046.75,4.667e-05,0.0003458,0.00039246
1047.0,4.656e-05,0.00034498,0.00039153
1047.25,4.645e-05,0.00034416,0.0003906
1047.5,4.634e-05,0.00034334,0.00038967
1047.75,4.623e-05,0.00034252,0.00038875
1048.0,4.612e-05,0.00034171,0.00038783
1048.25,4.601e-05,0.0003409,0.0003869
1048.5,4.59e-05,0.00034009,0.00038599
1048.75,4.579e-05,0.00033928,0.00038507
1049.0,4.568e-05,0.00033847,0.00038415
1049.25,4.557e-05,0.00033767,0.00038324
1049.5,4.546e-05,0.00033687,0.00038233
1049.75,4.535e-05,0.00033607,0.00038142
1050.0,4.525e-05,0.00033527,0.00038052
1050.25,4.514e-05,0.00033447,0.00037961
1050.5,4.503e-05,0.00033368,0.00037871
1050.75,4.493e-05,0.00033289,0.00037781
1051.0,4.482e-05,0.0003321,0.00037691
1051.25,4.471e-05,0.00033131,0.00037602
1051.5,4.461e-05,0.00033052,0.00037513
1051.75,4.45e-05,0.00032973,0.00037423
1052.0,4.439e-05,0.00032895,0.00037335
1052.25,4.429e-05,0.00032817,0.00037246
1052.5,4.418e-05,0.00032739,0.00037157
1052.75,4.408e-05,0.00032661,0.00037069
1053.0,4.397e-05,0.00032584,0.00036981
1053.25,4.387e-05,0.00032506,0.00036893
1053.5,4.377e-05,0.00032429,0.00036806
1053.75,4.366e-05,0.00032352,0.00036718
1054.0,4.356e-05,0.00032275,0.00036631
1054.25,4.345e-05,0.00032198,0.00036544
1054.5,4.335e-05,0.00032122,0.00036457
1054.75,4.325e-05,0.00032046,0.00036371
1055.0,4.315e-05,0.0003197,0.00036284
1055.25,4.304e-05,0.00031894,0.00036198
1055.5,4.294e-05,0.00031818,0.00036112
1055.75,4.284e-05,0.00031742,0.00036026
1056.0,4.274e-05,0.00031667,0.00035941
1056.25,4.264e-05,0.00031592,0.00035855
1056.5,4.253e-05,0.00031517,0.0003577
1056.75,4.243e-05,0.00031442,0.00035685
1057.0,4.233e-05,0.00031367,0.000356
1057.25,4.223e-05,0.00031293,0.00035516
1057.5,4.213e-05,0.00031218,0.00035431
1057.75,4.203e-05,0.00031144,0.00035347
1058.0,4.193e-05,0.0003107,0.00035263
1058.25,4.183e-05,0.00030996,0.0003518
1058.5,4.173e-05,0.00030923,0.00035096
1058.75,4.163e-05,0.00030849,0.00035013
1059.0,4.153e-05,0.00030776,0.00034929
1059.25,4.144e-05,0.00030703,0.00034846
1059.5,4.134e-05,0.0003063,0.00034764
1059.75,4.124e-05,0.00030557,0.00034681
1060.0,4.114e-05,0.00030485,0.00034599
1060.25,4.104e-05,0.00030412,0.00034517
1060.5,4.095e-05,0.0003034,0.00034435
1060.75,4.085e-05,0.00030268,0.00034353
1061.0,4.075e-05,0.00030196,0.00034271
1061.25,4.065e-05,0.00030124,0.0003419
1061.5,4.056e-05,0.00030053,0.00034109
1061.75,4.046e-05,0.00029981,0.00034028
1062.0,4.037e-05,0.0002991,0.00033947
1062.25,4.027e-05,0.00029839,0.00033866
1062.5,4.017e-05,0.00029768,0.00033786
1062.75,4.008e-05,0.00029697,0.00033705
1063.0,3.998e-05,0.00029627,0.00033625
1063.25,3.989e-05,0.00029557,0.00033545
1063.5,3.979e-05,0.00029486,0.00033466
1063.75,3.97e-05,0.00029416,0.00033386
1064.0,3.961e-05,0.00029346,0.00033307
1064.25,3.951e-05,0.00029277,0.00033228
1064.5,3.942e-05,0.00029207,0.00033149
1064.75,3.932e-05,0.00029138,0.0003307
1065.0,3.923e-05,0.00029069,0.00032992
1065.25,3.914e-05,0.00029,0.00032913
1065.5,3.904e-05,0.00028931,0.00032835
1065.75,3.895e-05,0.00028862,0.00032757
1066.0,3.886e-05,0.00028793,0.00032679
1066.25,3.877e-05,0.00028725,0.00032602
1066.5,3.867e-05,0.00028657,0.00032524
1066.75,3.858e-05,0.00028589,0.00032447
1067.0,3.849e-05,0.00028521,0.0003237
1067.25,3.84e-05,0.00028453,0.00032293
1067.5,3.831e-05,0.00028385,0.00032216
1067.75,3.822e-05,0.00028318,0.0003214
1068.0,3.813e-05,0.00028251,0.00032063
1068.25,3.804e-05,0.00028184,0.00031987
1068.5,3.795e-05,0.00028117,0.00031911
1068.75,3.786e-05,0.0002805,0.00031835
1069.0,3.777e-05,0.00027983,0.0003176
1069.25,3.768e-05,0.00027917,0.00031684
1069.5,3.759e-05,0.0002785,0.00031609
1069.75,3.75e-05,0.00027784,0.00031534
1070.0,3.741e-05,0.00027718,0.00031459
1070.25,3.732e-05,0.00027652,0.00031384
1070.5,3.723e-05,0.00027587,0.0003131
1070.75,3.714e-05,0.00027521,0.00031235
1071.0,3.705e-05,0.00027456,0.00031161
1071.25,3.697e-05,0.00027391,0.00031087
1071.5,3.688e-05,0.00027326,0.00031013
1071.75,3.679e-05,0.00027261,0.0003094
1072.0,3.67e-05,0.00027196,0.00030866
1072.25,3.662e-05,0.00027131,0.00030793
1072.5,3.653e-05,0.00027067,0.0003072
1072.75,3.644e-05,0.00027003,0.00030647
1073.0,3.636e-05,0.00026938,0.00030574
1073.25,3.627e-05,0.00026874,0.00030501
1073.5,3.618e-05,0.00026811,0.00030429
1073.75,3.61e-05,0.00026747,0.00030357
1074.0,3.601e-05,0.00026683,0.00030285
1074.25,3.593e-05,0.0002662,0.00030213
1074.5,3.584e-05,0.00026557,0.00030141
1074.75,3.576e-05,0.00026494,0.00030069
1075.0,3.567e-05,0.00026431,0.00029998
1075.25,3.559e-05,0.00026368,0.00029927
1075.5,3.55e-05,0.00026305,0.00029855
1075.75,3.542e-05,0.00026243,0.00029785
1076.0,3.533e-05,0.00026181,0.00029714
1076.25,3.525e-05,0.00026118,0.00029643
1076.5,3.516e-05,0.00026056,0.00029573
1076.75,3.508e-05,0.00025994,0.00029503
1077.0,3.5e-05,0.00025933,0.00029432
1077.25,3.491e-05,0.00025871,0.00029363
1077.5,3.483e-05,0.0002581,0.00029293
1077.75,3.475e-05,0.00025748,0.00029223
1078.0,3.467e-05,0.00025687,0.00029154
1078.25,3.458e-05,0.00025626,0.00029085
1078.5,3.45e-05,0.00025565,0.00029016
1078.75,3.442e-05,0.00025505,0.00028947
1079.0,3.434e-05,0.00025444,0.00028878
1079.25,3.426e-05,0.00025384,0.00028809
1079.5,3.418e-05,0.00025323,0.00028741
1079.75,3.409e-05,0.00025263,0.00028673
1080.0,3.401e-05,0.00025203,0.00028604
1080.25,3.393e-05,0.00025143,0.00028536
1080.5,3.385e-05,0.00025083,0.00028469
1080.75,3.377e-05,0.00025024,0.00028401
1081.0,3.369e-05,0.00024964,0.00028334
1081.25,3.361e-05,0.00024905,0.00028266
1081.5,3.353e-05,0.00024846,0.00028199
1081.75,3.345e-05,0.00024787,0.00028132
1082.0,3.337e-05,0.00024728,0.00028065
1082.25,3.329e-05,0.00024669,0.00027999
1082.5,3.321e-05,0.00024611,0.00027932
1082.75,3.314e-05,0.00024552,0.00027866
1083.0,3.306e-05,0.00024494,0.000278
1083.25,3.298e-05,0.00024436,0.00027734
1083.5,3.29e-05,0.00024378,0.00027668
1083.75,3.282e-05,0.0002432,0.00027602
1084.0,3.274e-05,0.00024262,0.00027536
1084.25,3.267e-05,0.00024204,0.00027471
1084.5,3.259e-05,0.00024147,0.00027406
1084.75,3.251e-05,0.0002409,0.00027341
1085.0,3.243e-05,0.00024032,0.00027276
1085.25,3.236e-05,0.00023975,0.00027211
1085.5,3.228e-05,0.00023918,0.00027146
1085.75,3.22e-05,0.00023862,0.00027082
1086.0,3.213e-05,0.00023805,0.00027017
1086.25,3.205e-05,0.00023748,0.00026953
1086.5,3.197e-05,0.00023692,0.00026889
1086.75,3.19e-05,0.00023636,0.00026825
1087.0,3.182e-05,0.00023579,0.00026762
1087.25,3.175e-05,0.00023523,0.00026698
1087.5,3.167e-05,0.00023468,0.00026635
1087.75,3.16e-05,0.00023412,0.00026571
1088.0,3.152e-05,0.00023356,0.00026508
1088.25,3.145e-05,0.00023301,0.00026445
1088.5,3.137e-05,0.00023245,0.00026383
1088.75,3.13e-05,0.0002319,0.0002632
1089.0,3.122e-05,0.00023135,0.00026257
1089.25,3.115e-05,0.0002308,0.00026195
1089.5,3.107e-05,0.00023025,0.00026133
1089.75,3.1e-05,0.00022971,0.00026071
1090.0,3.093e-05,0.00022916,0.00026009
1090.25,3.085e-05,0.00022862,0.00025947
1090.5,3.078e-05,0.00022807,0.00025885
1090.75,3.071e-05,0.00022753,0.00025824
1091.0,3.063e-05,0.00022699,0.00025763
1091.25,3.056e-05,0.00022645,0.00025701
1091.5,3.049e-05,0.00022591,0.0002564
1091.75,3.042e-05,0.00022538,0.00025579
1092.0,3.034e-05,0.00022484,0.00025519
1092.25,3.027e-05,0.00022431,0.00025458
1092.5,3.02e-05,0.00022378,0.00025398
1092.75,3.013e-05,0.00022324,0.00025337
1093.0,3.006e-05,0.00022271,0.00025277
1093.25,2.999e-05,0.00022218,0.00025217
1093.5,2.991e-05,0.00022166,0.00025157
1093.75,2.984e-05,0.00022113,0.00025097
1094.0,2.977e-05,0.0002206,0.00025038
1094.25,2.97e-05,0.00022008,0.00024978
1094.5,2.963e-05,0.00021956,0.00024919
1094.75,2.956e-05,0.00021904,0.0002486
1095.0,2.949e-05,0.00021852,0.00024801
1095.25,2.942e-05,0.000218,0.00024742
1095.5,2.935e-05,0.00021748,0.00024683
1095.75,2.928e-05,0.00021696,0.00024624
1096.0,2.921e-05,0.00021645,0.00024566
1096.25,2.914e-05,0.00021593,0.00024507
1096.5,2.907e-05,0.00021542,0.00024449
1096.75,2.9e-05,0.00021491,0.00024391
1097.0,2.893e-05,0.0002144,0.00024333
1097.25,2.887e-05,0.00021389,0.00024275
1097.5,2.88e-05,0.00021338,0.00024218
1097.75,2.873e-05,0.00021287,0.0002416
1098.0,2.866e-05,0.00021237,0.00024103
1098.25,2.859e-05,0.00021186,0.00024046
1098.5,2.852e-05,0.00021136,0.00023989
1098.75,2.846e-05,0.00021086,0.00023932
1099.0,2.839e-05,0.00021036,0.00023875
1099.25,2.832e-05,0.00020986,0.00023818
1099.5,2.825e-05,0.00020936,0.00023761
1099.75,2.819e-05,0.00020886,0.00023705
1100.0,2.812e-05,0.00020837,0.00023649
1100.25,2.805e-05,0.00020787,0.00023592
1100.5,2.799e-05,0.00020738,0.00023536
1100.75,2.792e-05,0.00020688,0.00023481
1101.0,2.785e-05,0.00020639,0.00023425
1101.25,2.779e-05,0.0002059,0.00023369
1101.5,2.772e-05,0.00020541,0.00023314
1101.75,2.766e-05,0.00020493,0.00023258
1102.0,2.759e-05,0.00020444,0.00023203
1102.25,2.753e-05,0.00020395,0.00023148
1102.5,2.746e-05,0.00020347,0.00023093
1102.75,2.739e-05,0.00020299,0.00023038
1103.0,2.733e-05,0.0002025,0.00022983
1103.25,2.726e-05,0.00020202,0.00022929
1103.5,2.72e-05,0.00020154,0.00022874
1103.75,2.714e-05,0.00020106,0.0002282
1104.0,2.707e-05,0.00020059,0.00022766
1104.25,2.701e-05,0.00020011,0.00022712
1104.5,2.694e-05,0.00019963,0.00022658
1104.75,2.688e-05,0.00019916,0.00022604
1105.0,2.681e-05,0.00019869,0.0002255
1105.25,2.675e-05,0.00019822,0.00022497
1105.5,2.669e-05,0.00019774,0.00022443
1105.75,2.662e-05,0.00019727,0.0002239
1106.0,2.656e-05,0.00019681,0.00022337
1106.25,2.65e-05,0.00019634,0.00022284
1106.5,2.643e-05,0.00019587,0.00022231
1106.75,2.637e-05,0.00019541,0.00022178
1107.0,2.631e-05,0.00019494,0.00022125
1107.25,2.625e-05,0.00019448,0.00022073
1107.5,2.618e-05,0.00019402,0.0002202
1107.75,2.612e-05,0.00019356,0.00021968
1108.0,2.606e-05,0.0001931,0.00021916
1108.25,2.6e-05,0.00019264,0.00021864
1108.5,2.594e-05,0.00019218,0.00021812
1108.75,2.587e-05,0.00019172,0.0002176
1109.0,2.581e-05,0.00019127,0.00021708
1109.25,2.575e-05,0.00019081,0.00021657
1109.5,2.569e-05,0.00019036,0.00021605
1109.75,2.563e-05,0.00018991,0.00021554
1110.0,2.557e-05,0.00018946,0.00021503
1110.25,2.551e-05,0.00018901,0.00021452
1110.5,2.545e-05,0.00018856,0.00021401
1110.75,2.539e-05,0.00018811,0.0002135
1111.0,2.533e-05,0.00018766,0.00021299
1111.25,2.527e-05,0.00018722,0.00021249
1111.5,2.521e-05,0.00018677,0.00021198
1111.75,2.515e-05,0.00018633,0.00021148
1112.0,2.509e-05,0.00018589,0.00021097
1112.25,2.503e-05,0.00018545,0.00021047
1112.5,2.497e-05,0.00018501,0.00020997
1112.75,2.491e-05,0.00018457,0.00020947
1113.0,2.485e-05,0.00018413,0.00020898
1113.25,2.479e-05,0.00018369,0.00020848
1113.5,2.473e-05,0.00018325,0.00020799
1113.75,2.467e-05,0.00018282,0.00020749
1114.0,2.461e-05,0.00018238,0.000207
1114.25,2.456e-05,0.00018195,0.00020651
1114.5,2.45e-05,0.00018152,0.00020602
1114.75,2.444e-05,0.00018109,0.00020553
1115.0,2.438e-05,0.00018066,0.00020504
1115.25,2.432e-05,0.00018023,0.00020455
1115.5,2.427e-05,0.0001798,0.00020407
1115.75,2.421e-05,0.00017937,0.00020358
1116.0,2.415e-05,0.00017895,0.0002031
1116.25,2.409e-05,0.00017852,0.00020262
1116.5,2.404e-05,0.0001781,0.00020213
1116.75,2.398e-05,0.00017768,0.00020165
1117.0,2.392e-05,0.00017725,0.00020117
1117.25,2.386e-05,0.00017683,0.0002007
1117.5,2.381e-05,0.00017641,0.00020022
1117.75,2.375e-05,0.00017599,0.00019974
1118.0,2.37e-05,0.00017557,0.00019927
1118.25,2.364e-05,0.00017516,0.0001988
1118.5,2.358e-05,0.00017474,0.00019832
1118.75,2.353e-05,0.00017433,0.00019785
1119.0,2.347e-05,0.00017391,0.00019738
1119.25,2.342e-05,0.0001735,0.00019691
1119.5,2.336e-05,0.00017309,0.00019645
1119.75,2.33e-05,0.00017268,0.00019598
1120.0,2.325e-05,0.00017227,0.00019551
1120.25,2.319e-05,0.00017186,0.00019505
1120.5,2.314e-05,0.00017145,0.00019459
1120.75,2.308e-05,0.00017104,0.00019412
1121.0,2.303e-05,0.00017064,0.00019366
1121.25,2.297e-05,0.00017023,0.0001932
1121.5,2.292e-05,0.00016983,0.00019274
1121.75,2.286e-05,0.00016942,0.00019229
1122.0,2.281e-05,0.00016902,0.00019183
1122.25,2.276e-05,0.00016862,0.00019137
1122.5,2.27e-05,0.00016822,0.00019092
1122.75,2.265e-05,0.00016782,0.00019047
1123.0,2.259e-05,0.00016742,0.00019001
1123.25,2.254e-05,0.00016702,0.00018956
1123.5,2.249e-05,0.00016662,0.00018911
1123.75,2.243e-05,0.00016623,0.00018866
1124.0,2.238e-05,0.00016583,0.00018821
1124.25,2.233e-05,0.00016544,0.00018777
1124.5,2.227e-05,0.00016505,0.00018732
1124.75,2.222e-05,0.00016466,0.00018688
1125.0,2.217e-05,0.00016426,0.00018643
1125.25,2.212e-05,0.00016387,0.00018599
1125.5,2.206e-05,0.00016348,0.00018555
1125.75,2.201e-05,0.0001631,0.00018511
1126.0,2.196e-05,0.00016271,0.00018467
1126.25,2.191e-05,0.00016232,0.00018423
1126.5,2.185e-05,0.00016194,0.00018379
1126.75,2.18e-05,0.00016155,0.00018335
1127.0,2.175e-05,0.00016117,0.00018292
1127.25,2.17e-05,0.00016079,0.00018248
1127.5,2.165e-05,0.0001604,0.00018205
1127.75,2.16e-05,0.00016002,0.00018162
1128.0,2.154e-05,0.00015964,0.00018119
1128.25,2.149e-05,0.00015926,0.00018076
1128.5,2.144e-05,0.00015889,0.00018033
1128.75,2.139e-05,0.00015851,0.0001799
1129.0,2.134e-05,0.00015813,0.00017947
1129.25,2.129e-05,0.00015776,0.00017905
1129.5,2.124e-05,0.00015738,0.00017862
1129.75,2.119e-05,0.00015701,0.0001782
1130.0,2.114e-05,0.00015663,0.00017777
1130.25,2.109e-05,0.00015626,0.00017735
1130.5,2.104e-05,0.00015589,0.00017693
1130.75,2.099e-05,0.00015552,0.00017651
1131.0,2.094e-05,0.00015515,0.00017609
1131.25,2.089e-05,0.00015478,0.00017567
1131.5,2.084e-05,0.00015441,0.00017525
1131.75,2.079e-05,0.00015405,0.00017484
1132.0,2.074e-05,0.00015368,0.00017442
1132.25,2.069e-05,0.00015332,0.00017401
1132.5,2.064e-05,0.00015295,0.0001736
1132.75,2.059e-05,0.00015259,0.00017318
1133.0,2.054e-05,0.00015223,0.00017277
1133.25,2.05e-05,0.00015187,0.00017236
1133.5,2.045e-05,0.0001515,0.00017195
1133.75,2.04e-05,0.00015114,0.00017154
1134.0,2.035e-05,0.00015079,0.00017114
1134.25,2.03e-05,0.00015043,0.00017073
1134.5,2.025e-05,0.00015007,0.00017032
1134.75,2.021e-05,0.00014971,0.00016992
1135.0,2.016e-05,0.00014936,0.00016952
1135.25,2.011e-05,0.000149,0.00016911
1135.5,2.006e-05,0.00014865,0.00016871
1135.75,2.001e-05,0.0001483,0.00016831
1136.0,1.997e-05,0.00014794,0.00016791
1136.25,1.992e-05,0.00014759,0.00016751
1136.5,1.987e-05,0.00014724,0.00016711
1136.75,1.982e-05,0.00014689,0.00016672
1137.0,1.978e-05,0.00014654,0.00016632
1137.25,1.973e-05,0.0001462,0.00016593
1137.5,1.968e-05,0.00014585,0.00016553
1137.75,1.964e-05,0.0001455,0.00016514
1138.0,1.959e-05,0.00014516,0.00016475
1138.25,1.954e-05,0.00014481,0.00016435
1138.5,1.95e-05,0.00014447,0.00016396
1138.75,1.945e-05,0.00014412,0.00016357
1139.0,1.94e-05,0.00014378,0.00016319
1139.25,1.936e-05,0.00014344,0.0001628
1139.5,1.931e-05,0.0001431,0.00016241
1139.75,1.927e-05,0.00014276,0.00016203
1140.0,1.922e-05,0.00014242,0.00016164
1140.25,1.918e-05,0.00014208,0.00016126
1140.5,1.913e-05,0.00014174,0.00016087
1140.75,1.908e-05,0.00014141,0.00016049
1141.0,1.904e-05,0.00014107,0.00016011
1141.25,1.899e-05,0.00014074,0.00015973
1141.5,1.895e-05,0.0001404,0.00015935
1141.75,1.89e-05,0.00014007,0.00015897
1142.0,1.886e-05,0.00013974,0.0001586
1142.25,1.881e-05,0.0001394,0.00015822
1142.5,1.877e-05,0.00013907,0.00015784
1142.75,1.872e-05,0.00013874,0.00015747
1143.0,1.868e-05,0.00013841,0.00015709
1143.25,1.864e-05,0.00013808,0.00015672
1143.5,1.859e-05,0.00013776,0.00015635
1143.75,1.855e-05,0.00013743,0.00015598
1144.0,1.85e-05,0.0001371,0.00015561
1144.25,1.846e-05,0.00013678,0.00015524
1144.5,1.842e-05,0.00013645,0.00015487
1144.75,1.837e-05,0.00013613,0.0001545
1145.0,1.833e-05,0.00013581,0.00015413
1145.25,1.828e-05,0.00013548,0.00015377
1145.5,1.824e-05,0.00013516,0.0001534
1145.75,1.82e-05,0.00013484,0.00015304
1146.0,1.815e-05,0.00013452,0.00015267
1146.25,1.811e-05,0.0001342,0.00015231
1146.5,1.807e-05,0.00013388,0.00015195
1146.75,1.803e-05,0.00013356,0.00015159
1147.0,1.798e-05,0.00013325,0.00015123
1147.25,1.794e-05,0.00013293,0.00015087
1147.5,1.79e-05,0.00013261,0.00015051
1147.75,1.785e-05,0.0001323,0.00015015
1148.0,1.781e-05,0.00013198,0.0001498
1148.25,1.777e-05,0.00013167,0.00014944
1148.5,1.773e-05,0.00013136,0.00014909
1148.75,1.769e-05,0.00013105,0.00014873
1149.0,1.764e-05,0.00013073,0.00014838
1149.25,1.76e-05,0.00013042,0.00014803
1149.5,1.756e-05,0.00013011,0.00014767
1149.75,1.752e-05,0.00012981,0.00014732
1150.0,1.748e-05,0.0001295,0.00014697
1150.25,1.744e-05,0.00012919,0.00014662
1150.5,1.739e-05,0.00012888,0.00014628
1150.75,1.735e-05,0.00012858,0.00014593
1151.0,1.731e-05,0.00012827,0.00014558
1151.25,1.727e-05,0.00012797,0.00014524
1151.5,1.723e-05,0.00012766,0.00014489
1151.75,1.719e-05,0.00012736,0.00014455
1152.0,1.715e-05,0.00012706,0.0001442
1152.25,1.711e-05,0.00012675,0.00014386
1152.5,1.707e-05,0.00012645,0.00014352
1152.75,1.703e-05,0.00012615,0.00014318
1153.0,1.698e-05,0.00012585,0.00014284
1153.25,1.694e-05,0.00012555,0.0001425
1153.5,1.69e-05,0.00012526,0.00014216
1153.75,1.686e-05,0.00012496,0.00014182
1154.0,1.682e-05,0.00012466,0.00014149
1154.25,1.678e-05,0.00012437,0.00014115
1154.5,1.674e-05,0.00012407,0.00014081
1154.75,1.67e-05,0.00012378,0.00014048
1155.0,1.666e-05,0.00012348,0.00014015
1155.25,1.663e-05,0.00012319,0.00013981
1155.5,1.659e-05,0.0001229,0.00013948
1155.75,1.655e-05,0.0001226,0.00013915
1156.0,1.651e-05,0.00012231,0.00013882
1156.25,1.647e-05,0.00012202,0.00013849
1156.5,1.643e-05,0.00012173,0.00013816
1156.75,1.639e-05,0.00012144,0.00013783
1157.0,1.635e-05,0.00012115,0.00013751
1157.25,1.631e-05,0.00012087,0.00013718
1157.5,1.627e-05,0.00012058,0.00013685
1157.75,1.623e-05,0.00012029,0.00013653
1158.0,1.62e-05,0.00012001,0.0001362
1158.25,1.616e-05,0.00011972,0.00013588
1158.5,1.612e-05,0.00011944,0.00013556
1158.75,1.608e-05,0.00011915,0.00013524
1159.0,1.604e-05,0.00011887,0.00013491
1159.25,1.6e-05,0.00011859,0.00013459
1159.5,1.597e-05,0.00011831,0.00013427
1159.75,1.593e-05,0.00011803,0.00013395
1160.0,1.589e-05,0.00011775,0.00013364
1160.25,1.585e-05,0.00011747,0.00013332
1160.5,1.582e-05,0.00011719,0.000133
1160.75,1.578e-05,0.00011691,0.00013269
1161.0,1.574e-05,0.00011663,0.00013237
1161.25,1.57e-05,0.00011635,0.00013206
1161.5,1.567e-05,0.00011608,0.00013174
1161.75,1.563e-05,0.0001158,0.00013143
1162.0,1.559e-05,0.00011553,0.00013112
1162.25,1.555e-05,0.00011525,0.00013081
1162.5,1.552e-05,0.00011498,0.0001305
1162.75,1.548e-05,0.00011471,0.00013019
1163.0,1.544e-05,0.00011443,0.00012988
1163.25,1.541e-05,0.00011416,0.00012957
1163.5,1.537e-05,0.00011389,0.00012926
1163.75,1.533e-05,0.00011362,0.00012895
1164.0,1.53e-05,0.00011335,0.00012865
1164.25,1.526e-05,0.00011308,0.00012834
1164.5,1.522e-05,0.00011281,0.00012804
1164.75,1.519e-05,0.00011254,0.00012773
1165.0,1.515e-05,0.00011228,0.00012743
1165.25,1.512e-05,0.00011201,0.00012713
1165.5,1.508e-05,0.00011174,0.00012682
1165.75,1.504e-05,0.00011148,0.00012652
1166.0,1.501e-05,0.00011121,0.00012622
1166.25,1.497e-05,0.00011095,0.00012592
1166.5,1.494e-05,0.00011069,0.00012562
1166.75,1.49e-05,0.00011042,0.00012533
1167.0,1.487e-05,0.00011016,0.00012503
1167.25,1.483e-05,0.0001099,0.00012473
1167.5,1.48e-05,0.00010964,0.00012443
1167.75,1.476e-05,0.00010938,0.00012414
1168.0,1.473e-05,0.00010912,0.00012384
1168.25,1.469e-05,0.00010886,0.00012355
1168.5,1.466e-05,0.0001086,0.00012326
1168.75,1.462e-05,0.00010834,0.00012296
1169.0,1.459e-05,0.00010808,0.00012267
1169.25,1.455e-05,0.00010783,0.00012238
1169.5,1.452e-05,0.00010757,0.00012209
1169.75,1.448e-05,0.00010732,0.0001218
1170.0,1.445e-05,0.00010706,0.00012151
1170.25,1.441e-05,0.00010681,0.00012122
1170.5,1.438e-05,0.00010655,0.00012093
1170.75,1.435e-05,0.0001063,0.00012065
1171.0,1.431e-05,0.00010605,0.00012036
1171.25,1.428e-05,0.0001058,0.00012007
1171.5,1.424e-05,0.00010554,0.00011979
1171.75,1.421e-05,0.00010529,0.0001195
1172.0,1.418e-05,0.00010504,0.00011922
1172.25,1.414e-05,0.00010479,0.00011894
1172.5,1.411e-05,0.00010455,0.00011865
1172.75,1.408e-05,0.0001043,0.00011837
1173.0,1.404e-05,0.00010405,0.00011809
1173.25,1.401e-05,0.0001038,0.00011781
1173.5,1.398e-05,0.00010356,0.00011753
1173.75,1.394e-05,0.00010331,0.00011725
1174.0,1.391e-05,0.00010306,0.00011697
1174.25,1.388e-05,0.00010282,0.0001167
1174.5,1.384e-05,0.00010257,0.00011642
1174.75,1.381e-05,0.00010233,0.00011614
1175.0,1.378e-05,0.00010209,0.00011587
1175.25,1.374e-05,0.00010185,0.00011559
1175.5,1.371e-05,0.0001016,0.00011532
1175.75,1.368e-05,0.00010136,0.00011504
1176.0,1.365e-05,0.00010112,0.00011477
1176.25,1.361e-05,0.00010088,0.0001145
1176.5,1.358e-05,0.00010064,0.00011422
1176.75,1.355e-05,0.0001004,0.00011395
1177.0,1.352e-05,0.00010016,0.00011368
1177.25,1.349e-05,9.993e-05,0.00011341
1177.5,1.345e-05,9.969e-05,0.00011314
1177.75,1.342e-05,9.945e-05,0.00011287
1178.0,1.339e-05,9.922e-05,0.00011261
1178.25,1.336e-05,9.898e-05,0.00011234
1178.5,1.333e-05,9.875e-05,0.00011207
1178.75,1.329e-05,9.851e-05,0.00011181
1179.0,1.326e-05,9.828e-05,0.00011154
1179.25,1.323e-05,9.804e-05,0.00011127
1179.5,1.32e-05,9.781e-05,0.00011101
1179.75,1.317e-05,9.758e-05,0.00011075
1180.0,1.314e-05,9.735e-05,0.00011048
1180.25,1.311e-05,9.711e-05,0.00011022
1180.5,1.308e-05,9.688e-05,0.00010996
1180.75,1.304e-05,9.665e-05,0.0001097
1181.0,1.301e-05,9.642e-05,0.00010944
1181.25,1.298e-05,9.62e-05,0.00010918
1181.5,1.295e-05,9.597e-05,0.00010892
1181.75,1.292e-05,9.574e-05,0.00010866
1182.0,1.289e-05,9.551e-05,0.0001084
1182.25,1.286e-05,9.528e-05,0.00010814
1182.5,1.283e-05,9.506e-05,0.00010789
1182.75,1.28e-05,9.483e-05,0.00010763
1183.0,1.277e-05,9.461e-05,0.00010738
1183.25,1.274e-05,9.438e-05,0.00010712
1183.5,1.271e-05,9.416e-05,0.00010687
1183.75,1.268e-05,9.393e-05,0.00010661
1184.0,1.265e-05,9.371e-05,0.00010636
1184.25,1.262e-05,9.349e-05,0.00010611
1184.5,1.259e-05,9.327e-05,0.00010585
1184.75,1.256e-05,9.305e-05,0.0001056
1185.0,1.253e-05,9.282e-05,0.00010535
1185.25,1.25e-05,9.26e-05,0.0001051
1185.5,1.247e-05,9.238e-05,0.00010485
1185.75,1.244e-05,9.216e-05,0.0001046
1186.0,1.241e-05,9.195e-05,0.00010435
1186.25,1.238e-05,9.173e-05,0.00010411
1186.5,1.235e-05,9.151e-05,0.00010386
1186.75,1.232e-05,9.129e-05,0.00010361
1187.0,1.229e-05,9.108e-05,0.00010337
1187.25,1.226e-05,9.086e-05,0.00010312
1187.5,1.223e-05,9.064e-05,0.00010288
1187.75,1.22e-05,9.043e-05,0.00010263
1188.0,1.217e-05,9.021e-05,0.00010239
1188.25,1.215e-05,9e-05,0.00010214
1188.5,1.212e-05,8.978e-05,0.0001019
1188.75,1.209e-05,8.957e-05,0.00010166
1189.0,1.206e-05,8.936e-05,0.00010142
1189.25,1.203e-05,8.915e-05,0.00010118
1189.5,1.2e-05,8.893e-05,0.00010094
1189.75,1.197e-05,8.872e-05,0.0001007
1190.0,1.195e-05,8.851e-05,0.00010046
1190.25,1.192e-05,8.83e-05,0.00010022
1190.5,1.189e-05,8.809e-05,9.998e-05
1190.75,1.186e-05,8.788e-05,9.974e-05
1191.0,1.183e-05,8.767e-05,9.951e-05
1191.25,1.18e-05,8.747e-05,9.927e-05
1191.5,1.178e-05,8.726e-05,9.903e-05
1191.75,1.175e-05,8.705e-05,9.88e-05
1192.0,1.172e-05,8.684e-05,9.856e-05
1192.25,1.169e-05,8.664e-05,9.833e-05
1192.5,1.166e-05,8.643e-05,9.81e-05
1192.75,1.164e-05,8.623e-05,9.786e-05
1193.0,1.161e-05,8.602e-05,9.763e-05
1193.25,1.158e-05,8.582e-05,9.74e-05
1193.5,1.155e-05,8.561e-05,9.717e-05
1193.75,1.153e-05,8.541e-05,9.694e-05
1194.0,1.15e-05,8.521e-05,9.671e-05
1194.25,1.147e-05,8.501e-05,9.648e-05
1194.5,1.144e-05,8.48e-05,9.625e-05
1194.75,1.142e-05,8.46e-05,9.602e-05
1195.0,1.139e-05,8.44e-05,9.579e-05
1195.25,1.136e-05,8.42e-05,9.556e-05
1195.5,1.134e-05,8.4e-05,9.534e-05
1195.75,1.131e-05,8.38e-05,9.511e-05
1196.0,1.128e-05,8.36e-05,9.488e-05
1196.25,1.126e-05,8.34e-05,9.466e-05
1196.5,1.123e-05,8.321e-05,9.443e-05
1196.75,1.12e-05,8.301e-05,9.421e-05
1197.0,1.118e-05,8.281e-05,9.399e-05
1197.25,1.115e-05,8.261e-05,9.376e-05
1197.5,1.112e-05,8.242e-05,9.354e-05
1197.75,1.11e-05,8.222e-05,9.332e-05
1198.0,1.107e-05,8.203e-05,9.31e-05
1198.25,1.104e-05,8.183e-05,9.288e-05
1198.5,1.102e-05,8.164e-05,9.265e-05
1198.75,1.099e-05,8.144e-05,9.243e-05
1199.0,1.097e-05,8.125e-05,9.222e-05
1199.25,1.094e-05,8.106e-05,9.2e-05
1199.5,1.091e-05,8.086e-05,9.178e-05
1199.75,1.089e-05,8.067e-05,9.156e-05
1200.0,1.086e-05,8.048e-05,9.134e-05
1200.25,1.084e-05,8.029e-05,9.113e-05
1200.5,1.081e-05,8.01e-05,9.091e-05
1200.75,1.078e-05,7.991e-05,9.069e-05
1201.0,1.076e-05,7.972e-05,9.048e-05
1201.25,1.073e-05,7.953e-05,9.026e-05
1201.5,1.071e-05,7.934e-05,9.005e-05
1201.75,1.068e-05,7.915e-05,8.983e-05
1202.0,1.066e-05,7.896e-05,8.962e-05
1202.25,1.063e-05,7.878e-05,8.941e-05
1202.5,1.061e-05,7.859e-05,8.92e-05
1202.75,1.058e-05,7.84e-05,8.898e-05
1203.0,1.056e-05,7.822e-05,8.877e-05
1203.25,1.053e-05,7.803e-05,8.856e-05
1203.5,1.051e-05,7.785e-05,8.835e-05
1203.75,1.048e-05,7.766e-05,8.814e-05
1204.0,1.046e-05,7.748e-05,8.793e-05
1204.25,1.043e-05,7.729e-05,8.772e-05
1204.5,1.041e-05,7.711e-05,8.751e-05
1204.75,1.038e-05,7.693e-05,8.731e-05
1205.0,1.036e-05,7.674e-05,8.71e-05
1205.25,1.033e-05,7.656e-05,8.689e-05
1205.5,1.031e-05,7.638e-05,8.669e-05
1205.75,1.028e-05,7.62e-05,8.648e-05
1206.0,1.026e-05,7.602e-05,8.627e-05
1206.25,1.023e-05,7.584e-05,8.607e-05
1206.5,1.021e-05,7.566e-05,8.587e-05
1206.75,1.019e-05,7.548e-05,8.566e-05
1207.0,1.016e-05,7.53e-05,8.546e-05
1207.25,1.014e-05,7.512e-05,8.525e-05
1207.5,1.011e-05,7.494e-05,8.505e-05
1207.75,1.009e-05,7.476e-05,8.485e-05
1208.0,1.007e-05,7.458e-05,8.465e-05
1208.25,1.004e-05,7.441e-05,8.445e-05
1208.5,1.002e-05,7.423e-05,8.425e-05
1208.75,9.99e-06,7.405e-05,8.405e-05
1209.0,9.97e-06,7.388e-05,8.385e-05
1209.25,9.95e-06,7.37e-05,8.365e-05
1209.5,9.92e-06,7.353e-05,8.345e-05
1209.75,9.9e-06,7.335e-05,8.325e-05
1210.0,9.88e-06,7.318e-05,8.305e-05
1210.25,9.85e-06,7.3e-05,8.286e-05
1210.5,9.83e-06,7.283e-05,8.266e-05
1210.75,9.81e-06,7.266e-05,8.246e-05
1211.0,9.78e-06,7.248e-05,8.227e-05
1211.25,9.76e-06,7.231e-05,8.207e-05
1211.5,9.74e-06,7.214e-05,8.188e-05
1211.75,9.71e-06,7.197e-05,8.168e-05
1212.0,9.69e-06,7.18e-05,8.149e-05
1212.25,9.67e-06,7.163e-05,8.129e-05
1212.5,9.64e-06,7.146e-05,8.11e-05
1212.75,9.62e-06,7.129e-05,8.091e-05
1213.0,9.6e-06,7.112e-05,8.072e-05
1213.25,9.58e-06,7.095e-05,8.053e-05
1213.5,9.55e-06,7.078e-05,8.033e-05
1213.75,9.53e-06,7.061e-05,8.014e-05
1214.0,9.51e-06,7.045e-05,7.995e-05
1214.25,9.48e-06,7.028e-05,7.976e-05
1214.5,9.46e-06,7.011e-05,7.957e-05
1214.75,9.44e-06,6.994e-05,7.938e-05
1215.0,9.42e-06,6.978e-05,7.92e-05
1215.25,9.39e-06,6.961e-05,7.901e-05
1215.5,9.37e-06,6.945e-05,7.882e-05
1215.75,9.35e-06,6.928e-05,7.863e-05
1216.0,9.33e-06,6.912e-05,7.845e-05
1216.25,9.31e-06,6.895e-05,7.826e-05
1216.5,9.28e-06,6.879e-05,7.807e-05
1216.75,9.26e-06,6.863e-05,7.789e-05
1217.0,9.24e-06,6.846e-05,7.77e-05
1217.25,9.22e-06,6.83e-05,7.752e-05
1217.5,9.2e-06,6.814e-05,7.733e-05
1217.75,9.17e-06,6.798e-05,7.715e-05
1218.0,9.15e-06,6.782e-05,7.697e-05
1218.25,9.13e-06,6.765e-05,7.678e-05
1218.5,9.11e-06,6.749e-05,7.66e-05
1218.75,9.09e-06,6.733e-05,7.642e-05
1219.0,9.07e-06,6.717e-05,7.624e-05
1219.25,9.04e-06,6.701e-05,7.606e-05
1219.5,9.02e-06,6.685e-05,7.588e-05
1219.75,9e-06,6.67e-05,7.57e-05
1220.0,8.98e-06,6.654e-05,7.552e-05
1220.25,8.96e-06,6.638e-05,7.534e-05
1220.5,8.94e-06,6.622e-05,7.516e-05
1220.75,8.92e-06,6.606e-05,7.498e-05
1221.0,8.89e-06,6.591e-05,7.48e-05
1221.25,8.87e-06,6.575e-05,7.462e-05
1221.5,8.85e-06,6.559e-05,7.445e-05
1221.75,8.83e-06,6.544e-05,7.427e-05
1222.0,8.81e-06,6.528e-05,7.409e-05
1222.25,8.79e-06,6.513e-05,7.392e-05
1222.5,8.77e-06,6.497e-05,7.374e-05
1222.75,8.75e-06,6.482e-05,7.357e-05
1223.0,8.73e-06,6.467e-05,7.339e-05
1223.25,8.71e-06,6.451e-05,7.322e-05
1223.5,8.69e-06,6.436e-05,7.304e-05
1223.75,8.67e-06,6.421e-05,7.287e-05
1224.0,8.64e-06,6.405e-05,7.27e-05
1224.25,8.62e-06,6.39e-05,7.252e-05
1224.5,8.6e-06,6.375e-05,7.235e-05
1224.75,8.58e-06,6.36e-05,7.218e-05
1225.0,8.56e-06,6.345e-05,7.201e-05
1225.25,8.54e-06,6.33e-05,7.184e-05
1225.5,8.52e-06,6.315e-05,7.167e-05
1225.75,8.5e-06,6.3e-05,7.15e-05
1226.0,8.48e-06,6.285e-05,7.133e-05
1226.25,8.46e-06,6.27e-05,7.116e-05
1226.5,8.44e-06,6.255e-05,7.099e-05
1226.75,8.42e-06,6.24e-05,7.082e-05
1227.0,8.4e-06,6.225e-05,7.065e-05
1227.25,8.38e-06,6.21e-05,7.048e-05
1227.5,8.36e-06,6.196e-05,7.032e-05
1227.75,8.34e-06,6.181e-05,7.015e-05
1228.0,8.32e-06,6.166e-05,6.998e-05
1228.25,8.3e-06,6.152e-05,6.982e-05
1228.5,8.28e-06,6.137e-05,6.965e-05
1228.75,8.26e-06,6.122e-05,6.949e-05
1229.0,8.24e-06,6.108e-05,6.932e-05
1229.25,8.22e-06,6.093e-05,6.916e-05
1229.5,8.2e-06,6.079e-05,6.899e-05
1229.75,8.18e-06,6.064e-05,6.883e-05
1230.0,8.16e-06,6.05e-05,6.866e-05
1230.25,8.15e-06,6.036e-05,6.85e-05
1230.5,8.13e-06,6.021e-05,6.834e-05
1230.75,8.11e-06,6.007e-05,6.818e-05
1231.0,8.09e-06,5.993e-05,6.801e-05
1231.25,8.07e-06,5.978e-05,6.785e-05
1231.5,8.05e-06,5.964e-05,6.769e-05
1231.75,8.03e-06,5.95e-05,6.753e-05
1232.0,8.01e-06,5.936e-05,6.737e-05
1232.25,7.99e-06,5.922e-05,6.721e-05
1232.5,7.97e-06,5.908e-05,6.705e-05
1232.75,7.95e-06,5.894e-05,6.689e-05
1233.0,7.94e-06,5.88e-05,6.673e-05
1233.25,7.92e-06,5.866e-05,6.657e-05
1233.5,7.9e-06,5.852e-05,6.642e-05
1233.75,7.88e-06,5.838e-05,6.626e-05
1234.0,7.86e-06,5.824e-05,6.61e-05
1234.25,7.84e-06,5.81e-05,6.594e-05
1234.5,7.82e-06,5.796e-05,6.579e-05
1234.75,7.8e-06,5.783e-05,6.563e-05
1235.0,7.79e-06,5.769e-05,6.547e-05
1235.25,7.77e-06,5.755e-05,6.532e-05
1235.5,7.75e-06,5.742e-05,6.516e-05
1235.75,7.73e-06,5.728e-05,6.501e-05
1236.0,7.71e-06,5.714e-05,6.485e-05
1236.25,7.69e-06,5.701e-05,6.47e-05
1236.5,7.68e-06,5.687e-05,6.455e-05
1236.75,7.66e-06,5.674e-05,6.439e-05
1237.0,7.64e-06,5.66e-05,6.424e-05
1237.25,7.62e-06,5.647e-05,6.409e-05
1237.5,7.6e-06,5.633e-05,6.394e-05
1237.75,7.58e-06,5.62e-05,6.378e-05
1238.0,7.57e-06,5.607e-05,6.363e-05
1238.25,7.55e-06,5.593e-05,6.348e-05
1238.5,7.53e-06,5.58e-05,6.333e-05
1238.75,7.51e-06,5.567e-05,6.318e-05
1239.0,7.49e-06,5.554e-05,6.303e-05
1239.25,7.48e-06,5.54e-05,6.288e-05
1239.5,7.46e-06,5.527e-05,6.273e-05
1239.75,7.44e-06,5.514e-05,6.258e-05
1240.0,7.42e-06,5.501e-05,6.243e-05
1240.25,7.41e-06,5.488e-05,6.229e-05
1240.5,7.39e-06,5.475e-05,6.214e-05
1240.75,7.37e-06,5.462e-05,6.199e-05
1241.0,7.35e-06,5.449e-05,6.184e-05
1241.25,7.34e-06,5.436e-05,6.17e-05
1241.5,7.32e-06,5.423e-05,6.155e-05
1241.75,7.3e-06,5.41e-05,6.14e-05
1242.0,7.28e-06,5.397e-05,6.126e-05
1242.25,7.27e-06,5.384e-05,6.111e-05
1242.5,7.25e-06,5.372e-05,6.097e-05
1242.75,7.23e-06,5.359e-05,6.082e-05
1243.0,7.22e-06,5.346e-05,6.068e-05
1243.25,7.2e-06,5.333e-05,6.053e-05
1243.5,7.18e-06,5.321e-05,6.039e-05
1243.75,7.16e-06,5.308e-05,6.025e-05
1244.0,7.15e-06,5.296e-05,6.01e-05
1244.25,7.13e-06,5.283e-05,5.996e-05
1244.5,7.11e-06,5.27e-05,5.982e-05
1244.75,7.1e-06,5.258e-05,5.968e-05
1245.0,7.08e-06,5.245e-05,5.953e-05
1245.25,7.06e-06,5.233e-05,5.939e-05
1245.5,7.05e-06,5.221e-05,5.925e-05
1245.75,7.03e-06,5.208e-05,5.911e-05
1246.0,7.01e-06,5.196e-05,5.897e-05
1246.25,7e-06,5.183e-05,5.883e-05
1246.5,6.98e-06,5.171e-05,5.869e-05
1246.75,6.96e-06,5.159e-05,5.855e-05
1247.0,6.95e-06,5.147e-05,5.841e-05
1247.25,6.93e-06,5.134e-05,5.827e-05
1247.5,6.91e-06,5.122e-05,5.813e-05
1247.75,6.9e-06,5.11e-05,5.8e-05
1248.0,6.88e-06,5.098e-05,5.786e-05
1248.25,6.86e-06,5.086e-05,5.772e-05
1248.5,6.85e-06,5.074e-05,5.758e-05
1248.75,6.83e-06,5.062e-05,5.745e-05
1249.0,6.81e-06,5.05e-05,5.731e-05
1249.25,6.8e-06,5.038e-05,5.717e-05
1249.5,6.78e-06,5.026e-05,5.704e-05
1249.75,6.77e-06,5.014e-05,5.69e-05
1250.0,6.75e-06,5.002e-05,5.677e-05
1250.25,6.73e-06,4.99e-05,5.663e-05
1250.5,6.72e-06,4.978e-05,5.65e-05
1250.75,6.7e-06,4.966e-05,5.636e-05
1251.0,6.69e-06,4.954e-05,5.623e-05
1251.25,6.67e-06,4.943e-05,5.61e-05
1251.5,6.65e-06,4.931e-05,5.596e-05
1251.75,6.64e-06,4.919e-05,5.583e-05
1252.0,6.62e-06,4.908e-05,5.57e-05
1252.25,6.61e-06,4.896e-05,5.557e-05
1252.5,6.59e-06,4.884e-05,5.543e-05
1252.75,6.58e-06,4.873e-05,5.53e-05
1253.0,6.56e-06,4.861e-05,5.517e-05
1253.25,6.54e-06,4.85e-05,5.504e-05
1253.5,6.53e-06,4.838e-05,5.491e-05
1253.75,6.51e-06,4.826e-05,5.478e-05
1254.0,6.5e-06,4.815e-05,5.465e-05
1254.25,6.48e-06,4.804e-05,5.452e-05
1254.5,6.47e-06,4.792e-05,5.439e-05
1254.75,6.45e-06,4.781e-05,5.426e-05
1255.0,6.44e-06,4.769e-05,5.413e-05
1255.25,6.42e-06,4.758e-05,5.4e-05
1255.5,6.41e-06,4.747e-05,5.387e-05
1255.75,6.39e-06,4.736e-05,5.375e-05
1256.0,6.38e-06,4.724e-05,5.362e-05
1256.25,6.36e-06,4.713e-05,5.349e-05
1256.5,6.35e-06,4.702e-05,5.336e-05
1256.75,6.33e-06,4.691e-05,5.324e-05
1257.0,6.32e-06,4.68e-05,5.311e-05
1257.25,6.3e-06,4.668e-05,5.298e-05
1257.5,6.29e-06,4.657e-05,5.286e-05
1257.75,6.27e-06,4.646e-05,5.273e-05
1258.0,6.26e-06,4.635e-05,5.261e-05
1258.25,6.24e-06,4.624e-05,5.248e-05
1258.5,6.23e-06,4.613e-05,5.236e-05
1258.75,6.21e-06,4.602e-05,5.223e-05
1259.0,6.2e-06,4.591e-05,5.211e-05
1259.25,6.18e-06,4.58e-05,5.199e-05
1259.5,6.17e-06,4.57e-05,5.186e-05
1259.75,6.15e-06,4.559e-05,5.174e-05
1260.0,6.14e-06,4.548e-05,5.162e-05
1260.25,6.12e-06,4.537e-05,5.149e-05
1260.5,6.11e-06,4.526e-05,5.137e-05
1260.75,6.09e-06,4.516e-05,5.125e-05
1261.0,6.08e-06,4.505e-05,5.113e-05
1261.25,6.07e-06,4.494e-05,5.101e-05
1261.5,6.05e-06,4.483e-05,5.089e-05
1261.75,6.04e-06,4.473e-05,5.076e-05
1262.0,6.02e-06,4.462e-05,5.064e-05
1262.25,6.01e-06,4.452e-05,5.052e-05
1262.5,5.99e-06,4.441e-05,5.04e-05
1262.75,5.98e-06,4.43e-05,5.028e-05
1263.0,5.97e-06,4.42e-05,5.016e-05
1263.25,5.95e-06,4.409e-05,5.005e-05
1263.5,5.94e-06,4.399e-05,4.993e-05
1263.75,5.92e-06,4.389e-05,4.981e-05
1264.0,5.91e-06,4.378e-05,4.969e-05
1264.25,5.89e-06,4.368e-05,4.957e-05
1264.5,5.88e-06,4.357e-05,4.945e-05
1264.75,5.87e-06,4.347e-05,4.934e-05
1265.0,5.85e-06,4.337e-05,4.922e-05
1265.25,5.84e-06,4.326e-05,4.91e-05
1265.5,5.82e-06,4.316e-05,4.899e-05
1265.75,5.81e-06,4.306e-05,4.887e-05
1266.0,5.8e-06,4.296e-05,4.875e-05
1266.25,5.78e-06,4.285e-05,4.864e-05
1266.5,5.77e-06,4.275e-05,4.852e-05
1266.75,5.76e-06,4.265e-05,4.841e-05
1267.0,5.74e-06,4.255e-05,4.829e-05
1267.25,5.73e-06,4.245e-05,4.818e-05
1267.5,5.72e-06,4.235e-05,4.806e-05
1267.75,5.7e-06,4.225e-05,4.795e-05
1268.0,5.69e-06,4.215e-05,4.783e-05
1268.25,5.67e-06,4.205e-05,4.772e-05
1268.5,5.66e-06,4.195e-05,4.761e-05
1268.75,5.65e-06,4.185e-05,4.749e-05
1269.0,5.63e-06,4.175e-05,4.738e-05
1269.25,5.62e-06,4.165e-05,4.727e-05
1269.5,5.61e-06,4.155e-05,4.716e-05
1269.75,5.59e-06,4.145e-05,4.704e-05
1270.0,5.58e-06,4.135e-05,4.693e-05
1270.25,5.57e-06,4.125e-05,4.682e-05
1270.5,5.55e-06,4.116e-05,4.671e-05
1270.75,5.54e-06,4.106e-05,4.66e-05
1271.0,5.53e-06,4.096e-05,4.649e-05
1271.25,5.51e-06,4.086e-05,4.638e-05
1271.5,5.5e-06,4.077e-05,4.627e-05
1271.75,5.49e-06,4.067e-05,4.616e-05
1272.0,5.48e-06,4.057e-05,4.605e-05
1272.25,5.46e-06,4.048e-05,4.594e-05
1272.5,5.45e-06,4.038e-05,4.583e-05
1272.75,5.44e-06,4.028e-05,4.572e-05
1273.0,5.42e-06,4.019e-05,4.561e-05
1273.25,5.41e-06,4.009e-05,4.55e-05
1273.5,5.4e-06,4e-05,4.54e-05
1273.75,5.39e-06,3.99e-05,4.529e-05
1274.0,5.37e-06,3.981e-05,4.518e-05
1274.25,5.36e-06,3.971e-05,4.507e-05
1274.5,5.35e-06,3.962e-05,4.497e-05
1274.75,5.33e-06,3.953e-05,4.486e-05
1275.0,5.32e-06,3.943e-05,4.475e-05
1275.25,5.31e-06,3.934e-05,4.465e-05
1275.5,5.3e-06,3.924e-05,4.454e-05
1275.75,5.28e-06,3.915e-05,4.443e-05
1276.0,5.27e-06,3.906e-05,4.433e-05
1276.25,5.26e-06,3.897e-05,4.422e-05
1276.5,5.25e-06,3.887e-05,4.412e-05
1276.75,5.23e-06,3.878e-05,4.401e-05
1277.0,5.22e-06,3.869e-05,4.391e-05
1277.25,5.21e-06,3.86e-05,4.381e-05
1277.5,5.2e-06,3.85e-05,4.37e-05
1277.75,5.18e-06,3.841e-05,4.36e-05
1278.0,5.17e-06,3.832e-05,4.349e-05
1278.25,5.16e-06,3.823e-05,4.339e-05
1278.5,5.15e-06,3.814e-05,4.329e-05
1278.75,5.14e-06,3.805e-05,4.318e-05
1279.0,5.12e-06,3.796e-05,4.308e-05
1279.25,5.11e-06,3.787e-05,4.298e-05
1279.5,5.1e-06,3.778e-05,4.288e-05
1279.75,5.09e-06,3.769e-05,4.278e-05
1280.0,5.07e-06,3.76e-05,4.267e-05
1280.25,5.06e-06,3.751e-05,4.257e-05
1280.5,5.05e-06,3.742e-05,4.247e-05
1280.75,5.04e-06,3.733e-05,4.237e-05
1281.0,5.03e-06,3.724e-05,4.227e-05
1281.25,5.01e-06,3.716e-05,4.217e-05
1281.5,5e-06,3.707e-05,4.207e-05
1281.75,4.99e-06,3.698e-05,4.197e-05
1282.0,4.98e-06,3.689e-05,4.187e-05
1282.25,4.97e-06,3.68e-05,4.177e-05
1282.5,4.96e-06,3.672e-05,4.167e-05
1282.75,4.94e-06,3.663e-05,4.157e-05
1283.0,4.93e-06,3.654e-05,4.147e-05
1283.25,4.92e-06,3.646e-05,4.137e-05
1283.5,4.91e-06,3.637e-05,4.128e-05
1283.75,4.9e-06,3.628e-05,4.118e-05
1284.0,4.88e-06,3.62e-05,4.108e-05
1284.25,4.87e-06,3.611e-05,4.098e-05
1284.5,4.86e-06,3.602e-05,4.089e-05
1284.75,4.85e-06,3.594e-05,4.079e-05
1285.0,4.84e-06,3.585e-05,4.069e-05
1285.25,4.83e-06,3.577e-05,4.06e-05
1285.5,4.82e-06,3.568e-05,4.05e-05
1285.75,4.8e-06,3.56e-05,4.04e-05
1286.0,4.79e-06,3.551e-05,4.031e-05
1286.25,4.78e-06,3.543e-05,4.021e-05
1286.5,4.77e-06,3.535e-05,4.012e-05
1286.75,4.76e-06,3.526e-05,4.002e-05
1287.0,4.75e-06,3.518e-05,3.992e-05
1287.25,4.74e-06,3.509e-05,3.983e-05
1287.5,4.72e-06,3.501e-05,3.974e-05
1287.75,4.71e-06,3.493e-05,3.964e-05
1288.0,4.7e-06,3.484e-05,3.955e-05
1288.25,4.69e-06,3.476e-05,3.945e-05
1288.5,4.68e-06,3.468e-05,3.936e-05
1288.75,4.67e-06,3.46e-05,3.927e-05
1289.0,4.66e-06,3.451e-05,3.917e-05
1289.25,4.65e-06,3.443e-05,3.908e-05
1289.5,4.64e-06,3.435e-05,3.899e-05
1289.75,4.62e-06,3.427e-05,3.889e-05
1290.0,4.61e-06,3.419e-05,3.88e-05
1290.25,4.6e-06,3.411e-05,3.871e-05
1290.5,4.59e-06,3.403e-05,3.862e-05
1290.75,4.58e-06,3.394e-05,3.853e-05
1291.0,4.57e-06,3.386e-05,3.843e-05
1291.25,4.56e-06,3.378e-05,3.834e-05
1291.5,4.55e-06,3.37e-05,3.825e-05
1291.75,4.54e-06,3.362e-05,3.816e-05
1292.0,4.53e-06,3.354e-05,3.807e-05
1292.25,4.52e-06,3.346e-05,3.798e-05
1292.5,4.51e-06,3.338e-05,3.789e-05
1292.75,4.49e-06,3.331e-05,3.78e-05
1293.0,4.48e-06,3.323e-05,3.771e-05
1293.25,4.47e-06,3.315e-05,3.762e-05
1293.5,4.46e-06,3.307e-05,3.753e-05
1293.75,4.45e-06,3.299e-05,3.744e-05
1294.0,4.44e-06,3.291e-05,3.735e-05
1294.25,4.43e-06,3.283e-05,3.726e-05
1294.5,4.42e-06,3.276e-05,3.718e-05
1294.75,4.41e-06,3.268e-05,3.709e-05
1295.0,4.4e-06,3.26e-05,3.7e-05
1295.25,4.39e-06,3.252e-05,3.691e-05
1295.5,4.38e-06,3.245e-05,3.682e-05
1295.75,4.37e-06,3.237e-05,3.674e-05
1296.0,4.36e-06,3.229e-05,3.665e-05
1296.25,4.35e-06,3.221e-05,3.656e-05
1296.5,4.34e-06,3.214e-05,3.648e-05
1296.75,4.33e-06,3.206e-05,3.639e-05
1297.0,4.32e-06,3.199e-05,3.63e-05
1297.25,4.31e-06,3.191e-05,3.622e-05
1297.5,4.3e-06,3.183e-05,3.613e-05
1297.75,4.29e-06,3.176e-05,3.604e-05
1298.0,4.28e-06,3.168e-05,3.596e-05
1298.25,4.27e-06,3.161e-05,3.587e-05
1298.5,4.26e-06,3.153e-05,3.579e-05
1298.75,4.25e-06,3.146e-05,3.57e-05
1299.0,4.24e-06,3.138e-05,3.562e-05
1299.25,4.23e-06,3.131e-05,3.553e-05
1299.5,4.22e-06,3.123e-05,3.545e-05
1299.75,4.21e-06,3.116e-05,3.536e-05
1300.0,4.2e-06,3.109e-05,3.528e-05
1300.25,4.19e-06,3.101e-05,3.52e-05
1300.5,4.18e-06,3.094e-05,3.511e-05
1300.75,4.17e-06,3.086e-05,3.503e-05
1301.0,4.16e-06,3.079e-05,3.495e-05
1301.25,4.15e-06,3.072e-05,3.486e-05
1301.5,4.14e-06,3.065e-05,3.478e-05
1301.75,4.13e-06,3.057e-05,3.47e-05
1302.0,4.12e-06,3.05e-05,3.462e-05
1302.25,4.11e-06,3.043e-05,3.453e-05
1302.5,4.1e-06,3.035e-05,3.445e-05
1302.75,4.09e-06,3.028e-05,3.437e-05
1303.0,4.08e-06,3.021e-05,3.429e-05
1303.25,4.07e-06,3.014e-05,3.421e-05
1303.5,4.06e-06,3.007e-05,3.413e-05
1303.75,4.05e-06,3e-05,3.404e-05
1304.0,4.04e-06,2.992e-05,3.396e-05
1304.25,4.03e-06,2.985e-05,3.388e-05
1304.5,4.02e-06,2.978e-05,3.38e-05
1304.75,4.01e-06,2.971e-05,3.372e-05
1305.0,4e-06,2.964e-05,3.364e-05
1305.25,3.99e-06,2.957e-05,3.356e-05
1305.5,3.98e-06,2.95e-05,3.348e-05
1305.75,3.97e-06,2.943e-05,3.34e-05
1306.0,3.96e-06,2.936e-05,3.332e-05
1306.25,3.95e-06,2.929e-05,3.324e-05
1306.5,3.94e-06,2.922e-05,3.317e-05
1306.75,3.93e-06,2.915e-05,3.309e-05
1307.0,3.92e-06,2.908e-05,3.301e-05
1307.25,3.92e-06,2.901e-05,3.293e-05
1307.5,3.91e-06,2.894e-05,3.285e-05
1307.75,3.9e-06,2.888e-05,3.277e-05
1308.0,3.89e-06,2.881e-05,3.27e-05
1308.25,3.88e-06,2.874e-05,3.262e-05
1308.5,3.87e-06,2.867e-05,3.254e-05
1308.75,3.86e-06,2.86e-05,3.246e-05
1309.0,3.85e-06,2.853e-05,3.239e-05
1309.25,3.84e-06,2.847e-05,3.231e-05
1309.5,3.83e-06,2.84e-05,3.223e-05
1309.75,3.82e-06,2.833e-05,3.216e-05
1310.0,3.81e-06,2.826e-05,3.208e-05
1310.25,3.81e-06,2.82e-05,3.2e-05
1310.5,3.8e-06,2.813e-05,3.193e-05
1310.75,3.79e-06,2.806e-05,3.185e-05
1311.0,3.78e-06,2.8e-05,3.178e-05
1311.25,3.77e-06,2.793e-05,3.17e-05
1311.5,3.76e-06,2.786e-05,3.162e-05
1311.75,3.75e-06,2.78e-05,3.155e-05
1312.0,3.74e-06,2.773e-05,3.147e-05
1312.25,3.73e-06,2.767e-05,3.14e-05
1312.5,3.72e-06,2.76e-05,3.133e-05
1312.75,3.72e-06,2.753e-05,3.125e-05
1313.0,3.71e-06,2.747e-05,3.118e-05
1313.25,3.7e-06,2.74e-05,3.11e-05
1313.5,3.69e-06,2.734e-05,3.103e-05
1313.75,3.68e-06,2.727e-05,3.096e-05
1314.0,3.67e-06,2.721e-05,3.088e-05
1314.25,3.66e-06,2.714e-05,3.081e-05
1314.5,3.65e-06,2.708e-05,3.073e-05
1314.75,3.65e-06,2.702e-05,3.066e-05
1315.0,3.64e-06,2.695e-05,3.059e-05
1315.25,3.63e-06,2.689e-05,3.052e-05
1315.5,3.62e-06,2.682e-05,3.044e-05
1315.75,3.61e-06,2.676e-05,3.037e-05
1316.0,3.6e-06,2.67e-05,3.03e-05
1316.25,3.59e-06,2.663e-05,3.023e-05
1316.5,3.59e-06,2.657e-05,3.016e-05
1316.75,3.58e-06,2.651e-05,3.008e-05
1317.0,3.57e-06,2.644e-05,3.001e-05
1317.25,3.56e-06,2.638e-05,2.994e-05
1317.5,3.55e-06,2.632e-05,2.987e-05
1317.75,3.54e-06,2.626e-05,2.98e-05
1318.0,3.54e-06,2.619e-05,2.973e-05
1318.25,3.53e-06,2.613e-05,2.966e-05
1318.5,3.52e-06,2.607e-05,2.959e-05
1318.75,3.51e-06,2.601e-05,2.952e-05
1319.0,3.5e-06,2.595e-05,2.945e-05
1319.25,3.49e-06,2.588e-05,2.938e-05
1319.5,3.48e-06,2.582e-05,2.931e-05
1319.75,3.48e-06,2.576e-05,2.924e-05
1320.0,3.47e-06,2.57e-05,2.917e-05
1320.25,3.46e-06,2.564e-05,2.91e-05
1320.5,3.45e-06,2.558e-05,2.903e-05
1320.75,3.44e-06,2.552e-05,2.896e-05
1321.0,3.44e-06,2.546e-05,2.889e-05
1321.25,3.43e-06,2.54e-05,2.882e-05
1321.5,3.42e-06,2.534e-05,2.875e-05
1321.75,3.41e-06,2.528e-05,2.869e-05
1322.0,3.4e-06,2.522e-05,2.862e-05
1322.25,3.39e-06,2.516e-05,2.855e-05
1322.5,3.39e-06,2.51e-05,2.848e-05
1322.75,3.38e-06,2.504e-05,2.842e-05
1323.0,3.37e-06,2.498e-05,2.835e-05
1323.25,3.36e-06,2.492e-05,2.828e-05
1323.5,3.35e-06,2.486e-05,2.821e-05
1323.75,3.35e-06,2.48e-05,2.815e-05
1324.0,3.34e-06,2.474e-05,2.808e-05
1324.25,3.33e-06,2.468e-05,2.801e-05
1324.5,3.32e-06,2.462e-05,2.795e-05
1324.75,3.32e-06,2.456e-05,2.788e-05
1325.0,3.31e-06,2.451e-05,2.781e-05
1325.25,3.3e-06,2.445e-05,2.775e-05
1325.5,3.29e-06,2.439e-05,2.768e-05
1325.75,3.28e-06,2.433e-05,2.762e-05
1326.0,3.28e-06,2.427e-05,2.755e-05
1326.25,3.27e-06,2.422e-05,2.748e-05
1326.5,3.26e-06,2.416e-05,2.742e-05
1326.75,3.25e-06,2.41e-05,2.735e-05
1327.0,3.24e-06,2.404e-05,2.729e-05
1327.25,3.24e-06,2.399e-05,2.722e-05
1327.5,3.23e-06,2.393e-05,2.716e-05
1327.75,3.22e-06,2.387e-05,2.71e-05
1328.0,3.21e-06,2.382e-05,2.703e-05
1328.25,3.21e-06,2.376e-05,2.697e-05
1328.5,3.2e-06,2.37e-05,2.69e-05
1328.75,3.19e-06,2.365e-05,2.684e-05
1329.0,3.18e-06,2.359e-05,2.677e-05
1329.25,3.18e-06,2.354e-05,2.671e-05
1329.5,3.17e-06,2.348e-05,2.665e-05
1329.75,3.16e-06,2.342e-05,2.658e-05
1330.0,3.15e-06,2.337e-05,2.652e-05
1330.25,3.15e-06,2.331e-05,2.646e-05
1330.5,3.14e-06,2.326e-05,2.64e-05
1330.75,3.13e-06,2.32e-05,2.633e-05
1331.0,3.12e-06,2.315e-05,2.627e-05
1331.25,3.12e-06,2.309e-05,2.621e-05
1331.5,3.11e-06,2.304e-05,2.615e-05
1331.75,3.1e-06,2.298e-05,2.608e-05
1332.0,3.09e-06,2.293e-05,2.602e-05
1332.25,3.09e-06,2.287e-05,2.596e-05
1332.5,3.08e-06,2.282e-05,2.59e-05
1332.75,3.07e-06,2.276e-05,2.584e-05
1333.0,3.06e-06,2.271e-05,2.578e-05
1333.25,3.06e-06,2.266e-05,2.571e-05
1333.5,3.05e-06,2.26e-05,2.565e-05
1333.75,3.04e-06,2.255e-05,2.559e-05
1334.0,3.04e-06,2.25e-05,2.553e-05
1334.25,3.03e-06,2.244e-05,2.547e-05
1334.5,3.02e-06,2.239e-05,2.541e-05
1334.75,3.01e-06,2.234e-05,2.535e-05
1335.0,3.01e-06,2.228e-05,2.529e-05
1335.25,3e-06,2.223e-05,2.523e-05
1335.5,2.99e-06,2.218e-05,2.517e-05
1335.75,2.99e-06,2.212e-05,2.511e-05
1336.0,2.98e-06,2.207e-05,2.505e-05
1336.25,2.97e-06,2.202e-05,2.499e-05
1336.5,2.96e-06,2.197e-05,2.493e-05
1336.75,2.96e-06,2.191e-05,2.487e-05
1337.0,2.95e-06,2.186e-05,2.481e-05
1337.25,2.94e-06,2.181e-05,2.475e-05
1337.5,2.94e-06,2.176e-05,2.47e-05
1337.75,2.93e-06,2.171e-05,2.464e-05
1338.0,2.92e-06,2.166e-05,2.458e-05
1338.25,2.92e-06,2.16e-05,2.452e-05
1338.5,2.91e-06,2.155e-05,2.446e-05
1338.75,2.9e-06,2.15e-05,2.44e-05
1339.0,2.89e-06,2.145e-05,2.435e-05
1339.25,2.89e-06,2.14e-05,2.429e-05
1339.5,2.88e-06,2.135e-05,2.423e-05
1339.75,2.87e-06,2.13e-05,2.417e-05
1340.0,2.87e-06,2.125e-05,2.411e-05
1340.25,2.86e-06,2.12e-05,2.406e-05
1340.5,2.85e-06,2.115e-05,2.4e-05
1340.75,2.85e-06,2.11e-05,2.394e-05
1341.0,2.84e-06,2.105e-05,2.389e-05
1341.25,2.83e-06,2.1e-05,2.383e-05
1341.5,2.83e-06,2.095e-05,2.377e-05
1341.75,2.82e-06,2.09e-05,2.372e-05
1342.0,2.81e-06,2.085e-05,2.366e-05
1342.25,2.81e-06,2.08e-05,2.36e-05
1342.5,2.8e-06,2.075e-05,2.355e-05
1342.75,2.79e-06,2.07e-05,2.349e-05
1343.0,2.79e-06,2.065e-05,2.344e-05
1343.25,2.78e-06,2.06e-05,2.338e-05
1343.5,2.77e-06,2.055e-05,2.333e-05
1343.75,2.77e-06,2.05e-05,2.327e-05
1344.0,2.76e-06,2.045e-05,2.321e-05
1344.25,2.75e-06,2.041e-05,2.316e-05
1344.5,2.75e-06,2.036e-05,2.31e-05
1344.75,2.74e-06,2.031e-05,2.305e-05
1345.0,2.73e-06,2.026e-05,2.299e-05
1345.25,2.73e-06,2.021e-05,2.294e-05
1345.5,2.72e-06,2.016e-05,2.289e-05
1345.75,2.71e-06,2.012e-05,2.283e-05
1346.0,2.71e-06,2.007e-05,2.278e-05
1346.25,2.7e-06,2.002e-05,2.272e-05
1346.5,2.7e-06,1.997e-05,2.267e-05
1346.75,2.69e-06,1.993e-05,2.262e-05
1347.0,2.68e-06,1.988e-05,2.256e-05
1347.25,2.68e-06,1.983e-05,2.251e-05
1347.5,2.67e-06,1.978e-05,2.245e-05
1347.75,2.66e-06,1.974e-05,2.24e-05
1348.0,2.66e-06,1.969e-05,2.235e-05
1348.25,2.65e-06,1.964e-05,2.229e-05
1348.5,2.64e-06,1.96e-05,2.224e-05
1348.75,2.64e-06,1.955e-05,2.219e-05
1349.0,2.63e-06,1.95e-05,2.214e-05
1349.25,2.63e-06,1.946e-05,2.208e-05
1349.5,2.62e-06,1.941e-05,2.203e-05
1349.75,2.61e-06,1.937e-05,2.198e-05
1350.0,2.61e-06,1.932e-05,2.193e-05
1350.25,2.6e-06,1.927e-05,2.187e-05
1350.5,2.59e-06,1.923e-05,2.182e-05
1350.75,2.59e-06,1.918e-05,2.177e-05
1351.0,2.58e-06,1.914e-05,2.172e-05
1351.25,2.58e-06,1.909e-05,2.167e-05
1351.5,2.57e-06,1.905e-05,2.162e-05
1351.75,2.56e-06,1.9e-05,2.156e-05
1352.0,2.56e-06,1.896e-05,2.151e-05
1352.25,2.55e-06,1.891e-05,2.146e-05
1352.5,2.55e-06,1.887e-05,2.141e-05
1352.75,2.54e-06,1.882e-05,2.136e-05
1353.0,2.53e-06,1.878e-05,2.131e-05
1353.25,2.53e-06,1.873e-05,2.126e-05
1353.5,2.52e-06,1.869e-05,2.121e-05
1353.75,2.52e-06,1.864e-05,2.116e-05
1354.0,2.51e-06,1.86e-05,2.111e-05
1354.25,2.5e-06,1.855e-05,2.106e-05
1354.5,2.5e-06,1.851e-05,2.101e-05
1354.75,2.49e-06,1.847e-05,2.096e-05
1355.0,2.49e-06,1.842e-05,2.091e-05
1355.25,2.48e-06,1.838e-05,2.086e-05
1355.5,2.47e-06,1.833e-05,2.081e-05
1355.75,2.47e-06,1.829e-05,2.076e-05
1356.0,2.46e-06,1.825e-05,2.071e-05
1356.25,2.46e-06,1.82e-05,2.066e-05
1356.5,2.45e-06,1.816e-05,2.061e-05
1356.75,2.45e-06,1.812e-05,2.056e-05
1357.0,2.44e-06,1.807e-05,2.051e-05
1357.25,2.43e-06,1.803e-05,2.047e-05
1357.5,2.43e-06,1.799e-05,2.042e-05
1357.75,2.42e-06,1.795e-05,2.037e-05
1358.0,2.42e-06,1.79e-05,2.032e-05
1358.25,2.41e-06,1.786e-05,2.027e-05
1358.5,2.4e-06,1.782e-05,2.022e-05
1358.75,2.4e-06,1.778e-05,2.018e-05
1359.0,2.39e-06,1.773e-05,2.013e-05
1359.25,2.39e-06,1.769e-05,2.008e-05
1359.5,2.38e-06,1.765e-05,2.003e-05
1359.75,2.38e-06,1.761e-05,1.998e-05
1360.0,2.37e-06,1.757e-05,1.994e-05
1360.25,2.37e-06,1.752e-05,1.989e-05
1360.5,2.36e-06,1.748e-05,1.984e-05
1360.75,2.35e-06,1.744e-05,1.98e-05
1361.0,2.35e-06,1.74e-05,1.975e-05
1361.25,2.34e-06,1.736e-05,1.97e-05
1361.5,2.34e-06,1.732e-05,1.965e-05
1361.75,2.33e-06,1.728e-05,1.961e-05
1362.0,2.33e-06,1.724e-05,1.956e-05
1362.25,2.32e-06,1.719e-05,1.951e-05
1362.5,2.31e-06,1.715e-05,1.947e-05
1362.75,2.31e-06,1.711e-05,1.942e-05
1363.0,2.3e-06,1.707e-05,1.938e-05
1363.25,2.3e-06,1.703e-05,1.933e-05
1363.5,2.29e-06,1.699e-05,1.928e-05
1363.75,2.29e-06,1.695e-05,1.924e-05
1364.0,2.28e-06,1.691e-05,1.919e-05
1364.25,2.28e-06,1.687e-05,1.915e-05
1364.5,2.27e-06,1.683e-05,1.91e-05
1364.75,2.27e-06,1.679e-05,1.906e-05
1365.0,2.26e-06,1.675e-05,1.901e-05
1365.25,2.26e-06,1.671e-05,1.897e-05
1365.5,2.25e-06,1.667e-05,1.892e-05
1365.75,2.24e-06,1.663e-05,1.888e-05
1366.0,2.24e-06,1.659e-05,1.883e-05
1366.25,2.23e-06,1.655e-05,1.879e-05
1366.5,2.23e-06,1.651e-05,1.874e-05
1366.75,2.22e-06,1.647e-05,1.87e-05
1367.0,2.22e-06,1.643e-05,1.865e-05
1367.25,2.21e-06,1.64e-05,1.861e-05
1367.5,2.21e-06,1.636e-05,1.856e-05
1367.75,2.2e-06,1.632e-05,1.852e-05
1368.0,2.2e-06,1.628e-05,1.848e-05
1368.25,2.19e-06,1.624e-05,1.843e-05
1368.5,2.19e-06,1.62e-05,1.839e-05
1368.75,2.18e-06,1.616e-05,1.834e-05
1369.0,2.18e-06,1.612e-05,1.83e-05
1369.25,2.17e-06,1.609e-05,1.826e-05
1369.5,2.17e-06,1.605e-05,1.821e-05
1369.75,2.16e-06,1.601e-05,1.817e-05
1370.0,2.16e-06,1.597e-05,1.813e-05
1370.25,2.15e-06,1.593e-05,1.808e-05
1370.5,2.15e-06,1.59e-05,1.804e-05
1370.75,2.14e-06,1.586e-05,1.8e-05
1371.0,2.14e-06,1.582e-05,1.796e-05
1371.25,2.13e-06,1.578e-05,1.791e-05
1371.5,2.13e-06,1.575e-05,1.787e-05
1371.75,2.12e-06,1.571e-05,1.783e-05
1372.0,2.11e-06,1.567e-05,1.779e-05
1372.25,2.11e-06,1.563e-05,1.774e-05
1372.5,2.1e-06,1.56e-05,1.77e-05
1372.75,2.1e-06,1.556e-05,1.766e-05
1373.0,2.09e-06,1.552e-05,1.762e-05
1373.25,2.09e-06,1.549e-05,1.758e-05
1373.5,2.08e-06,1.545e-05,1.753e-05
1373.75,2.08e-06,1.541e-05,1.749e-05
1374.0,2.08e-06,1.538e-05,1.745e-05
1374.25,2.07e-06,1.534e-05,1.741e-05
1374.5,2.07e-06,1.53e-05,1.737e-05
1374.75,2.06e-06,1.527e-05,1.733e-05
1375.0,2.06e-06,1.523e-05,1.729e-05
1375.25,2.05e-06,1.519e-05,1.724e-05
1375.5,2.05e-06,1.516e-05,1.72e-05
1375.75,2.04e-06,1.512e-05,1.716e-05
1376.0,2.04e-06,1.509e-05,1.712e-05
1376.25,2.03e-06,1.505e-05,1.708e-05
1376.5,2.03e-06,1.501e-05,1.704e-05
1376.75,2.02e-06,1.498e-05,1.7e-05
1377.0,2.02e-06,1.494e-05,1.696e-05
1377.25,2.01e-06,1.491e-05,1.692e-05
1377.5,2.01e-06,1.487e-05,1.688e-05
1377.75,2e-06,1.484e-05,1.684e-05
1378.0,2e-06,1.48e-05,1.68e-05
1378.25,1.99e-06,1.477e-05,1.676e-05
1378.5,1.99e-06,1.473e-05,1.672e-05
1378.75,1.98e-06,1.47e-05,1.668e-05
1379.0,1.98e-06,1.466e-05,1.664e-05
1379.25,1.97e-06,1.463e-05,1.66e-05
1379.5,1.97e-06,1.459e-05,1.656e-05
1379.75,1.96e-06,1.456e-05,1.652e-05
1380.0,1.96e-06,1.452e-05,1.648e-05
1380.25,1.96e-06,1.449e-05,1.644e-05
1380.5,1.95e-06,1.445e-05,1.64e-05
1380.75,1.95e-06,1.442e-05,1.637e-05
1381.0,1.94e-06,1.439e-05,1.633e-05
1381.25,1.94e-06,1.435e-05,1.629e-05
1381.5,1.93e-06,1.432e-05,1.625e-05
1381.75,1.93e-06,1.428e-05,1.621e-05
1382.0,1.92e-06,1.425e-05,1.617e-05
1382.25,1.92e-06,1.422e-05,1.613e-05
1382.5,1.91e-06,1.418e-05,1.61e-05
1382.75,1.91e-06,1.415e-05,1.606e-05
1383.0,1.9e-06,1.411e-05,1.602e-05
1383.25,1.9e-06,1.408e-05,1.598e-05
1383.5,1.9e-06,1.405e-05,1.594e-05
1383.75,1.89e-06,1.401e-05,1.591e-05
1384.0,1.89e-06,1.398e-05,1.587e-05
1384.25,1.88e-06,1.395e-05,1.583e-05
1384.5,1.88e-06,1.391e-05,1.579e-05
1384.75,1.87e-06,1.388e-05,1.575e-05
1385.0,1.87e-06,1.385e-05,1.572e-05
1385.25,1.86e-06,1.382e-05,1.568e-05
1385.5,1.86e-06,1.378e-05,1.564e-05
1385.75,1.86e-06,1.375e-05,1.561e-05
1386.0,1.85e-06,1.372e-05,1.557e-05
1386.25,1.85e-06,1.368e-05,1.553e-05
1386.5,1.84e-06,1.365e-05,1.549e-05
1386.75,1.84e-06,1.362e-05,1.546e-05
1387.0,1.83e-06,1.359e-05,1.542e-05
1387.25,1.83e-06,1.355e-05,1.538e-05
1387.5,1.82e-06,1.352e-05,1.535e-05
1387.75,1.82e-06,1.349e-05,1.531e-05
1388.0,1.82e-06,1.346e-05,1.527e-05
1388.25,1.81e-06,1.343e-05,1.524e-05
1388.5,1.81e-06,1.339e-05,1.52e-05
1388.75,1.8e-06,1.336e-05,1.517e-05
1389.0,1.8e-06,1.333e-05,1.513e-05
1389.25,1.79e-06,1.33e-05,1.509e-05
1389.5,1.79e-06,1.327e-05,1.506e-05
1389.75,1.79e-06,1.324e-05,1.502e-05
1390.0,1.78e-06,1.32e-05,1.499e-05
1390.25,1.78e-06,1.317e-05,1.495e-05
1390.5,1.77e-06,1.314e-05,1.492e-05
1390.75,1.77e-06,1.311e-05,1.488e-05
1391.0,1.77e-06,1.308e-05,1.485e-05
1391.25,1.76e-06,1.305e-05,1.481e-05
1391.5,1.76e-06,1.302e-05,1.477e-05
1391.75,1.75e-06,1.299e-05,1.474e-05
1392.0,1.75e-06,1.296e-05,1.47e-05
1392.25,1.74e-06,1.293e-05,1.467e-05
1392.5,1.74e-06,1.289e-05,1.463e-05
1392.75,1.74e-06,1.286e-05,1.46e-05
1393.0,1.73e-06,1.283e-05,1.457e-05
1393.25,1.73e-06,1.28e-05,1.453e-05
1393.5,1.72e-06,1.277e-05,1.45e-05
1393.75,1.72e-06,1.274e-05,1.446e-05
1394.0,1.72e-06,1.271e-05,1.443e-05
1394.25,1.71e-06,1.268e-05,1.439e-05
1394.5,1.71e-06,1.265e-05,1.436e-05
1394.75,1.7e-06,1.262e-05,1.432e-05
1395.0,1.7e-06,1.259e-05,1.429e-05
1395.25,1.7e-06,1.256e-05,1.426e-05
1395.5,1.69e-06,1.253e-05,1.422e-05
1395.75,1.69e-06,1.25e-05,1.419e-05
1396.0,1.68e-06,1.247e-05,1.416e-05
1396.25,1.68e-06,1.244e-05,1.412e-05
1396.5,1.68e-06,1.241e-05,1.409e-05
1396.75,1.67e-06,1.238e-05,1.405e-05
1397.0,1.67e-06,1.235e-05,1.402e-05
1397.25,1.66e-06,1.232e-05,1.399e-05
1397.5,1.66e-06,1.23e-05,1.396e-05
1397.75,1.66e-06,1.227e-05,1.392e-05
1398.0,1.65e-06,1.224e-05,1.389e-05
1398.25,1.65e-06,1.221e-05,1.386e-05
1398.5,1.64e-06,1.218e-05,1.382e-05
1398.75,1.64e-06,1.215e-05,1.379e-05
1399.0,1.64e-06,1.212e-05,1.376e-05
1399.25,1.63e-06,1.209e-05,1.372e-05
1399.5,1.63e-06,1.206e-05,1.369e-05
1399.75,1.62e-06,1.204e-05,1.366e-05
1400.0,1.62e-06,1.201e-05,1.363e-05
1400.25,1.62e-06,1.198e-05,1.359e-05
1400.5,1.61e-06,1.195e-05,1.356e-05
1400.75,1.61e-06,1.192e-05,1.353e-05
1401.0,1.61e-06,1.189e-05,1.35e-05
1401.25,1.6e-06,1.186e-05,1.347e-05
1401.5,1.6e-06,1.184e-05,1.343e-05
1401.75,1.59e-06,1.181e-05,1.34e-05
1402.0,1.59e-06,1.178e-05,1.337e-05
1402.25,1.59e-06,1.175e-05,1.334e-05
1402.5,1.58e-06,1.172e-05,1.331e-05
1402.75,1.58e-06,1.17e-05,1.328e-05
1403.0,1.57e-06,1.167e-05,1.324e-05
1403.25,1.57e-06,1.164e-05,1.321e-05
1403.5,1.57e-06,1.161e-05,1.318e-05
1403.75,1.56e-06,1.159e-05,1.315e-05
1404.0,1.56e-06,1.156e-05,1.312e-05
1404.25,1.56e-06,1.153e-05,1.309e-05
1404.5,1.55e-06,1.15e-05,1.306e-05
1404.75,1.55e-06,1.148e-05,1.303e-05
1405.0,1.55e-06,1.145e-05,1.299e-05
1405.25,1.54e-06,1.142e-05,1.296e-05
1405.5,1.54e-06,1.139e-05,1.293e-05
1405.75,1.53e-06,1.137e-05,1.29e-05
1406.0,1.53e-06,1.134e-05,1.287e-05
1406.25,1.53e-06,1.131e-05,1.284e-05
1406.5,1.52e-06,1.129e-05,1.281e-05
1406.75,1.52e-06,1.126e-05,1.278e-05
1407.0,1.52e-06,1.123e-05,1.275e-05
1407.25,1.51e-06,1.121e-05,1.272e-05
1407.5,1.51e-06,1.118e-05,1.269e-05
1407.75,1.51e-06,1.115e-05,1.266e-05
1408.0,1.5e-06,1.113e-05,1.263e-05
1408.25,1.5e-06,1.11e-05,1.26e-05
1408.5,1.49e-06,1.107e-05,1.257e-05
1408.75,1.49e-06,1.105e-05,1.254e-05
1409.0,1.49e-06,1.102e-05,1.251e-05
1409.25,1.48e-06,1.1e-05,1.248e-05
1409.5,1.48e-06,1.097e-05,1.245e-05
1409.75,1.48e-06,1.094e-05,1.242e-05
1410.0,1.47e-06,1.092e-05,1.239e-05
1410.25,1.47e-06,1.089e-05,1.236e-05
1410.5,1.47e-06,1.087e-05,1.233e-05
1410.75,1.46e-06,1.084e-05,1.23e-05
1411.0,1.46e-06,1.081e-05,1.227e-05
1411.25,1.46e-06,1.079e-05,1.224e-05
1411.5,1.45e-06,1.076e-05,1.221e-05
1411.75,1.45e-06,1.074e-05,1.219e-05
1412.0,1.45e-06,1.071e-05,1.216e-05
1412.25,1.44e-06,1.069e-05,1.213e-05
1412.5,1.44e-06,1.066e-05,1.21e-05
1412.75,1.44e-06,1.064e-05,1.207e-05
1413.0,1.43e-06,1.061e-05,1.204e-05
1413.25,1.43e-06,1.058e-05,1.201e-05
1413.5,1.43e-06,1.056e-05,1.198e-05
1413.75,1.42e-06,1.053e-05,1.196e-05
1414.0,1.42e-06,1.051e-05,1.193e-05
1414.25,1.41e-06,1.048e-05,1.19e-05
1414.5,1.41e-06,1.046e-05,1.187e-05
1414.75,1.41e-06,1.043e-05,1.184e-05
1415.0,1.4e-06,1.041e-05,1.181e-05
1415.25,1.4e-06,1.039e-05,1.179e-05
1415.5,1.4e-06,1.036e-05,1.176e-05
1415.75,1.39e-06,1.034e-05,1.173e-05
1416.0,1.39e-06,1.031e-05,1.17e-05
1416.25,1.39e-06,1.029e-05,1.168e-05
1416.5,1.39e-06,1.026e-05,1.165e-05
1416.75,1.38e-06,1.024e-05,1.162e-05
1417.0,1.38e-06,1.021e-05,1.159e-05
1417.25,1.38e-06,1.019e-05,1.156e-05
1417.5,1.37e-06,1.017e-05,1.154e-05
1417.75,1.37e-06,1.014e-05,1.151e-05
1418.0,1.37e-06,1.012e-05,1.148e-05
1418.25,1.36e-06,1.009e-05,1.146e-05
1418.5,1.36e-06,1.007e-05,1.143e-05
1418.75,1.36e-06,1.005e-05,1.14e-05
1419.0,1.35e-06,1.002e-05,1.137e-05
1419.25,1.35e-06,1e-05,1.135e-05
1419.5,1.35e-06,9.97e-06,1.132e-05
1419.75,1.34e-06,9.95e-06,1.129e-05
1420.0,1.34e-06,9.93e-06,1.127e-05
1420.25,1.34e-06,9.9e-06,1.124e-05
1420.5,1.33e-06,9.88e-06,1.121e-05
1420.75,1.33e-06,9.86e-06,1.119e-05
1421.0,1.33e-06,9.83e-06,1.116e-05
1421.25,1.32e-06,9.81e-06,1.113e-05
1421.5,1.32e-06,9.79e-06,1.111e-05
1421.75,1.32e-06,9.76e-06,1.108e-05
1422.0,1.31e-06,9.74e-06,1.105e-05
1422.25,1.31e-06,9.72e-06,1.103e-05
1422.5,1.31e-06,9.69e-06,1.1e-05
1422.75,1.31e-06,9.67e-06,1.098e-05
1423.0,1.3e-06,9.65e-06,1.095e-05
1423.25,1.3e-06,9.62e-06,1.092e-05
1423.5,1.3e-06,9.6e-06,1.09e-05
1423.75,1.29e-06,9.58e-06,1.087e-05
1424.0,1.29e-06,9.56e-06,1.085e-05
1424.25,1.29e-06,9.53e-06,1.082e-05
1424.5,1.28e-06,9.51e-06,1.079e-05
1424.75,1.28e-06,9.49e-06,1.077e-05
1425.0,1.28e-06,9.47e-06,1.074e-05
1425.25,1.27e-06,9.44e-06,1.072e-05
1425.5,1.27e-06,9.42e-06,1.069e-05
1425.75,1.27e-06,9.4e-06,1.067e-05
1426.0,1.27e-06,9.38e-06,1.064e-05
1426.25,1.26e-06,9.35e-06,1.062e-05
1426.5,1.26e-06,9.33e-06,1.059e-05
1426.75,1.26e-06,9.31e-06,1.057e-05
1427.0,1.25e-06,9.29e-06,1.054e-05
1427.25,1.25e-06,9.26e-06,1.052e-05
1427.5,1.25e-06,9.24e-06,1.049e-05
1427.75,1.24e-06,9.22e-06,1.047e-05
1428.0,1.24e-06,9.2e-06,1.044e-05
1428.25,1.24e-06,9.18e-06,1.042e-05
1428.5,1.24e-06,9.16e-06,1.039e-05
1428.75,1.23e-06,9.13e-06,1.037e-05
1429.0,1.23e-06,9.11e-06,1.034e-05
1429.25,1.23e-06,9.09e-06,1.032e-05
1429.5,1.22e-06,9.07e-06,1.029e-05
1429.75,1.22e-06,9.05e-06,1.027e-05
1430.0,1.22e-06,9.03e-06,1.024e-05
1430.25,1.22e-06,9e-06,1.022e-05
1430.5,1.21e-06,8.98e-06,1.02e-05
1430.75,1.21e-06,8.96e-06,1.017e-05
1431.0,1.21e-06,8.94e-06,1.015e-05
1431.25,1.2e-06,8.92e-06,1.012e-05
1431.5,1.2e-06,8.9e-06,1.01e-05
1431.75,1.2e-06,8.88e-06,1.007e-05
1432.0,1.2e-06,8.86e-06,1.005e-05
1432.25,1.19e-06,8.83e-06,1.003e-05
1432.5,1.19e-06,8.81e-06,1e-05
1432.75,1.19e-06,8.79e-06,9.98e-06
1433.0,1.18e-06,8.77e-06,9.96e-06
1433.25,1.18e-06,8.75e-06,9.93e-06
1433.5,1.18e-06,8.73e-06,9.91e-06
1433.75,1.18e-06,8.71e-06,9.88e-06
1434.0,1.17e-06,8.69e-06,9.86e-06
1434.25,1.17e-06,8.67e-06,9.84e-06
1434.5,1.17e-06,8.65e-06,9.81e-06
1434.75,1.16e-06,8.63e-06,9.79e-06
1435.0,1.16e-06,8.61e-06,9.77e-06
1435.25,1.16e-06,8.59e-06,9.74e-06
1435.5,1.16e-06,8.57e-06,9.72e-06
1435.75,1.15e-06,8.55e-06,9.7e-06
1436.0,1.15e-06,8.53e-06,9.68e-06
1436.25,1.15e-06,8.5e-06,9.65e-06
1436.5,1.15e-06,8.48e-06,9.63e-06
1436.75,1.14e-06,8.46e-06,9.61e-06
1437.0,1.14e-06,8.44e-06,9.58e-06
1437.25,1.14e-06,8.42e-06,9.56e-06
1437.5,1.13e-06,8.4e-06,9.54e-06
1437.75,1.13e-06,8.38e-06,9.52e-06
1438.0,1.13e-06,8.36e-06,9.49e-06
1438.25,1.13e-06,8.34e-06,9.47e-06
1438.5,1.12e-06,8.32e-06,9.45e-06
1438.75,1.12e-06,8.3e-06,9.43e-06
1439.0,1.12e-06,8.29e-06,9.4e-06
1439.25,1.12e-06,8.27e-06,9.38e-06
1439.5,1.11e-06,8.25e-06,9.36e-06
1439.75,1.11e-06,8.23e-06,9.34e-06
1440.0,1.11e-06,8.21e-06,9.31e-06
1440.25,1.1e-06,8.19e-06,9.29e-06
1440.5,1.1e-06,8.17e-06,9.27e-06
1440.75,1.1e-06,8.15e-06,9.25e-06
1441.0,1.1e-06,8.13e-06,9.23e-06
1441.25,1.09e-06,8.11e-06,9.2e-06
1441.5,1.09e-06,8.09e-06,9.18e-06
1441.75,1.09e-06,8.07e-06,9.16e-06
1442.0,1.09e-06,8.05e-06,9.14e-06
1442.25,1.08e-06,8.03e-06,9.12e-06
1442.5,1.08e-06,8.01e-06,9.1e-06
1442.75,1.08e-06,7.99e-06,9.07e-06
1443.0,1.08e-06,7.98e-06,9.05e-06
1443.25,1.07e-06,7.96e-06,9.03e-06
1443.5,1.07e-06,7.94e-06,9.01e-06
1443.75,1.07e-06,7.92e-06,8.99e-06
1444.0,1.07e-06,7.9e-06,8.97e-06
1444.25,1.06e-06,7.88e-06,8.95e-06
1444.5,1.06e-06,7.86e-06,8.92e-06
1444.75,1.06e-06,7.84e-06,8.9e-06
1445.0,1.06e-06,7.83e-06,8.88e-06
1445.25,1.05e-06,7.81e-06,8.86e-06
1445.5,1.05e-06,7.79e-06,8.84e-06
1445.75,1.05e-06,7.77e-06,8.82e-06
1446.0,1.05e-06,7.75e-06,8.8e-06
1446.25,1.04e-06,7.73e-06,8.78e-06
1446.5,1.04e-06,7.71e-06,8.76e-06
1446.75,1.04e-06,7.7e-06,8.73e-06
1447.0,1.04e-06,7.68e-06,8.71e-06
1447.25,1.03e-06,7.66e-06,8.69e-06
1447.5,1.03e-06,7.64e-06,8.67e-06
1447.75,1.03e-06,7.62e-06,8.65e-06
1448.0,1.03e-06,7.61e-06,8.63e-06
1448.25,1.02e-06,7.59e-06,8.61e-06
1448.5,1.02e-06,7.57e-06,8.59e-06
1448.75,1.02e-06,7.55e-06,8.57e-06
1449.0,1.02e-06,7.53e-06,8.55e-06
1449.25,1.01e-06,7.52e-06,8.53e-06
1449.5,1.01e-06,7.5e-06,8.51e-06
1449.75,1.01e-06,7.48e-06,8.49e-06
1450.0,1.01e-06,7.46e-06,8.47e-06
1450.25,1e-06,7.44e-06,8.45e-06
1450.5,1e-06,7.43e-06,8.43e-06
1450.75,1e-06,7.41e-06,8.41e-06
1451.0,1e-06,7.39e-06,8.39e-06
1451.25,1e-06,7.37e-06,8.37e-06
1451.5,9.9e-07,7.36e-06,8.35e-06
1451.75,9.9e-07,7.34e-06,8.33e-06
1452.0,9.9e-07,7.32e-06,8.31e-06
1452.25,9.9e-07,7.3e-06,8.29e-06
1452.5,9.8e-07,7.29e-06,8.27e-06
1452.75,9.8e-07,7.27e-06,8.25e-06
1453.0,9.8e-07,7.25e-06,8.23e-06
1453.25,9.8e-07,7.23e-06,8.21e-06
1453.5,9.7e-07,7.22e-06,8.19e-06
1453.75,9.7e-07,7.2e-06,8.17e-06
1454.0,9.7e-07,7.18e-06,8.15e-06
1454.25,9.7e-07,7.17e-06,8.13e-06
1454.5,9.6e-07,7.15e-06,8.11e-06
1454.75,9.6e-07,7.13e-06,8.09e-06
1455.0,9.6e-07,7.12e-06,8.08e-06
1455.25,9.6e-07,7.1e-06,8.06e-06
1455.5,9.6e-07,7.08e-06,8.04e-06
1455.75,9.5e-07,7.06e-06,8.02e-06
1456.0,9.5e-07,7.05e-06,8e-06
1456.25,9.5e-07,7.03e-06,7.98e-06
1456.5,9.5e-07,7.01e-06,7.96e-06
1456.75,9.4e-07,7e-06,7.94e-06
1457.0,9.4e-07,6.98e-06,7.92e-06
1457.25,9.4e-07,6.96e-06,7.9e-06
1457.5,9.4e-07,6.95e-06,7.89e-06
1457.75,9.4e-07,6.93e-06,7.87e-06
1458.0,9.3e-07,6.92e-06,7.85e-06
1458.25,9.3e-07,6.9e-06,7.83e-06
1458.5,9.3e-07,6.88e-06,7.81e-06
1458.75,9.3e-07,6.87e-06,7.79e-06
1459.0,9.2e-07,6.85e-06,7.77e-06
1459.25,9.2e-07,6.83e-06,7.76e-06
1459.5,9.2e-07,6.82e-06,7.74e-06
1459.75,9.2e-07,6.8e-06,7.72e-06
1460.0,9.2e-07,6.78e-06,7.7e-06
1460.25,9.1e-07,6.77e-06,7.68e-06
1460.5,9.1e-07,6.75e-06,7.66e-06
1460.75,9.1e-07,6.74e-06,7.65e-06
1461.0,9.1e-07,6.72e-06,7.63e-06
1461.25,9e-07,6.7e-06,7.61e-06
1461.5,9e-07,6.69e-06,7.59e-06
1461.75,9e-07,6.67e-06,7.57e-06
1462.0,9e-07,6.66e-06,7.56e-06
1462.25,9e-07,6.64e-06,7.54e-06
1462.5,8.9e-07,6.63e-06,7.52e-06
1462.75,8.9e-07,6.61e-06,7.5e-06
1463.0,8.9e-07,6.59e-06,7.48e-06
1463.25,8.9e-07,6.58e-06,7.47e-06
1463.5,8.9e-07,6.56e-06,7.45e-06
1463.75,8.8e-07,6.55e-06,7.43e-06
1464.0,8.8e-07,6.53e-06,7.41e-06
1464.25,8.8e-07,6.52e-06,7.4e-06
1464.5,8.8e-07,6.5e-06,7.38e-06
1464.75,8.8e-07,6.49e-06,7.36e-06
1465.0,8.7e-07,6.47e-06,7.34e-06
1465.25,8.7e-07,6.45e-06,7.33e-06
1465.5,8.7e-07,6.44e-06,7.31e-06
1465.75,8.7e-07,6.42e-06,7.29e-06
1466.0,8.6e-07,6.41e-06,7.27e-06
1466.25,8.6e-07,6.39e-06,7.26e-06
1466.5,8.6e-07,6.38e-06,7.24e-06
1466.75,8.6e-07,6.36e-06,7.22e-06
1467.0,8.6e-07,6.35e-06,7.2e-06
1467.25,8.5e-07,6.33e-06,7.19e-06
1467.5,8.5e-07,6.32e-06,7.17e-06
1467.75,8.5e-07,6.3e-06,7.15e-06
1468.0,8.5e-07,6.29e-06,7.14e-06
1468.25,8.5e-07,6.27e-06,7.12e-06
1468.5,8.4e-07,6.26e-06,7.1e-06
1468.75,8.4e-07,6.24e-06,7.09e-06
1469.0,8.4e-07,6.23e-06,7.07e-06
1469.25,8.4e-07,6.21e-06,7.05e-06
1469.5,8.4e-07,6.2e-06,7.04e-06
1469.75,8.3e-07,6.18e-06,7.02e-06
1470.0,8.3e-07,6.17e-06,7e-06
1470.25,8.3e-07,6.15e-06,6.99e-06
1470.5,8.3e-07,6.14e-06,6.97e-06
1470.75,8.3e-07,6.13e-06,6.95e-06
1471.0,8.2e-07,6.11e-06,6.94e-06
1471.25,8.2e-07,6.1e-06,6.92e-06
1471.5,8.2e-07,6.08e-06,6.9e-06
1471.75,8.2e-07,6.07e-06,6.89e-06
1472.0,8.2e-07,6.05e-06,6.87e-06
1472.25,8.1e-07,6.04e-06,6.85e-06
1472.5,8.1e-07,6.02e-06,6.84e-06
1472.75,8.1e-07,6.01e-06,6.82e-06
1473.0,8.1e-07,6e-06,6.8e-06
1473.25,8.1e-07,5.98e-06,6.79e-06
1473.5,8.1e-07,5.97e-06,6.77e-06
1473.75,8e-07,5.95e-06,6.76e-06
1474.0,8e-07,5.94e-06,6.74e-06
1474.25,8e-07,5.92e-06,6.72e-06
1474.5,8e-07,5.91e-06,6.71e-06
1474.75,8e-07,5.9e-06,6.69e-06
1475.0,7.9e-07,5.88e-06,6.68e-06
1475.25,7.9e-07,5.87e-06,6.66e-06
1475.5,7.9e-07,5.85e-06,6.64e-06
1475.75,7.9e-07,5.84e-06,6.63e-06
1476.0,7.9e-07,5.83e-06,6.61e-06
1476.25,7.8e-07,5.81e-06,6.6e-06
1476.5,7.8e-07,5.8e-06,6.58e-06
1476.75,7.8e-07,5.79e-06,6.57e-06
1477.0,7.8e-07,5.77e-06,6.55e-06
1477.25,7.8e-07,5.76e-06,6.54e-06
1477.5,7.8e-07,5.74e-06,6.52e-06
1477.75,7.7e-07,5.73e-06,6.5e-06
1478.0,7.7e-07,5.72e-06,6.49e-06
1478.25,7.7e-07,5.7e-06,6.47e-06
1478.5,7.7e-07,5.69e-06,6.46e-06
1478.75,7.7e-07,5.68e-06,6.44e-06
1479.0,7.6e-07,5.66e-06,6.43e-06
1479.25,7.6e-07,5.65e-06,6.41e-06
1479.5,7.6e-07,5.64e-06,6.4e-06
1479.75,7.6e-07,5.62e-06,6.38e-06
1480.0,7.6e-07,5.61e-06,6.37e-06
1480.25,7.6e-07,5.6e-06,6.35e-06
1480.5,7.5e-07,5.58e-06,6.34e-06
1480.75,7.5e-07,5.57e-06,6.32e-06
1481.0,7.5e-07,5.56e-06,6.31e-06
1481.25,7.5e-07,5.54e-06,6.29e-06
1481.5,7.5e-07,5.53e-06,6.28e-06
1481.75,7.4e-07,5.52e-06,6.26e-06
1482.0,7.4e-07,5.5e-06,6.25e-06
1482.25,7.4e-07,5.49e-06,6.23e-06
1482.5,7.4e-07,5.48e-06,6.22e-06
1482.75,7.4e-07,5.46e-06,6.2e-06
1483.0,7.4e-07,5.45e-06,6.19e-06
1483.25,7.3e-07,5.44e-06,6.17e-06
1483.5,7.3e-07,5.43e-06,6.16e-06
1483.75,7.3e-07,5.41e-06,6.14e-06
1484.0,7.3e-07,5.4e-06,6.13e-06
1484.25,7.3e-07,5.39e-06,6.11e-06
1484.5,7.3e-07,5.37e-06,6.1e-06
1484.75,7.2e-07,5.36e-06,6.09e-06
1485.0,7.2e-07,5.35e-06,6.07e-06
1485.25,7.2e-07,5.34e-06,6.06e-06
1485.5,7.2e-07,5.32e-06,6.04e-06
1485.75,7.2e-07,5.31e-06,6.03e-06
1486.0,7.2e-07,5.3e-06,6.01e-06
1486.25,7.1e-07,5.29e-06,6e-06
1486.5,7.1e-07,5.27e-06,5.98e-06
1486.75,7.1e-07,5.26e-06,5.97e-06
1487.0,7.1e-07,5.25e-06,5.96e-06
1487.25,7.1e-07,5.24e-06,5.94e-06
1487.5,7e-07,5.22e-06,5.93e-06
1487.75,7e-07,5.21e-06,5.91e-06
1488.0,7e-07,5.2e-06,5.9e-06
1488.25,7e-07,5.19e-06,5.89e-06
1488.5,7e-07,5.17e-06,5.87e-06
1488.75,7e-07,5.16e-06,5.86e-06
1489.0,6.9e-07,5.15e-06,5.84e-06
1489.25,6.9e-07,5.14e-06,5.83e-06
1489.5,6.9e-07,5.12e-06,5.82e-06
1489.75,6.9e-07,5.11e-06,5.8e-06
1490.0,6.9e-07,5.1e-06,5.79e-06
1490.25,6.9e-07,5.09e-06,5.77e-06
1490.5,6.9e-07,5.08e-06,5.76e-06
1490.75,6.8e-07,5.06e-06,5.75e-06
1491.0,6.8e-07,5.05e-06,5.73e-06
1491.25,6.8e-07,5.04e-06,5.72e-06
1491.5,6.8e-07,5.03e-06,5.71e-06
1491.75,6.8e-07,5.02e-06,5.69e-06
1492.0,6.8e-07,5e-06,5.68e-06
1492.25,6.7e-07,4.99e-06,5.67e-06
1492.5,6.7e-07,4.98e-06,5.65e-06
1492.75,6.7e-07,4.97e-06,5.64e-06
1493.0,6.7e-07,4.96e-06,5.63e-06
1493.25,6.7e-07,4.95e-06,5.61e-06
1493.5,6.7e-07,4.93e-06,5.6e-06
1493.75,6.6e-07,4.92e-06,5.59e-06
1494.0,6.6e-07,4.91e-06,5.57e-06
1494.25,6.6e-07,4.9e-06,5.56e-06
1494.5,6.6e-07,4.89e-06,5.55e-06
1494.75,6.6e-07,4.88e-06,5.53e-06
1495.0,6.6e-07,4.86e-06,5.52e-06
1495.25,6.5e-07,4.85e-06,5.51e-06
1495.5,6.5e-07,4.84e-06,5.49e-06
1495.75,6.5e-07,4.83e-06,5.48e-06
1496.0,6.5e-07,4.82e-06,5.47e-06
1496.25,6.5e-07,4.81e-06,5.45e-06
1496.5,6.5e-07,4.79e-06,5.44e-06
1496.75,6.5e-07,4.78e-06,5.43e-06
1497.0,6.4e-07,4.77e-06,5.42e-06
1497.25,6.4e-07,4.76e-06,5.4e-06
1497.5,6.4e-07,4.75e-06,5.39e-06
1497.75,6.4e-07,4.74e-06,5.38e-06
1498.0,6.4e-07,4.73e-06,5.36e-06
1498.25,6.4e-07,4.72e-06,5.35e-06
1498.5,6.3e-07,4.7e-06,5.34e-06
1498.75,6.3e-07,4.69e-06,5.33e-06
1499.0,6.3e-07,4.68e-06,5.31e-06
1499.25,6.3e-07,4.67e-06,5.3e-06
1499.5,6.3e-07,4.66e-06,5.29e-06
1499.75,6.3e-07,4.65e-06,5.28e-06
1500.0,6.3e-07,4.64e-06,5.26e-06
